Magazin standard,Stradă standard,Localitate standard,Sector atribuit,Județ,Nr. clienți
Staer 23,1,sector 1,sector 1,bucurești,1
Staer 23,1 dec,berceni (ilfov),—,ilfov,1
Staer 23,1 dec,tunari,—,ilfov,1
Staer 23,1 decembrie,berceni (ilfov),—,ilfov,3
Staer 23,1 decembrie,tunari,—,ilfov,4
Staer 23,1 decembrie 1918,cernica,—,ilfov,1
Staer 23,1 decembrie 1918,darasti,—,ilfov,1
Staer 23,1 mai,otopeni,—,ilfov,2
Staer 23,1 mai,popești-leordeni,—,ilfov,2
Staer 23,10 mese,sector 2,sector 2,bucurești,1
Staer 23,11 iunie,sector 4,sector 4,bucurești,3
Staer 23,12,1 decembrie,—,ilfov,1
Staer 23,132,sector 2,sector 2,bucurești,1
Staer 23,16,1 decembrie,—,ilfov,1
Staer 23,17,1 dec 1918,—,ilfov,1
Staer 23,17,1 decembrie(green city),—,ilfov,1
Staer 23,18,1 decembrie,—,ilfov,2
Staer 23,1864,chiajna–roșu–dudu,—,ilfov,1
Staer 23,19 noiembrie,sector 3,sector 3,bucurești,2
Staer 23,1decembrie 1918,bucurești neatribuit,bucurești neatribuit,bucurești,2
Staer 23,1mai,popești-leordeni,—,ilfov,1
Staer 23,20,1 decembrie,—,ilfov,4
Staer 23,21,1 decembrie,—,ilfov,2
Staer 23,21,1 decembrie ( complex green city),—,ilfov,1
Staer 23,22dec 1989,dobroești,—,ilfov,1
Staer 23,23 august,baneasa,—,ilfov,1
Staer 23,23 august,jilava,—,ilfov,1
Staer 23,23 august,otopeni,—,ilfov,5
Staer 23,26,cheiul dambovitei,—,ilfov,1
Staer 23,3,1 decembrie,—,ilfov,1
Staer 23,35,solstitiului,—,ilfov,1
Staer 23,3a,privighetorilor,—,ilfov,1
Staer 23,4,sector 4,sector 4,bucurești,1
Staer 23,56jilavei,sector 4,sector 4,bucurești,1
Staer 23,70k,bucurești neatribuit,bucurești neatribuit,bucurești,1
Staer 23,9 mai,otopeni,—,ilfov,1
Staer 23,9 mai,sector 6,sector 6,bucurești,1
Staer 23,a.s.puskin,voluntari–pipera,—,ilfov,1
Staer 23,a.ucea,bucurești neatribuit,bucurești neatribuit,bucurești,1
Staer 23,aa covasna,sector 4,sector 4,bucurești,1
Staer 23,abrud,sector 1,sector 1,bucurești,1
Staer 23,abuna,sector 1,sector 1,bucurești,1
Staer 23,abune,sector 1,sector 1,bucurești,1
Staer 23,academiei,sector 1,sector 1,bucurești,1
Staer 23,actiuni,bucurești neatribuit,bucurești neatribuit,bucurești,1
Staer 23,actiunii,sector 4,sector 4,bucurești,7
Staer 23,acvariului,sector 6,sector 6,bucurești,1
Staer 23,acvilei,chiajna–roșu–dudu,—,ilfov,2
Staer 23,acvilei,pantelimon,—,ilfov,1
Staer 23,adrian,bucurești neatribuit,bucurești neatribuit,bucurești,1
Staer 23,aea calarasi,sector 3,sector 3,bucurești,1
Staer 23,aero city,tunari,—,ilfov,1
Staer 23,aeroportului,bragadiru,—,ilfov,1
Staer 23,aeroportului,cornetu,—,ilfov,2
Staer 23,afroditei,domnești,—,ilfov,1
Staer 23,agata barsescu,sector 3,sector 3,bucurești,1
Staer 23,agatha barsescu,sector 3,sector 3,bucurești,2
Staer 23,agnes,popești-leordeni,—,ilfov,2
Staer 23,agricultori,brănești,—,ilfov,1
Staer 23,agricultori,buftea,—,ilfov,1
Staer 23,aiu unirii,popești-leordeni,—,ilfov,2
Staer 23,aja,dimieni,—,ilfov,1
Staer 23,aja,sector 4,sector 4,bucurești,13
Staer 23,ajustorului,sector 6,sector 6,bucurești,3
Staer 23,al grigorescu,sector 3,sector 3,bucurești,1
Staer 23,al ion agribiteanu,bucurești neatribuit,bucurești neatribuit,bucurești,1
Staer 23,al oregia,bucurești neatribuit,bucurești neatribuit,bucurești,1
Staer 23,al serbanescu,sector 1,sector 1,bucurești,1
Staer 23,al somesul cald,sector 4,sector 4,bucurești,1
Staer 23,al. cetatea veche,sector 4,sector 4,bucurești,1
Staer 23,al. iacobescu,sector 6,sector 6,bucurești,1
Staer 23,al. raul sadului,sector 4,sector 4,bucurești,1
Staer 23,al. soldat nicolae barbu,bucurești neatribuit,bucurești neatribuit,bucurești,1
Staer 23,al.aliorului,sector 4,sector 4,bucurești,1
Staer 23,al.barajul cucuteni,sector 3,sector 3,bucurești,1
Staer 23,al.ddobrina,bucurești neatribuit,bucurești neatribuit,bucurești,1
Staer 23,al.ipsilanti,sector 2,sector 2,bucurești,1
Staer 23,al.izvorul oltului,sector 4,sector 4,bucurești,1
Staer 23,al.leorda,sector 4,sector 4,bucurești,1
Staer 23,al.otesani,sector 2,sector 2,bucurești,1
Staer 23,al.resita,bucurești neatribuit,bucurești neatribuit,bucurești,1
Staer 23,al.rm.valcea,sector 3,sector 3,bucurești,1
Staer 23,al.sld.barbu nicolae,sector 4,sector 4,bucurești,1
Staer 23,albastrelelor,măgurele,—,ilfov,2
Staer 23,albatrosului,pantelimon,—,ilfov,3
Staer 23,albinelor,sector 4,sector 4,bucurești,2
Staer 23,aleea a stugu,bucurești neatribuit,bucurești neatribuit,bucurești,1
Staer 23,aleea adrian carstea,sector 3,sector 3,bucurești,4
Staer 23,aleea aduintei,bucurești neatribuit,bucurești neatribuit,bucurești,2
Staer 23,aleea aduintei,sector 4,sector 4,bucurești,12
Staer 23,aleea aliorului,sector 4,sector 4,bucurești,14
Staer 23,aleea ardealului,voluntari–pipera,—,ilfov,1
Staer 23,aleea arubium,sector 2,sector 2,bucurești,2
Staer 23,aleea aviatori stalpeanu,bucurești neatribuit,bucurești neatribuit,bucurești,1
Staer 23,aleea avrig,bucurești neatribuit,bucurești neatribuit,bucurești,3
Staer 23,aleea avrig,sector 2,sector 2,bucurești,10
Staer 23,aleea baiut,sector 6,sector 6,bucurești,1
Staer 23,aleea banu udrea,sector 3,sector 3,bucurești,5
Staer 23,aleea barajul bicaz,sector 3,sector 3,bucurești,5
Staer 23,aleea barajul bistrita,sector 3,sector 3,bucurești,1
Staer 23,aleea barajul cucuteni,sector 3,sector 3,bucurești,3
Staer 23,aleea barajul lotrului,bucurești neatribuit,bucurești neatribuit,bucurești,1
Staer 23,aleea barajul rovinari,sector 3,sector 3,bucurești,5
Staer 23,aleea barajul uzului,bucurești neatribuit,bucurești neatribuit,bucurești,1
Staer 23,aleea barajul uzului,sector 3,sector 3,bucurești,2
Staer 23,aleea barbu ch nicolae sold,sector 4,sector 4,bucurești,1
Staer 23,aleea barsanesti,sector 6,sector 6,bucurești,1
Staer 23,aleea berevoiesti,bucurești neatribuit,bucurești neatribuit,bucurești,1
Staer 23,aleea bistricioara,sector 2,sector 2,bucurești,2
Staer 23,aleea brasoveni,sector 2,sector 2,bucurești,1
Staer 23,aleea buhusi,sector 3,sector 3,bucurești,6
Staer 23,aleea calnau,sector 3,sector 3,bucurești,1
Staer 23,aleea calnau (ilioara 11),sector 3,sector 3,bucurești,1
Staer 23,aleea cetatea veche,sector 4,sector 4,bucurești,34
Staer 23,aleea ciucea,sector 3,sector 3,bucurești,16
Staer 23,aleea codrii neamtului,bucurești neatribuit,bucurești neatribuit,bucurești,7
Staer 23,aleea codrii neamtului,sector 3,sector 3,bucurești,11
Staer 23,aleea covansa,sector 4,sector 4,bucurești,1
Staer 23,aleea covasna,sector 4,sector 4,bucurești,49
Staer 23,aleea cricovul dulce,sector 4,sector 4,bucurești,7
Staer 23,aleea dealul macinului,sector 6,sector 6,bucurești,2
Staer 23,aleea diham,sector 2,sector 2,bucurești,1
Staer 23,aleea dolina,sector 4,sector 4,bucurești,7
Staer 23,aleea donea diana alexandra,sector 4,sector 4,bucurești,10
Staer 23,aleea dorohoi,sector 4,sector 4,bucurești,23
Staer 23,aleea dragos mladinovici,bucurești neatribuit,bucurești neatribuit,bucurești,3
Staer 23,aleea dragos mladinovici,sector 3,sector 3,bucurești,1
Staer 23,aleea dragos mladinovici,sector 4,sector 4,bucurești,4
Staer 23,aleea dragos nadinovici,sector 4,sector 4,bucurești,2
Staer 23,aleea dumbrava noua,sector 5,sector 5,bucurești,3
Staer 23,aleea ea adrian dan urucu,sector 4,sector 4,bucurești,4
Staer 23,aleea ea argedava,sector 2,sector 2,bucurești,1
Staer 23,aleea ea arheologilor,sector 6,sector 6,bucurești,1
Staer 23,aleea ea arinii dornei,sector 6,sector 6,bucurești,2
Staer 23,aleea ea banul udrea,sector 3,sector 3,bucurești,3
Staer 23,aleea ea baraj bicaz,bucurești neatribuit,bucurești neatribuit,bucurești,2
Staer 23,aleea ea baraj cucuteni,sector 3,sector 3,bucurești,2
Staer 23,aleea ea baraj lotru,bucurești neatribuit,bucurești neatribuit,bucurești,1
Staer 23,aleea ea baraj lotru,sector 3,sector 3,bucurești,2
Staer 23,aleea ea baraju bicaz,sector 3,sector 3,bucurești,1
Staer 23,aleea ea baraju dunarii,bucurești neatribuit,bucurești neatribuit,bucurești,1
Staer 23,aleea ea barajul bistriței,sector 3,sector 3,bucurești,5
Staer 23,aleea ea barajul cu cuteni,sector 3,sector 3,bucurești,1
Staer 23,aleea ea barajul dunarii,bucurești neatribuit,bucurești neatribuit,bucurești,2
Staer 23,aleea ea barajul dunarii,sector 2,sector 2,bucurești,1
Staer 23,aleea ea barajul dunarii,sector 3,sector 3,bucurești,8
Staer 23,aleea ea barajul lotru,sector 3,sector 3,bucurești,3
Staer 23,aleea ea barajul sadului,sector 3,sector 3,bucurești,8
Staer 23,aleea ea barzei,buftea,—,ilfov,1
Staer 23,aleea ea bazei,buftea,—,ilfov,1
Staer 23,aleea ea blajel,bucurești neatribuit,bucurești neatribuit,bucurești,1
Staer 23,aleea ea blajel,sector 3,sector 3,bucurești,1
Staer 23,aleea ea borcea,sector 4,sector 4,bucurești,2
Staer 23,aleea ea botoran,sector 5,sector 5,bucurești,1
Staer 23,aleea ea botorani,sector 5,sector 5,bucurești,1
Staer 23,aleea ea calinesti,sector 4,sector 4,bucurești,13
Staer 23,aleea ea calistrat hogas,sector 3,sector 3,bucurești,1
Staer 23,aleea ea campul cu flori,sector 6,sector 6,bucurești,1
Staer 23,aleea ea campul cu florin,sector 6,sector 6,bucurești,1
Staer 23,aleea ea campului,buftea,—,ilfov,1
Staer 23,aleea ea cetatuia,bucurești neatribuit,bucurești neatribuit,bucurești,3
Staer 23,aleea ea cetatuia,sector 6,sector 6,bucurești,1
Staer 23,aleea ea ciceu,sector 4,sector 4,bucurești,23
Staer 23,aleea ea cindrel,sector 3,sector 3,bucurești,2
Staer 23,aleea ea cioplea,sector 3,sector 3,bucurești,3
Staer 23,aleea ea circului,sector 2,sector 2,bucurești,1
Staer 23,aleea ea cislau,sector 2,sector 2,bucurești,5
Staer 23,aleea ea cizlau,sector 2,sector 2,bucurești,1
Staer 23,aleea ea compozitorilor,sector 6,sector 6,bucurești,2
Staer 23,aleea ea constructorului,buftea,—,ilfov,1
Staer 23,aleea ea crevedia,sector 4,sector 4,bucurești,8
Staer 23,aleea ea cricovul sarat,sector 4,sector 4,bucurești,11
Staer 23,aleea ea câmpul mosilor,bucurești neatribuit,bucurești neatribuit,bucurești,1
Staer 23,aleea ea dobrina,sector 2,sector 2,bucurești,5
Staer 23,aleea ea domnisoara pogany,sector 6,sector 6,bucurești,1
Staer 23,aleea ea donediana,bucurești neatribuit,bucurești neatribuit,bucurești,1
Staer 23,aleea ea dumbravei,jilava,—,ilfov,5
Staer 23,aleea ea dumbravita,sector 6,sector 6,bucurești,1
Staer 23,aleea ea eprubetei,sector 3,sector 3,bucurești,7
Staer 23,aleea ea epubetrei,sector 3,sector 3,bucurești,1
Staer 23,aleea ea fetesti,sector 3,sector 3,bucurești,8
Staer 23,aleea ea florin ciungan,sector 3,sector 3,bucurești,3
Staer 23,aleea ea ghencea,sector 6,sector 6,bucurești,2
Staer 23,aleea ea ghimes,bucurești neatribuit,bucurești neatribuit,bucurești,2
Staer 23,aleea ea giurgeni,sector 3,sector 3,bucurești,6
Staer 23,aleea ea gladiolei,pantelimon,—,ilfov,1
Staer 23,aleea ea i. agarbiceanu,bucurești neatribuit,bucurești neatribuit,bucurești,1
Staer 23,aleea ea ianca,sector 3,sector 3,bucurești,4
Staer 23,aleea ea ilia,bucurești neatribuit,bucurești neatribuit,bucurești,1
Staer 23,aleea ea ilia,sector 2,sector 2,bucurești,6
Staer 23,aleea ea ilia,sector 3,sector 3,bucurești,1
Staer 23,aleea ea ilioara,sector 3,sector 3,bucurești,8
Staer 23,aleea ea in agarbiceanu,sector 3,sector 3,bucurești,1
Staer 23,aleea ea ion agarbiceanu,sector 3,sector 3,bucurești,7
Staer 23,aleea ea istru,sector 4,sector 4,bucurești,1
Staer 23,aleea ea izvorul crisului,sector 4,sector 4,bucurești,9
Staer 23,aleea ea jieneasca,bucurești neatribuit,bucurești neatribuit,bucurești,1
Staer 23,aleea ea lacul morii,sector 6,sector 6,bucurești,2
Staer 23,aleea ea lacului,fundeni,—,ilfov,1
Staer 23,aleea ea lagos,sector 1,sector 1,bucurești,1
Staer 23,aleea ea liorului,sector 4,sector 4,bucurești,1
Staer 23,aleea ea lipanesti,sector 3,sector 3,bucurești,1
Staer 23,aleea ea livezilor,sector 5,sector 5,bucurești,4
Staer 23,aleea ea llia,sector 2,sector 2,bucurești,1
Staer 23,aleea ea lunguletu,sector 2,sector 2,bucurești,12
Staer 23,aleea ea madarasi,sector 3,sector 3,bucurești,3
Staer 23,aleea ea manastirea gabia,sector 3,sector 3,bucurești,1
Staer 23,aleea ea marius emanoil buteica,bucurești neatribuit,bucurești neatribuit,bucurești,1
Staer 23,aleea ea marius emanoil buteica,sector 2,sector 2,bucurești,1
Staer 23,aleea ea marius emanoil buteica,sector 3,sector 3,bucurești,5
Staer 23,aleea ea marius emanoil buteica,sector 4,sector 4,bucurești,1
Staer 23,aleea ea mizil,sector 3,sector 3,bucurești,25
Staer 23,aleea ea mladinovici dragoș,sector 4,sector 4,bucurești,3
Staer 23,aleea ea moldovita,sector 4,sector 4,bucurești,4
Staer 23,aleea ea mosistea,sector 3,sector 3,bucurești,1
Staer 23,aleea ea mostistea,sector 3,sector 3,bucurești,2
Staer 23,aleea ea motistea,bucurești neatribuit,bucurești neatribuit,bucurești,1
Staer 23,aleea ea ninsori,sector 3,sector 3,bucurești,2
Staer 23,aleea ea ninsorii,sector 3,sector 3,bucurești,4
Staer 23,aleea ea onisifor ghobu,bucurești neatribuit,bucurești neatribuit,bucurești,1
Staer 23,aleea ea ornamentului,sector 4,sector 4,bucurești,10
Staer 23,aleea ea perisoru,sector 3,sector 3,bucurești,3
Staer 23,aleea ea plevnei,bucurești neatribuit,bucurești neatribuit,bucurești,1
Staer 23,aleea ea poarta alba,sector 6,sector 6,bucurești,1
Staer 23,aleea ea podul girgiului,sector 5,sector 5,bucurești,1
Staer 23,aleea ea poet dimitrie anghel,sector 3,sector 3,bucurești,1
Staer 23,aleea ea poiana muntelui,sector 6,sector 6,bucurești,1
Staer 23,aleea ea popstavarul,sector 3,sector 3,bucurești,1
Staer 23,aleea ea postavaru,sector 3,sector 3,bucurești,1
Staer 23,aleea ea postavarului,sector 3,sector 3,bucurești,5
Staer 23,aleea ea potaisa,sector 6,sector 6,bucurești,2
Staer 23,aleea ea radaseni,sector 5,sector 5,bucurești,2
Staer 23,aleea ea ramnicu valcea,sector 3,sector 3,bucurești,9
Staer 23,aleea ea raul sadului,bucurești neatribuit,bucurești neatribuit,bucurești,1
Staer 23,aleea ea raul sadului,sector 4,sector 4,bucurești,2
Staer 23,aleea ea resita b,bucurești neatribuit,bucurești neatribuit,bucurești,1
Staer 23,aleea ea resita b,sector 4,sector 4,bucurești,2
Staer 23,aleea ea resita d,sector 4,sector 4,bucurești,26
Staer 23,aleea ea restia d,bucurești neatribuit,bucurești neatribuit,bucurești,1
Staer 23,aleea ea salaj 5,sector 5,sector 5,bucurești,1
Staer 23,aleea ea sargetia,sector 2,sector 2,bucurești,1
Staer 23,aleea ea satu mare,pantelimon,—,ilfov,1
Staer 23,aleea ea scolarilor,bucurești neatribuit,bucurești neatribuit,bucurești,1
Staer 23,aleea ea scolarilor,sector 3,sector 3,bucurești,4
Staer 23,aleea ea scolarilor,sector 4,sector 4,bucurești,1
Staer 23,aleea ea secuilor,bucurești neatribuit,bucurești neatribuit,bucurești,4
Staer 23,aleea ea secuilor,sector 4,sector 4,bucurești,3
Staer 23,aleea ea sinaia,sector 2,sector 2,bucurești,2
Staer 23,aleea ea sld.adrian carstea,sector 3,sector 3,bucurești,1
Staer 23,aleea ea solidaritatii,bucurești neatribuit,bucurești neatribuit,bucurești,2
Staer 23,aleea ea solidaritatii,sector 3,sector 3,bucurești,2
Staer 23,aleea ea somesul mare,sector 4,sector 4,bucurești,6
Staer 23,aleea ea somesul mic,sector 4,sector 4,bucurești,6
Staer 23,aleea ea somesului,sector 4,sector 4,bucurești,1
Staer 23,aleea ea somwsul mic,sector 4,sector 4,bucurești,1
Staer 23,aleea ea stogu,bucurești neatribuit,bucurești neatribuit,bucurești,2
Staer 23,aleea ea stupilor,sector 4,sector 4,bucurești,8
Staer 23,aleea ea suraia,sector 3,sector 3,bucurești,4
Staer 23,aleea ea surianu,bucurești neatribuit,bucurești neatribuit,bucurești,1
Staer 23,aleea ea tandala,sector 3,sector 3,bucurești,2
Staer 23,aleea ea tandala- veris residence 2,sector 3,sector 3,bucurești,1
Staer 23,aleea ea tebe,bucurești neatribuit,bucurești neatribuit,bucurești,3
Staer 23,aleea ea tebea,sector 4,sector 4,bucurești,11
Staer 23,aleea ea teisan,sector 1,sector 1,bucurești,1
Staer 23,aleea ea teisani,sector 1,sector 1,bucurești,5
Staer 23,aleea ea teiul doamnei,sector 2,sector 2,bucurești,1
Staer 23,aleea ea tibles 3,bucurești neatribuit,bucurești neatribuit,bucurești,1
Staer 23,aleea ea tomesti,sector 4,sector 4,bucurești,29
Staer 23,aleea ea topoloveni,sector 6,sector 6,bucurești,1
Staer 23,aleea ea tornadei,sector 3,sector 3,bucurești,2
Staer 23,aleea ea ucea,sector 4,sector 4,bucurești,14
Staer 23,aleea ea uioara,sector 4,sector 4,bucurești,11
Staer 23,aleea ea urucu adrian dan,sector 4,sector 4,bucurești,1
Staer 23,aleea ea urucu dan adrian,sector 4,sector 4,bucurești,2
Staer 23,aleea ea vacaresti,sector 4,sector 4,bucurești,1
Staer 23,aleea ea valea boteni,sector 6,sector 6,bucurești,3
Staer 23,aleea ea valea florilor,sector 6,sector 6,bucurești,1
Staer 23,aleea ea varfu cu dor,sector 3,sector 3,bucurești,1
Staer 23,aleea ea vergului,sector 2,sector 2,bucurești,4
Staer 23,aleea ea zanelor,sector 4,sector 4,bucurești,3
Staer 23,aleea ea zarandului,sector 2,sector 2,bucurești,2
Staer 23,aleea ea zorelelor,sector 6,sector 6,bucurești,2
Staer 23,aleea emanoil buteica,sector 3,sector 3,bucurești,2
Staer 23,aleea emanuel buteica,sector 3,sector 3,bucurești,1
Staer 23,aleea emil bota,sector 3,sector 3,bucurești,1
Staer 23,aleea emil racovita,sector 4,sector 4,bucurești,33
Staer 23,aleea fizicienilor,sector 3,sector 3,bucurești,22
Staer 23,aleea fruntas tudor constantin,sector 3,sector 3,bucurești,1
Staer 23,aleea fuiorului,sector 3,sector 3,bucurești,7
Staer 23,aleea garii,jilava,—,ilfov,12
Staer 23,aleea garii pantelimon,voluntari–pipera,—,ilfov,2
Staer 23,aleea ghirlandei,sector 6,sector 6,bucurești,1
Staer 23,aleea gornesti,sector 4,sector 4,bucurești,23
Staer 23,aleea gura calnaului,sector 3,sector 3,bucurești,1
Staer 23,aleea huedin,sector 4,sector 4,bucurești,45
Staer 23,aleea imasului,sector 5,sector 5,bucurești,2
Staer 23,aleea iosif hodos,sector 3,sector 3,bucurești,1
Staer 23,aleea izvorul oltului,sector 4,sector 4,bucurești,37
Staer 23,aleea laceni,sector 3,sector 3,bucurești,3
Staer 23,aleea lacramioarei,sector 3,sector 3,bucurești,6
Staer 23,aleea lacului,dobroești,—,ilfov,1
Staer 23,aleea lacului,sector 2,sector 2,bucurești,1
Staer 23,aleea lamotesti,sector 4,sector 4,bucurești,51
Staer 23,aleea leorda,sector 3,sector 3,bucurești,2
Staer 23,aleea leresti,sector 5,sector 5,bucurești,1
Staer 23,aleea lunca bradului,sector 3,sector 3,bucurești,9
Staer 23,aleea luncsoara,sector 2,sector 2,bucurești,2
Staer 23,aleea magura vulturului,sector 2,sector 2,bucurești,9
Staer 23,aleea manastirea agapia,sector 3,sector 3,bucurești,4
Staer 23,aleea mariu emanoil buteica,sector 3,sector 3,bucurești,1
Staer 23,aleea mirea mioara luiza,sector 4,sector 4,bucurești,13
Staer 23,aleea mozaicului,bucurești neatribuit,bucurești neatribuit,bucurești,1
Staer 23,aleea mozaicului,sector 2,sector 2,bucurești,2
Staer 23,aleea negru voda,sector 3,sector 3,bucurești,2
Staer 23,aleea niculitel,sector 4,sector 4,bucurești,19
Staer 23,aleea onisifor ghibu,sector 3,sector 3,bucurești,2
Staer 23,aleea ornamnentului,sector 4,sector 4,bucurești,1
Staer 23,aleea otesani,sector 2,sector 2,bucurești,2
Staer 23,aleea padurea craiului,sector 3,sector 3,bucurești,1
Staer 23,aleea pantelimon,bucurești neatribuit,bucurești neatribuit,bucurești,1
Staer 23,aleea pantelimon,sector 4,sector 4,bucurești,1
Staer 23,aleea patulului,sector 3,sector 3,bucurești,5
Staer 23,aleea petre antonescu,sector 2,sector 2,bucurești,3
Staer 23,aleea piatra mare,sector 2,sector 2,bucurești,2
Staer 23,aleea plesesti,sector 3,sector 3,bucurești,5
Staer 23,aleea plopilor,buftea,—,ilfov,1
Staer 23,aleea podul giurgiului,bucurești neatribuit,bucurești neatribuit,bucurești,3
Staer 23,aleea podul giurgiului,sector 5,sector 5,bucurești,7
Staer 23,aleea posada,sector 5,sector 5,bucurești,1
Staer 23,aleea postavarul,sector 3,sector 3,bucurești,4
Staer 23,aleea prevederii,sector 3,sector 3,bucurești,29
Staer 23,aleea prisor,sector 3,sector 3,bucurești,1
Staer 23,aleea ramnicul valcea,sector 3,sector 3,bucurești,5
Staer 23,aleea rasinari,sector 3,sector 3,bucurești,4
Staer 23,aleea rasinari,sector 5,sector 5,bucurești,1
Staer 23,aleea raul doamnei,sector 6,sector 6,bucurești,1
Staer 23,aleea raul targului,bucurești neatribuit,bucurești neatribuit,bucurești,2
Staer 23,aleea raul targului,sector 4,sector 4,bucurești,2
Staer 23,aleea resita,bucurești neatribuit,bucurești neatribuit,bucurești,15
Staer 23,aleea resita,sector 4,sector 4,bucurești,37
Staer 23,aleea resita,sector 5,sector 5,bucurești,1
Staer 23,aleea rimnicu vilcea,bucurești neatribuit,bucurești neatribuit,bucurești,1
Staer 23,aleea rm. valcea,sector 3,sector 3,bucurești,3
Staer 23,aleea rotunda,sector 3,sector 3,bucurești,6
Staer 23,aleea sg.maj.victor popescu,bucurești neatribuit,bucurești neatribuit,bucurești,1
Staer 23,aleea sg.maj.victor popescu,sector 4,sector 4,bucurești,1
Staer 23,aleea simbolului,bragadiru,—,ilfov,2
Staer 23,aleea simesul mic,sector 4,sector 4,bucurești,1
Staer 23,aleea slatioara,sector 4,sector 4,bucurești,6
Staer 23,aleea slt. p.m. dragos mladinovici,bucurești neatribuit,bucurești neatribuit,bucurești,1
Staer 23,aleea slt.dragos mladovici,bucurești neatribuit,bucurești neatribuit,bucurești,1
Staer 23,aleea socului,sector 2,sector 2,bucurești,3
Staer 23,aleea sold. nicolae barbu,bucurești neatribuit,bucurești neatribuit,bucurești,3
Staer 23,aleea soldat barbu nicolae,sector 4,sector 4,bucurești,1
Staer 23,aleea somesul cald,sector 4,sector 4,bucurești,9
Staer 23,aleea stl. dragos mladinovici,sector 4,sector 4,bucurești,1
Staer 23,aleea t,bucurești neatribuit,bucurești neatribuit,bucurești,1
Staer 23,aleea terasei,sector 4,sector 4,bucurești,21
Staer 23,aleea timis,pantelimon,—,ilfov,2
Staer 23,aleea tohani,sector 4,sector 4,bucurești,3
Staer 23,aleea tornaadei,sector 3,sector 3,bucurești,1
Staer 23,aleea tripoli,sector 1,sector 1,bucurești,1
Staer 23,aleea urucu adrian,sector 4,sector 4,bucurești,3
Staer 23,aleea valea calugareasca,sector 6,sector 6,bucurești,1
Staer 23,aleea valea lui mihai,sector 6,sector 6,bucurești,2
Staer 23,aleea varful cu dor,bucurești neatribuit,bucurești neatribuit,bucurești,1
Staer 23,aleea varful cu dor,sector 3,sector 3,bucurești,2
Staer 23,aleea vasile goldis,sector 3,sector 3,bucurești,2
Staer 23,aleea vlahita,sector 3,sector 3,bucurești,6
Staer 23,aleea xandru moruzzi,sector 3,sector 3,bucurești,2
Staer 23,aleea zavideni,sector 3,sector 3,bucurești,1
Staer 23,allea calinesti,sector 4,sector 4,bucurești,1
Staer 23,allea mostistea,sector 3,sector 3,bucurești,1
Staer 23,almasu,bucurești neatribuit,bucurești neatribuit,bucurești,1
Staer 23,almasu mic,sector 4,sector 4,bucurești,17
Staer 23,almasul mare,sector 4,sector 4,bucurești,6
Staer 23,almasul mic,sector 4,sector 4,bucurești,1
Staer 23,alpinesti,bucurești neatribuit,bucurești neatribuit,bucurești,1
Staer 23,alpinesti,sector 4,sector 4,bucurești,1
Staer 23,altoiului,bucurești neatribuit,bucurești neatribuit,bucurești,1
Staer 23,altoiului,sector 5,sector 5,bucurești,1
Staer 23,alunis,măgurele,—,ilfov,3
Staer 23,alunisu,alunisu,—,ilfov,1
Staer 23,alunului,bragadiru,—,ilfov,4
Staer 23,alunului,periș,—,ilfov,1
Staer 23,alx.vlahuta,bucurești neatribuit,bucurești neatribuit,bucurești,1
Staer 23,ambroziei,pantelimon,—,ilfov,1
Staer 23,ametistului,bragadiru,—,ilfov,1
Staer 23,amilcar c sandulescu,sector 6,sector 6,bucurești,1
Staer 23,amiral horia macelariu,bucurești neatribuit,bucurești neatribuit,bucurești,1
Staer 23,amosilor,sector 6,sector 6,bucurești,1
Staer 23,amurgului,balotești,—,ilfov,1
Staer 23,amurgului,măgurele,—,ilfov,1
Staer 23,amurgului,popești-leordeni,—,ilfov,38
Staer 23,amurgului - viva residence,popești-leordeni,—,ilfov,1
Staer 23,amurgului(moon residence 2),popești-leordeni,—,ilfov,1
Staer 23,amurgului- palm residence,popești-leordeni,—,ilfov,1
Staer 23,amza pelea,voluntari–pipera,—,ilfov,2
Staer 23,amza pellea,voluntari–pipera,—,ilfov,1
Staer 23,ana ipatescu,jilava,—,ilfov,3
Staer 23,anastasie panu,sector 3,sector 3,bucurești,6
Staer 23,anastasie paun,bucurești neatribuit,bucurești neatribuit,bucurești,1
Staer 23,ancutei,popești-leordeni,—,ilfov,1
Staer 23,andrei barseanu,sector 3,sector 3,bucurești,1
Staer 23,andrei poovici,sector 1,sector 1,bucurești,1
Staer 23,andrei popovici,bucurești neatribuit,bucurești neatribuit,bucurești,1
Staer 23,andronache,sector 2,sector 2,bucurești,2
Staer 23,andton bacalbasa,bucurești neatribuit,bucurești neatribuit,bucurești,1
Staer 23,anemonelor,bragadiru,—,ilfov,1
Staer 23,anghel alexandru,bucurești neatribuit,bucurești neatribuit,bucurești,1
Staer 23,anghel dogaru,sector 5,sector 5,bucurești,2
Staer 23,anghel moldovanu,sector 4,sector 4,bucurești,1
Staer 23,anghel nutu,sector 5,sector 5,bucurești,1
Staer 23,ansamblu green city,1 decembrie,—,ilfov,1
Staer 23,antom bacalbasa,sector 4,sector 4,bucurești,1
Staer 23,anton bacalbasa,sector 4,sector 4,bucurești,23
Staer 23,anton balcalbasa,sector 4,sector 4,bucurești,1
Staer 23,anton colorian,sector 4,sector 4,bucurești,1
Staer 23,anton pan,sector 3,sector 3,bucurești,1
Staer 23,apollo residence,popești-leordeni,—,ilfov,1
Staer 23,apostol nicolae,sector 2,sector 2,bucurești,1
Staer 23,apusului,berceni (ilfov),—,ilfov,3
Staer 23,apusului,pantelimon,—,ilfov,1
Staer 23,apusului,popești-leordeni,—,ilfov,10
Staer 23,apusului,sector 6,sector 6,bucurești,2
Staer 23,arad,pantelimon,—,ilfov,1
Staer 23,aragonitului,bucurești neatribuit,bucurești neatribuit,bucurești,1
Staer 23,aramesti,sector 5,sector 5,bucurești,1
Staer 23,aramesti 8,sector 5,sector 5,bucurești,1
Staer 23,arasilor,bucurești neatribuit,bucurești neatribuit,bucurești,1
Staer 23,arcadiei,bucurești neatribuit,bucurești neatribuit,bucurești,2
Staer 23,arcadiei,sector 4,sector 4,bucurești,2
Staer 23,arcusului,sector 3,sector 3,bucurești,1
Staer 23,arges,pruni,—,ilfov,1
Staer 23,argeselu,sector 4,sector 4,bucurești,8
Staer 23,argesului,bucurești neatribuit,bucurești neatribuit,bucurești,1
Staer 23,argesului,clinceni,—,ilfov,3
Staer 23,arh.ionescu grigore,sector 2,sector 2,bucurești,1
Staer 23,arinii doinei,sector 6,sector 6,bucurești,1
Staer 23,aristide pascal,bucurești neatribuit,bucurești neatribuit,bucurești,1
Staer 23,armasu mare,sector 4,sector 4,bucurești,1
Staer 23,armatei,pantelimon,—,ilfov,1
Staer 23,armeneasca,bucurești neatribuit,bucurești neatribuit,bucurești,2
Staer 23,armeneasca,sector 2,sector 2,bucurești,1
Staer 23,armenis,sector 3,sector 3,bucurești,1
Staer 23,armistitiului,bragadiru,—,ilfov,2
Staer 23,armoniei,berceni (ilfov),—,ilfov,1
Staer 23,aron cotrus,sector 1,sector 1,bucurești,1
Staer 23,aron cotrusnur,sector 3,sector 3,bucurești,1
Staer 23,aron pumnul,sector 5,sector 5,bucurești,2
Staer 23,artistilor,1 decembrie,—,ilfov,2
Staer 23,artistilor,decembrie,—,ilfov,1
Staer 23,astrelor,popești-leordeni,—,ilfov,9
Staer 23,atea nicolae cerga,sector 2,sector 2,bucurești,1
Staer 23,atena,tamas,—,ilfov,1
Staer 23,ateneului,balaceanca,—,ilfov,1
Staer 23,aton bacalbasa,bucurești neatribuit,bucurești neatribuit,bucurești,1
Staer 23,aurel botea,bucurești neatribuit,bucurești neatribuit,bucurești,2
Staer 23,aurel vlaicu,chitila,—,ilfov,1
Staer 23,aurel vlaicu,voluntari–pipera,—,ilfov,1
Staer 23,aurului,sector 2,sector 2,bucurești,1
Staer 23,autrel persu,sector 4,sector 4,bucurești,1
Staer 23,av stefan protopopescu,bucurești neatribuit,bucurești neatribuit,bucurești,1
Staer 23,avalansei,bucurești neatribuit,bucurești neatribuit,bucurești,2
Staer 23,avalansei,sector 4,sector 4,bucurești,2
Staer 23,aviatiei,sector 1,sector 1,bucurești,5
Staer 23,aviator,brănești,—,ilfov,1
Staer 23,aviator adrian iovan,otopeni,—,ilfov,1
Staer 23,aviatori,brănești,—,ilfov,1
Staer 23,aviatori transp 80 lei,brănești,—,ilfov,1
Staer 23,aviatoriilor,berceni (ilfov),—,ilfov,1
Staer 23,aviatorilor,berceni (ilfov),—,ilfov,5
Staer 23,avionului,sector 1,sector 1,bucurești,1
Staer 23,avram iancu,otopeni,—,ilfov,1
Staer 23,avram iancu,tunari,—,ilfov,2
Staer 23,azuga,sector 2,sector 2,bucurești,3
Staer 23,azurului,berceni (ilfov),—,ilfov,5
Staer 23,baba novac,bucurești neatribuit,bucurești neatribuit,bucurești,11
Staer 23,baba novac,sector 2,sector 2,bucurești,1
Staer 23,baba novac,sector 3,sector 3,bucurești,12
Staer 23,bacalbasa,bucurești neatribuit,bucurești neatribuit,bucurești,1
Staer 23,bacalbasa anton,sector 4,sector 4,bucurești,1
Staer 23,bacau,voluntari–pipera,—,ilfov,1
Staer 23,baciului,sector 5,sector 5,bucurești,11
Staer 23,bacului,sector 1,sector 1,bucurești,1
Staer 23,badea cartan,sector 2,sector 2,bucurești,1
Staer 23,badea popescu,buftea,—,ilfov,1
Staer 23,baia de arama,bucurești neatribuit,bucurești neatribuit,bucurești,1
Staer 23,baia de arama,sector 2,sector 2,bucurești,5
Staer 23,baia de arama,sector 3,sector 3,bucurești,1
Staer 23,baia mare,sector 3,sector 3,bucurești,5
Staer 23,baiculesti,sector 1,sector 1,bucurești,1
Staer 23,baicului,sector 2,sector 2,bucurești,2
Staer 23,baile herculane,pantelimon,—,ilfov,2
Staer 23,bajesti,bucurești neatribuit,bucurești neatribuit,bucurești,1
Staer 23,baladei,berceni (ilfov),—,ilfov,2
Staer 23,baladei,sector 4,sector 4,bucurești,8
Staer 23,baladei,virteju,—,ilfov,1
Staer 23,baldana,bucurești neatribuit,bucurești neatribuit,bucurești,1
Staer 23,balea,sector 4,sector 4,bucurești,1
Staer 23,balomir,sector 5,sector 5,bucurești,2
Staer 23,balta alba,berceni (ilfov),—,ilfov,1
Staer 23,balta albina,sector 3,sector 3,bucurești,1
Staer 23,baltii,copaceni,—,ilfov,1
Staer 23,baltita,sector 4,sector 4,bucurești,14
Staer 23,baneasa,sector 1,sector 1,bucurești,1
Staer 23,banul antonache,sector 1,sector 1,bucurești,1
Staer 23,banul nicolae,sector 2,sector 2,bucurești,4
Staer 23,banul udrea,sector 3,sector 3,bucurești,6
Staer 23,baraganului,popești-leordeni,—,ilfov,4
Staer 23,barbat voevod,sector 2,sector 2,bucurești,1
Staer 23,barbu lautaru,bucurești neatribuit,bucurești neatribuit,bucurești,1
Staer 23,barbu mumuleanu,bucurești neatribuit,bucurești neatribuit,bucurești,1
Staer 23,barbu nicolae,sector 4,sector 4,bucurești,2
Staer 23,barbu vacarescu,sector 2,sector 2,bucurești,5
Staer 23,bardasului,sector 5,sector 5,bucurești,2
Staer 23,bardului,sector 4,sector 4,bucurești,1
Staer 23,bateriei,popești-leordeni,—,ilfov,8
Staer 23,bateriei 9,popești-leordeni,—,ilfov,1
Staer 23,becatei,sector 3,sector 3,bucurești,2
Staer 23,becateti,sector 3,sector 3,bucurești,1
Staer 23,begoniei,măgurele,—,ilfov,1
Staer 23,begoniilor,ștefăneștii de jos,—,ilfov,1
Staer 23,benzinariei,vidra,—,ilfov,1
Staer 23,berechet,sector 3,sector 3,bucurești,1
Staer 23,berveni,sector 1,sector 1,bucurești,1
Staer 23,berzei,berceni (ilfov),—,ilfov,1
Staer 23,bibescu voda,sector 4,sector 4,bucurești,1
Staer 23,biharia - cartier henri coanda,sector 1,sector 1,bucurești,1
Staer 23,binelui,sector 4,sector 4,bucurești,16
Staer 23,biruinte,popești-leordeni,—,ilfov,1
Staer 23,biruinte,sector 4,sector 4,bucurești,1
Staer 23,biruintei,popești-leordeni,—,ilfov,24
Staer 23,biruintei - complex apollo residence 3,popești-leordeni,—,ilfov,1
Staer 23,biruintei- siena residence,popești-leordeni,—,ilfov,1
Staer 23,bisericii,adunatii copaceni,—,ilfov,1
Staer 23,bisericii,sat cosereni,—,ilfov,1
Staer 23,bisericii,sat vidra,—,ilfov,1
Staer 23,bisericii,vidra,—,ilfov,1
Staer 23,bistita,berceni (ilfov),—,ilfov,1
Staer 23,bistrita,berceni (ilfov),—,ilfov,8
Staer 23,bizantului,cernica,—,ilfov,1
Staer 23,blandesti,bucurești neatribuit,bucurești neatribuit,bucurești,1
Staer 23,bodesti,sector 2,sector 2,bucurești,6
Staer 23,bogdan ghe tudor,sector 3,sector 3,bucurești,2
Staer 23,bogdan gheorghe tudor,bucurești neatribuit,bucurești neatribuit,bucurești,1
Staer 23,bogdan gheorghe tudor,sector 3,sector 3,bucurești,1
Staer 23,bogdan gheorghe tudor,sector 4,sector 4,bucurești,1
Staer 23,boian,sector 4,sector 4,bucurești,4
Staer 23,boldesti,sector 5,sector 5,bucurești,3
Staer 23,boltei,sector 4,sector 4,bucurești,6
Staer 23,bonca marin,sector 3,sector 3,bucurești,1
Staer 23,bonea marin,sector 3,sector 3,bucurești,1
Staer 23,bordesti,sector 4,sector 4,bucurești,1
Staer 23,borsa,sector 1,sector 1,bucurești,1
Staer 23,bozieni,sector 6,sector 6,bucurești,2
Staer 23,bracoveanu,sector 4,sector 4,bucurești,1
Staer 23,bradetului,sector 4,sector 4,bucurești,6
Staer 23,brailita,bucurești neatribuit,bucurești neatribuit,bucurești,2
Staer 23,brailita,sector 3,sector 3,bucurești,2
Staer 23,brailita,sector 4,sector 4,bucurești,1
Staer 23,bramnicu sarat,sector 3,sector 3,bucurești,1
Staer 23,brancoveanu s4,bucurești neatribuit,bucurești neatribuit,bucurești,1
Staer 23,brancovenu,bucurești neatribuit,bucurești neatribuit,bucurești,1
Staer 23,brancusi constantin,sector 3,sector 3,bucurești,1
Staer 23,branduselor,sector 3,sector 3,bucurești,2
Staer 23,brandusilor,sector 3,sector 3,bucurești,1
Staer 23,brasov,pantelimon,—,ilfov,1
Staer 23,bratariu,sector 3,sector 3,bucurești,1
Staer 23,braziliei,sector 1,sector 1,bucurești,1
Staer 23,brazilor,frumusani,—,ilfov,1
Staer 23,breaza,popești-leordeni,—,ilfov,1
Staer 23,breaza,sector 3,sector 3,bucurești,3
Staer 23,brebenei,bucurești neatribuit,bucurești neatribuit,bucurești,1
Staer 23,brebeneilor,petrachioaia,—,ilfov,1
Staer 23,brebu,bucurești neatribuit,bucurești neatribuit,bucurești,1
Staer 23,brumul postalionului,sector 4,sector 4,bucurești,1
Staer 23,bucegi,sector 1,sector 1,bucurești,1
Staer 23,bucegi,vidra,—,ilfov,2
Staer 23,"bucharest , sector 1 , str petru si pavel",bucurești neatribuit,bucurești neatribuit,bucurești,1
Staer 23,buciumasilor,sector 2,sector 2,bucurești,1
Staer 23,buciumasilor,sector 4,sector 4,bucurești,3
Staer 23,bucovat,sector 4,sector 4,bucurești,2
Staer 23,bucovina,sector 3,sector 3,bucurești,4
Staer 23,bucuresti,frumusani,—,ilfov,2
Staer 23,budieni,sector 6,sector 6,bucurești,1
Staer 23,bufnitei - ultima casa de pe partea stanga,pantelimon,—,ilfov,1
Staer 23,bujorilor,măgurele,—,ilfov,1
Staer 23,bulevardul 1 decembrie,sector 3,sector 3,bucurești,8
Staer 23,bulevardul 1 decembrie 1918,bucurești neatribuit,bucurești neatribuit,bucurești,3
Staer 23,bulevardul 1 decembrie 1918,sector 3,sector 3,bucurești,18
Staer 23,bulevardul 1 mai,berceni (ilfov),—,ilfov,15
Staer 23,bulevardul 1decembrie,sector 3,sector 3,bucurești,2
Staer 23,bulevardul 1mai,berceni (ilfov),—,ilfov,3
Staer 23,bulevardul a obregia,bucurești neatribuit,bucurești neatribuit,bucurești,2
Staer 23,bulevardul a obregia,sector 4,sector 4,bucurești,1
Staer 23,bulevardul al. obregia,sector 4,sector 4,bucurești,31
Staer 23,bulevardul alexandr obregea,sector 4,sector 4,bucurești,2
Staer 23,bulevardul alexandru obregia,bucurești neatribuit,bucurești neatribuit,bucurești,21
Staer 23,bulevardul alexandru obregia,sector 4,sector 4,bucurești,26
Staer 23,bulevardul alx obregia,sector 4,sector 4,bucurești,10
Staer 23,bulevardul anul 1864,sector 6,sector 6,bucurești,1
Staer 23,bulevardul apicultorilor,sector 1,sector 1,bucurești,1
Staer 23,bulevardul atomistilor,măgurele,—,ilfov,2
Staer 23,bulevardul b;d. comstantin brancoveanu,sector 4,sector 4,bucurești,1
Staer 23,bulevardul banul manta,sector 1,sector 1,bucurești,1
Staer 23,bulevardul basarabia,bucurești neatribuit,bucurești neatribuit,bucurești,4
Staer 23,bulevardul basarabia,sector 2,sector 2,bucurești,17
Staer 23,bulevardul basarabia,sector 3,sector 3,bucurești,4
Staer 23,bulevardul basarabiei,sector 2,sector 2,bucurești,3
Staer 23,bulevardul brancoveanu,sector 4,sector 4,bucurești,23
Staer 23,bulevardul bucureștii noi,sector 1,sector 1,bucurești,4
Staer 23,bulevardul burebista,sector 3,sector 3,bucurești,3
Staer 23,bulevardul c brancoveanu,sector 4,sector 4,bucurești,35
Staer 23,bulevardul c-tin brancoveanu,sector 4,sector 4,bucurești,6
Staer 23,"bulevardul cam,il ressu",sector 3,sector 3,bucurești,1
Staer 23,bulevardul cami ressu,sector 3,sector 3,bucurești,1
Staer 23,bulevardul camil ressu,bucurești neatribuit,bucurești neatribuit,bucurești,17
Staer 23,bulevardul camil ressu,sector 1,sector 1,bucurești,1
Staer 23,bulevardul camil ressu,sector 3,sector 3,bucurești,37
Staer 23,bulevardul camil resu,sector 3,sector 3,bucurești,2
Staer 23,bulevardul cantemir,sector 4,sector 4,bucurești,1
Staer 23,bulevardul carol,bucurești neatribuit,bucurești neatribuit,bucurești,1
Staer 23,bulevardul carol 1,sector 2,sector 2,bucurești,1
Staer 23,bulevardul ceahlaul,sector 6,sector 6,bucurești,1
Staer 23,bulevardul chișinău,sector 2,sector 2,bucurești,21
Staer 23,bulevardul const brancoveanu,sector 4,sector 4,bucurești,3
Staer 23,bulevardul constantin bracoveanu,sector 4,sector 4,bucurești,1
Staer 23,bulevardul constantin brnacoveanu,sector 4,sector 4,bucurești,1
Staer 23,bulevardul constantin brâncoveanu,sector 4,sector 4,bucurești,34
Staer 23,bulevardul constructorilor,sector 6,sector 6,bucurești,3
Staer 23,bulevardul coposu,sector 3,sector 3,bucurești,1
Staer 23,bulevardul ctin brancoveanu,sector 4,sector 4,bucurești,26
Staer 23,bulevardul d 1 dec,bucurești neatribuit,bucurești neatribuit,bucurești,1
Staer 23,bulevardul dacia,sector 2,sector 2,bucurești,1
Staer 23,bulevardul daciu,bucurești neatribuit,bucurești neatribuit,bucurești,1
Staer 23,bulevardul decebal,sector 3,sector 3,bucurești,12
Staer 23,bulevardul decebal 24,bucurești neatribuit,bucurești neatribuit,bucurești,1
Staer 23,bulevardul decembrie 1918,bucurești neatribuit,bucurești neatribuit,bucurești,2
Staer 23,bulevardul dimitrie cantemir,bucurești neatribuit,bucurești neatribuit,bucurești,6
Staer 23,bulevardul dimitrie cantemir,sector 4,sector 4,bucurești,9
Staer 23,bulevardul dimitrie pompeiu,bucurești neatribuit,bucurești neatribuit,bucurești,1
Staer 23,bulevardul dinicu golescu,sector 1,sector 1,bucurești,4
Staer 23,bulevardul doamna ghica,sector 2,sector 2,bucurești,13
Staer 23,bulevardul dunarii,voluntari–pipera,—,ilfov,1
Staer 23,bulevardul energeticienilor,bucurești neatribuit,bucurești neatribuit,bucurești,2
Staer 23,bulevardul eroilor,bucurești neatribuit,bucurești neatribuit,bucurești,1
Staer 23,bulevardul eroilor,voluntari–pipera,—,ilfov,1
Staer 23,bulevardul ferdinand,sector 2,sector 2,bucurești,5
Staer 23,bulevardul ferdinand i,sector 2,sector 2,bucurești,2
Staer 23,bulevardul gara obor,sector 2,sector 2,bucurești,1
Staer 23,bulevardul garii,dobroești,—,ilfov,1
Staer 23,bulevardul george constantin,sector 1,sector 1,bucurești,1
Staer 23,bulevardul gh. sincai,bucurești neatribuit,bucurești neatribuit,bucurești,1
Staer 23,bulevardul gh. sincai,sector 4,sector 4,bucurești,2
Staer 23,bulevardul ghencea,sector 6,sector 6,bucurești,1
Staer 23,bulevardul gheorghe ionescu sisesti,sector 1,sector 1,bucurești,1
Staer 23,bulevardul gheorghe sincai,bucurești neatribuit,bucurești neatribuit,bucurești,1
Staer 23,bulevardul gheorghe sincai,sector 4,sector 4,bucurești,2
Staer 23,bulevardul ghica tei,sector 2,sector 2,bucurești,2
Staer 23,bulevardul i. c. brătianu,sector 3,sector 3,bucurești,3
Staer 23,bulevardul iancu de hunedoara,sector 1,sector 1,bucurești,2
Staer 23,bulevardul iancu nicolae,voluntari–pipera,—,ilfov,1
Staer 23,bulevardul ic bratianu,bucurești neatribuit,bucurești neatribuit,bucurești,1
Staer 23,bulevardul ic bratianu,sector 3,sector 3,bucurești,1
Staer 23,bulevardul independentei,voluntari–pipera,—,ilfov,1
Staer 23,bulevardul ion ionescu de la brad,sector 1,sector 1,bucurești,1
Staer 23,bulevardul ion mihalache,sector 1,sector 1,bucurești,2
Staer 23,bulevardul iulian mihu,sector 1,sector 1,bucurești,2
Staer 23,bulevardul iuliu iuliu maniu,sector 6,sector 6,bucurești,1
Staer 23,bulevardul iuliu maniu,sector 6,sector 6,bucurești,19
Staer 23,bulevardul iuliu maniu * 21 residence,sector 1,sector 1,bucurești,1
Staer 23,bulevardul iuliu maniu 102-104,bucurești neatribuit,bucurești neatribuit,bucurești,2
Staer 23,bulevardul lacu tei,sector 2,sector 2,bucurești,1
Staer 23,bulevardul lacul tei,bucurești neatribuit,bucurești neatribuit,bucurești,1
Staer 23,bulevardul lacul tei,sector 2,sector 2,bucurești,3
Staer 23,bulevardul lascar catargiu,sector 1,sector 1,bucurești,1
Staer 23,bulevardul libertatii,bucurești neatribuit,bucurești neatribuit,bucurești,1
Staer 23,bulevardul luptatorilor,sector 1,sector 1,bucurești,1
Staer 23,bulevardul marasesti,sector 4,sector 4,bucurești,2
Staer 23,bulevardul matalurgiei,sector 4,sector 4,bucurești,1
Staer 23,bulevardul metalorgiei,sector 4,sector 4,bucurești,1
Staer 23,bulevardul metalurgiei,sector 4,sector 4,bucurești,175
Staer 23,bulevardul metalurgiei - cartierul solar,sector 4,sector 4,bucurești,1
Staer 23,bulevardul metalurgiei(cartier solar),sector 4,sector 4,bucurești,3
Staer 23,bulevardul metalurgii,sector 4,sector 4,bucurești,1
Staer 23,bulevardul metalurigiei,sector 4,sector 4,bucurești,3
Staer 23,bulevardul metralurgiei,sector 4,sector 4,bucurești,1
Staer 23,bulevardul mihai bravu,sector 2,sector 2,bucurești,1
Staer 23,bulevardul mihai eminescu,buftea,—,ilfov,1
Staer 23,bulevardul mircea vodă,sector 3,sector 3,bucurești,5
Staer 23,bulevardul națiunile unite,sector 5,sector 5,bucurești,1
Staer 23,bulevardul nicolae balcescu,dobroești,—,ilfov,2
Staer 23,bulevardul nicolae balcescu,sector 2,sector 2,bucurești,1
Staer 23,bulevardul nicolae grigoresacu,sector 3,sector 3,bucurești,1
Staer 23,bulevardul nicolae grigorescu,bucurești neatribuit,bucurești neatribuit,bucurești,8
Staer 23,bulevardul nicolae grigorescu,sector 3,sector 3,bucurești,18
Staer 23,bulevardul nicolae titulescu,bucurești neatribuit,bucurești neatribuit,bucurești,1
Staer 23,bulevardul obregia,sector 4,sector 4,bucurești,4
Staer 23,bulevardul octavian goga,sector 3,sector 3,bucurești,7
Staer 23,bulevardul petrolistilor,sector 1,sector 1,bucurești,1
Staer 23,bulevardul pictor nicolae grigorescu,sector 3,sector 3,bucurești,1
Staer 23,bulevardul pieptanari,bucurești neatribuit,bucurești neatribuit,bucurești,1
Staer 23,bulevardul pipera,voluntari–pipera,—,ilfov,17
Staer 23,bulevardul pipera - strada matei basarab,voluntari–pipera,—,ilfov,1
Staer 23,bulevardul pipera( ibiza sol complex ),voluntari–pipera,—,ilfov,1
Staer 23,bulevardul preciziei,sector 6,sector 6,bucurești,1
Staer 23,bulevardul primaveri,sector 1,sector 1,bucurești,1
Staer 23,bulevardul prof.dr.gh.marinescu,bucurești neatribuit,bucurești neatribuit,bucurești,2
Staer 23,bulevardul prof.dr.gh.marinescu,sector 5,sector 5,bucurești,1
Staer 23,bulevardul pucheni,bucurești neatribuit,bucurești neatribuit,bucurești,4
Staer 23,bulevardul pucheni,sector 2,sector 2,bucurești,1
Staer 23,bulevardul pucheni,sector 5,sector 5,bucurești,7
Staer 23,bulevardul ramnicu sarat,sector 3,sector 3,bucurești,16
Staer 23,bulevardul ramnicul sarat,sector 3,sector 3,bucurești,1
Staer 23,bulevardul ramnicusarat,sector 3,sector 3,bucurești,1
Staer 23,bulevardul regina elisabeta,sector 5,sector 5,bucurești,1
Staer 23,bulevardul rm. sarat,sector 3,sector 3,bucurești,4
Staer 23,bulevardul schitu magureanu,bucurești neatribuit,bucurești neatribuit,bucurești,1
Staer 23,bulevardul schitu magureanu,sector 1,sector 1,bucurești,2
Staer 23,bulevardul splaiu uniri,sector 3,sector 3,bucurești,1
Staer 23,bulevardul teodor paladi,sector 3,sector 3,bucurești,1
Staer 23,bulevardul th pallady,sector 3,sector 3,bucurești,1
Staer 23,bulevardul theiodor pallady,bucurești neatribuit,bucurești neatribuit,bucurești,1
Staer 23,bulevardul theodor palady,sector 3,sector 3,bucurești,7
Staer 23,bulevardul theodor palladi,sector 3,sector 3,bucurești,1
Staer 23,bulevardul theodor pallady,sector 3,sector 3,bucurești,30
Staer 23,bulevardul theodor palldy,bucurești neatribuit,bucurești neatribuit,bucurești,1
Staer 23,bulevardul timisioara,sector 6,sector 6,bucurești,1
Staer 23,bulevardul timișoara,sector 6,sector 6,bucurești,21
Staer 23,bulevardul tineretului,bucurești neatribuit,bucurești neatribuit,bucurești,8
Staer 23,bulevardul tineretului,sector 4,sector 4,bucurești,16
Staer 23,bulevardul tineretului,sector 6,sector 6,bucurești,1
Staer 23,bulevardul tudor vladimirescu,voluntari–pipera,—,ilfov,1
Staer 23,bulevardul ul c-tin brancoveanu,bucurești neatribuit,bucurești neatribuit,bucurești,1
Staer 23,bulevardul unirii,bucurești neatribuit,bucurești neatribuit,bucurești,1
Staer 23,bulevardul unirii,sector 3,sector 3,bucurești,6
Staer 23,bulevardul unirii,sector 4,sector 4,bucurești,3
Staer 23,bulevardul voluntari,voluntari–pipera,—,ilfov,1
Staer 23,bulevardul vrancei,voluntari–pipera,—,ilfov,2
Staer 23,bulevardul x obregia,sector 4,sector 4,bucurești,10
Staer 23,bulevardul xandru obregea,sector 4,sector 4,bucurești,5
Staer 23,burdujeni,sector 3,sector 3,bucurești,4
Staer 23,burebista,cernica,—,ilfov,1
Staer 23,burnitei,sector 3,sector 3,bucurești,7
Staer 23,busteni,pantelimon,—,ilfov,2
Staer 23,busuiocului,sector 5,sector 5,bucurești,1
Staer 23,bv regina elisabeta,bucurești neatribuit,bucurești neatribuit,bucurești,1
Staer 23,bv tineretului,bucurești neatribuit,bucurești neatribuit,bucurești,1
Staer 23,bv. alexandru obregia,sector 4,sector 4,bucurești,4
Staer 23,bv. c.brancoveanu,bucurești neatribuit,bucurești neatribuit,bucurești,1
Staer 23,bv. constantin brancoveanu,bucurești neatribuit,bucurești neatribuit,bucurești,2
Staer 23,bv. decebal,bucurești neatribuit,bucurești neatribuit,bucurești,1
Staer 23,bv. dimitrie cantemir,bucurești neatribuit,bucurești neatribuit,bucurești,2
Staer 23,bv. metalurgiei,bucurești neatribuit,bucurești neatribuit,bucurești,2
Staer 23,bv. metalurgiei,sector 4,sector 4,bucurești,1
Staer 23,bv. nicolae grigorescu,bucurești neatribuit,bucurești neatribuit,bucurești,1
Staer 23,bv. obregia,bucurești neatribuit,bucurești neatribuit,bucurești,1
Staer 23,bv. octavian goga,bucurești neatribuit,bucurești neatribuit,bucurești,1
Staer 23,bv. unirii,sector 3,sector 3,bucurești,1
Staer 23,bv.al.obregia,bucurești neatribuit,bucurești neatribuit,bucurești,1
Staer 23,bv.brancoveanu,bucurești neatribuit,bucurești neatribuit,bucurești,5
Staer 23,bv.brancoveanu,sector 4,sector 4,bucurești,2
Staer 23,bv.iuliu maniu,bucurești neatribuit,bucurești neatribuit,bucurești,1
Staer 23,bv.iuliu maniu,sector 6,sector 6,bucurești,1
Staer 23,bv.libertatii,bucurești neatribuit,bucurești neatribuit,bucurești,1
Staer 23,bv.libertatii,sector 4,sector 4,bucurești,1
Staer 23,bv.nicolae balcescu,bucurești neatribuit,bucurești neatribuit,bucurești,1
Staer 23,bv.ramnicu sarat,bucurești neatribuit,bucurești neatribuit,bucurești,1
Staer 23,bv.ramnicu sarat,sector 3,sector 3,bucurești,1
Staer 23,bvd 1 decembrie 1918,sector 3,sector 3,bucurești,1
Staer 23,bvd mircea voda,sector 2,sector 2,bucurești,1
Staer 23,bvd mircea voda,sector 3,sector 3,bucurești,2
Staer 23,c radulescu motru,sector 4,sector 4,bucurești,4
Staer 23,c vacarescu,popești-leordeni,—,ilfov,1
Staer 23,c-nti brancoveanu,sector 4,sector 4,bucurești,1
Staer 23,c-tin btancoveanu,bucurești neatribuit,bucurești neatribuit,bucurești,1
Staer 23,c-tin radulescu motru,bucurești neatribuit,bucurești neatribuit,bucurești,1
Staer 23,c. brancoveanu s4,bucurești neatribuit,bucurești neatribuit,bucurești,1
Staer 23,c.a. rosetti,bucurești neatribuit,bucurești neatribuit,bucurești,1
Staer 23,c.brancusi,bucurești neatribuit,bucurești neatribuit,bucurești,1
Staer 23,caisului,berceni (ilfov),—,ilfov,2
Staer 23,caisului,dobroești,—,ilfov,3
Staer 23,caisului,fundeni,—,ilfov,1
Staer 23,calea 13 septembrie,bucurești neatribuit,bucurești neatribuit,bucurești,1
Staer 23,calea 13 septembrie,sector 5,sector 5,bucurești,2
Staer 23,calea bucuresti,bucurești neatribuit,bucurești neatribuit,bucurești,2
Staer 23,calea ea bucuresti,brănești,—,ilfov,2
Staer 23,calea ea bucuresti,dascălu,—,ilfov,1
Staer 23,calea ea bucuresti,otopeni,—,ilfov,1
Staer 23,calea ea bucuresti,săftica,—,ilfov,1
Staer 23,calea ea bucuresti,vidra,—,ilfov,4
Staer 23,calea ea bucurestilor,otopeni,—,ilfov,1
Staer 23,calea ea bucurestilor,pantelimon,—,ilfov,1
Staer 23,calea ea bucurestiului,măgurele,—,ilfov,1
Staer 23,calea ea calarasilor,sector 3,sector 3,bucurești,7
Staer 23,calea ea crângași,sector 6,sector 6,bucurești,4
Staer 23,calea ea călărași,sector 3,sector 3,bucurești,10
Staer 23,calea ea dorobanti,sector 1,sector 1,bucurești,2
Staer 23,calea ea dorobantilor,bucurești neatribuit,bucurești neatribuit,bucurești,1
Staer 23,calea ea dorobantilor,sector 1,sector 1,bucurești,1
Staer 23,calea ea dudesti,sector 3,sector 3,bucurești,7
Staer 23,calea ea ferentari,sector 5,sector 5,bucurești,18
Staer 23,calea ea giulesti,bucurești neatribuit,bucurești neatribuit,bucurești,1
Staer 23,calea ea giulesti,sector 3,sector 3,bucurești,1
Staer 23,calea ea giulesti,sector 6,sector 6,bucurești,4
Staer 23,calea ea griviței,bucurești neatribuit,bucurești neatribuit,bucurești,1
Staer 23,calea ea griviței,sector 1,sector 1,bucurești,1
Staer 23,calea ea mosilor,bucurești neatribuit,bucurești neatribuit,bucurești,5
Staer 23,calea ea mosilor,sector 2,sector 2,bucurești,14
Staer 23,calea ea mosilor,sector 3,sector 3,bucurești,1
Staer 23,calea ea piscului,sector 4,sector 4,bucurești,1
Staer 23,calea ea plevnei,bucurești neatribuit,bucurești neatribuit,bucurești,3
Staer 23,calea ea plevnei,sector 6,sector 6,bucurești,1
Staer 23,calea ea rahovei,sector 5,sector 5,bucurești,12
Staer 23,calea ea resita d,sector 4,sector 4,bucurești,1
Staer 23,calea ea stefan voda,sector 4,sector 4,bucurești,1
Staer 23,calea ea vacarasti,sector 4,sector 4,bucurești,1
Staer 23,calea ea victoriei,sector 1,sector 1,bucurești,4
Staer 23,calea ea viran 199,sector 3,sector 3,bucurești,1
Staer 23,calea ea vitan,bucurești neatribuit,bucurești neatribuit,bucurești,10
Staer 23,calea ea vitan,sector 3,sector 3,bucurești,23
Staer 23,calea sebastian,bucurești neatribuit,bucurești neatribuit,bucurești,1
Staer 23,calea serban voda,bucurești neatribuit,bucurești neatribuit,bucurești,6
Staer 23,calea serban voda,sector 4,sector 4,bucurești,12
Staer 23,calea victoriei,bucurești,—,ilfov,1
Staer 23,calea văcărești,bucurești neatribuit,bucurești neatribuit,bucurești,6
Staer 23,calea văcărești,sector 3,sector 3,bucurești,1
Staer 23,calea văcărești,sector 4,sector 4,bucurești,29
Staer 23,cameliei,berceni (ilfov),—,ilfov,1
Staer 23,camill ressu,sector 3,sector 3,bucurești,1
Staer 23,campenesti,sector 5,sector 5,bucurești,1
Staer 23,campia libertati,sector 3,sector 3,bucurești,1
Staer 23,campineanca,sector 3,sector 3,bucurești,4
Staer 23,campul cu maci,măgurele,—,ilfov,1
Staer 23,campul pipera,voluntari–pipera,—,ilfov,2
Staer 23,campului,1 decembrie,—,ilfov,2
Staer 23,campului,berceni (ilfov),—,ilfov,13
Staer 23,campului,brănești,—,ilfov,2
Staer 23,campului,chiajna–roșu–dudu,—,ilfov,2
Staer 23,campului,darăști-ilfov,—,ilfov,1
Staer 23,campului,otopeni,—,ilfov,1
Staer 23,campului,popești-leordeni,—,ilfov,2
Staer 23,campului,sector 2,sector 2,bucurești,1
Staer 23,campului,sintesti,—,ilfov,1
Staer 23,campului,tunari,—,ilfov,1
Staer 23,campului,vidra,—,ilfov,3
Staer 23,cantarului,sector 1,sector 1,bucurești,1
Staer 23,cantonului,corbeanca,—,ilfov,1
Staer 23,cap constantin vasilescu,bucurești neatribuit,bucurești neatribuit,bucurești,1
Staer 23,cap constantin vasilescu,sector 4,sector 4,bucurești,1
Staer 23,cap cristea raducanu,bucurești neatribuit,bucurești neatribuit,bucurești,1
Staer 23,cap gheorghe ion,sector 4,sector 4,bucurești,5
Staer 23,cap ion gheorghe,bucurești neatribuit,bucurești neatribuit,bucurești,2
Staer 23,cap ivan anghelache,sector 5,sector 5,bucurești,3
Staer 23,cap marin grigore,sector 4,sector 4,bucurești,2
Staer 23,capalna,sector 1,sector 1,bucurești,1
Staer 23,capidava,sector 4,sector 4,bucurești,2
Staer 23,capitan aviator alexandru serbanescu,sector 1,sector 1,bucurești,1
Staer 23,capitan garbea ion,sector 5,sector 5,bucurești,1
Staer 23,capitan grigore marin,sector 4,sector 4,bucurești,1
Staer 23,capitan nicolae licaret,sector 3,sector 3,bucurești,1
Staer 23,capitanu constantin,bucurești neatribuit,bucurești neatribuit,bucurești,1
Staer 23,caporal gh ion,bucurești neatribuit,bucurești neatribuit,bucurești,1
Staer 23,caporal gh ion,sector 4,sector 4,bucurești,1
Staer 23,caporal gheorghe ion,sector 4,sector 4,bucurești,6
Staer 23,caporal gheorghe n dragut,sector 5,sector 5,bucurești,1
Staer 23,caporal grigore marin,sector 4,sector 4,bucurești,8
Staer 23,caporal grogore marin,sector 4,sector 4,bucurești,1
Staer 23,caporal ilina,sector 5,sector 5,bucurești,1
Staer 23,caporal ivan anghelache,sector 5,sector 5,bucurești,1
Staer 23,caporal marcu a zamfir,sector 2,sector 2,bucurești,1
Staer 23,caporal marin grigore,sector 4,sector 4,bucurești,5
Staer 23,caporal preda,sector 5,sector 5,bucurești,1
Staer 23,caporal vasilescu constantin,bucurești neatribuit,bucurești neatribuit,bucurești,1
Staer 23,capreni,sector 2,sector 2,bucurești,1
Staer 23,caramidari de jos,sector 4,sector 4,bucurești,1
Staer 23,caramidarii de jos,sector 4,sector 4,bucurești,6
Staer 23,cararuia,domnești,—,ilfov,1
Staer 23,cararuia,sector 4,sector 4,bucurești,1
Staer 23,cararuii,sector 4,sector 4,bucurești,1
Staer 23,caras severin,pantelimon,—,ilfov,1
Staer 23,carei,sector 2,sector 2,bucurești,3
Staer 23,carol davila,sector 5,sector 5,bucurești,1
Staer 23,carpenului,periș,—,ilfov,1
Staer 23,carteier solar bld metalurgiei,sector 4,sector 4,bucurești,1
Staer 23,cartier cosmopolis,bucurești neatribuit,bucurești neatribuit,bucurești,1
Staer 23,castanilor 5,balotești,—,ilfov,1
Staer 23,castranov,sector 6,sector 6,bucurești,1
Staer 23,catrunesti,bucurești neatribuit,bucurești neatribuit,bucurești,2
Staer 23,cavafii vechi,bucurești neatribuit,bucurești neatribuit,bucurești,1
Staer 23,cazanesti,popești-leordeni,—,ilfov,2
Staer 23,cazangiilor,sector 3,sector 3,bucurești,1
Staer 23,cazanului,berceni (ilfov),—,ilfov,8
Staer 23,cazanului,berceni t=60 lei,—,ilfov,1
Staer 23,ceahlau,sector 6,sector 6,bucurești,1
Staer 23,ceahlau,voluntari–pipera,—,ilfov,2
Staer 23,ceahlaul,sector 6,sector 6,bucurești,2
Staer 23,ceaikovski,bucurești neatribuit,bucurești neatribuit,bucurești,1
Staer 23,ceair,tunari,—,ilfov,2
Staer 23,ceairului,sector 3,sector 3,bucurești,3
Staer 23,cechina,sector 4,sector 4,bucurești,1
Staer 23,cecilia cutescu storck,sector 1,sector 1,bucurești,1
Staer 23,celofibrei,bragadiru,—,ilfov,5
Staer 23,central adress residence,sector 5,sector 5,bucurești,1
Staer 23,cercelus,sector 3,sector 3,bucurești,1
Staer 23,cernauti,sector 2,sector 2,bucurești,5
Staer 23,cernisoara,sector 6,sector 6,bucurești,2
Staer 23,cetatea alba,berceni (ilfov),—,ilfov,4
Staer 23,cetatea histria,sector 6,sector 6,bucurești,1
Staer 23,cetatea poenari,bucurești neatribuit,bucurești neatribuit,bucurești,1
Staer 23,cetatea poenari,sector 4,sector 4,bucurești,1
Staer 23,ceteatea veche,sector 4,sector 4,bucurești,1
Staer 23,cheile dambovitei,popești-leordeni,—,ilfov,1
Staer 23,cheiul dambovitei,bucurești neatribuit,bucurești neatribuit,bucurești,1
Staer 23,cheiul dambovitei,sector 4,sector 4,bucurești,1
Staer 23,cheiul dambovitei trend residence,popești-leordeni,—,ilfov,1
Staer 23,cheiul dambovitei(complex trend residence),popești-leordeni,—,ilfov,1
Staer 23,chezasiei,sector 3,sector 3,bucurești,2
Staer 23,chiciurei,sector 3,sector 3,bucurești,2
Staer 23,chilia veche,sector 6,sector 6,bucurești,1
Staer 23,chindiei,berceni (ilfov),—,ilfov,1
Staer 23,chiperesti,sector 4,sector 4,bucurești,1
Staer 23,chiristigiilor,sector 2,sector 2,bucurești,2
Staer 23,chitila padure,mogoșoaia,—,ilfov,1
Staer 23,cicoarei,popești-leordeni,—,ilfov,3
Staer 23,cilniste,bucurești neatribuit,bucurești neatribuit,bucurești,1
Staer 23,cimpului,berceni (ilfov),—,ilfov,1
Staer 23,cimpului,pantelimon,—,ilfov,1
Staer 23,ciobanasului,sector 2,sector 2,bucurești,2
Staer 23,ciocanesti,sector 4,sector 4,bucurești,7
Staer 23,ciocarliei,clinceni,—,ilfov,3
Staer 23,ciocarliei,măgurele,—,ilfov,1
Staer 23,ciocarliei,sector 2,sector 2,bucurești,5
Staer 23,ciocarliei 18,sector 2,sector 2,bucurești,1
Staer 23,ciochina,sector 4,sector 4,bucurești,2
Staer 23,ciresar,bragadiru,—,ilfov,2
Staer 23,ciresilor,berceni (ilfov),—,ilfov,2
Staer 23,ciresilor,popești-leordeni,—,ilfov,1
Staer 23,ciresului,bucuresti soseaua fundeni,—,ilfov,1
Staer 23,ciresului,petrachioaia,—,ilfov,1
Staer 23,ciresului,sat fundeni,—,ilfov,1
Staer 23,ciresului,sector 2,sector 2,bucurești,2
Staer 23,ciresului,vidra,—,ilfov,1
Staer 23,ciuca stefan,sector 2,sector 2,bucurești,1
Staer 23,ciucean,sector 3,sector 3,bucurești,1
Staer 23,ciulin-petru rares,berceni (ilfov),—,ilfov,1
Staer 23,ciulinari,vidra,—,ilfov,1
Staer 23,ciulinari,vidra-cretesti,—,ilfov,1
Staer 23,ciulini,berceni (ilfov),—,ilfov,1
Staer 23,ciulini,jilava,—,ilfov,1
Staer 23,ciurari,clinceni,—,ilfov,1
Staer 23,ciuruleasa,bucurești neatribuit,bucurești neatribuit,bucurești,1
Staer 23,clabucet,voltuntari,—,ilfov,1
Staer 23,clementinelor,pantelimon,—,ilfov,1
Staer 23,clemetinelor,pantelimon,—,ilfov,1
Staer 23,closca,buftea,—,ilfov,1
Staer 23,cluceri sandu,bucurești neatribuit,bucurești neatribuit,bucurești,1
Staer 23,cobadin,bucurești neatribuit,bucurești neatribuit,bucurești,1
Staer 23,cobadin,sector 5,sector 5,bucurești,1
Staer 23,cocorului,pantelimon,—,ilfov,2
Staer 23,cocostarcului,pantelimon,—,ilfov,1
Staer 23,codrului,berceni (ilfov),—,ilfov,1
Staer 23,codrului,bragadiru,—,ilfov,2
Staer 23,codrului,cretesti,—,ilfov,1
Staer 23,codrului,măgurele,—,ilfov,2
Staer 23,col iosif albu,bucurești neatribuit,bucurești neatribuit,bucurești,1
Staer 23,colonel iosif abu,bucurești neatribuit,bucurești neatribuit,bucurești,1
Staer 23,colonel iosif albu,sector 3,sector 3,bucurești,4
Staer 23,coltei 25,sector 3,sector 3,bucurești,1
Staer 23,comana,sector 1,sector 1,bucurești,1
Staer 23,comarnic,sector 2,sector 2,bucurești,2
Staer 23,comisani,bucurești neatribuit,bucurești neatribuit,bucurești,1
Staer 23,complex cosmopolis str hortensiei,ștefăneștii de jos,—,ilfov,1
Staer 23,confederatiei,sector 3,sector 3,bucurești,2
Staer 23,confort city,popești-leordeni,—,ilfov,1
Staer 23,cons.brancoveanu,sector 4,sector 4,bucurești,1
Staer 23,consecventei,sector 5,sector 5,bucurești,1
Staer 23,const radulescu motru,sector 4,sector 4,bucurești,1
Staer 23,constamtin brancoveanu,sector 4,sector 4,bucurești,1
Staer 23,constantin brancoveanu,otopeni,—,ilfov,1
Staer 23,constantin brancoveanu,sector 4,sector 4,bucurești,46
Staer 23,constantin brancus,sector 3,sector 3,bucurești,1
Staer 23,constantin dragan,bucurești neatribuit,bucurești neatribuit,bucurești,1
Staer 23,constantin manescu,sector 5,sector 5,bucurești,1
Staer 23,constantin marin,bucurești neatribuit,bucurești neatribuit,bucurești,1
Staer 23,constantin merisescu,sector 2,sector 2,bucurești,1
Staer 23,constantin moise,sector 6,sector 6,bucurești,2
Staer 23,constantin musat,sector 5,sector 5,bucurești,1
Staer 23,constantin pavel,bucurești neatribuit,bucurești neatribuit,bucurești,1
Staer 23,constantin radulesc -motru,sector 5,sector 5,bucurești,1
Staer 23,constantin radulescu motru,sector 4,sector 4,bucurești,2
Staer 23,constatin titel petrescu,sector 6,sector 6,bucurești,1
Staer 23,constrantin radulescu motru,sector 4,sector 4,bucurești,1
Staer 23,cooperativei,sector 5,sector 5,bucurești,1
Staer 23,cooperativei,sector 6,sector 6,bucurești,1
Staer 23,corabia,sector 2,sector 2,bucurești,1
Staer 23,coralilor,sector 1,sector 1,bucurești,1
Staer 23,coralului,bragadiru,—,ilfov,2
Staer 23,corneliu coposu,sector 3,sector 3,bucurești,1
Staer 23,cornetului,sector 4,sector 4,bucurești,2
Staer 23,cornilor,cornetu,—,ilfov,1
Staer 23,cosmopolis,ștefăneștii de jos,—,ilfov,1
Staer 23,costache conachi,sector 2,sector 2,bucurești,6
Staer 23,costache stamate,sector 4,sector 4,bucurești,2
Staer 23,costila,sector 4,sector 4,bucurești,2
Staer 23,cotesti,sector 1,sector 1,bucurești,1
Staer 23,cotofenei,pantelimon,—,ilfov,1
Staer 23,cozla,sector 3,sector 3,bucurești,13
Staer 23,cpt nicolae licaret,sector 1,sector 1,bucurești,1
Staer 23,cpt. alexandru serbanescu,bucurești neatribuit,bucurești neatribuit,bucurești,1
Staer 23,cpt. ctin. merisescu,sector 2,sector 2,bucurești,1
Staer 23,cpt.constantin merisescu,bucurești neatribuit,bucurești neatribuit,bucurești,3
Staer 23,craisorului,sector 5,sector 5,bucurești,1
Staer 23,craitei,brănești,—,ilfov,1
Staer 23,crangasi,sector 6,sector 6,bucurești,1
Staer 23,crangului,berceni (ilfov),—,ilfov,1
Staer 23,crangului,manolache,—,ilfov,1
Staer 23,crangului,mogoșoaia,—,ilfov,1
Staer 23,crasna,bucurești neatribuit,bucurești neatribuit,bucurești,1
Staer 23,cremenei,bucurești neatribuit,bucurești neatribuit,bucurești,1
Staer 23,cremenita,sector 2,sector 2,bucurești,3
Staer 23,crengutei (intratrea floarea lotus ),domnești,—,ilfov,1
Staer 23,crinilor,berceni (ilfov),—,ilfov,4
Staer 23,crinilor,ștefăneștii de jos,—,ilfov,1
Staer 23,crinului,cornetu,—,ilfov,1
Staer 23,crisan,dobroești,—,ilfov,1
Staer 23,cristea mateescu,sector 2,sector 2,bucurești,4
Staer 23,crisu rece,bragadiru,—,ilfov,1
Staer 23,crisu repede,bragadiru,—,ilfov,3
Staer 23,crisul repede,bragadiru,—,ilfov,1
Staer 23,crisul repede - strong residence,bragadiru,—,ilfov,1
Staer 23,crisului,bucurești neatribuit,bucurești neatribuit,bucurești,1
Staer 23,crisului,pantelimon,—,ilfov,1
Staer 23,crivatului,sector 3,sector 3,bucurești,1
Staer 23,crizantemelor,dascălu,—,ilfov,1
Staer 23,crizantemelor,voluntari–pipera,—,ilfov,1
Staer 23,ct.brancoveanu,bucurești neatribuit,bucurești neatribuit,bucurești,1
Staer 23,ctin brancusi,sector 3,sector 3,bucurești,1
Staer 23,ctin radulescu motru,sector 4,sector 4,bucurești,2
Staer 23,ctin titel petrescu,sector 6,sector 6,bucurești,1
Staer 23,cucuteni,sector 5,sector 5,bucurești,2
Staer 23,cugir,bucurești neatribuit,bucurești neatribuit,bucurești,1
Staer 23,cuiului,sector 2,sector 2,bucurești,1
Staer 23,cupidon,sector 5,sector 5,bucurești,1
Staer 23,curcubeului,bragadiru,—,ilfov,1
Staer 23,curcubeului,pantelimon,—,ilfov,2
Staer 23,d.j.lister,bucurești neatribuit,bucurești neatribuit,bucurești,1
Staer 23,daciei,ciorogârla,—,ilfov,1
Staer 23,daicareanu,sector 5,sector 5,bucurești,1
Staer 23,dalhauti,sector 4,sector 4,bucurești,2
Staer 23,daliei,balotești,—,ilfov,1
Staer 23,daljesti,sector 5,sector 5,bucurești,1
Staer 23,dambovicioara/vrancioaiei,sector 2,sector 2,bucurești,1
Staer 23,dambovita,sector 6,sector 6,bucurești,1
Staer 23,dambului,sector 4,sector 4,bucurești,3
Staer 23,dantelei,bragadiru,—,ilfov,1
Staer 23,dantelei,bucurești neatribuit,bucurești neatribuit,bucurești,1
Staer 23,danubiu,bucurești neatribuit,bucurești neatribuit,bucurești,3
Staer 23,danubiu,sector 4,sector 4,bucurești,1
Staer 23,danulesti,sector 2,sector 2,bucurești,1
Staer 23,darza,bucurești neatribuit,bucurești neatribuit,bucurești,1
Staer 23,dascalului,sector 2,sector 2,bucurești,1
Staer 23,deal,măgurele,—,ilfov,1
Staer 23,dealu bradului,sector 4,sector 4,bucurești,3
Staer 23,dealu drumu alunis,sector 4,sector 4,bucurești,1
Staer 23,dealu mare,samurcasi - crevedia,—,ilfov,1
Staer 23,dealul cotmeana,sector 5,sector 5,bucurești,1
Staer 23,dealul drumul babei,sector 4,sector 4,bucurești,1
Staer 23,dealul malul mierii,bucurești neatribuit,bucurești neatribuit,bucurești,1
Staer 23,dealul mare,sector 4,sector 4,bucurești,1
Staer 23,dealului,bragadiru,—,ilfov,1
Staer 23,decebal,cernica,—,ilfov,2
Staer 23,delea veche,sector 2,sector 2,bucurești,6
Staer 23,deleni,sector 2,sector 2,bucurești,2
Staer 23,delfinului,sector 2,sector 2,bucurești,4
Staer 23,delhauti,sector 4,sector 4,bucurești,1
Staer 23,dem gh teodorescu,sector 3,sector 3,bucurești,1
Staer 23,depozitului,sector 3,sector 3,bucurești,1
Staer 23,desesti,bucurești neatribuit,bucurești neatribuit,bucurești,1
Staer 23,dezrobirii,chiajna–roșu–dudu,—,ilfov,1
Staer 23,dezrobirii,glina,—,ilfov,1
Staer 23,dezrobirii,sector 6,sector 6,bucurești,3
Staer 23,dezrobirii- cartier allegria,glina,—,ilfov,1
Staer 23,diamantului,bragadiru,—,ilfov,6
Staer 23,diana,domnești,—,ilfov,1
Staer 23,dianei,sector 2,sector 2,bucurești,1
Staer 23,digilentei,sector 3,sector 3,bucurești,1
Staer 23,dihorului,bucurești neatribuit,bucurești neatribuit,bucurești,1
Staer 23,dimitre cantemir,sector 4,sector 4,bucurești,1
Staer 23,dimitrie anghel,sector 3,sector 3,bucurești,1
Staer 23,dimitrie grecescu,sector 5,sector 5,bucurești,2
Staer 23,dimitrie harlescu,sector 2,sector 2,bucurești,1
Staer 23,dn2,afumați,—,ilfov,1
Staer 23,dna ghica,sector 2,sector 2,bucurești,1
Staer 23,doamna chiajna,sector 3,sector 3,bucurești,1
Staer 23,doamna oltea,bucurești neatribuit,bucurești neatribuit,bucurești,1
Staer 23,dobreni,berceni (ilfov),—,ilfov,2
Staer 23,dobrici,sector 2,sector 2,bucurești,1
Staer 23,docenților,sector 1,sector 1,bucurești,1
Staer 23,doctor burghelea,bucurești neatribuit,bucurești neatribuit,bucurești,1
Staer 23,doctor constantin istrati,sector 4,sector 4,bucurești,1
Staer 23,doctor grigore romiceanu,sector 5,sector 5,bucurești,1
Staer 23,doctor radovici,bucurești neatribuit,bucurești neatribuit,bucurești,1
Staer 23,doi,1 decembrie,—,ilfov,1
Staer 23,doina,sector 5,sector 5,bucurești,4
Staer 23,doinei,dobroești,—,ilfov,9
Staer 23,doinei,sector 2,sector 2,bucurești,2
Staer 23,dolhasca,bucurești neatribuit,bucurești neatribuit,bucurești,1
Staer 23,doliei,sector 3,sector 3,bucurești,2
Staer 23,dolomitului,sector 1,sector 1,bucurești,1
Staer 23,domana ghica,sector 2,sector 2,bucurești,1
Staer 23,dorneasca,bucurești neatribuit,bucurești neatribuit,bucurești,4
Staer 23,dorneasca,sector 5,sector 5,bucurești,1
Staer 23,dr agapia,sector 1,sector 1,bucurești,1
Staer 23,dr binelui,sector 4,sector 4,bucurești,11
Staer 23,dr cheile turzii,bucurești neatribuit,bucurești neatribuit,bucurești,1
Staer 23,dr constantin istrate,sector 5,sector 5,bucurești,1
Staer 23,dr dealul alunis,sector 4,sector 4,bucurești,1
Staer 23,dr dealul bradului,sector 4,sector 4,bucurești,1
Staer 23,dr fermei,bucurești neatribuit,bucurești neatribuit,bucurești,1
Staer 23,dr garii,bucurești neatribuit,bucurești neatribuit,bucurești,1
Staer 23,dr gura ariesului,sector 3,sector 3,bucurești,1
Staer 23,dr gura calitei,sector 3,sector 3,bucurești,2
Staer 23,dr gura crivatului,bucurești neatribuit,bucurești neatribuit,bucurești,1
Staer 23,dr jilavei,sector 4,sector 4,bucurești,3
Staer 23,dr niculae d staicovici,bucurești neatribuit,bucurești neatribuit,bucurești,1
Staer 23,dr. dealul cucului,bucurești neatribuit,bucurești neatribuit,bucurești,1
Staer 23,dr. thoma ionescu,bucurești neatribuit,bucurești neatribuit,bucurești,1
Staer 23,dr.fermei,dobroești,—,ilfov,1
Staer 23,dr.fermei,popești-leordeni,—,ilfov,7
Staer 23,dr.malul rosu,sector 3,sector 3,bucurești,1
Staer 23,dragaica,vidra,—,ilfov,1
Staer 23,dragan nicolae,sector 5,sector 5,bucurești,1
Staer 23,dragnarilor,pantelimon,—,ilfov,1
Staer 23,dragos voda,voluntari–pipera,—,ilfov,1
Staer 23,dreptatii,sector 6,sector 6,bucurești,1
Staer 23,drtumul dealu bradului,sector 4,sector 4,bucurești,1
Staer 23,drumul babii,sector 4,sector 4,bucurești,1
Staer 23,drumul bacriului,chiajna–roșu–dudu,—,ilfov,3
Staer 23,drumul becheanului,sector 2,sector 2,bucurești,1
Staer 23,drumul becheanului,voluntari–pipera,—,ilfov,2
Staer 23,drumul belsugului,sector 6,sector 6,bucurești,3
Staer 23,drumul bercenarului,bucurești neatribuit,bucurești neatribuit,bucurești,1
Staer 23,drumul binelui,sector 4,sector 4,bucurești,258
Staer 23,drumul binelui (complex galaxy ),sector 4,sector 4,bucurești,1
Staer 23,drumul binelui 45-47,sector 4,sector 4,bucurești,1
Staer 23,drumul binelui profi drumul jilavei,sector 4,sector 4,bucurești,1
Staer 23,drumul binelui(joy rezident ),sector 4,sector 4,bucurești,1
Staer 23,drumul binelui(viva parc metalurgiei),sector 4,sector 4,bucurești,1
Staer 23,drumul biserici,voluntari–pipera,—,ilfov,2
Staer 23,drumul bnelui,sector 4,sector 4,bucurești,1
Staer 23,drumul calitei,sector 3,sector 3,bucurești,3
Staer 23,drumul campeni,bucurești neatribuit,bucurești neatribuit,bucurești,2
Staer 23,drumul cheile turzi,bucurești neatribuit,bucurești neatribuit,bucurești,1
Staer 23,drumul cheile turzi,sector 4,sector 4,bucurești,2
Staer 23,drumul cheile turzii,sector 4,sector 4,bucurești,27
Staer 23,drumul ciorogârla,sector 6,sector 6,bucurești,2
Staer 23,drumul cratestilor,bucurești neatribuit,bucurești neatribuit,bucurești,1
Staer 23,drumul cretestilor,sector 4,sector 4,bucurești,37
Staer 23,drumul cucului,sector 4,sector 4,bucurești,1
Staer 23,drumul dalu babii,sector 4,sector 4,bucurești,1
Staer 23,drumul dealu alunis,sector 4,sector 4,bucurești,15
Staer 23,drumul dealu armanului,bucurești neatribuit,bucurești neatribuit,bucurești,1
Staer 23,drumul dealu babii,sector 4,sector 4,bucurești,6
Staer 23,drumul dealu bradului,sector 4,sector 4,bucurești,39
Staer 23,drumul dealu cucului,sector 4,sector 4,bucurești,22
Staer 23,drumul dealu ferului,sector 4,sector 4,bucurești,3
Staer 23,drumul dealul alunis,sector 4,sector 4,bucurești,6
Staer 23,drumul dealul babii,sector 4,sector 4,bucurești,3
Staer 23,drumul dealul bistrii,sector 4,sector 4,bucurești,1
Staer 23,drumul dealul bradului,sector 4,sector 4,bucurești,17
Staer 23,drumul dealul corbului,sector 4,sector 4,bucurești,1
Staer 23,drumul dealul crisului,sector 4,sector 4,bucurești,1
Staer 23,drumul dealul cucului,sector 4,sector 4,bucurești,25
Staer 23,drumul fagetului,sector 3,sector 3,bucurești,1
Staer 23,drumul fagetului,sector 4,sector 4,bucurești,1
Staer 23,drumul fermei,bucurești,—,ilfov,3
Staer 23,drumul fermei,bucurești neatribuit,bucurești neatribuit,bucurești,7
Staer 23,drumul fermei,dobroești,—,ilfov,3
Staer 23,drumul fermei,popești-leordeni,—,ilfov,157
Staer 23,drumul floarea de colt,sector 5,sector 5,bucurești,1
Staer 23,drumul garii,bucurești neatribuit,bucurești neatribuit,bucurești,1
Staer 23,drumul garii,dobroești,—,ilfov,2
Staer 23,drumul garii,fundeni,—,ilfov,1
Staer 23,drumul garii,pantelimon,—,ilfov,1
Staer 23,drumul garlitei,sector 3,sector 3,bucurești,1
Staer 23,drumul garlitei,sector 4,sector 4,bucurești,1
Staer 23,drumul gazarului,sector 4,sector 4,bucurești,25
Staer 23,drumul ghura siriului,sector 3,sector 3,bucurești,1
Staer 23,drumul gilaului,sector 4,sector 4,bucurești,21
Staer 23,drumul gira solcii,bucurești neatribuit,bucurești neatribuit,bucurești,1
Staer 23,drumul giulaului,bucurești neatribuit,bucurești neatribuit,bucurești,1
Staer 23,drumul gura aeriesului,sector 3,sector 3,bucurești,1
Staer 23,drumul gura ariesului,sector 3,sector 3,bucurești,24
Staer 23,drumul gura ariesului 18-28,sector 3,sector 3,bucurești,1
Staer 23,drumul gura calitei lot 17,sector 3,sector 3,bucurești,1
Staer 23,drumul gura caliteti,sector 3,sector 3,bucurești,1
Staer 23,drumul gura caliței,bucurești neatribuit,bucurești neatribuit,bucurești,6
Staer 23,drumul gura caliței,sector 2,sector 2,bucurești,1
Staer 23,drumul gura caliței,sector 3,sector 3,bucurești,85
Staer 23,drumul gura caliței,sector 4,sector 4,bucurești,1
Staer 23,drumul gura calmatului,sector 3,sector 3,bucurești,1
Staer 23,drumul gura crivatului,sector 3,sector 3,bucurești,6
Staer 23,drumul gura fagetului,sector 3,sector 3,bucurești,26
Staer 23,drumul gura garlitei,sector 3,sector 3,bucurești,9
Staer 23,drumul gura putenei,sector 3,sector 3,bucurești,1
Staer 23,drumul gura putnei,bucurești neatribuit,bucurești neatribuit,bucurești,2
Staer 23,drumul gura putnei,sector 3,sector 3,bucurești,61
Staer 23,drumul gura putnei,sector 4,sector 4,bucurești,3
Staer 23,drumul gura sirilului,bucurești neatribuit,bucurești neatribuit,bucurești,1
Staer 23,drumul gura siriului,sector 3,sector 3,bucurești,15
Staer 23,drumul gura sirului,sector 3,sector 3,bucurești,1
Staer 23,drumul jiilavei,sector 4,sector 4,bucurești,1
Staer 23,drumul jilavei,sector 4,sector 4,bucurești,138
Staer 23,drumul jilavei(complex kristal),sector 4,sector 4,bucurești,1
Staer 23,drumul jilavei- venus residence 2,sector 4,sector 4,bucurești,1
Staer 23,drumul jilvai,sector 4,sector 4,bucurești,1
Staer 23,drumul julavei,sector 4,sector 4,bucurești,1
Staer 23,drumul lapus,bucurești neatribuit,bucurești neatribuit,bucurești,1
Staer 23,drumul lunca jaristei,sector 3,sector 3,bucurești,7
Staer 23,drumul lunca jaristeii,sector 3,sector 3,bucurești,1
Staer 23,drumul lunca jasitei,sector 3,sector 3,bucurești,1
Staer 23,drumul lunca marcusului,sector 3,sector 3,bucurești,1
Staer 23,drumul lunca ozunului,sector 3,sector 3,bucurești,2
Staer 23,drumul lunca prutului,bucurești neatribuit,bucurești neatribuit,bucurești,1
Staer 23,drumul lunca prutului,sector 3,sector 3,bucurești,2
Staer 23,drumul lunca sateasca,sector 3,sector 3,bucurești,2
Staer 23,drumul malu mierii,sector 3,sector 3,bucurești,5
Staer 23,drumul malu rosu,sector 3,sector 3,bucurești,1
Staer 23,drumul malul mierii,bucurești neatribuit,bucurești neatribuit,bucurești,2
Staer 23,drumul manastirea varatec,sector 6,sector 6,bucurești,5
Staer 23,drumul mare,clinceni,—,ilfov,1
Staer 23,drumul mare,vidra - sat cretesti,—,ilfov,1
Staer 23,drumul morii,mogoșoaia,—,ilfov,2
Staer 23,drumul morilor,sector 3,sector 3,bucurești,2
Staer 23,drumul mugurului,sector 3,sector 3,bucurești,1
Staer 23,drumul murgului,sector 3,sector 3,bucurești,2
Staer 23,drumul negru,voluntari–pipera,—,ilfov,1
Staer 23,drumul nisipoasa,sector 1,sector 1,bucurești,6
Staer 23,drumul odaii,otopeni,—,ilfov,2
Staer 23,drumul opalului,sector 1,sector 1,bucurești,1
Staer 23,drumul opalului(cartier feliciti),bucurești neatribuit,bucurești neatribuit,bucurești,1
Staer 23,drumul osiei,sector 6,sector 6,bucurești,4
Staer 23,drumul p:ostalionului,sector 4,sector 4,bucurești,1
Staer 23,drumul padurea neagra,sector 1,sector 1,bucurești,3
Staer 23,drumul postalionului,sector 4,sector 4,bucurești,9
Staer 23,drumul potcoavei,bucurești,—,ilfov,1
Staer 23,drumul putnei,sector 3,sector 3,bucurești,1
Staer 23,drumul satenilor,bucurești neatribuit,bucurești neatribuit,bucurești,1
Staer 23,drumul satenilor,sector 3,sector 3,bucurești,1
Staer 23,drumul sărmaș,sector 1,sector 1,bucurești,1
Staer 23,drumul taberei,sector 6,sector 6,bucurești,4
Staer 23,drumul targului,domnești,—,ilfov,1
Staer 23,drumul ul binelui,sector 4,sector 4,bucurești,1
Staer 23,drumul valea doftanei,sector 6,sector 6,bucurești,2
Staer 23,drumul valea larga,sector 6,sector 6,bucurești,1
Staer 23,drumul varful berivoiul mare,sector 1,sector 1,bucurești,1
Staer 23,drumul între tarlale,sector 3,sector 3,bucurești,1
Staer 23,druumul jilavei,sector 4,sector 4,bucurești,1
Staer 23,dumbrava rosie,berceni (ilfov),—,ilfov,4
Staer 23,dumbrava rosie,sector 2,sector 2,bucurești,1
Staer 23,dumbrava rosie,sector 3,sector 3,bucurești,1
Staer 23,dumbravei,bragadiru,—,ilfov,3
Staer 23,dumbravesti,sector 4,sector 4,bucurești,1
Staer 23,duminicii,sector 4,sector 4,bucurești,3
Staer 23,dumintru n dumitru,pantelimon,—,ilfov,1
Staer 23,dumitrescu tanase,sector 2,sector 2,bucurești,1
Staer 23,dumitru botez,sector 5,sector 5,bucurești,1
Staer 23,dumitru brumareascu,sector 4,sector 4,bucurești,1
Staer 23,dumitru brumarescu,sector 4,sector 4,bucurești,20
Staer 23,dumitru iorgulescu,bucurești neatribuit,bucurești neatribuit,bucurești,1
Staer 23,dumitru lataretu sergent,sector 4,sector 4,bucurești,1
Staer 23,dumitru minca,bucurești neatribuit,bucurești neatribuit,bucurești,1
Staer 23,dumitru n dumitru,pantelimon,—,ilfov,4
Staer 23,dumitru samoila,bucurești neatribuit,bucurești neatribuit,bucurești,1
Staer 23,dumul garii,dobroești,—,ilfov,1
Staer 23,dumul jilavei,sector 4,sector 4,bucurești,1
Staer 23,dunarea albastra,bucurești neatribuit,bucurești neatribuit,bucurești,1
Staer 23,dunarii,bragadiru,—,ilfov,2
Staer 23,dunarii,pantelimon,—,ilfov,1
Staer 23,dunavat,bucurești neatribuit,bucurești neatribuit,bucurești,1
Staer 23,dunavat,sector 5,sector 5,bucurești,1
Staer 23,durmul fermei,popești-leordeni,—,ilfov,1
Staer 23,duzilor,chitila,—,ilfov,1
Staer 23,duzilor,dumitrana,—,ilfov,1
Staer 23,duzilor,pantelimon,—,ilfov,1
Staer 23,duzilor,sector 2,sector 2,bucurești,1
Staer 23,e vi,berceni (ilfov),—,ilfov,1
Staer 23,e vii,berceni (ilfov),—,ilfov,5
Staer 23,ea radulescu,sector 4,sector 4,bucurești,1
Staer 23,eagului,sector 3,sector 3,bucurești,1
Staer 23,earovinari,bucurești neatribuit,bucurești neatribuit,bucurești,4
Staer 23,eauaoltenitei,bucurești neatribuit,bucurești neatribuit,bucurești,1
Staer 23,ecaterina mihaika,pantelimon,—,ilfov,1
Staer 23,ecaterina mihaila,pantelimon,—,ilfov,1
Staer 23,ecaterina mihaila,pantilimon,—,ilfov,1
Staer 23,ecaterina teodoroiu,pantelimon,—,ilfov,1
Staer 23,ecaterina teodoroiu,tunari,—,ilfov,1
Staer 23,ecaterina teodoroiu,voluntari–pipera,—,ilfov,1
Staer 23,echinoctiului,popești-leordeni,—,ilfov,18
Staer 23,echinoctiului,sector 5,sector 5,bucurești,1
Staer 23,echinoptiului,sector 5,sector 5,bucurești,1
Staer 23,echinotiului,popești-leordeni,—,ilfov,1
Staer 23,echinoxului,popești-leordeni,—,ilfov,1
Staer 23,eclipsei,bucurești neatribuit,bucurești neatribuit,bucurești,3
Staer 23,eclipsei,popești-leordeni,—,ilfov,15
Staer 23,econimiei,sector 3,sector 3,bucurești,1
Staer 23,economiei,sector 3,sector 3,bucurești,1
Staer 23,economu cezarescu,sector 6,sector 6,bucurești,5
Staer 23,educatiei,bucurești neatribuit,bucurești neatribuit,bucurești,1
Staer 23,eea calarasilor,sector 3,sector 3,bucurești,1
Staer 23,elena cuza,berceni (ilfov),—,ilfov,1
Staer 23,elena farago,sector 6,sector 6,bucurești,1
Staer 23,elena vacarescu,sector 1,sector 1,bucurești,3
Staer 23,elev popovici-nicolae,sector 5,sector 5,bucurești,1
Staer 23,elev stefan stefanescu,sector 2,sector 2,bucurești,2
Staer 23,elev stefan stefanescu,sector 3,sector 3,bucurești,1
Staer 23,elev stefanescu,sector 2,sector 2,bucurești,2
Staer 23,elev stefanescu stefan,sector 2,sector 2,bucurești,2
Staer 23,elevatorului,bucurești neatribuit,bucurești neatribuit,bucurești,1
Staer 23,emanciparii,domnești,—,ilfov,2
Staer 23,emanoil butega,sector 3,sector 3,bucurești,1
Staer 23,emanoil buteica aleea,sector 3,sector 3,bucurești,1
Staer 23,emanoil marius,bucurești neatribuit,bucurești neatribuit,bucurești,1
Staer 23,emil holut,bucurești neatribuit,bucurești neatribuit,bucurești,1
Staer 23,emil racovita,voluntari–pipera,—,ilfov,3
Staer 23,emil racovita _ cartier azur 1,voluntari–pipera,—,ilfov,1
Staer 23,ene modoran,sector 5,sector 5,bucurești,1
Staer 23,energiei,sector 2,sector 2,bucurești,1
Staer 23,epigonilor,sector 5,sector 5,bucurești,1
Staer 23,episcop ilarion,sector 2,sector 2,bucurești,1
Staer 23,episcop vulcan,sector 1,sector 1,bucurești,2
Staer 23,episcopul ilarion,bucurești neatribuit,bucurești neatribuit,bucurești,1
Staer 23,episcopul ilarion,sector 2,sector 2,bucurești,1
Staer 23,erie eroul,sector 5,sector 5,bucurești,1
Staer 23,eroilor,balaceanca,—,ilfov,2
Staer 23,eroilor,berceni t=60 lei,—,ilfov,1
Staer 23,eroilor,pantelimon,—,ilfov,2
Staer 23,eroilor,sat berceni com. berceni,—,ilfov,1
Staer 23,erou bogarin constantin,sector 2,sector 2,bucurești,1
Staer 23,erou nita pintea,voluntari–pipera,—,ilfov,1
Staer 23,erou petre tataru,bucurești neatribuit,bucurești neatribuit,bucurești,1
Staer 23,eroul tatar petre,sector 5,sector 5,bucurești,1
Staer 23,erta,sector 2,sector 2,bucurești,1
Staer 23,esarfei,sector 3,sector 3,bucurești,2
Staer 23,escalei,sector 2,sector 2,bucurești,1
Staer 23,eternitatii,sector 5,sector 5,bucurești,5
Staer 23,etului,sector 3,sector 3,bucurești,1
Staer 23,eufrosin poteca,bucurești neatribuit,bucurești neatribuit,bucurești,1
Staer 23,eufrosin poteca,sector 2,sector 2,bucurești,1
Staer 23,eugeniu carada,sector 3,sector 3,bucurești,1
Staer 23,"europa,cartier cosmopolis",ștefăneștii de jos,—,ilfov,1
Staer 23,everest,sector 3,sector 3,bucurești,1
Staer 23,evidentiatilor,sector 4,sector 4,bucurești,1
Staer 23,fabrica de gheata,sector 2,sector 2,bucurești,5
Staer 23,fabrica de gheata 2,sector 2,sector 2,bucurești,1
Staer 23,fabrica de glucoza,sector 2,sector 2,bucurești,6
Staer 23,fabrica de glucoza- complex belvedere,sector 2,sector 2,bucurești,1
Staer 23,fabrica de mobila,berceni (ilfov),—,ilfov,4
Staer 23,fabrici,măgurele,—,ilfov,1
Staer 23,fabricii,bucurești neatribuit,bucurești neatribuit,bucurești,2
Staer 23,fagarasi,ștefăneștii de jos,—,ilfov,1
Staer 23,fagului,afumați,—,ilfov,1
Staer 23,fagului,jilava,—,ilfov,1
Staer 23,fainari,sector 2,sector 2,bucurești,1
Staer 23,fantanilor,balotești,—,ilfov,1
Staer 23,fanului,pantelimon,—,ilfov,1
Staer 23,fat frumos,sector 5,sector 5,bucurești,4
Staer 23,faurei,sector 1,sector 1,bucurești,2
Staer 23,fecioarei,măgurele,—,ilfov,2
Staer 23,fecioarei,popești-leordeni,—,ilfov,1
Staer 23,federic chopin,sector 2,sector 2,bucurești,1
Staer 23,feleacu,sector 1,sector 1,bucurești,1
Staer 23,felicia racovita,bucurești neatribuit,bucurești neatribuit,bucurești,1
Staer 23,ferastrau,bucurești neatribuit,bucurești neatribuit,bucurești,1
Staer 23,ferentari,sector 5,sector 5,bucurești,1
Staer 23,fericirii,pantelimon,—,ilfov,1
Staer 23,fericirii,ștefăneștii de jos,—,ilfov,1
Staer 23,ferme m,otopeni,—,ilfov,1
Staer 23,fermei,pantelimon,—,ilfov,1
Staer 23,feteesti,sector 3,sector 3,bucurești,1
Staer 23,fetesti,sector 3,sector 3,bucurești,23
Staer 23,ficusului,berceni (ilfov),—,ilfov,1
Staer 23,fierarului,mogoșoaia,—,ilfov,1
Staer 23,firidei,sector 3,sector 3,bucurești,4
Staer 23,flamurei,bucurești neatribuit,bucurești neatribuit,bucurești,1
Staer 23,floare de cais,bucurești neatribuit,bucurești neatribuit,bucurești,1
Staer 23,floare rosie,sector 6,sector 6,bucurești,1
Staer 23,floarea soarelui,voluntari–pipera,—,ilfov,1
Staer 23,florilor,brănești,—,ilfov,2
Staer 23,florilor,dragomirești,—,ilfov,1
Staer 23,florilor,măgurele,—,ilfov,2
Staer 23,florilor,snagov,—,ilfov,1
Staer 23,fluierului,sector 2,sector 2,bucurești,1
Staer 23,fluturilor,berceni (ilfov),—,ilfov,13
Staer 23,focsani,sector 5,sector 5,bucurești,3
Staer 23,foisorului,sector 3,sector 3,bucurești,15
Staer 23,fortului,domnești,—,ilfov,1
Staer 23,fortului,popești-leordeni,—,ilfov,2
Staer 23,franarului,sector 5,sector 5,bucurești,2
Staer 23,francisc munteanu,sector 1,sector 1,bucurești,1
Staer 23,frasari,voluntari–pipera,—,ilfov,1
Staer 23,frasinului,pantelimon,—,ilfov,1
Staer 23,fratii fagarasanu,sector 4,sector 4,bucurești,1
Staer 23,frigului,bucurești neatribuit,bucurești neatribuit,bucurești,1
Staer 23,frigului,sector 4,sector 4,bucurești,3
Staer 23,frinarului,bucurești neatribuit,bucurești neatribuit,bucurești,1
Staer 23,frosa sarandy,sector 1,sector 1,bucurești,1
Staer 23,frt niculae marinescu,bucurești neatribuit,bucurești neatribuit,bucurești,1
Staer 23,frumisani,sector 4,sector 4,bucurești,1
Staer 23,frumul jilavei,sector 4,sector 4,bucurești,1
Staer 23,frumusani,berceni (ilfov),—,ilfov,2
Staer 23,fruntas marinescu nicolae,sector 4,sector 4,bucurești,1
Staer 23,frunzisului,sector 4,sector 4,bucurești,2
Staer 23,ftumusani,sector 4,sector 4,bucurești,1
Staer 23,g puccini,sector 2,sector 2,bucurești,1
Staer 23,g-ral cristian tell,bucurești neatribuit,bucurești neatribuit,bucurești,2
Staer 23,g. vasiliu birlic,bucurești neatribuit,bucurești neatribuit,bucurești,1
Staer 23,gabriel pantazica,popești-leordeni,—,ilfov,1
Staer 23,galata,voluntari–pipera,—,ilfov,1
Staer 23,galata ( voluntari),bucurești neatribuit,bucurești neatribuit,bucurești,1
Staer 23,galati,pantelimon,—,ilfov,3
Staer 23,gari,jilava,—,ilfov,1
Staer 23,garian alexandru,bucurești neatribuit,bucurești neatribuit,bucurești,1
Staer 23,garian alexandru,popești-leordeni,—,ilfov,1
Staer 23,garii,balaceanca,—,ilfov,1
Staer 23,garii,domnești,—,ilfov,2
Staer 23,garii,jilava,—,ilfov,1
Staer 23,garii,sat catelu,—,ilfov,1
Staer 23,garlei,copaceni,—,ilfov,3
Staer 23,garnitei,sector 4,sector 4,bucurești,18
Staer 23,garoafei,jilava,—,ilfov,1
Staer 23,garoafelor,popești-leordeni,—,ilfov,1
Staer 23,garofitei,bragadiru,—,ilfov,2
Staer 23,garofitei,fierbienti,—,ilfov,1
Staer 23,geamandurii,sector 2,sector 2,bucurești,1
Staer 23,general berthelot,sector 1,sector 1,bucurești,1
Staer 23,general constantin coanda,sector 1,sector 1,bucurești,1
Staer 23,general david praporgescu,chiajna–roșu–dudu,—,ilfov,1
Staer 23,general dimitri salmen,sector 2,sector 2,bucurești,1
Staer 23,george,sector 4,sector 4,bucurești,1
Staer 23,george bacovia,sector 4,sector 4,bucurești,1
Staer 23,george bacovia,voluntari–pipera,—,ilfov,1
Staer 23,george bacovianr,voluntari–pipera,—,ilfov,1
Staer 23,george cosbuc,brănești,—,ilfov,1
Staer 23,george enescu,otopeni,—,ilfov,1
Staer 23,george enescu,sector 1,sector 1,bucurești,1
Staer 23,george tarnea,pantelimon,—,ilfov,1
Staer 23,george toparceanu,berceni (ilfov),—,ilfov,3
Staer 23,georgre calinescu,măgurele,—,ilfov,1
Staer 23,gh.dem teodorescu,sector 3,sector 3,bucurești,2
Staer 23,gh.magheru,bucurești neatribuit,bucurești neatribuit,bucurești,1
Staer 23,ghe costea,sector 2,sector 2,bucurești,1
Staer 23,ghe petrascu,sector 3,sector 3,bucurești,1
Staer 23,ghe popescu,bucurești neatribuit,bucurești neatribuit,bucurești,1
Staer 23,gheorghe bogdan tudor,sector 3,sector 3,bucurești,1
Staer 23,gheorghe condurache,sector 4,sector 4,bucurești,1
Staer 23,gheorghe costaforu,popești-leordeni,—,ilfov,1
Staer 23,gheorghe doja,sector 3,sector 3,bucurești,2
Staer 23,gheorghe halmageanu,sector 5,sector 5,bucurești,1
Staer 23,gheorghe ionescu,sector 4,sector 4,bucurești,1
Staer 23,gheorghe ionescu sisesti,sector 1,sector 1,bucurești,1
Staer 23,gheorghe lazar,sector 1,sector 1,bucurești,1
Staer 23,gheorghe manu,sector 1,sector 1,bucurești,1
Staer 23,gheorghe petrascu,bucurești neatribuit,bucurești neatribuit,bucurești,1
Staer 23,gheorghe petrascu,sector 2,sector 2,bucurești,1
Staer 23,gheorghe ranetti,sector 6,sector 6,bucurești,1
Staer 23,gheorghe sisesti,sector 1,sector 1,bucurești,1
Staer 23,gheorghe tatarescu,sector 3,sector 3,bucurești,1
Staer 23,gheorghe tattarescu,bucurești neatribuit,bucurești neatribuit,bucurești,1
Staer 23,gheorghe tattarescu,sector 3,sector 3,bucurești,1
Staer 23,gheorghe vasilescu,sector 4,sector 4,bucurești,1
Staer 23,gherghel vasile,bucurești neatribuit,bucurești neatribuit,bucurești,1
Staer 23,gherghina,sector 5,sector 5,bucurești,1
Staer 23,gherghitei,sector 2,sector 2,bucurești,3
Staer 23,ghimbati,sector 4,sector 4,bucurești,1
Staer 23,ghimpati,bucurești neatribuit,bucurești neatribuit,bucurești,2
Staer 23,ghimpati,sector 4,sector 4,bucurești,9
Staer 23,ghimpati,sector 5,sector 5,bucurești,1
Staer 23,ghindei,bucurești neatribuit,bucurești neatribuit,bucurești,1
Staer 23,ghinpati,sector 4,sector 4,bucurești,1
Staer 23,ghiocei,sector 2,sector 2,bucurești,1
Staer 23,ghiocelului,berceni (ilfov),—,ilfov,1
Staer 23,ghita serban,sector 3,sector 3,bucurești,4
Staer 23,giacomo puccini,sector 2,sector 2,bucurești,1
Staer 23,gilortului,bucurești neatribuit,bucurești neatribuit,bucurești,1
Staer 23,gilortului,sector 5,sector 5,bucurești,1
Staer 23,giovani boccaccio,sector 4,sector 4,bucurești,1
Staer 23,giovanni baccaccio,bucurești neatribuit,bucurești neatribuit,bucurești,1
Staer 23,giovanni boccaccio,sector 4,sector 4,bucurești,3
Staer 23,girnitei,bucurești neatribuit,bucurești neatribuit,bucurești,1
Staer 23,giulesti,bucurești neatribuit,bucurești neatribuit,bucurești,2
Staer 23,giurgilui,bucurești neatribuit,bucurești neatribuit,bucurești,1
Staer 23,giurgiului,1decembrie,—,ilfov,1
Staer 23,giurgiului,sector 4,sector 4,bucurești,14
Staer 23,giuseppe galibaldi,bucurești neatribuit,bucurești neatribuit,bucurești,1
Staer 23,gladitei,sector 4,sector 4,bucurești,3
Staer 23,gliei,bragadiru,—,ilfov,2
Staer 23,gloriei,bragadiru,—,ilfov,2
Staer 23,golovita,sector 1,sector 1,bucurești,1
Staer 23,gorgan spataru,sector 2,sector 2,bucurești,1
Staer 23,gorgan spatarul,sector 2,sector 2,bucurești,2
Staer 23,goronului,sector 1,sector 1,bucurești,1
Staer 23,gospodariei,sector 3,sector 3,bucurești,2
Staer 23,gospodinelor,bucurești neatribuit,bucurești neatribuit,bucurești,2
Staer 23,govora,sector 4,sector 4,bucurești,6
Staer 23,gradinari,balaceanca,—,ilfov,1
Staer 23,gradinari,berceni (ilfov),—,ilfov,1
Staer 23,gradinari,sat balaceanca,—,ilfov,3
Staer 23,gradinarilor,pantelimon,—,ilfov,1
Staer 23,gradinarilor,sector 3,sector 3,bucurești,5
Staer 23,gradinarilor,sector 4,sector 4,bucurești,1
Staer 23,gradinilor,berceni (ilfov),—,ilfov,1
Staer 23,gradistea,sector 4,sector 4,bucurești,19
Staer 23,gral nicolae dona,sector 1,sector 1,bucurești,1
Staer 23,gramont,sector 4,sector 4,bucurești,1
Staer 23,graului,balaceanca,—,ilfov,1
Staer 23,graului s4,bucurești neatribuit,bucurești neatribuit,bucurești,1
Staer 23,greaca,bucurești neatribuit,bucurești neatribuit,bucurești,1
Staer 23,greaca,popești-leordeni,—,ilfov,1
Staer 23,"greenfield residence, drumul padurea neagra",bucurești neatribuit,bucurești neatribuit,bucurești,2
Staer 23,grigore alexandrescu,sector 1,sector 1,bucurești,3
Staer 23,grigore ghica,pantelimon,—,ilfov,1
Staer 23,grigore iancu,bucurești neatribuit,bucurești neatribuit,bucurești,1
Staer 23,grigore ioenescu,sector 2,sector 2,bucurești,1
Staer 23,grigore lupu,moara vlăsiei,—,ilfov,1
Staer 23,grigore marin,sector 4,sector 4,bucurești,2
Staer 23,grigore marin caporal,sector 4,sector 4,bucurești,1
Staer 23,grigore moisil,1 decembrie,—,ilfov,1
Staer 23,grigore moisil,sector 2,sector 2,bucurești,1
Staer 23,grigore musceleanu,sector 4,sector 4,bucurești,1
Staer 23,grigore voda,sector 4,sector 4,bucurești,2
Staer 23,grindu,sector 5,sector 5,bucurești,1
Staer 23,grivitei,otopeni,—,ilfov,1
Staer 23,gruiul argesului,sector 3,sector 3,bucurești,2
Staer 23,gura ialomitei,sector 3,sector 3,bucurești,6
Staer 23,gura solcii,sector 3,sector 3,bucurești,1
Staer 23,gura vadului,sector 3,sector 3,bucurești,3
Staer 23,gutuiului,chitila,—,ilfov,1
Staer 23,hambarului,sector 2,sector 2,bucurești,2
Staer 23,harghita,voluntari–pipera,—,ilfov,1
Staer 23,hartegana,sector 4,sector 4,bucurești,1
Staer 23,hartopului,bucurești neatribuit,bucurești neatribuit,bucurești,1
Staer 23,hategana,bucurești neatribuit,bucurești neatribuit,bucurești,1
Staer 23,hatisului,sector 2,sector 2,bucurești,2
Staer 23,helesteului,glina,—,ilfov,1
Staer 23,hermann oberth,bucurești neatribuit,bucurești neatribuit,bucurești,1
Staer 23,herta,sector 2,sector 2,bucurești,4
Staer 23,hipodromului,corbeanca,—,ilfov,1
Staer 23,hirtopului,bucurești neatribuit,bucurești neatribuit,bucurești,1
Staer 23,hispania,sector 2,sector 2,bucurești,1
Staer 23,horia,dobroești,—,ilfov,1
Staer 23,hortensiei,ștefăneștii de jos,—,ilfov,2
Staer 23,hotarului,glina,—,ilfov,1
Staer 23,hrisovului,sector 1,sector 1,bucurești,1
Staer 23,huedin 7,sector 4,sector 4,bucurești,1
Staer 23,hunedoara,pantelion,—,ilfov,1
Staer 23,husi,sector 4,sector 4,bucurești,7
Staer 23,i. barbu,1 decembrie,—,ilfov,1
Staer 23,i. hunedoara,bucurești neatribuit,bucurești neatribuit,bucurești,1
Staer 23,i.l. caragiale,1 decembrie,—,ilfov,1
Staer 23,i.l.caragiale,tunari,—,ilfov,2
Staer 23,iacobeni,sector 5,sector 5,bucurești,1
Staer 23,ialomita,pantelimon,—,ilfov,2
Staer 23,iancu brezeanu,voluntari–pipera,—,ilfov,1
Staer 23,iancu cojescu,sector 4,sector 4,bucurești,1
Staer 23,iancu jianu,sector 5,sector 5,bucurești,1
Staer 23,iasomiei,afumați,—,ilfov,1
Staer 23,icoanei,sector 2,sector 2,bucurești,1
Staer 23,idealului,bragadiru,—,ilfov,2
Staer 23,idilei,bucurești neatribuit,bucurești neatribuit,bucurești,1
Staer 23,iederei,bragadiru,—,ilfov,4
Staer 23,ienuparului,pantelimon,—,ilfov,1
Staer 23,ienuparului,sector 1,sector 1,bucurești,1
Staer 23,ierni,bragadiru,—,ilfov,1
Staer 23,iernii,bragadiru,—,ilfov,2
Staer 23,iernii,sector 6,sector 6,bucurești,2
Staer 23,ifarului,pantelimon,—,ilfov,1
Staer 23,il caragiale,brănești,—,ilfov,1
Staer 23,il caragiale,bucurești neatribuit,bucurești neatribuit,bucurești,1
Staer 23,il caragiale,chiajna–roșu–dudu,—,ilfov,1
Staer 23,il ccaragiale,cernica,—,ilfov,1
Staer 23,ile caragiale,brănești,—,ilfov,1
Staer 23,ilfov,brănești,—,ilfov,4
Staer 23,iliana cosanzeana,sector 5,sector 5,bucurești,1
Staer 23,ilie david,bucurești neatribuit,bucurești neatribuit,bucurești,1
Staer 23,ilie petre,chiajna–roșu–dudu,—,ilfov,1
Staer 23,ilioara,sector 3,sector 3,bucurești,4
Staer 23,imparatu traian,sector 4,sector 4,bucurești,1
Staer 23,imparatul traian,sector 4,sector 4,bucurești,11
Staer 23,independentei,1 decembrie,—,ilfov,2
Staer 23,independentei,berceni (ilfov),—,ilfov,9
Staer 23,independentei,berceni transport 60 lei,—,ilfov,1
Staer 23,independentei,pantelimon,—,ilfov,3
Staer 23,industriei,popești-leordeni,—,ilfov,1
Staer 23,industriilor,sector 3,sector 3,bucurești,4
Staer 23,infratirii,berceni (ilfov),—,ilfov,4
Staer 23,infratirii,sector 1,sector 1,bucurești,1
Staer 23,ing d.tacu,sector 5,sector 5,bucurești,1
Staer 23,ing teodor dragu,sector 5,sector 5,bucurești,1
Staer 23,ing theodor dragu,sector 5,sector 5,bucurești,1
Staer 23,inginer stefan hepites,sector 4,sector 4,bucurești,1
Staer 23,inginerilor t,sector 2,sector 2,bucurești,1
Staer 23,ingusta,glina,—,ilfov,1
Staer 23,institutului,corbeanca,—,ilfov,1
Staer 23,int actiunii,sector 4,sector 4,bucurești,1
Staer 23,int adierii,sector 4,sector 4,bucurești,1
Staer 23,int badeni,sector 3,sector 3,bucurești,1
Staer 23,int baltisoara,sector 4,sector 4,bucurești,1
Staer 23,int barsei,bucurești neatribuit,bucurești neatribuit,bucurești,1
Staer 23,int barsei,sector 3,sector 3,bucurești,2
Staer 23,int barsei,sector 4,sector 4,bucurești,1
Staer 23,int crinului,măgurele,—,ilfov,1
Staer 23,int crisul alb,sector 4,sector 4,bucurești,1
Staer 23,int crisului,sector 4,sector 4,bucurești,1
Staer 23,int drumul binelui,sector 4,sector 4,bucurești,1
Staer 23,int fagetelu,sector 4,sector 4,bucurești,1
Staer 23,int horbotei,sector 3,sector 3,bucurești,2
Staer 23,int ion ciopleanu,sector 3,sector 3,bucurești,1
Staer 23,int lacramioarei,berceni (ilfov),—,ilfov,1
Staer 23,int morii,glina,—,ilfov,1
Staer 23,int muncii,sector 3,sector 3,bucurești,1
Staer 23,int oituz,dobroești,—,ilfov,1
Staer 23,int orastie,sector 4,sector 4,bucurești,2
Staer 23,int parului,bucurești neatribuit,bucurești neatribuit,bucurești,1
Staer 23,int parului,sector 3,sector 3,bucurești,1
Staer 23,int pasunilor,bucurești neatribuit,bucurești neatribuit,bucurești,1
Staer 23,int pasunilor,sector 5,sector 5,bucurești,1
Staer 23,int stefan voda,sector 5,sector 5,bucurești,1
Staer 23,int targu frumos,bucurești neatribuit,bucurești neatribuit,bucurești,2
Staer 23,int targu frumos,sector 4,sector 4,bucurești,1
Staer 23,int viilor,clinceni,—,ilfov,1
Staer 23,int zlatna,sector 4,sector 4,bucurești,1
Staer 23,int. baba voica,bucurești neatribuit,bucurești neatribuit,bucurești,1
Staer 23,int. dimieni,bucurești neatribuit,bucurești neatribuit,bucurești,1
Staer 23,int. fecioarei,popești-leordeni,—,ilfov,1
Staer 23,int. leordeni,bragadiru,—,ilfov,1
Staer 23,int. maior avram zenovie,bucurești neatribuit,bucurești neatribuit,bucurești,1
Staer 23,int. marasesti,berceni (ilfov),—,ilfov,1
Staer 23,int. platinei,bucurești neatribuit,bucurești neatribuit,bucurești,1
Staer 23,int. recas,bucurești neatribuit,bucurești neatribuit,bucurești,1
Staer 23,int. sectorului,bucurești neatribuit,bucurești neatribuit,bucurești,1
Staer 23,int. sipotul apelor,domnești,—,ilfov,1
Staer 23,int. urcusului,bucurești neatribuit,bucurești neatribuit,bucurești,1
Staer 23,int. vrabiei,bucurești neatribuit,bucurești neatribuit,bucurești,1
Staer 23,int.ciulini,berceni (ilfov),—,ilfov,1
Staer 23,int.frunzei str.ciobanasului,sector 2,sector 2,bucurești,1
Staer 23,int.humulesti,sector 5,sector 5,bucurești,1
Staer 23,intarea agintului,bucurești neatribuit,bucurești neatribuit,bucurești,1
Staer 23,intarea barsei,sector 3,sector 3,bucurești,1
Staer 23,intarea ciulin,berceni (ilfov),—,ilfov,1
Staer 23,intarea orastie,sector 4,sector 4,bucurești,1
Staer 23,intarea targu frumos,sector 4,sector 4,bucurești,1
Staer 23,intersectie baldana cu iancu cojescu,sector 4,sector 4,bucurești,1
Staer 23,intrarea 1 decembrie 1918,drarasti-ilfov,—,ilfov,1
Staer 23,intrarea adierii,sector 4,sector 4,bucurești,1
Staer 23,intrarea arcului,darasti,—,ilfov,1
Staer 23,intrarea area badeni,sector 3,sector 3,bucurești,5
Staer 23,intrarea area baritonului,sector 2,sector 2,bucurești,1
Staer 23,intrarea area barsei,sector 3,sector 3,bucurești,3
Staer 23,intrarea area binelui,sector 4,sector 4,bucurești,2
Staer 23,intrarea area calatorului,sector 2,sector 2,bucurești,1
Staer 23,intrarea area cascioarelor,sector 4,sector 4,bucurești,1
Staer 23,intrarea area cercului,berceni (ilfov),—,ilfov,1
Staer 23,intrarea area cernei,pantelimon,—,ilfov,1
Staer 23,intrarea area ciolpani,sector 5,sector 5,bucurești,1
Staer 23,intrarea area circului,berceni (ilfov),—,ilfov,1
Staer 23,intrarea area ciresului,dobroești,—,ilfov,2
Staer 23,intrarea area ciurului,sector 4,sector 4,bucurești,1
Staer 23,intrarea area colibasi,bucurești neatribuit,bucurești neatribuit,bucurești,1
Staer 23,intrarea area deciu,sector 4,sector 4,bucurești,1
Staer 23,intrarea area digului,sector 4,sector 4,bucurești,1
Staer 23,intrarea area drumul fermei,popești-leordeni,—,ilfov,1
Staer 23,intrarea area fabulri,sector 4,sector 4,bucurești,1
Staer 23,intrarea area garii catelu,sector 3,sector 3,bucurești,1
Staer 23,intrarea area gazonului,bucurești neatribuit,bucurești neatribuit,bucurești,1
Staer 23,intrarea area general grigore ipatescu,bucurești neatribuit,bucurești neatribuit,bucurești,1
Staer 23,intrarea area horbotei,sector 2,sector 2,bucurești,1
Staer 23,intrarea area horbotei,sector 3,sector 3,bucurești,4
Staer 23,intrarea area ispravei,bucurești neatribuit,bucurești neatribuit,bucurești,1
Staer 23,intrarea area lianei,sector 3,sector 3,bucurești,1
Staer 23,intrarea area lotrisor,berceni (ilfov),—,ilfov,1
Staer 23,intrarea area mesteacanului,otopeni,—,ilfov,2
Staer 23,intrarea area paltinului,otopeni,—,ilfov,1
Staer 23,intrarea area panificatiei,sector 6,sector 6,bucurești,1
Staer 23,intrarea area patinoarului,sector 3,sector 3,bucurești,1
Staer 23,intrarea area platanului,buftea,—,ilfov,1
Staer 23,intrarea area poganesti,sector 4,sector 4,bucurești,1
Staer 23,intrarea area povernei,bragadiru,—,ilfov,1
Staer 23,intrarea area puntii,balotești,—,ilfov,1
Staer 23,intrarea area randunelelor,otopeni,—,ilfov,1
Staer 23,intrarea area rastu lacul,sector 5,sector 5,bucurești,1
Staer 23,intrarea area rigas,sector 1,sector 1,bucurești,2
Staer 23,intrarea area saturn,berceni (ilfov),—,ilfov,1
Staer 23,intrarea area schtulyui,ganeasa,—,ilfov,1
Staer 23,intrarea area sectorului,sector 3,sector 3,bucurești,1
Staer 23,intrarea area serg dardiac,sector 2,sector 2,bucurești,1
Staer 23,intrarea area sergent daediac,sector 2,sector 2,bucurești,1
Staer 23,intrarea area stelutei,berceni (ilfov),—,ilfov,1
Staer 23,intrarea area straulesti,sector 1,sector 1,bucurești,1
Staer 23,intrarea area targu frumos,bucurești neatribuit,bucurești neatribuit,bucurești,1
Staer 23,intrarea area targu frumos,sector 4,sector 4,bucurești,2
Staer 23,intrarea area targul frumos,sector 4,sector 4,bucurești,2
Staer 23,intrarea area ulmeni,sector 4,sector 4,bucurești,1
Staer 23,intrarea area uzinei,glina,—,ilfov,1
Staer 23,intrarea area vaslei,sector 3,sector 3,bucurești,1
Staer 23,intrarea area viilor,popești-leordeni,—,ilfov,4
Staer 23,intrarea area vrabiei,bucurești neatribuit,bucurești neatribuit,bucurești,1
Staer 23,intrarea area vrabiei,sector 5,sector 5,bucurești,1
Staer 23,intrarea area zambilelor,berceni (ilfov),—,ilfov,2
Staer 23,intrarea area zorilor,1 decembrie,—,ilfov,1
Staer 23,intrarea baba voica,sector 4,sector 4,bucurești,2
Staer 23,intrarea baltisoara,bucurești neatribuit,bucurești neatribuit,bucurești,1
Staer 23,intrarea baltisoara,sector 4,sector 4,bucurești,1
Staer 23,intrarea berbecului,măgurele,—,ilfov,1
Staer 23,intrarea biruintei,bucurești neatribuit,bucurești neatribuit,bucurești,2
Staer 23,intrarea biruintei,sector 4,sector 4,bucurești,2
Staer 23,intrarea bujorului,pantelimon,—,ilfov,1
Staer 23,intrarea campului,pantelimon,—,ilfov,1
Staer 23,intrarea ciresului,dobroești,—,ilfov,1
Staer 23,intrarea ciulin,berceni (ilfov),—,ilfov,4
Staer 23,intrarea cobilitei,sector 2,sector 2,bucurești,1
Staer 23,intrarea constructorului,buftea,—,ilfov,1
Staer 23,intrarea crisul alb,sector 4,sector 4,bucurești,4
Staer 23,intrarea dispensarului,clinceni,—,ilfov,1
Staer 23,intrarea doctor felix,sector 1,sector 1,bucurești,1
Staer 23,intrarea doinei,dobroești,—,ilfov,7
Staer 23,intrarea humulesti,bucurești neatribuit,bucurești neatribuit,bucurești,1
Staer 23,intrarea humulesti,sector 4,sector 4,bucurești,1
Staer 23,intrarea humulesti,sector 5,sector 5,bucurești,3
Staer 23,intrarea iuliu valaori,bucurești neatribuit,bucurești neatribuit,bucurești,1
Staer 23,intrarea lacramioarei,berceni (ilfov),—,ilfov,2
Staer 23,intrarea leordeni,bragadiru,—,ilfov,1
Staer 23,intrarea lunca barzesti,sector 4,sector 4,bucurești,5
Staer 23,intrarea maslinului,berceni (ilfov),—,ilfov,1
Staer 23,intrarea mecet,sector 2,sector 2,bucurești,1
Staer 23,intrarea mesteacanului,bucurești neatribuit,bucurești neatribuit,bucurești,1
Staer 23,intrarea naruja,bucurești neatribuit,bucurești neatribuit,bucurești,1
Staer 23,intrarea naruja,sector 4,sector 4,bucurești,1
Staer 23,intrarea negru voda,brănești,—,ilfov,2
Staer 23,intrarea nicolae iorga,chiajna–roșu–dudu,—,ilfov,1
Staer 23,intrarea nuferilor,chiajna–roșu–dudu,—,ilfov,1
Staer 23,intrarea odobesti,bucurești neatribuit,bucurești neatribuit,bucurești,2
Staer 23,intrarea odobesti,sector 2,sector 2,bucurești,1
Staer 23,intrarea odobesti,sector 3,sector 3,bucurești,6
Staer 23,intrarea ogradei,sector 5,sector 5,bucurești,1
Staer 23,intrarea parfumului,sector 3,sector 3,bucurești,1
Staer 23,intrarea parului,sector 3,sector 3,bucurești,2
Staer 23,intrarea pinului,sector 6,sector 6,bucurești,1
Staer 23,intrarea precupetii vechi,sector 2,sector 2,bucurești,1
Staer 23,intrarea privighetorii,clinceni,—,ilfov,3
Staer 23,intrarea reconstructiei,sector 3,sector 3,bucurești,10
Staer 23,intrarea schitului,ganeasa,—,ilfov,2
Staer 23,intrarea scropoasa,bucurești neatribuit,bucurești neatribuit,bucurești,1
Staer 23,intrarea scropoasa,sector 4,sector 4,bucurești,1
Staer 23,intrarea sergiu celibidache,otopeni,—,ilfov,1
Staer 23,intrarea sf gheorghe,pantelimon,—,ilfov,3
Staer 23,intrarea teiul domnei,sector 2,sector 2,bucurești,2
Staer 23,intrarea trifoiului,brănești,—,ilfov,2
Staer 23,intrarea turceni,sector 5,sector 5,bucurești,1
Staer 23,intrarea uzinei,catelu,—,ilfov,1
Staer 23,intrarea vacaresti,bucurești neatribuit,bucurești neatribuit,bucurești,1
Staer 23,intrarea viitorului,bucurești neatribuit,bucurești neatribuit,bucurești,1
Staer 23,intrarea viitorului,sector 2,sector 2,bucurești,2
Staer 23,intrarea viorelelor,berceni (ilfov),—,ilfov,2
Staer 23,intrarea zorilor,bucurești neatribuit,bucurești neatribuit,bucurești,1
Staer 23,inului,sector 2,sector 2,bucurești,1
Staer 23,invatatorului,bucurești neatribuit,bucurești neatribuit,bucurești,1
Staer 23,invingatorilor,glina,—,ilfov,1
Staer 23,invingatorilor,sector 3,sector 3,bucurești,5
Staer 23,ioan mihalache,bucurești neatribuit,bucurești neatribuit,bucurești,1
Staer 23,ioan voda caragea,sector 1,sector 1,bucurești,2
Staer 23,ioescu gheorghe,sector 4,sector 4,bucurești,1
Staer 23,ion agarbiceanu,berceni (ilfov),—,ilfov,5
Staer 23,ion antonescu,1 decembrie,—,ilfov,1
Staer 23,ion barbu,1 decembrie,—,ilfov,6
Staer 23,ion barbu,sat 1 decembrie,—,ilfov,1
Staer 23,ion berindei,sector 2,sector 2,bucurești,3
Staer 23,ion berindei 3,sector 2,sector 2,bucurești,1
Staer 23,ion brezoi,sector 5,sector 5,bucurești,1
Staer 23,ion brezoianu,bucurești neatribuit,bucurești neatribuit,bucurești,2
Staer 23,ion brezoianu,sector 1,sector 1,bucurești,1
Staer 23,ion brezoianu,sector 5,sector 5,bucurești,1
Staer 23,ion ciopleanu,bucurești neatribuit,bucurești neatribuit,bucurești,1
Staer 23,ion cornea,sector 5,sector 5,bucurești,1
Staer 23,ion creanga,berceni (ilfov),—,ilfov,1
Staer 23,ion enache,bucurești neatribuit,bucurești neatribuit,bucurești,1
Staer 23,ion funaghi,voluntari–pipera,—,ilfov,1
Staer 23,ion heliade radulescu,sector 2,sector 2,bucurești,1
Staer 23,ion iliceanu,sector 4,sector 4,bucurești,1
Staer 23,ion iosif,bucurești neatribuit,bucurești neatribuit,bucurești,1
Staer 23,ion iriceanu,sector 4,sector 4,bucurești,2
Staer 23,ion lahovari,dumbrăveni,—,ilfov,1
Staer 23,ion luca caragiale,1 decembrie,—,ilfov,1
Staer 23,ion luca caragiale,berceni (ilfov),—,ilfov,1
Staer 23,ion maiorescu,sector 2,sector 2,bucurești,1
Staer 23,ion manolescu,sector 6,sector 6,bucurești,1
Staer 23,ion minulescu,sector 3,sector 3,bucurești,3
Staer 23,ion nedeleanu,sector 4,sector 4,bucurești,1
Staer 23,ion otetelesanu,sector 1,sector 1,bucurești,1
Staer 23,ion polizu,sector 2,sector 2,bucurești,1
Staer 23,ion scortaru,popești-leordeni,—,ilfov,2
Staer 23,ion sion,voluntari–pipera,—,ilfov,1
Staer 23,ion sulea,pantelimon,—,ilfov,1
Staer 23,ion voda viteazu,bucurești neatribuit,bucurești neatribuit,bucurești,1
Staer 23,ion voda viteazul,bucurești neatribuit,bucurești neatribuit,bucurești,1
Staer 23,ionescu cristea,bucurești neatribuit,bucurești neatribuit,bucurești,1
Staer 23,ionescu d petre,sector 3,sector 3,bucurești,1
Staer 23,ionescu gheorghe,sector 4,sector 4,bucurești,10
Staer 23,ionescu sisesti,sector 1,sector 1,bucurești,1
Staer 23,iordache nastase,sector 4,sector 4,bucurești,1
Staer 23,iosif albu,sector 3,sector 3,bucurești,2
Staer 23,iosif niculescu,bucurești neatribuit,bucurești neatribuit,bucurești,1
Staer 23,iosif sava,pantelimon,—,ilfov,1
Staer 23,iriceanu,bucurești neatribuit,bucurești neatribuit,bucurești,1
Staer 23,iriceanu,sector 4,sector 4,bucurești,1
Staer 23,iriceanu ion,bucurești neatribuit,bucurești neatribuit,bucurești,3
Staer 23,iriceanu ion,sector 4,sector 4,bucurești,3
Staer 23,irimicului,sector 2,sector 2,bucurești,1
Staer 23,irisului,sector 3,sector 3,bucurești,1
Staer 23,islazului,gruiu,—,ilfov,1
Staer 23,isvorul crisului,sector 4,sector 4,bucurești,2
Staer 23,izbiceni,sector 1,sector 1,bucurești,1
Staer 23,izlasului,tunari,—,ilfov,1
Staer 23,izv crisului,sector 4,sector 4,bucurești,1
Staer 23,izvor,cretesti,—,ilfov,1
Staer 23,izvorul crisului,sector 4,sector 4,bucurești,28
Staer 23,izvorul oiltului,berceni (ilfov),—,ilfov,1
Staer 23,izvorul oltuluio,bucurești neatribuit,bucurești neatribuit,bucurești,1
Staer 23,izvorul rece,sector 4,sector 4,bucurești,20
Staer 23,izvorul trotusului,sector 4,sector 4,bucurești,10
Staer 23,izvorului,voluntari–pipera,—,ilfov,1
Staer 23,jan stekiadi,sector 3,sector 3,bucurești,1
Staer 23,jan steriadi,sector 3,sector 3,bucurești,1
Staer 23,jean alexandru steriadi,sector 3,sector 3,bucurești,3
Staer 23,jean athanasiu,sector 2,sector 2,bucurești,1
Staer 23,jepilor,sector 4,sector 4,bucurești,1
Staer 23,jepilor (langa scoala 308),sector 4,sector 4,bucurești,1
Staer 23,jimbolia,sector 1,sector 1,bucurești,3
Staer 23,jirlau,bucurești neatribuit,bucurești neatribuit,bucurești,1
Staer 23,jirului,bucurești neatribuit,bucurești neatribuit,bucurești,1
Staer 23,jiului,bragadiru,—,ilfov,3
Staer 23,johann strauss,sector 2,sector 2,bucurești,1
Staer 23,joita,sector 4,sector 4,bucurești,1
Staer 23,judetul,sector 2,sector 2,bucurești,1
Staer 23,judetului,sector 2,sector 2,bucurești,1
Staer 23,jules michelette,sector 1,sector 1,bucurești,1
Staer 23,justitiei,bucurești neatribuit,bucurești neatribuit,bucurești,1
Staer 23,justitiei,sector 4,sector 4,bucurești,1
Staer 23,kaltenbeck,candeasca/belgiugatele,—,ilfov,1
Staer 23,l binelui,sector 4,sector 4,bucurești,1
Staer 23,l. basarabia,bucurești neatribuit,bucurești neatribuit,bucurești,2
Staer 23,l. rebreanu,bucurești neatribuit,bucurești neatribuit,bucurești,1
Staer 23,l.constantin brancoveanu,bucurești neatribuit,bucurești neatribuit,bucurești,2
Staer 23,l.metalurgiei,bucurești neatribuit,bucurești neatribuit,bucurești,1
Staer 23,l.metalurgiei,sector 4,sector 4,bucurești,1
Staer 23,la motesti,sector 4,sector 4,bucurești,1
Staer 23,laborator,sector 3,sector 3,bucurești,12
Staer 23,lacramioarei,berceni (ilfov),—,ilfov,13
Staer 23,lacramioarei,berceni t=60 lei,—,ilfov,1
Staer 23,lacul bucura,bucurești neatribuit,bucurești neatribuit,bucurești,1
Staer 23,lahovari,balotești,—,ilfov,1
Staer 23,lalelei,jilava,—,ilfov,2
Staer 23,lalelelor,dobroești,—,ilfov,1
Staer 23,lalelelor,jilava,—,ilfov,1
Staer 23,lalelelor,sector 3,sector 3,bucurești,1
Staer 23,lalelelor,vidra,—,ilfov,1
Staer 23,lalosu,bucurești neatribuit,bucurești neatribuit,bucurești,1
Staer 23,lancierilor,corbeanca,—,ilfov,1
Staer 23,lanternei,sector 2,sector 2,bucurești,2
Staer 23,lanului,sector 2,sector 2,bucurești,3
Staer 23,laptari tei,sector 2,sector 2,bucurești,3
Staer 23,latea gheorghe,sector 6,sector 6,bucurești,1
Staer 23,laurentiu claudian,sector 2,sector 2,bucurești,1
Staer 23,laurentiu raiciu,popești-leordeni,—,ilfov,8
Staer 23,lavandei,pantelimon,—,ilfov,1
Staer 23,lct aurel botea,sector 3,sector 3,bucurești,1
Staer 23,leaota,sector 6,sector 6,bucurești,1
Staer 23,lebedei,berceni (ilfov),—,ilfov,1
Staer 23,lebedelor,berceni (ilfov),—,ilfov,4
Staer 23,lectorului,sector 1,sector 1,bucurești,1
Staer 23,leonard murialdo,popești-leordeni,—,ilfov,1
Staer 23,leonardo murialdo,popești-leordeni,—,ilfov,1
Staer 23,leonida,sector 2,sector 2,bucurești,1
Staer 23,leordeni,popești-leordeni,—,ilfov,12
Staer 23,leului,măgurele,—,ilfov,1
Staer 23,levantica,sector 3,sector 3,bucurești,1
Staer 23,levanticai,sector 3,sector 3,bucurești,1
Staer 23,libelulelor,pantelimon,—,ilfov,2
Staer 23,liberattii,ștefăneștii de jos,—,ilfov,1
Staer 23,libertaii,jilava,—,ilfov,1
Staer 23,libertatii,bragadiru,—,ilfov,3
Staer 23,libertatii,dragomirești,—,ilfov,1
Staer 23,libertatii,glina,—,ilfov,3
Staer 23,libertatii,jilava,—,ilfov,6
Staer 23,libertatii,stefanestuii de jos,—,ilfov,1
Staer 23,libertatii,ștefăneștii de jos,—,ilfov,3
Staer 23,licuricilor,pantelimon,—,ilfov,1
Staer 23,liliacului,brănești,—,ilfov,1
Staer 23,liliacului,copaceni,—,ilfov,1
Staer 23,liliacului,măgurele,—,ilfov,1
Staer 23,liliacului,snagov,—,ilfov,2
Staer 23,liliacului,voluntari–pipera,—,ilfov,1
Staer 23,limanului,sector 1,sector 1,bucurești,2
Staer 23,linia de centura dreapta,afumați,—,ilfov,1
Staer 23,linia de centura- cosmopolis,ștefăneștii de jos,—,ilfov,1
Staer 23,linistei,sector 1,sector 1,bucurești,1
Staer 23,linistei,vidra,—,ilfov,1
Staer 23,lipscani,bucurești neatribuit,bucurești neatribuit,bucurești,1
Staer 23,livezi,popești-leordeni,—,ilfov,2
Staer 23,livezii,măgurele,—,ilfov,2
Staer 23,liviu rebreanu,bucurești neatribuit,bucurești neatribuit,bucurești,14
Staer 23,liviu rebreanu,moara vlăsiei,—,ilfov,1
Staer 23,liviu rebreanu,sector 3,sector 3,bucurești,25
Staer 23,lizierei,corbeanca,—,ilfov,1
Staer 23,loc nicolae pascu,sector 3,sector 3,bucurești,1
Staer 23,loc stefan marinescu,sector 6,sector 6,bucurești,4
Staer 23,locotenent constantin zlatescu,sector 2,sector 2,bucurești,1
Staer 23,locotenent scarlat mares,bucurești neatribuit,bucurești neatribuit,bucurești,1
Staer 23,logofat tautu,bucurești neatribuit,bucurești neatribuit,bucurești,1
Staer 23,logofat tautu,sector 3,sector 3,bucurești,1
Staer 23,logofat udriste,sector 2,sector 2,bucurești,1
Staer 23,logofat udriste,sector 3,sector 3,bucurești,1
Staer 23,logofatul tautu,bucurești neatribuit,bucurești neatribuit,bucurești,1
Staer 23,lotrioara,sector 3,sector 3,bucurești,10
Staer 23,lotrului,brănești,—,ilfov,1
Staer 23,lotus,vidra,—,ilfov,2
Staer 23,lotusului,voluntari–pipera,—,ilfov,1
Staer 23,lt alexandru popescu,sector 3,sector 3,bucurești,1
Staer 23,lt aurel botea,sector 3,sector 3,bucurești,2
Staer 23,lt bazican ionescu,sector 2,sector 2,bucurești,1
Staer 23,lt campeanu,bucurești neatribuit,bucurești neatribuit,bucurești,1
Staer 23,lt col dumitru papazoglu,sector 3,sector 3,bucurești,2
Staer 23,lt nicolae pascu,sector 3,sector 3,bucurești,1
Staer 23,lt petre lazarescu,sector 3,sector 3,bucurești,1
Staer 23,lt victor manu,sector 2,sector 2,bucurești,1
Staer 23,lt. gheorghe saidac,sector 6,sector 6,bucurești,1
Staer 23,lucernei,bucurești neatribuit,bucurești neatribuit,bucurești,1
Staer 23,lucernei,sector 5,sector 5,bucurești,1
Staer 23,lucretiu patrascan,sector 3,sector 3,bucurești,1
Staer 23,lucretiu patrascanu,sector 3,sector 3,bucurești,1
Staer 23,luic,bucurești neatribuit,bucurești neatribuit,bucurești,2
Staer 23,luica 37,sector 4,sector 4,bucurești,1
Staer 23,luica-intrarea diademei,bucurești neatribuit,bucurești neatribuit,bucurești,1
Staer 23,luicaa,bucurești neatribuit,bucurești neatribuit,bucurești,1
Staer 23,luigi cazzavilan,sector 1,sector 1,bucurești,1
Staer 23,luigi galvani,sector 2,sector 2,bucurești,1
Staer 23,luminisului,bucurești neatribuit,bucurești neatribuit,bucurești,1
Staer 23,lunca birzesti,bucurești neatribuit,bucurești neatribuit,bucurești,1
Staer 23,lunca prutului 34-42,bucurești neatribuit,bucurești neatribuit,bucurești,1
Staer 23,lunga,manolache,—,ilfov,1
Staer 23,lunii,balotești,—,ilfov,1
Staer 23,luntrei,sector 2,sector 2,bucurești,2
Staer 23,luntreni,sector 5,sector 5,bucurești,3
Staer 23,m bravu,sector 3,sector 3,bucurești,1
Staer 23,m.sebastian,bucurești neatribuit,bucurești neatribuit,bucurești,2
Staer 23,macesului,ilfov,—,ilfov,1
Staer 23,macesului,sector 4,sector 4,bucurești,3
Staer 23,macesului,vidra,—,ilfov,1
Staer 23,macesului,ștefăneștii de jos,—,ilfov,1
Staer 23,macului,berceni (ilfov),—,ilfov,4
Staer 23,macului,bucurești neatribuit,bucurești neatribuit,bucurești,2
Staer 23,magnoliei,berceni (ilfov),—,ilfov,1
Staer 23,magnoliei,ciorogârla,—,ilfov,1
Staer 23,magura vaii,sector 2,sector 2,bucurești,1
Staer 23,magurei,glina,—,ilfov,1
Staer 23,magurei,sector 5,sector 5,bucurești,2
Staer 23,maica domnului,sector 2,sector 2,bucurești,5
Staer 23,maica tereza,popești-leordeni,—,ilfov,6
Staer 23,maior alexandru campeanu,sector 1,sector 1,bucurești,1
Staer 23,maior av.st.sanatescu,bucurești neatribuit,bucurești neatribuit,bucurești,1
Staer 23,maior bacila,sector 2,sector 2,bucurești,1
Staer 23,maior bacila vasile,sector 2,sector 2,bucurești,1
Staer 23,maior coravu,sector 2,sector 2,bucurești,1
Staer 23,malcoci,sector 5,sector 5,bucurești,5
Staer 23,malul cu flori,sector 3,sector 3,bucurești,1
Staer 23,malva,sector 3,sector 3,bucurești,2
Staer 23,malva,sector 6,sector 6,bucurești,1
Staer 23,mantuleasa,sector 4,sector 4,bucurești,1
Staer 23,marasesti,afumați,—,ilfov,1
Staer 23,marasesti,berceni (ilfov),—,ilfov,1
Staer 23,marasesti,berceni trans 60 lei,—,ilfov,1
Staer 23,marasesti,bragadiru,—,ilfov,2
Staer 23,marasesti,bucurești neatribuit,bucurești neatribuit,bucurești,1
Staer 23,marasesti,măgurele,—,ilfov,1
Staer 23,marasesti,otopeni,—,ilfov,1
Staer 23,marasesti,sector 4,sector 4,bucurești,2
Staer 23,marasti,berceni (ilfov),—,ilfov,1
Staer 23,marcu armasu,sector 2,sector 2,bucurești,3
Staer 23,marea neagra,pantelimon,—,ilfov,2
Staer 23,mares scarlat,bucurești neatribuit,bucurești neatribuit,bucurești,1
Staer 23,maresal ion alntonescu,i decembrie,—,ilfov,1
Staer 23,margaretei,vidra,—,ilfov,1
Staer 23,margeanului,sector 5,sector 5,bucurești,1
Staer 23,margelelor,bragadiru,—,ilfov,3
Staer 23,margelelor,sector 6,sector 6,bucurești,1
Staer 23,margelelor 26a,bragadiru,—,ilfov,1
Staer 23,marginei,catelu,—,ilfov,3
Staer 23,maria lazarescu,bucurești neatribuit,bucurești neatribuit,bucurești,1
Staer 23,maria tanase,sector 4,sector 4,bucurești,3
Staer 23,marin constantin,sector 5,sector 5,bucurești,1
Staer 23,marin grigore,sector 4,sector 4,bucurești,1
Staer 23,marin pazon,sector 3,sector 3,bucurești,2
Staer 23,marin sorescu,otopeni,—,ilfov,1
Staer 23,mariucanr,sector 3,sector 3,bucurești,1
Staer 23,marius emanuel buteica,sector 3,sector 3,bucurești,1
Staer 23,marului,dobroești,—,ilfov,9
Staer 23,marului,fundeni,—,ilfov,2
Staer 23,marului,sector 3,sector 3,bucurești,25
Staer 23,masina de paine,sector 2,sector 2,bucurești,4
Staer 23,matache dobrescu,sector 3,sector 3,bucurești,1
Staer 23,matasari,sector 2,sector 2,bucurești,1
Staer 23,matei basarab,berceni (ilfov),—,ilfov,1
Staer 23,matei basarab,lipia,—,ilfov,1
Staer 23,matei basarab,otopeni,—,ilfov,2
Staer 23,matei millo,voluntari–pipera,—,ilfov,1
Staer 23,matei voievod,sector 2,sector 2,bucurești,3
Staer 23,maximilian poper,sector 3,sector 3,bucurești,1
Staer 23,medic constantin slatescu,sector 2,sector 2,bucurești,1
Staer 23,mehadia,bucurești neatribuit,bucurești neatribuit,bucurești,1
Staer 23,mehadia,sector 6,sector 6,bucurești,2
Staer 23,melinesti,sector 4,sector 4,bucurești,4
Staer 23,melodia,vidra,—,ilfov,1
Staer 23,mesteacanului,dobroești,—,ilfov,3
Staer 23,mesterul manole,bucurești neatribuit,bucurești neatribuit,bucurești,1
Staer 23,mesterul manole,sector 3,sector 3,bucurești,1
Staer 23,metalurgie,sector 4,sector 4,bucurești,2
Staer 23,metalurgiei 92-94,sector 4,sector 4,bucurești,1
Staer 23,meterrezului,fundeni,—,ilfov,1
Staer 23,mezes,sector 1,sector 1,bucurești,1
Staer 23,micsunelelor,dragomirești,—,ilfov,1
Staer 23,mieilor,sector 2,sector 2,bucurești,1
Staer 23,mierlari,jilava,—,ilfov,3
Staer 23,mierlei,glina,—,ilfov,1
Staer 23,migdalilor,pantelimon,—,ilfov,2
Staer 23,mihai bravu,berceni (ilfov),—,ilfov,1
Staer 23,mihai bravu,bucurești neatribuit,bucurești neatribuit,bucurești,9
Staer 23,mihai bravu,cucuieti,—,ilfov,1
Staer 23,mihai bravu,sector 2,sector 2,bucurești,3
Staer 23,mihai bravu,sector 3,sector 3,bucurești,9
Staer 23,mihai bravu 309,bucurești neatribuit,bucurești neatribuit,bucurești,1
Staer 23,mihai bravu 90-96,sector 3,sector 3,bucurești,1
Staer 23,mihai bravu- pct reper profi,sector 3,sector 3,bucurești,1
Staer 23,mihai eminescu,berceni (ilfov),—,ilfov,1
Staer 23,mihai eminescu,gradiste,—,ilfov,1
Staer 23,mihai eminescu,moara vlăsiei,—,ilfov,1
Staer 23,mihai eminescu,tunari,—,ilfov,2
Staer 23,mihail eminescu,tunari,—,ilfov,1
Staer 23,mihail kogalniceanu,berceni (ilfov),—,ilfov,2
Staer 23,mihail sadoveanu,1 decembrie,—,ilfov,1
Staer 23,mihail tarnoveanu,bucurești neatribuit,bucurești neatribuit,bucurești,1
Staer 23,mileanca,bucurești neatribuit,bucurești neatribuit,bucurești,1
Staer 23,minca dumitru,sector 4,sector 4,bucurești,2
Staer 23,minis,sector 3,sector 3,bucurești,7
Staer 23,mioirita,berceni (ilfov),—,ilfov,1
Staer 23,miorita,berceni (ilfov),—,ilfov,13
Staer 23,mioritei,berceni (ilfov),—,ilfov,3
Staer 23,miraslau,măgurele,—,ilfov,1
Staer 23,miraslau,popești-leordeni,—,ilfov,4
Staer 23,mircea badescu,sector 3,sector 3,bucurești,1
Staer 23,mircea eliade,voluntari–pipera,—,ilfov,1
Staer 23,mircea marinescu,voluntari–pipera,—,ilfov,1
Staer 23,mircea voda,sector 3,sector 3,bucurești,4
Staer 23,mircesti,sector 1,sector 1,bucurești,1
Staer 23,mirea mioara luiza s4,bucurești neatribuit,bucurești neatribuit,bucurești,1
Staer 23,mireslau,popești-leordeni,—,ilfov,1
Staer 23,miron cristea,copaceni,—,ilfov,1
Staer 23,mitropolit andrei saguna,sector 1,sector 1,bucurești,1
Staer 23,mitropolit dosoftei,bucurești neatribuit,bucurești neatribuit,bucurești,1
Staer 23,mitropolit filaret,bucurești neatribuit,bucurești neatribuit,bucurești,1
Staer 23,mitropolit filaret,sector 4,sector 4,bucurești,1
Staer 23,mixandrei,sector 4,sector 4,bucurești,4
Staer 23,mld ion mihalache,sector 1,sector 1,bucurești,1
Staer 23,moara rosie,bucurești neatribuit,bucurești neatribuit,bucurești,2
Staer 23,modoran ene,sector 5,sector 5,bucurești,2
Staer 23,mogos vornicul,sector 2,sector 2,bucurești,1
Staer 23,mogosoaia,mogoșoaia,—,ilfov,1
Staer 23,mohorului,sector 6,sector 6,bucurești,1
Staer 23,moinesti,sector 6,sector 6,bucurești,6
Staer 23,moisil,sector 2,sector 2,bucurești,1
Staer 23,moldovita,sector 4,sector 4,bucurești,26
Staer 23,moli,jilava,—,ilfov,1
Staer 23,molidului,corbeanca,—,ilfov,1
Staer 23,monumentul eroilor,clinceni,—,ilfov,1
Staer 23,monumentului,bragadiru,—,ilfov,6
Staer 23,morii,copaceni,—,ilfov,2
Staer 23,morii,jilava,—,ilfov,1
Staer 23,morii,vidra,—,ilfov,1
Staer 23,moruzestilor,sector 5,sector 5,bucurești,1
Staer 23,mosoaia,sector 4,sector 4,bucurești,8
Staer 23,motilor,sector 3,sector 3,bucurești,9
Staer 23,motoc,buftea,—,ilfov,2
Staer 23,motoc,sector 5,sector 5,bucurești,4
Staer 23,mr vasile bacila,sector 2,sector 2,bucurești,1
Staer 23,mugurelui,bragadiru,—,ilfov,1
Staer 23,muntele mare,bucurești neatribuit,bucurești neatribuit,bucurești,1
Staer 23,munteniei,otopeni,—,ilfov,1
Staer 23,munti carpati,sector 5,sector 5,bucurești,1
Staer 23,muntii buzaului,sector 2,sector 2,bucurești,2
Staer 23,muntii caroati,sector 5,sector 5,bucurești,1
Staer 23,muntii carpati,sector 5,sector 5,bucurești,9
Staer 23,muresana,sector 3,sector 3,bucurești,1
Staer 23,murgului,popești-leordeni,—,ilfov,1
Staer 23,murgului,tunari,—,ilfov,1
Staer 23,murguta,sector 1,sector 1,bucurești,1
Staer 23,musatinilor,sector 5,sector 5,bucurești,1
Staer 23,muzelor,bragadiru,—,ilfov,1
Staer 23,n. iorga,chiajna–roșu–dudu,—,ilfov,1
Staer 23,nada florilor,sector 2,sector 2,bucurești,3
Staer 23,nae popa,sector 5,sector 5,bucurești,1
Staer 23,naframei,patelimon,—,ilfov,1
Staer 23,nalbei,dumbrăveni,—,ilfov,1
Staer 23,nandru,sector 5,sector 5,bucurești,1
Staer 23,narciselor,voluntari–pipera,—,ilfov,1
Staer 23,navalnicului,sector 5,sector 5,bucurești,1
Staer 23,navigatiei,sector 1,sector 1,bucurești,1
Staer 23,nazarcea,sector 1,sector 1,bucurești,1
Staer 23,nazuintei,bragadiru,—,ilfov,5
Staer 23,nd cocea,sector 5,sector 5,bucurești,1
Staer 23,neajlov,voluntari–pipera,—,ilfov,1
Staer 23,neamului,bragadiru,—,ilfov,3
Staer 23,nedeia,sector 5,sector 5,bucurești,1
Staer 23,negoiu,bucurești neatribuit,bucurești neatribuit,bucurești,2
Staer 23,negostina,sector 3,sector 3,bucurești,2
Staer 23,negureni,bucurești neatribuit,bucurești neatribuit,bucurești,1
Staer 23,negustori,bucurești neatribuit,bucurești neatribuit,bucurești,1
Staer 23,nehoiu,bucurești neatribuit,bucurești neatribuit,bucurești,1
Staer 23,nerei,pantelimon,—,ilfov,1
Staer 23,nevei,pantelimon,—,ilfov,1
Staer 23,nichita stanescu,mogoșoaia,—,ilfov,1
Staer 23,nichita stanescu,otopeni,—,ilfov,1
Staer 23,nicolae apostol,sector 2,sector 2,bucurești,1
Staer 23,nicolae balcescu,brănești,—,ilfov,1
Staer 23,nicolae balcescu,jilava,—,ilfov,1
Staer 23,nicolae belerciu,sector 4,sector 4,bucurești,1
Staer 23,nicolae caranfil,bucurești neatribuit,bucurești neatribuit,bucurești,1
Staer 23,nicolae constantinescu,sector 1,sector 1,bucurești,1
Staer 23,nicolae dragan,sector 5,sector 5,bucurești,3
Staer 23,nicolae florescu,bucurești neatribuit,bucurești neatribuit,bucurești,2
Staer 23,nicolae florescu,sector 4,sector 4,bucurești,1
Staer 23,nicolae grigorescu,pantelimon,—,ilfov,1
Staer 23,nicolae labis,berceni (ilfov),—,ilfov,1
Staer 23,nicolae licaret,sector 3,sector 3,bucurești,1
Staer 23,nicolae pascu,sector 3,sector 3,bucurești,1
Staer 23,nicolae paulescu,sector 5,sector 5,bucurești,2
Staer 23,nicolae sebe,sector 3,sector 3,bucurești,1
Staer 23,nicolae titulesc,sector 1,sector 1,bucurești,1
Staer 23,nicolae titulescu,sector 1,sector 1,bucurești,4
Staer 23,nicopole,bucurești neatribuit,bucurești neatribuit,bucurești,1
Staer 23,niculae t. sebe,bucurești neatribuit,bucurești neatribuit,bucurești,1
Staer 23,niculescu . r. bazar,bucurești neatribuit,bucurești neatribuit,bucurești,1
Staer 23,nistrului,pantelimon,—,ilfov,1
Staer 23,nita elinescu,sector 3,sector 3,bucurești,1
Staer 23,nordului,tamas,—,ilfov,1
Staer 23,nordului,tunari,—,ilfov,1
Staer 23,noua,brănești,—,ilfov,1
Staer 23,novaci,sector 5,sector 5,bucurești,3
Staer 23,nrgru voda,brănești,—,ilfov,1
Staer 23,nucilor,caldararu,—,ilfov,1
Staer 23,nucsoara,sector 6,sector 6,bucurești,1
Staer 23,nucului,berceni (ilfov),—,ilfov,2
Staer 23,nucului,vidra,—,ilfov,1
Staer 23,nufarului,brănești,—,ilfov,1
Staer 23,nuferilor,berceni (ilfov),—,ilfov,1
Staer 23,nuferilor,gradistea,—,ilfov,1
Staer 23,nuferilor,măgurele,—,ilfov,1
Staer 23,nuferilor,vidra,—,ilfov,1
Staer 23,nul binelui,sector 4,sector 4,bucurești,1
Staer 23,nutu ion,sector 5,sector 5,bucurești,1
Staer 23,nutu vasile,sector 4,sector 4,bucurești,1
Staer 23,oboga,sector 6,sector 6,bucurești,2
Staer 23,obolului,sector 4,sector 4,bucurești,1
Staer 23,oborul nou,sector 2,sector 2,bucurești,1
Staer 23,occidentului,bucurești neatribuit,bucurești neatribuit,bucurești,1
Staer 23,occidentului,popești-leordeni,—,ilfov,3
Staer 23,octavian,sector 3,sector 3,bucurești,4
Staer 23,octavian,sector 4,sector 4,bucurești,1
Staer 23,octavian goga,moara vlăsiei,—,ilfov,1
Staer 23,odei 82,sector 4,sector 4,bucurești,1
Staer 23,odihnei,sector 5,sector 5,bucurești,1
Staer 23,odoarei,bucurești neatribuit,bucurești neatribuit,bucurești,1
Staer 23,ogorului,bucurești neatribuit,bucurești neatribuit,bucurești,1
Staer 23,ogrezeni,sector 5,sector 5,bucurești,1
Staer 23,oian judetul,bucurești neatribuit,bucurești neatribuit,bucurești,1
Staer 23,oian judetul,sector 3,sector 3,bucurești,2
Staer 23,oitelor,bucurești neatribuit,bucurești neatribuit,bucurești,1
Staer 23,oitelor 18,pantelimon,—,ilfov,1
Staer 23,oituz,afumați,—,ilfov,1
Staer 23,oituz,berceni (ilfov),—,ilfov,6
Staer 23,oituz,bucurești neatribuit,bucurești neatribuit,bucurești,3
Staer 23,oituz,popești-leordeni,—,ilfov,12
Staer 23,oituz,tunari,—,ilfov,1
Staer 23,oituz 54j,popești-leordeni,—,ilfov,1
Staer 23,oituz t+60 lei transport,berceni (ilfov),—,ilfov,2
Staer 23,oltenitei,bragadiru,—,ilfov,1
Staer 23,oltenitei,popești-leordeni,—,ilfov,1
Staer 23,olteniti,bucurești neatribuit,bucurești neatribuit,bucurești,1
Staer 23,oltului,bucurești neatribuit,bucurești neatribuit,bucurești,1
Staer 23,oltului,voluntari–pipera,—,ilfov,4
Staer 23,opanez,sector 2,sector 2,bucurești,1
Staer 23,orastiei,sector 4,sector 4,bucurești,1
Staer 23,oravita,sector 4,sector 4,bucurești,1
Staer 23,orgu tanase,sector 4,sector 4,bucurești,5
Staer 23,orhideei,berceni (ilfov),—,ilfov,3
Staer 23,orhideelor,bragadiru,—,ilfov,1
Staer 23,orhideelor,chiajna–roșu–dudu,—,ilfov,2
Staer 23,orhideelor,gradistea,—,ilfov,1
Staer 23,orhidei,berceni (ilfov),—,ilfov,1
Staer 23,orientului,tunari,—,ilfov,2
Staer 23,orientului (mira residance),tunari,—,ilfov,1
Staer 23,orientului * mira rezidence,tunari,—,ilfov,1
Staer 23,orion,bucurești neatribuit,bucurești neatribuit,bucurești,1
Staer 23,orizontului,bragadiru,—,ilfov,2
Staer 23,orizontului,popești-leordeni,—,ilfov,3
Staer 23,orizontului(leordeni),popești-leordeni,—,ilfov,1
Staer 23,orizontului- theta rezidence,popești-leordeni,—,ilfov,1
Staer 23,ortansei,clinceni,—,ilfov,1
Staer 23,orzari,sector 2,sector 2,bucurești,1
Staer 23,otesan,sector 2,sector 2,bucurești,1
Staer 23,ozana,sector 3,sector 3,bucurești,3
Staer 23,p-ța presei libere,sector 1,sector 1,bucurești,1
Staer 23,p.i. ceaikovski,sector 2,sector 2,bucurești,1
Staer 23,pacala,bucurești neatribuit,bucurești neatribuit,bucurești,1
Staer 23,pacii,1 decembrie,—,ilfov,2
Staer 23,pacii,caciulati,—,ilfov,1
Staer 23,paciului,bucurești neatribuit,bucurești neatribuit,bucurești,1
Staer 23,padesu,sector 4,sector 4,bucurești,17
Staer 23,padesul,sector 4,sector 4,bucurești,1
Staer 23,padesului,sector 4,sector 4,bucurești,1
Staer 23,padurea craiului,berceni t=60 lei,—,ilfov,1
Staer 23,padurea craiului,comana berceni,—,ilfov,1
Staer 23,padurel,bucurești neatribuit,bucurești neatribuit,bucurești,1
Staer 23,padurii,copaceni,—,ilfov,3
Staer 23,padurii,pantelimon,—,ilfov,2
Staer 23,padurii - complex paradisul verde,corbeanca,—,ilfov,1
Staer 23,paduroiu,sector 4,sector 4,bucurești,17
Staer 23,pajistei,sector 4,sector 4,bucurești,5
Staer 23,paladdy,sector 3,sector 3,bucurești,1
Staer 23,pallady,sector 3,sector 3,bucurești,1
Staer 23,palota,sector 5,sector 5,bucurești,2
Staer 23,paltinisului,sector 4,sector 4,bucurești,2
Staer 23,panait cerna,sector 3,sector 3,bucurești,6
Staer 23,panciu,bucurești neatribuit,bucurești neatribuit,bucurești,1
Staer 23,panciu,sector 1,sector 1,bucurești,1
Staer 23,pancota,sector 2,sector 2,bucurești,8
Staer 23,pandele vasile,bucurești neatribuit,bucurești neatribuit,bucurești,1
Staer 23,panerului,sector 5,sector 5,bucurești,1
Staer 23,pantei,jilava,—,ilfov,1
Staer 23,pantelimon,sector 2,sector 2,bucurești,9
Staer 23,papiu ilarian,sector 4,sector 4,bucurești,1
Staer 23,parangului,sector 1,sector 1,bucurești,1
Staer 23,paraul rece,popești-leordeni,—,ilfov,2
Staer 23,parcului,sector 1,sector 1,bucurești,1
Staer 23,pargarilor,sector 2,sector 2,bucurești,3
Staer 23,parmac 5,"sat sintesti,com vidra",—,ilfov,1
Staer 23,partizanilor,sector 6,sector 6,bucurești,2
Staer 23,parului,dobroești,—,ilfov,2
Staer 23,pasarani,sector 2,sector 2,bucurești,1
Staer 23,pasnselelor,sector 4,sector 4,bucurești,1
Staer 23,pastravilor,sector 5,sector 5,bucurești,1
Staer 23,pasunilor,bucurești neatribuit,bucurești neatribuit,bucurești,1
Staer 23,patriotilor,sector 3,sector 3,bucurești,14
Staer 23,paturoiu,sector 4,sector 4,bucurești,1
Staer 23,paulina,sector 5,sector 5,bucurești,2
Staer 23,paunesti,sector 3,sector 3,bucurești,1
Staer 23,paunului,mogoșoaia,—,ilfov,1
Staer 23,pavel ceamur,popești-leordeni,—,ilfov,1
Staer 23,pavlicheni,popești-leordeni,—,ilfov,8
Staer 23,pavlichieni,popești-leordeni,—,ilfov,7
Staer 23,pazon marin,bucurești neatribuit,bucurești neatribuit,bucurești,1
Staer 23,pazon marin,sector 2,sector 2,bucurești,1
Staer 23,pdurea craiului,sector 4,sector 4,bucurești,1
Staer 23,pecineaga,sector 5,sector 5,bucurești,3
Staer 23,peciu nou,bucurești neatribuit,bucurești neatribuit,bucurești,1
Staer 23,peerroni,bucurești neatribuit,bucurești neatribuit,bucurești,1
Staer 23,peleaga,sector 5,sector 5,bucurești,1
Staer 23,peles,sector 3,sector 3,bucurești,1
Staer 23,pelinului,sector 3,sector 3,bucurești,1
Staer 23,penelului,sector 4,sector 4,bucurești,1
Staer 23,penes curcanu,sector 3,sector 3,bucurești,3
Staer 23,pereni,sector 5,sector 5,bucurești,1
Staer 23,perilor,sector 4,sector 4,bucurești,1
Staer 23,peroni,bucurești neatribuit,bucurești neatribuit,bucurești,1
Staer 23,peroni,sector 4,sector 4,bucurești,2
Staer 23,persani,bucurești neatribuit,bucurești neatribuit,bucurești,1
Staer 23,persicani,bucurești neatribuit,bucurești neatribuit,bucurești,2
Staer 23,persicani,sector 5,sector 5,bucurești,1
Staer 23,persu aurel,sector 4,sector 4,bucurești,1
Staer 23,pescarilor,cernica,—,ilfov,1
Staer 23,pescarilor,sector 2,sector 2,bucurești,2
Staer 23,pescarusului,bucurești neatribuit,bucurești neatribuit,bucurești,2
Staer 23,pescarusului,sector 2,sector 2,bucurești,6
Staer 23,pestilor,măgurele,—,ilfov,1
Staer 23,petre ionescu,bucurești neatribuit,bucurești neatribuit,bucurești,1
Staer 23,petre ionescu,sector 3,sector 3,bucurești,1
Staer 23,petre nenciu,sector 5,sector 5,bucurești,1
Staer 23,petre paun,bucurești neatribuit,bucurești neatribuit,bucurești,2
Staer 23,petre popovat,bucurești neatribuit,bucurești neatribuit,bucurești,1
Staer 23,petru rares,berceni (ilfov),—,ilfov,3
Staer 23,petru rares,sector 1,sector 1,bucurești,1
Staer 23,petru reres,berceni (ilfov),—,ilfov,1
Staer 23,petru voda,bucurești neatribuit,bucurești neatribuit,bucurești,1
Staer 23,petuniei,sector 6,sector 6,bucurești,1
Staer 23,petuniei,tunari,—,ilfov,1
Staer 23,piata alba iulia,bucurești neatribuit,bucurești neatribuit,bucurești,2
Staer 23,piata natiunile unite,sector 3,sector 3,bucurești,1
Staer 23,piata natiunile unite,sector 4,sector 4,bucurești,1
Staer 23,piata neamt,sector 5,sector 5,bucurești,1
Staer 23,piatra neamt,sector 5,sector 5,bucurești,1
Staer 23,picovul dulce,sector 4,sector 4,bucurești,1
Staer 23,pictor dimitrescu,bucurești neatribuit,bucurești neatribuit,bucurești,1
Staer 23,pictor ghe petrascu,sector 3,sector 3,bucurești,1
Staer 23,pictor mihail dan,bucurești neatribuit,bucurești neatribuit,bucurești,1
Staer 23,pictor oscar obedeanu,sector 2,sector 2,bucurești,1
Staer 23,pictor st dimitrescu,sector 4,sector 4,bucurești,1
Staer 23,pictor stefan dimitrescu,sector 4,sector 4,bucurești,9
Staer 23,pictor stefan dimitrescui,bucurești neatribuit,bucurești neatribuit,bucurești,1
Staer 23,pictor stefan dumitrescu,sector 4,sector 4,bucurești,8
Staer 23,pictor stefan luchian,bucurești neatribuit,bucurești neatribuit,bucurești,1
Staer 23,pictor victor br,sector 3,sector 3,bucurești,1
Staer 23,pictor victor brauner,sector 3,sector 3,bucurești,1
Staer 23,piersicilor,jilava,—,ilfov,3
Staer 23,pinului,cornetu,—,ilfov,1
Staer 23,piotr ilici ceaikovski,sector 2,sector 2,bucurești,1
Staer 23,pipera,voluntari–pipera,—,ilfov,1
Staer 23,piriul rece,popești-leordeni,—,ilfov,2
Staer 23,piscu crasani,sector 6,sector 6,bucurești,1
Staer 23,piscul crasani,sector 6,sector 6,bucurești,4
Staer 23,piscului,sector 4,sector 4,bucurești,8
Staer 23,pitigoiului,pantelimon,—,ilfov,1
Staer 23,plaiul foii,bucurești neatribuit,bucurești neatribuit,bucurești,1
Staer 23,plaiul foii,sector 4,sector 4,bucurești,2
Staer 23,plantelor,bucurești neatribuit,bucurești neatribuit,bucurești,1
Staer 23,platanului,domnești,—,ilfov,1
Staer 23,platinei,sector 5,sector 5,bucurești,1
Staer 23,plevnei,bragadiru,—,ilfov,1
Staer 23,plevnei,sector 6,sector 6,bucurești,1
Staer 23,plopilor,berceni (ilfov),—,ilfov,1
Staer 23,plopilor,berceni transport 60 lei,—,ilfov,1
Staer 23,plopului,berceni (ilfov),—,ilfov,1
Staer 23,plopului,popești-leordeni,—,ilfov,1
Staer 23,plt maj marin pazon,sector 3,sector 3,bucurești,3
Staer 23,plt mj marin pazon,sector 3,sector 3,bucurești,1
Staer 23,plt petre d ionescu,sector 3,sector 3,bucurești,3
Staer 23,plt petre ionescu,sector 3,sector 3,bucurești,3
Staer 23,plt radu gheorghe,sector 3,sector 3,bucurești,4
Staer 23,pltmaj marin pazon,sector 3,sector 3,bucurești,1
Staer 23,plutasilor,sector 1,sector 1,bucurești,1
Staer 23,plutonier maj. marin pazon,sector 4,sector 4,bucurești,1
Staer 23,plutonier nedelcu ion,sector 3,sector 3,bucurești,1
Staer 23,plutonier petre ionescu,bucurești neatribuit,bucurești neatribuit,bucurești,1
Staer 23,plutonier petre ionescu,sector 3,sector 3,bucurești,1
Staer 23,plutonier radu gheorghe,bucurești neatribuit,bucurești neatribuit,bucurești,1
Staer 23,podarului,sector 4,sector 4,bucurești,3
Staer 23,podisor,cornetu,—,ilfov,1
Staer 23,podu giurgiului,sector 5,sector 5,bucurești,1
Staer 23,poenari,sector 4,sector 4,bucurești,2
Staer 23,poenaru bordea,sector 4,sector 4,bucurești,1
Staer 23,poet george tarnea,pantelimon,—,ilfov,1
Staer 23,poet panait cerna,sector 3,sector 3,bucurești,1
Staer 23,pogoanelor,popești-leordeni,—,ilfov,1
Staer 23,poiana cu aluni,sector 2,sector 2,bucurești,1
Staer 23,poiana florilor,sector 4,sector 4,bucurești,1
Staer 23,poiana florilor,țegheș,—,ilfov,1
Staer 23,poiana verde,berceni (ilfov),—,ilfov,2
Staer 23,poieni,sector 4,sector 4,bucurești,2
Staer 23,polona,sector 1,sector 1,bucurești,3
Staer 23,pomarla,sector 4,sector 4,bucurești,16
Staer 23,pomirla,bucurești neatribuit,bucurești neatribuit,bucurești,1
Staer 23,popa nae,sector 5,sector 5,bucurești,1
Staer 23,popa nan,sector 2,sector 2,bucurești,2
Staer 23,popa nan,sector 3,sector 3,bucurești,1
Staer 23,popa nicolae,sector 2,sector 2,bucurești,7
Staer 23,popa petre,sector 2,sector 2,bucurești,1
Staer 23,popa sapca,voluntari–pipera,—,ilfov,2
Staer 23,popasului,voluntari–pipera,—,ilfov,1
Staer 23,popesti romani,popești-leordeni,—,ilfov,2
Staer 23,popesti vest,popești-leordeni,—,ilfov,44
Staer 23,popestivest,popești-leordeni,—,ilfov,1
Staer 23,portile de fier,sector 2,sector 2,bucurești,1
Staer 23,portocalilor,pantelimon,—,ilfov,1
Staer 23,porumbacului,popești-leordeni,—,ilfov,1
Staer 23,posada,popești-leordeni,—,ilfov,1
Staer 23,postalionului,bucurești neatribuit,bucurești neatribuit,bucurești,12
Staer 23,postalionului,sector 3,sector 3,bucurești,1
Staer 23,postalionului,sector 4,sector 4,bucurești,80
Staer 23,postasului,bucurești neatribuit,bucurești neatribuit,bucurești,2
Staer 23,postasului,sector 3,sector 3,bucurești,25
Staer 23,postasului,sector 4,sector 4,bucurești,1
Staer 23,postei,cernica,—,ilfov,1
Staer 23,postesti vest,popești-leordeni,—,ilfov,1
Staer 23,povestei,sector 4,sector 4,bucurești,3
Staer 23,pr ghencea(cartier latin),bucurești neatribuit,bucurești neatribuit,bucurești,1
Staer 23,prahova,sector 1,sector 1,bucurești,1
Staer 23,prasilei,sector 4,sector 4,bucurești,5
Staer 23,prasinei,sector 4,sector 4,bucurești,1
Staer 23,predeal,voluntari–pipera,—,ilfov,1
Staer 23,predescu vasile,sector 2,sector 2,bucurești,1
Staer 23,prelungirea garii,vidra,—,ilfov,5
Staer 23,prelungirea oituz,1 decembrie,—,ilfov,1
Staer 23,prelungirea ungirea colentina,mogoșoaia,—,ilfov,2
Staer 23,prelungirea ungirea dealu verde,vidra,—,ilfov,1
Staer 23,prelungirea ungirea ferentari,sector 5,sector 5,bucurești,2
Staer 23,prelungirea ungirea garii catelului,bucurești neatribuit,bucurești neatribuit,bucurești,1
Staer 23,prelungirea ungirea ghencea,bragadiru,—,ilfov,3
Staer 23,prelungirea ungirea ghencea,sector 6,sector 6,bucurești,7
Staer 23,prelungirea ungirea ghencei,bragadiru,—,ilfov,1
Staer 23,preot sebe costin,chiajna–roșu–dudu,—,ilfov,1
Staer 23,prevedirii,sector 3,sector 3,bucurești,1
Staer 23,priboiului,bucurești neatribuit,bucurești neatribuit,bucurești,2
Staer 23,priboiului,sector 4,sector 4,bucurești,2
Staer 23,pricopan,bucurești neatribuit,bucurești neatribuit,bucurești,3
Staer 23,prieteniei,sector 3,sector 3,bucurești,1
Staer 23,prigoriilor,bucurești neatribuit,bucurești neatribuit,bucurești,1
Staer 23,primaverii,1 decembrie,—,ilfov,1
Staer 23,primaverii,balaceanca,—,ilfov,1
Staer 23,primaverii,berceni (ilfov),—,ilfov,5
Staer 23,primaverii,berceni t=60 lei,—,ilfov,1
Staer 23,primaverii,glina,—,ilfov,1
Staer 23,primaverii,moara vlăsiei,—,ilfov,1
Staer 23,primaverii,tunari,—,ilfov,1
Staer 23,primaveriii,balaceanca,—,ilfov,1
Staer 23,principala,ciofliceni,—,ilfov,1
Staer 23,principala,copaceni - langa 1 decembrie,—,ilfov,1
Staer 23,principala,cretesti,—,ilfov,2
Staer 23,principala,sat copaceni,—,ilfov,1
Staer 23,principala,sat sintesti - vidra,—,ilfov,1
Staer 23,principala,sintesti - vidra,—,ilfov,1
Staer 23,principala,"sintesti,com vidra",—,ilfov,2
Staer 23,principala,vidra,—,ilfov,8
Staer 23,principala,vidra t=85 lei,—,ilfov,1
Staer 23,principala,vidra-cretesti,—,ilfov,1
Staer 23,principatele unite,sector 4,sector 4,bucurești,1
Staer 23,prinosului,sector 4,sector 4,bucurești,8
Staer 23,prisca dornei,sector 3,sector 3,bucurești,1
Staer 23,privighetorilor,balotești,—,ilfov,1
Staer 23,prof.ion dorobantu,periș,—,ilfov,1
Staer 23,progresukui,sector 5,sector 5,bucurești,1
Staer 23,progresului,bucurești,—,ilfov,1
Staer 23,prudentei,sector 2,sector 2,bucurești,1
Staer 23,prundeni,sector 5,sector 5,bucurești,1
Staer 23,prunilor,sector 5,sector 5,bucurești,1
Staer 23,prunului,berceni (ilfov),—,ilfov,2
Staer 23,pta alba iulia,bucurești neatribuit,bucurești neatribuit,bucurești,1
Staer 23,pupitrului,sector 3,sector 3,bucurești,3
Staer 23,rabojului,bucurești neatribuit,bucurești neatribuit,bucurești,2
Staer 23,radarului,sector 5,sector 5,bucurești,1
Staer 23,radovanu,sector 2,sector 2,bucurești,4
Staer 23,radu calomfirescu,sector 3,sector 3,bucurești,1
Staer 23,radu cel frumos,tinganu,—,ilfov,1
Staer 23,radu constantin,sector 5,sector 5,bucurești,5
Staer 23,radu gheorghe,sector 3,sector 3,bucurești,2
Staer 23,radu popescu,sector 1,sector 1,bucurești,1
Staer 23,radu tempea,sector 4,sector 4,bucurești,1
Staer 23,radu voda,berceni (ilfov),—,ilfov,1
Staer 23,radu voda,sector 1,sector 1,bucurești,1
Staer 23,radu voda,sector 4,sector 4,bucurești,1
Staer 23,radulescu motru,bucurești neatribuit,bucurești neatribuit,bucurești,1
Staer 23,radulescu motru,sector 4,sector 4,bucurești,1
Staer 23,radului,sector 4,sector 4,bucurești,3
Staer 23,ramasagului,sector 4,sector 4,bucurești,4
Staer 23,ramnicu sarat 31,sector 3,sector 3,bucurești,1
Staer 23,ramnicu valcea,sector 3,sector 3,bucurești,16
Staer 23,ramuri tei,bucurești neatribuit,bucurești neatribuit,bucurești,1
Staer 23,randunici,pantelimon,—,ilfov,1
Staer 23,randunicii,dobroești,—,ilfov,1
Staer 23,randunicii,pantelimon,—,ilfov,3
Staer 23,rarau,berceni (ilfov),—,ilfov,2
Staer 23,rarau,bucurești neatribuit,bucurești neatribuit,bucurești,1
Staer 23,rasaritului,dealu verde,—,ilfov,1
Staer 23,rasaritului,domnești,—,ilfov,1
Staer 23,rasaritului,glina,—,ilfov,1
Staer 23,rasaritului,popești-leordeni,—,ilfov,10
Staer 23,rasaritului,sector 6,sector 6,bucurești,2
Staer 23,rascoala 1907,sector 2,sector 2,bucurești,6
Staer 23,rasnov,sector 2,sector 2,bucurești,1
Staer 23,rau mara,sector 4,sector 4,bucurești,1
Staer 23,raul dorna,sector 6,sector 6,bucurești,1
Staer 23,raul mara,sector 4,sector 4,bucurești,6
Staer 23,raul soimului,sector 4,sector 4,bucurești,12
Staer 23,raul vedea,bragadiru,—,ilfov,2
Staer 23,raul vedea,sector 4,sector 4,bucurești,3
Staer 23,rauseni,sector 2,sector 2,bucurești,1
Staer 23,rauseni,sector 3,sector 3,bucurești,1
Staer 23,rauseni,sector 4,sector 4,bucurești,1
Staer 23,razorului,pantelimon,—,ilfov,1
Staer 23,reactorului,măgurele,—,ilfov,2
Staer 23,rebreanu,bucurești neatribuit,bucurești neatribuit,bucurești,1
Staer 23,recrutului,bucurești neatribuit,bucurești neatribuit,bucurești,1
Staer 23,rediu,sector 4,sector 4,bucurești,1
Staer 23,regina elisabeta,1 decembrie,—,ilfov,1
Staer 23,regina maria,berceni (ilfov),—,ilfov,1
Staer 23,renului,sector 2,sector 2,bucurești,1
Staer 23,reoilor,pantelimon,—,ilfov,1
Staer 23,republicii,dragomirești,—,ilfov,1
Staer 23,resita d,bucurești neatribuit,bucurești neatribuit,bucurești,1
Staer 23,resitei,sector 4,sector 4,bucurești,1
Staer 23,retortei,sector 1,sector 1,bucurești,1
Staer 23,revolutiei,darăști-ilfov,—,ilfov,1
Staer 23,revolutiei,glina,—,ilfov,1
Staer 23,rezervelor,chiajna–roșu–dudu,—,ilfov,8
Staer 23,rezervelor,chijna,—,ilfov,1
Staer 23,rezervelor,sector 6,sector 6,bucurești,2
Staer 23,rezonantei,sector 4,sector 4,bucurești,4
Staer 23,rimnicu sarat,bucurești neatribuit,bucurești neatribuit,bucurești,1
Staer 23,rimnicu sarat,sector 4,sector 4,bucurești,1
Staer 23,ripiceni,sector 2,sector 2,bucurești,3
Staer 23,ristea ion,bucurești neatribuit,bucurești neatribuit,bucurești,1
Staer 23,ristea ion,sector 4,sector 4,bucurești,1
Staer 23,ritmului,sector 2,sector 2,bucurești,3
Staer 23,riul vedea,bucurești neatribuit,bucurești neatribuit,bucurești,1
Staer 23,romanitei,măgurele,—,ilfov,1
Staer 23,ronda,chitila,—,ilfov,1
Staer 23,ronda,sector 2,sector 2,bucurești,1
Staer 23,rosca pandele,bucurești neatribuit,bucurești neatribuit,bucurești,1
Staer 23,rosiori,popești-leordeni,—,ilfov,1
Staer 23,rotarilor,pantelimon,—,ilfov,1
Staer 23,rotasului- ansamblu rezidentia arcadia,sector 1,sector 1,bucurești,1
Staer 23,rovine,măgurele,—,ilfov,1
Staer 23,rozelor,glina,—,ilfov,1
Staer 23,rozelor,vidra,—,ilfov,1
Staer 23,rozelor,voluntari–pipera,—,ilfov,1
Staer 23,rubinului,bragadiru,—,ilfov,2
Staer 23,runcu,sector 4,sector 4,bucurești,2
Staer 23,ruschita,sector 2,sector 2,bucurești,1
Staer 23,rusetu,bucurești neatribuit,bucurești neatribuit,bucurești,1
Staer 23,sabarului,popești-leordeni,—,ilfov,1
Staer 23,sabielor,sector 5,sector 5,bucurești,1
Staer 23,sabinelor,sector 5,sector 5,bucurești,4
Staer 23,sacasel,sector 4,sector 4,bucurești,5
Staer 23,safirului,bragadiru,—,ilfov,6
Staer 23,salaj,pantelimon,—,ilfov,1
Staer 23,salaj,sector 5,sector 5,bucurești,3
Staer 23,salcamilor,berceni (ilfov),—,ilfov,1
Staer 23,salcamilor,vidra,—,ilfov,4
Staer 23,salcamilor,vidra - dealul verde,—,ilfov,1
Staer 23,salcamului,brănești,—,ilfov,1
Staer 23,salcamului,dealu verde,—,ilfov,1
Staer 23,salcamului,ștefăneștii de jos,—,ilfov,1
Staer 23,salcamului- complex life story,dobroești,—,ilfov,2
Staer 23,salcetului,sector 4,sector 4,bucurești,1
Staer 23,salciei,bragadiru,—,ilfov,2
Staer 23,salciei,dobroești,—,ilfov,1
Staer 23,salcioarei,berceni (ilfov),—,ilfov,2
Staer 23,saleea ciceu,bucurești neatribuit,bucurești neatribuit,bucurești,1
Staer 23,samoil vulcan,sector 5,sector 5,bucurești,1
Staer 23,samoila,bucurești neatribuit,bucurești neatribuit,bucurești,1
Staer 23,samoila dumitru,sector 4,sector 4,bucurești,5
Staer 23,sandor gheorghe,sector 5,sector 5,bucurești,2
Staer 23,sanmedru12-14,sector 2,sector 2,bucurești,1
Staer 23,santierului,buftea,—,ilfov,1
Staer 23,sapientei,sector 5,sector 5,bucurești,1
Staer 23,sapte drumuri,sector 3,sector 3,bucurești,1
Staer 23,sarmis,bragadiru,—,ilfov,1
Staer 23,sarul dornei,sector 5,sector 5,bucurești,1
Staer 23,sat.petresti,corbeanca,—,ilfov,1
Staer 23,saturn,pantelimon,—,ilfov,2
Staer 23,saveni,sector 1,sector 1,bucurești,2
Staer 23,savinesti,sector 4,sector 4,bucurești,6
Staer 23,sbl. ionescu gheorghe,bucurești neatribuit,bucurești neatribuit,bucurești,1
Staer 23,scarlat otulescu,sector 5,sector 5,bucurești,1
Staer 23,scheiul de jos,sector 2,sector 2,bucurești,2
Staer 23,schitului,sector 3,sector 3,bucurești,9
Staer 23,scoartei,sector 5,sector 5,bucurești,1
Staer 23,scoli,voluntari–pipera,—,ilfov,1
Staer 23,scolii,bucurești neatribuit,bucurești neatribuit,bucurești,1
Staer 23,scolii,dragomirești,—,ilfov,1
Staer 23,scolii,popești-leordeni,—,ilfov,4
Staer 23,scumpiei,sector 4,sector 4,bucurești,1
Staer 23,se intra din str lacramioarei,berceni (ilfov),—,ilfov,1
Staer 23,seaua giurgiului,sector 4,sector 4,bucurești,1
Staer 23,secerisului,bucurești neatribuit,bucurești neatribuit,bucurești,1
Staer 23,sector 6,bucurești neatribuit,bucurești neatribuit,bucurești,1
Staer 23,secuilor,sector 4,sector 4,bucurești,27
Staer 23,secuilor nr6,bucurești neatribuit,bucurești neatribuit,bucurești,1
Staer 23,segovia,bucurești neatribuit,bucurești neatribuit,bucurești,1
Staer 23,seismologilor,măgurele,—,ilfov,2
Staer 23,selimbar,măgurele,—,ilfov,2
Staer 23,semenic,sector 4,sector 4,bucurești,8
Staer 23,senslav voievod,bucurești neatribuit,bucurești neatribuit,bucurești,1
Staer 23,serban ion,voluntari–pipera,—,ilfov,1
Staer 23,serbesti,bucurești neatribuit,bucurești neatribuit,bucurești,2
Staer 23,serelor,berceni (ilfov),—,ilfov,3
Staer 23,serg apostol constantin,sector 6,sector 6,bucurești,1
Staer 23,serg cutieru alexandru,sector 6,sector 6,bucurești,1
Staer 23,serg david ilie,sector 4,sector 4,bucurești,1
Staer 23,serg ilie petre,chiajna–roșu–dudu,—,ilfov,1
Staer 23,serg nastase pamfil,sector 2,sector 2,bucurești,1
Staer 23,serg tache gheorghe,sector 4,sector 4,bucurești,1
Staer 23,serg. nitu vasile,bucurești neatribuit,bucurești neatribuit,bucurești,1
Staer 23,serg.gheorghe sandor,bucurești neatribuit,bucurești neatribuit,bucurești,1
Staer 23,serg.ilie david,sector 4,sector 4,bucurești,1
Staer 23,serg.ion iriceanu,sector 4,sector 4,bucurești,1
Staer 23,serg.maj.samoila dumitru,sector 4,sector 4,bucurești,1
Staer 23,serg.marin bonea,bucurești neatribuit,bucurești neatribuit,bucurești,1
Staer 23,serg.serban manea,sector 5,sector 5,bucurești,1
Staer 23,sergent apostol constantin,sector 6,sector 6,bucurești,3
Staer 23,sergent david ilie,bucurești neatribuit,bucurești neatribuit,bucurești,1
Staer 23,sergent dumitru tablan,sector 5,sector 5,bucurești,1
Staer 23,sergent florescu nicolae,bucurești neatribuit,bucurești neatribuit,bucurești,1
Staer 23,sergent ilie david,bucurești neatribuit,bucurești neatribuit,bucurești,1
Staer 23,sergent ilie petre,chiajna–roșu–dudu,—,ilfov,6
Staer 23,sergent ion iriceanu,sector 4,sector 4,bucurești,1
Staer 23,sergent ion pechiu,sector 4,sector 4,bucurești,2
Staer 23,sergent iricianu ion,sector 4,sector 4,bucurești,1
Staer 23,sergent maior ion nedeleanu,bucurești neatribuit,bucurești neatribuit,bucurești,1
Staer 23,sergent nitu vasile,sector 4,sector 4,bucurești,2
Staer 23,serget ion iriceanu,sector 4,sector 4,bucurești,1
Staer 23,serghiescu marin,bucurești neatribuit,bucurești neatribuit,bucurești,1
Staer 23,sf ana,berceni (ilfov),—,ilfov,1
Staer 23,sf andrei,pantelimon,—,ilfov,1
Staer 23,sf andrei,popești-leordeni,—,ilfov,3
Staer 23,sf ciprian,glina,—,ilfov,1
Staer 23,sf constantin,sector 1,sector 1,bucurești,2
Staer 23,sf gheorghe,glina,—,ilfov,2
Staer 23,sf gheorghe,popești-leordeni,—,ilfov,3
Staer 23,sf ghoerghe,pantelimon,—,ilfov,1
Staer 23,sf ioan,copaceni,—,ilfov,1
Staer 23,sf ioan,copaceni t=75 lei,—,ilfov,1
Staer 23,sf ioan,popești-leordeni,—,ilfov,1
Staer 23,sf nicolae,popești-leordeni,—,ilfov,2
Staer 23,sf petru,glina,—,ilfov,1
Staer 23,sf petru dn 4 cartier provis,glina,—,ilfov,1
Staer 23,sf spiridon,sector 2,sector 2,bucurești,1
Staer 23,sf vasile,popești-leordeni,—,ilfov,1
Staer 23,sf voievozi,popești-leordeni,—,ilfov,1
Staer 23,sf. agnes,popești-leordeni,—,ilfov,10
Staer 23,sf. ciprian,popești-leordeni,—,ilfov,1
Staer 23,sf.gheorghe,popești-leordeni,—,ilfov,3
Staer 23,sf.vineri,sector 3,sector 3,bucurești,1
Staer 23,sfanta agnes,popești-leordeni,—,ilfov,14
Staer 23,sfanta treime,sector 2,sector 2,bucurești,1
Staer 23,sfantu petru,berceni (ilfov),—,ilfov,1
Staer 23,sfantul andrei,pantelimon,—,ilfov,1
Staer 23,sfantul ciprian,glina,—,ilfov,1
Staer 23,sfantul elefterie,sector 5,sector 5,bucurești,1
Staer 23,sfantul gheorghe,popești-leordeni,—,ilfov,1
Staer 23,sfinti apostol,bucurești neatribuit,bucurești neatribuit,bucurești,1
Staer 23,sfintii constantin si elena,bucurești neatribuit,bucurești neatribuit,bucurești,1
Staer 23,sfintii voievozi,popești-leordeni,—,ilfov,11
Staer 23,sg .a.vram petcu,bucurești neatribuit,bucurești neatribuit,bucurești,1
Staer 23,sg avram petcu,bucurești neatribuit,bucurești neatribuit,bucurești,1
Staer 23,sg avram petcu,sector 4,sector 4,bucurești,1
Staer 23,sg david ilie,sector 4,sector 4,bucurești,1
Staer 23,sg dumitru pene,sector 3,sector 3,bucurești,1
Staer 23,sg dumitru tablan,sector 5,sector 5,bucurești,1
Staer 23,sg grigore ion,bucurești neatribuit,bucurești neatribuit,bucurești,1
Staer 23,sg ion pechiu,sector 4,sector 4,bucurești,2
Staer 23,sg maior dumitru samoila,sector 4,sector 4,bucurești,1
Staer 23,sg maj dumitru samoila,bucurești neatribuit,bucurești neatribuit,bucurești,1
Staer 23,sg pene dumitru,sector 3,sector 3,bucurești,1
Staer 23,sg turturica,bucurești neatribuit,bucurești neatribuit,bucurești,1
Staer 23,"sg, gheorghe tache",bucurești neatribuit,bucurești neatribuit,bucurești,2
Staer 23,"sg, gheorghe tache",sector 4,sector 4,bucurești,1
Staer 23,sg. ion iriceanu,bucurești neatribuit,bucurești neatribuit,bucurești,5
Staer 23,sg. ion iriceanu,sector 4,sector 4,bucurești,1
Staer 23,sg. maj. ioan carpen,bucurești neatribuit,bucurești neatribuit,bucurești,2
Staer 23,sibiel,sector 4,sector 4,bucurești,2
Staer 23,silimbar,măgurele,—,ilfov,1
Staer 23,silvestru,sector 2,sector 2,bucurești,1
Staer 23,simetriei,sector 2,sector 2,bucurești,1
Staer 23,simigiului,sector 4,sector 4,bucurești,1
Staer 23,simion mehedinti,sector 6,sector 6,bucurești,2
Staer 23,simion stefan,bucurești neatribuit,bucurești neatribuit,bucurești,1
Staer 23,sinaia,pantelimon,—,ilfov,1
Staer 23,sipca,sector 2,sector 2,bucurești,1
Staer 23,siret,sector 1,sector 1,bucurești,1
Staer 23,siret,voluntari–pipera,—,ilfov,1
Staer 23,siretului,pantelimon,—,ilfov,1
Staer 23,sisesti,sector 1,sector 1,bucurești,1
Staer 23,sistematizari,bucurești neatribuit,bucurești neatribuit,bucurești,2
Staer 23,sistematizarii,sector 4,sector 4,bucurești,1
Staer 23,sld constantin dragan,bucurești neatribuit,bucurești neatribuit,bucurești,1
Staer 23,sld ene modoran,sector 5,sector 5,bucurești,1
Staer 23,sld ionescu florea,sector 4,sector 4,bucurești,1
Staer 23,sld nicolae belerciu,sector 4,sector 4,bucurești,1
Staer 23,sld stelian n mihalache,sector 4,sector 4,bucurești,1
Staer 23,sld tina petre,bucurești neatribuit,bucurești neatribuit,bucurești,1
Staer 23,sld. gheorghe buciumat,sector 1,sector 1,bucurești,1
Staer 23,sld. grigore iancu,sector 3,sector 3,bucurești,1
Staer 23,sld.croitoru vasile,sector 5,sector 5,bucurești,1
Staer 23,sld.lazar florea,sector 2,sector 2,bucurești,1
Staer 23,sld.modoran ene,sector 5,sector 5,bucurești,1
Staer 23,sld.niculae t.sebe,sector 3,sector 3,bucurești,1
Staer 23,sleea stogului,bucurești neatribuit,bucurești neatribuit,bucurești,1
Staer 23,slt cristescu dima,sector 2,sector 2,bucurești,2
Staer 23,slt erou gheorghe ionescu,sector 4,sector 4,bucurești,1
Staer 23,slt ionescu gheorghe,sector 4,sector 4,bucurești,1
Staer 23,slt. gheorghe stanescu,bucurești neatribuit,bucurești neatribuit,bucurești,1
Staer 23,slt.dima cristescu,bucurești neatribuit,bucurești neatribuit,bucurești,1
Staer 23,slt.erou gh ionescu,bucurești neatribuit,bucurești neatribuit,bucurești,1
Staer 23,slt.nicolae belerciu,bucurești neatribuit,bucurești neatribuit,bucurești,2
Staer 23,slt.p.m.dragos mladinovici,bucurești neatribuit,bucurești neatribuit,bucurești,1
Staer 23,smaraldului,bragadiru,—,ilfov,1
Staer 23,smaraldului,bucurești neatribuit,bucurești neatribuit,bucurești,1
Staer 23,smaranda braescu,sector 1,sector 1,bucurești,2
Staer 23,smaranda braiescu,sector 1,sector 1,bucurești,1
Staer 23,smardan,bragadiru,—,ilfov,1
Staer 23,smirdan,bragadiru,—,ilfov,1
Staer 23,soarelui,chiajna–roșu–dudu,—,ilfov,2
Staer 23,socului,berceni (ilfov),—,ilfov,2
Staer 23,sodat florea ionescu,bucurești neatribuit,bucurești neatribuit,bucurești,1
Staer 23,soimus,sector 4,sector 4,bucurești,2
Staer 23,sol tina petre,sector 3,sector 3,bucurești,1
Staer 23,sol. stefan simion,bucurești neatribuit,bucurești neatribuit,bucurești,1
Staer 23,sol. tusu petre,bucurești neatribuit,bucurești neatribuit,bucurești,1
Staer 23,sold enache ion,bucurești neatribuit,bucurești neatribuit,bucurești,1
Staer 23,sold enache ion,sector 4,sector 4,bucurești,1
Staer 23,sold ghita serban,bucurești neatribuit,bucurești neatribuit,bucurești,1
Staer 23,sold niculae t sebe,bucurești neatribuit,bucurești neatribuit,bucurești,1
Staer 23,sold tudor tatu,sector 4,sector 4,bucurești,1
Staer 23,sold tunsu petre,sector 5,sector 5,bucurești,1
Staer 23,sold zambila ionita,sector 2,sector 2,bucurești,1
Staer 23,sold. florea ionescu,bucurești neatribuit,bucurești neatribuit,bucurești,1
Staer 23,sold. gheorghe dumitru,dobroești,—,ilfov,1
Staer 23,sold. niculae,bucurești neatribuit,bucurești neatribuit,bucurești,1
Staer 23,sold. stelian mihale,sector 3,sector 3,bucurești,1
Staer 23,sold.ene modoran,bucurești,—,ilfov,1
Staer 23,sold.lazar florea,bucurești neatribuit,bucurești neatribuit,bucurești,1
Staer 23,sold.vasile,bucurești neatribuit,bucurești neatribuit,bucurești,1
Staer 23,soldanului,bucurești neatribuit,bucurești neatribuit,bucurești,4
Staer 23,soldanului,sector 2,sector 2,bucurești,1
Staer 23,soldanului,sector 4,sector 4,bucurești,8
Staer 23,soldat cicodeica ioan,bucurești neatribuit,bucurești neatribuit,bucurești,1
Staer 23,soldat constantin dragan,bucurești neatribuit,bucurești neatribuit,bucurești,1
Staer 23,soldat croitoru,sector 5,sector 5,bucurești,1
Staer 23,soldat croitoru vasile,sector 5,sector 5,bucurești,1
Staer 23,soldat dumitru minca,sector 4,sector 4,bucurești,1
Staer 23,soldat florea lazar,bucurești neatribuit,bucurești neatribuit,bucurești,1
Staer 23,soldat gheorghe buciumat,sector 1,sector 1,bucurești,1
Staer 23,soldat ghita serban,sector 3,sector 3,bucurești,1
Staer 23,soldat ionescu florea,sector 4,sector 4,bucurești,2
Staer 23,soldat lazar florea,sector 2,sector 2,bucurești,1
Staer 23,soldat marin nicolae,sector 3,sector 3,bucurești,1
Staer 23,soldat minca dumitru,sector 4,sector 4,bucurești,1
Staer 23,soldat modoran ene,sector 5,sector 5,bucurești,4
Staer 23,soldat nicolae sb,sector 3,sector 3,bucurești,1
Staer 23,soldat nicolae sebe,sector 3,sector 3,bucurești,1
Staer 23,soldat niculae sebe,sector 3,sector 3,bucurești,1
Staer 23,soldat niculae t sebe,sector 3,sector 3,bucurești,1
Staer 23,soldat popa florea,sector 3,sector 3,bucurești,1
Staer 23,soldat spiridon matei,sector 6,sector 6,bucurești,1
Staer 23,soldat stefan constantin,bucurești neatribuit,bucurești neatribuit,bucurești,1
Staer 23,soldat stefan simion,bucurești neatribuit,bucurești neatribuit,bucurești,1
Staer 23,soldat stelian mihale,sector 3,sector 3,bucurești,1
Staer 23,soldat stelian n mihale,sector 3,sector 3,bucurești,2
Staer 23,soldat tina petre,bucurești neatribuit,bucurești neatribuit,bucurești,2
Staer 23,soldat tudor ion,bucurești neatribuit,bucurești neatribuit,bucurești,1
Staer 23,soldat tunsu petre,sector 5,sector 5,bucurești,2
Staer 23,soldat vasile croitoru,sector 5,sector 5,bucurești,2
Staer 23,soldat zambila ionita,sector 2,sector 2,bucurești,2
Staer 23,soldatului,sector 4,sector 4,bucurești,1
Staer 23,soldtitiului,popești-leordeni,—,ilfov,1
Staer 23,solstitiului,bucurești,—,ilfov,1
Staer 23,solstitiului,popești-leordeni,—,ilfov,57
Staer 23,solstiului,popești-leordeni,—,ilfov,1
Staer 23,soroiu stroici elena,popești-leordeni,—,ilfov,2
Staer 23,spaiul unirii,popești-leordeni,—,ilfov,1
Staer 23,spatar preda buzescu,bucurești neatribuit,bucurești neatribuit,bucurești,1
Staer 23,spatar preda buzescu,sector 4,sector 4,bucurești,1
Staer 23,spataru gorgan,sector 2,sector 2,bucurești,1
Staer 23,spataru preda,sector 5,sector 5,bucurești,3
Staer 23,spatarul mihai,sector 2,sector 2,bucurești,1
Staer 23,sperantei,1 decembrie,—,ilfov,3
Staer 23,sperantei,1decembrie,—,ilfov,1
Staer 23,sperantei,berceni (ilfov),—,ilfov,5
Staer 23,sperantei,bucurești neatribuit,bucurești neatribuit,bucurești,1
Staer 23,sperantei,popești-leordeni,—,ilfov,17
Staer 23,sperentei,popești-leordeni,—,ilfov,1
Staer 23,spilalberto(baltii),1 decembrie,—,ilfov,1
Staer 23,spineni,sector 4,sector 4,bucurești,1
Staer 23,spinis,sector 4,sector 4,bucurești,12
Staer 23,spinului,bucurești neatribuit,bucurești neatribuit,bucurești,1
Staer 23,spinului,sector 2,sector 2,bucurești,1
Staer 23,spiridon matei,sector 3,sector 3,bucurești,3
Staer 23,spiridus,bucurești neatribuit,bucurești neatribuit,bucurești,1
Staer 23,splaiul aiul idependentei,sector 4,sector 4,bucurești,1
Staer 23,splaiul aiul independei,sector 6,sector 6,bucurești,1
Staer 23,splaiul aiul independentei 332b,bucurești neatribuit,bucurești neatribuit,bucurești,1
Staer 23,splaiul aiul unirii,bucurești neatribuit,bucurești neatribuit,bucurești,7
Staer 23,splaiul aiul unirii,popești-leordeni,—,ilfov,4
Staer 23,splaiul aiul unirii,sector 3,sector 3,bucurești,5
Staer 23,splaiul aiul unirii,sector 4,sector 4,bucurești,8
Staer 23,splaiul aiul unirii,sector 4,—,ilfov,1
Staer 23,splaiul independenței,bucurești neatribuit,bucurești neatribuit,bucurești,3
Staer 23,splaiul independenței,sector 1,sector 1,bucurești,1
Staer 23,splaiul independenței,sector 4,sector 4,bucurești,3
Staer 23,splaiul independenței,sector 6,sector 6,bucurești,5
Staer 23,splaiul unirii,popești-leordeni,—,ilfov,19
Staer 23,sportului,berceni (ilfov),—,ilfov,3
Staer 23,srg bonea marin,sector 3,sector 3,bucurești,1
Staer 23,srg nicolae florescu,sector 4,sector 4,bucurești,1
Staer 23,stadionului,balotești,—,ilfov,1
Staer 23,stadionului,berceni (ilfov),—,ilfov,2
Staer 23,stadionului,ciolpani,—,ilfov,1
Staer 23,stadionului,glina,—,ilfov,1
Staer 23,stadionului,mogoșoaia,—,ilfov,1
Staer 23,stamate costache,sector 4,sector 4,bucurești,1
Staer 23,stana de vale,sector 5,sector 5,bucurești,1
Staer 23,stanei,sector 4,sector 4,bucurești,1
Staer 23,stanescu gheorghe,bucurești neatribuit,bucurești neatribuit,bucurești,1
Staer 23,stanilesti,sector 1,sector 1,bucurești,1
Staer 23,stanjeneilor,sector 4,sector 4,bucurești,9
Staer 23,ste. doinei,dobroești,—,ilfov,1
Staer 23,stefan cel mare,afumați,—,ilfov,1
Staer 23,stefan cel mare,berceni (ilfov),—,ilfov,5
Staer 23,stefan cel mare,berceni t=60 lei,—,ilfov,1
Staer 23,stefan cel mare,bucurești neatribuit,bucurești neatribuit,bucurești,3
Staer 23,stefan cel mare,ciofliceni,—,ilfov,1
Staer 23,stefan cel mare,sector 2,sector 2,bucurești,5
Staer 23,stefan cel mare,voluntari–pipera,—,ilfov,1
Staer 23,stefan dimitrescu,bucurești neatribuit,bucurești neatribuit,bucurești,1
Staer 23,stefan hetites,sector 4,sector 4,bucurești,1
Staer 23,stefan luchian,bucurești neatribuit,bucurești neatribuit,bucurești,1
Staer 23,stefan mihaileanu,sector 2,sector 2,bucurești,1
Staer 23,stefan nicolau,sector 3,sector 3,bucurești,1
Staer 23,stefan-voda,sector 5,sector 5,bucurești,1
Staer 23,stejarului,dobroești,—,ilfov,11
Staer 23,stejarului,fundeni,—,ilfov,1
Staer 23,stelian mihale,sector 3,sector 3,bucurești,3
Staer 23,stelian mihalea,bucurești neatribuit,bucurești neatribuit,bucurești,1
Staer 23,stelutei,sector 1,sector 1,bucurești,1
Staer 23,steriadi,sector 3,sector 3,bucurești,1
Staer 23,sticletelui,cernica,—,ilfov,1
Staer 23,sticletelui,pantelimon,—,ilfov,1
Staer 23,stinjeneilor,sector 1,sector 1,bucurești,1
Staer 23,stiubei,bucurești neatribuit,bucurești neatribuit,bucurești,1
Staer 23,stiubei,sector 3,sector 3,bucurești,1
Staer 23,stocului,berceni (ilfov),—,ilfov,1
Staer 23,stoiciului,brănești,—,ilfov,2
Staer 23,stolnici,sector 4,sector 4,bucurești,4
Staer 23,stolnicul vasile,sector 2,sector 2,bucurești,2
Staer 23,stonicul vasile,sector 2,sector 2,bucurești,1
Staer 23,storcatoarelor,sector 6,sector 6,bucurești,1
Staer 23,strada 1 decembrie 1918,berceni (ilfov),—,ilfov,1
Staer 23,strada ada baltita 23,sector 4,sector 4,bucurești,1
Staer 23,strada ada binelui,sector 4,sector 4,bucurești,1
Staer 23,strada ada bogdan ghoerghe tudor,sector 3,sector 3,bucurești,1
Staer 23,strada ada constantin brancoveanu,sector 4,sector 4,bucurești,1
Staer 23,strada ada constantin nacu,bucurești neatribuit,bucurești neatribuit,bucurești,5
Staer 23,strada ada dealu bradului,sector 4,sector 4,bucurești,2
Staer 23,strada ada drumul gura ialomitei,bucurești neatribuit,bucurești neatribuit,bucurești,1
Staer 23,strada ada lavandei - cosmopolis,ștefăneștii de jos,—,ilfov,1
Staer 23,strada ada liviu rebreanu nr46-58,bucurești neatribuit,bucurești neatribuit,bucurești,1
Staer 23,strada ada postalionuluii,sector 4,sector 4,bucurești,1
Staer 23,strada ada prel dealu verde,vidra - ansamblul dealu verde,—,ilfov,1
Staer 23,strada ada puchieni,bucurești neatribuit,bucurești neatribuit,bucurești,2
Staer 23,strada ada serelor,berceni (ilfov),—,ilfov,1
Staer 23,strada ada trestiana,sector 4,sector 4,bucurești,2
Staer 23,strada ada vila 7,voluntari–pipera,—,ilfov,1
Staer 23,strada agricultori,sector 2,sector 2,bucurești,2
Staer 23,strada agricultori,sector 3,sector 3,bucurești,1
Staer 23,strada albatrosului,berceni (ilfov),—,ilfov,2
Staer 23,strada albisoarei,sector 2,sector 2,bucurești,2
Staer 23,strada almașu mare,sector 4,sector 4,bucurești,16
Staer 23,strada alunișului,sector 4,sector 4,bucurești,23
Staer 23,strada amintirii,sector 1,sector 1,bucurești,2
Staer 23,strada amurgului,bucurești neatribuit,bucurești neatribuit,bucurești,9
Staer 23,strada amurgului,popești-leordeni,—,ilfov,85
Staer 23,strada anghel moldoveanu,sector 4,sector 4,bucurești,16
Staer 23,strada ardealului,bucurești neatribuit,bucurești neatribuit,bucurești,2
Staer 23,strada aurel perșu,bucurești neatribuit,bucurești neatribuit,bucurești,19
Staer 23,strada aurel perșu,sector 4,sector 4,bucurești,44
Staer 23,strada aurel vlaicu,sector 2,sector 2,bucurești,1
Staer 23,strada barca,sector 5,sector 5,bucurești,4
Staer 23,strada biruinței,popești-leordeni,—,ilfov,192
Staer 23,strada biserica mărcuța,sector 2,sector 2,bucurești,2
Staer 23,strada bld. chisinau,bucurești neatribuit,bucurești neatribuit,bucurești,2
Staer 23,strada bradetulu nr24a,bucurești neatribuit,bucurești neatribuit,bucurești,1
Staer 23,strada brasov,sector 6,sector 6,bucurești,2
Staer 23,strada bratarii,sector 3,sector 3,bucurești,4
Staer 23,strada busolei,bucurești neatribuit,bucurești neatribuit,bucurești,2
Staer 23,strada buzoieni,bucurești neatribuit,bucurești neatribuit,bucurești,2
Staer 23,strada buzoieni,sector 5,sector 5,bucurești,2
Staer 23,strada bârnova,sector 5,sector 5,bucurești,2
Staer 23,strada calea moșilor,sector 2,sector 2,bucurești,1
Staer 23,strada campia libertatii,bucurești neatribuit,bucurești neatribuit,bucurești,4
Staer 23,strada campia libertatii,sector 1,sector 1,bucurești,1
Staer 23,strada campia libertatii,sector 3,sector 3,bucurești,12
Staer 23,strada campia libertatii,sector 4,sector 4,bucurești,1
Staer 23,strada carol knappe,sector 1,sector 1,bucurești,1
Staer 23,strada cercetatorilor,sector 4,sector 4,bucurești,19
Staer 23,strada cetatea de balta,bucurești neatribuit,bucurești neatribuit,bucurești,2
Staer 23,strada cetatea de balta,sector 6,sector 6,bucurești,2
Staer 23,"strada cetățuia, nr4",sector 6,sector 6,bucurești,1
Staer 23,strada cheiul dâmboviței,popești-leordeni,—,ilfov,9
Staer 23,strada cimpoierilor 5,bucurești neatribuit,bucurești neatribuit,bucurești,1
Staer 23,strada ciprian porumbescu,otopeni,—,ilfov,1
Staer 23,strada ciresului,dobroești,—,ilfov,1
Staer 23,strada cireșului,fundeni,—,ilfov,1
Staer 23,strada complexului,sector 3,sector 3,bucurești,6
Staer 23,strada constantin brâncuși,sector 3,sector 3,bucurești,5
Staer 23,strada constantin titel petrescu,sector 6,sector 6,bucurești,1
Staer 23,strada copaceni,sector 3,sector 3,bucurești,2
Staer 23,strada cornești,sector 4,sector 4,bucurești,3
Staer 23,strada cricovului,bucurești neatribuit,bucurești neatribuit,bucurești,1
Staer 23,strada crișul repede,bragadiru,—,ilfov,9
Staer 23,strada cupolei,sector 6,sector 6,bucurești,6
Staer 23,strada cuza voda,sector 4,sector 4,bucurești,2
Staer 23,strada căderea bastiliei,sector 1,sector 1,bucurești,1
Staer 23,strada căminului,sector 2,sector 2,bucurești,2
Staer 23,strada căminului,sector 4,sector 4,bucurești,1
Staer 23,strada căminului,țegheș,—,ilfov,1
Staer 23,strada democrației,sector 4,sector 4,bucurești,10
Staer 23,strada dristorului,sector 3,sector 3,bucurești,14
Staer 23,strada drumul bilelui,sector 4,sector 4,bucurești,1
Staer 23,strada drumului murgului,bucurești neatribuit,bucurești neatribuit,bucurești,1
Staer 23,strada dumbrăveni,sector 4,sector 4,bucurești,4
Staer 23,strada elena caragiani,sector 1,sector 1,bucurești,1
Staer 23,strada emil gârleanu,sector 3,sector 3,bucurești,8
Staer 23,strada eroilor,berceni (ilfov),—,ilfov,5
Staer 23,strada erou iancu nicolae,voluntari–pipera,—,ilfov,1
Staer 23,strada eufrosina popescu,sector 3,sector 3,bucurești,8
Staer 23,strada europa,ștefăneștii de jos,—,ilfov,2
Staer 23,strada fabrica de glucoză,sector 2,sector 2,bucurești,1
Staer 23,strada fantanica,sector 2,sector 2,bucurești,1
Staer 23,strada fetești,sector 3,sector 3,bucurești,1
Staer 23,strada fizicienilor,măgurele,—,ilfov,1
Staer 23,strada frumusani,sector 4,sector 4,bucurești,19
Staer 23,strada garoafei,sector 5,sector 5,bucurești,3
Staer 23,strada gazelei,sector 4,sector 4,bucurești,1
Staer 23,strada george georgescu,sector 4,sector 4,bucurești,1
Staer 23,strada gheorghe țițeica,sector 1,sector 1,bucurești,1
Staer 23,strada gloriei,1 decembrie,—,ilfov,3
Staer 23,strada grigore alexandrescu,periș,—,ilfov,1
Staer 23,strada grigore c moisil,sector 2,sector 2,bucurești,2
Staer 23,strada grigore ionescu,sector 2,sector 2,bucurești,4
Staer 23,strada hortensiei,sector 2,sector 2,bucurești,3
Staer 23,strada iacob andrei,sector 5,sector 5,bucurești,8
Staer 23,strada iancu brezeanu,sector 3,sector 3,bucurești,1
Staer 23,strada ileana cosânzeana,sector 3,sector 3,bucurești,1
Staer 23,strada ileana cosânzeana,sector 5,sector 5,bucurești,1
Staer 23,strada ion țuculescu,sector 3,sector 3,bucurești,2
Staer 23,strada irisului,ștefăneștii de jos,—,ilfov,1
Staer 23,strada istriei,sector 3,sector 3,bucurești,27
Staer 23,strada iuliu valaori 28,bucurești neatribuit,bucurești neatribuit,bucurești,1
Staer 23,strada izvorul muresului,bucurești neatribuit,bucurești neatribuit,bucurești,5
Staer 23,strada izvorul muresului,sector 4,sector 4,bucurești,16
Staer 23,strada jean steriade,bucurești neatribuit,bucurești neatribuit,bucurești,3
Staer 23,strada jean steriade,sector 3,sector 3,bucurești,1
Staer 23,strada jean steriadi,sector 3,sector 3,bucurești,13
Staer 23,strada lemnisorului,sector 3,sector 3,bucurești,2
Staer 23,strada libertatii,berceni (ilfov),—,ilfov,1
Staer 23,strada lt petre negulescu,sector 2,sector 2,bucurești,1
Staer 23,strada lt.av. gh. negel,sector 6,sector 6,bucurești,1
Staer 23,strada lugojana,sector 3,sector 3,bucurești,6
Staer 23,strada luica,sector 4,sector 4,bucurești,118
Staer 23,strada lujerului,sector 6,sector 6,bucurești,1
Staer 23,strada luminitei,sector 2,sector 2,bucurești,2
Staer 23,strada luminoasa,sector 4,sector 4,bucurești,1
Staer 23,strada lăcrămioarei,berceni (ilfov),—,ilfov,1
Staer 23,strada maior atanasie ionescu,sector 2,sector 2,bucurești,1
Staer 23,strada maior ion coravu,sector 2,sector 2,bucurești,1
Staer 23,strada maior vasile bacila,bucurești neatribuit,bucurești neatribuit,bucurești,2
Staer 23,strada maior vasile bacila,sector 2,sector 2,bucurești,9
Staer 23,strada maior vasile bacila,sector 5,sector 5,bucurești,1
Staer 23,strada malu mierii 86-90,bucurești neatribuit,bucurești neatribuit,bucurești,1
Staer 23,strada matei basarab,sector 3,sector 3,bucurești,7
Staer 23,strada matei millo,voluntari–pipera,—,ilfov,3
Staer 23,strada mentiunii,sector 2,sector 2,bucurești,3
Staer 23,strada mihai eminescu,sector 2,sector 2,bucurești,2
Staer 23,strada mihail sebastian,sector 5,sector 5,bucurești,5
Staer 23,strada moinești,bucurești neatribuit,bucurești neatribuit,bucurești,1
Staer 23,strada moise nicoară,sector 3,sector 3,bucurești,3
Staer 23,strada moldoveni,sector 4,sector 4,bucurești,7
Staer 23,strada moldovița,sector 4,sector 4,bucurești,1
Staer 23,strada morii,jilava,—,ilfov,4
Staer 23,strada murgeni,sector 3,sector 3,bucurești,5
Staer 23,strada muzelor,sector 4,sector 4,bucurești,3
Staer 23,strada măriuca,sector 4,sector 4,bucurești,15
Staer 23,strada mărășești,măgurele,—,ilfov,3
Staer 23,strada mărțișor,sector 4,sector 4,bucurești,9
Staer 23,strada n. filimon,sector 6,sector 6,bucurești,1
Staer 23,strada nasaud,sector 5,sector 5,bucurești,11
Staer 23,strada neptun,sector 5,sector 5,bucurești,2
Staer 23,strada nerva traian,bucurești neatribuit,bucurești neatribuit,bucurești,2
Staer 23,strada nerva traian,sector 3,sector 3,bucurești,9
Staer 23,strada nitu vasile,sector 4,sector 4,bucurești,19
Staer 23,strada nucului,sector 3,sector 3,bucurești,7
Staer 23,strada occidentului,popești-leordeni,—,ilfov,3
Staer 23,strada odai,jilava,—,ilfov,5
Staer 23,strada odei,bucurești neatribuit,bucurești neatribuit,bucurești,7
Staer 23,strada odei,sector 4,sector 4,bucurești,118
Staer 23,strada ogorului,corbeanca,—,ilfov,2
Staer 23,strada oituz,popești-leordeni,—,ilfov,23
Staer 23,strada orastie,sector 4,sector 4,bucurești,8
Staer 23,strada padurea craiului,berceni (ilfov),—,ilfov,10
Staer 23,strada pancota,sector 2,sector 2,bucurești,1
Staer 23,strada panselelor,sector 4,sector 4,bucurești,27
Staer 23,strada parincia,bucurești neatribuit,bucurești neatribuit,bucurești,3
Staer 23,strada parîncea,sector 4,sector 4,bucurești,5
Staer 23,strada penes curcanul 20-24,bucurești neatribuit,bucurești neatribuit,bucurești,1
Staer 23,strada peneș curcanul,bucurești neatribuit,bucurești neatribuit,bucurești,1
Staer 23,strada peneș curcanul,sector 3,sector 3,bucurești,4
Staer 23,strada peneș curcanul,sector 4,sector 4,bucurești,1
Staer 23,strada petre ispirescu,bucurești neatribuit,bucurești neatribuit,bucurești,2
Staer 23,strada petre ispirescu,sector 4,sector 4,bucurești,1
Staer 23,strada petre ispirescu,sector 5,sector 5,bucurești,6
Staer 23,strada pictor ion andreescu,bucurești neatribuit,bucurești neatribuit,bucurești,2
Staer 23,strada pictor ion andreescu,sector 2,sector 2,bucurești,1
Staer 23,strada picturii,sector 4,sector 4,bucurești,1
Staer 23,strada piscului,sector 4,sector 4,bucurești,2
Staer 23,"strada plesesti no 4, blz8",bucurești neatribuit,bucurești neatribuit,bucurești,2
Staer 23,strada poeziei,sector 2,sector 2,bucurești,3
Staer 23,strada poiana cu aluni,sector 2,sector 2,bucurești,1
Staer 23,strada poștalionului,sector 4,sector 4,bucurești,1
Staer 23,strada preciziei,sector 6,sector 6,bucurești,1
Staer 23,strada pridvorului,sector 4,sector 4,bucurești,11
Staer 23,strada principala,periș,—,ilfov,2
Staer 23,strada principala,sintesti,—,ilfov,3
Staer 23,strada prisaca dornei,sector 3,sector 3,bucurești,12
Staer 23,strada prutului,voluntari–pipera,—,ilfov,1
Staer 23,strada pârâul rece,popești-leordeni,—,ilfov,6
Staer 23,strada ramnicu valcea,bucurești neatribuit,bucurești neatribuit,bucurești,3
Staer 23,strada rascoala din 1907,sector 2,sector 2,bucurești,1
Staer 23,strada romancierilor,brănești,—,ilfov,2
Staer 23,strada rosia montana,sector 6,sector 6,bucurești,6
Staer 23,strada răcari,sector 3,sector 3,bucurești,14
Staer 23,strada samuil vulcan,sector 5,sector 5,bucurești,1
Staer 23,strada scolii,voluntari–pipera,—,ilfov,1
Staer 23,strada scorusului,sector 4,sector 4,bucurești,1
Staer 23,strada secuilor,sector 4,sector 4,bucurești,1
Staer 23,strada serg.florescu nicolae,sector 4,sector 4,bucurești,1
Staer 23,strada sergent major blejan florea,bucurești neatribuit,bucurești neatribuit,bucurești,3
Staer 23,strada sergent major ion nedeleanu,sector 5,sector 5,bucurești,1
Staer 23,strada sergent tache gheorghe,sector 4,sector 4,bucurești,2
Staer 23,strada sf agnes,popești-leordeni,—,ilfov,24
Staer 23,strada sg. nițu vasile,sector 4,sector 4,bucurești,5
Staer 23,strada sirenelor,sector 5,sector 5,bucurești,6
Staer 23,strada siriului,sector 1,sector 1,bucurești,2
Staer 23,strada slt. gheorghe ionescu,bucurești neatribuit,bucurești neatribuit,bucurești,2
Staer 23,strada slt. gheorghe ionescu,sector 4,sector 4,bucurești,2
Staer 23,strada sold. ion cândea,sector 5,sector 5,bucurești,1
Staer 23,strada sold.ion iosif,bucurești neatribuit,bucurești neatribuit,bucurești,1
Staer 23,strada speranței,bragadiru,—,ilfov,2
Staer 23,strada steaua roșie,otopeni,—,ilfov,2
Staer 23,strada stoian militaru,sector 4,sector 4,bucurești,11
Staer 23,strada stupilor,sector 4,sector 4,bucurești,1
Staer 23,strada sulina,berceni (ilfov),—,ilfov,2
Staer 23,strada teiul doamnei,bucurești neatribuit,bucurești neatribuit,bucurești,1
Staer 23,strada theodor d. speranția,sector 3,sector 3,bucurești,3
Staer 23,strada toamnei,sector 2,sector 2,bucurești,2
Staer 23,strada traian,bucurești neatribuit,bucurești neatribuit,bucurești,2
Staer 23,strada traian popovici,sector 3,sector 3,bucurești,4
Staer 23,strada traian vasile,sector 1,sector 1,bucurești,1
Staer 23,strada trandafirilor,berceni (ilfov),—,ilfov,7
Staer 23,strada transilvaniei,bucurești neatribuit,bucurești neatribuit,bucurești,1
Staer 23,strada trapezului,sector 3,sector 3,bucurești,10
Staer 23,strada tufănica,sector 3,sector 3,bucurești,1
Staer 23,strada turnu măgurele,sector 4,sector 4,bucurești,106
Staer 23,strada turturelelor,măgurele,—,ilfov,1
Staer 23,strada ugareni,măgurele,—,ilfov,2
Staer 23,strada uioara,sector 4,sector 4,bucurești,2
Staer 23,strada unirii,brănești,—,ilfov,1
Staer 23,strada valea argeșului,bucurești neatribuit,bucurești neatribuit,bucurești,1
Staer 23,strada valea argeșului,sector 6,sector 6,bucurești,1
Staer 23,strada valea cascadelor,sector 6,sector 6,bucurești,2
Staer 23,strada vasile lascăr,sector 2,sector 2,bucurești,7
Staer 23,strada vedea,sector 5,sector 5,bucurești,2
Staer 23,strada verigei,bucurești neatribuit,bucurești neatribuit,bucurești,7
Staer 23,strada verigei,sector 5,sector 5,bucurești,6
Staer 23,strada vidin,sector 2,sector 2,bucurești,2
Staer 23,strada vigoniei,sector 5,sector 5,bucurești,10
Staer 23,strada violetelor,brănești,—,ilfov,3
Staer 23,strada viscolului,sector 6,sector 6,bucurești,2
Staer 23,strada vlaicu vodă,sector 3,sector 3,bucurești,15
Staer 23,strada vrăjitorului,berceni (ilfov),—,ilfov,2
Staer 23,strada xandru cel bun,sector 2,sector 2,bucurești,1
Staer 23,strada zanelor,berceni (ilfov),—,ilfov,13
Staer 23,strada zboina neagră,sector 6,sector 6,bucurești,2
Staer 23,strada ziduri intre vii,sector 2,sector 2,bucurești,11
Staer 23,strada șos. giurgiului,1 decembrie,—,ilfov,1
Staer 23,strada știrbei vodă,sector 1,sector 1,bucurești,1
Staer 23,stupiilor,sector 4,sector 4,bucurești,1
Staer 23,stupilor,sector 4,sector 4,bucurești,14
Staer 23,sub cetate,sector 1,sector 1,bucurești,1
Staer 23,sublocotenent gh ionescu,sector 4,sector 4,bucurești,1
Staer 23,sublt. gheorghe stanescu,sector 2,sector 2,bucurești,1
Staer 23,suhaia,sector 5,sector 5,bucurești,1
Staer 23,sulfinei,măgurele,—,ilfov,1
Staer 23,sulfinei,pantelimon,—,ilfov,1
Staer 23,suranesti,sector 5,sector 5,bucurești,1
Staer 23,surlei,sector 5,sector 5,bucurești,1
Staer 23,t=40 lei,măgurele,—,ilfov,1
Staer 23,tache gheorghe,sector 4,sector 4,bucurești,4
Staer 23,talazului,bucurești neatribuit,bucurești neatribuit,bucurești,2
Staer 23,tampa,sector 2,sector 2,bucurești,3
Staer 23,tanase orgu,sector 4,sector 4,bucurești,2
Staer 23,tapsanului,sector 5,sector 5,bucurești,1
Staer 23,tarancutei,sector 3,sector 3,bucurești,4
Staer 23,tarcau,voluntari–pipera,—,ilfov,1
Staer 23,targu neamt,sector 6,sector 6,bucurești,1
Staer 23,targului,dobreni,—,ilfov,1
Staer 23,tarnava mica,bucurești neatribuit,bucurești neatribuit,bucurești,1
Staer 23,tarnita,sector 3,sector 3,bucurești,2
Staer 23,tatulesti,sector 4,sector 4,bucurești,11
Staer 23,teiul doamnei,sector 2,sector 2,bucurești,4
Staer 23,teiuliu,vidra,—,ilfov,1
Staer 23,teiului,adunatii copaceni/sat darajleasca,—,ilfov,1
Staer 23,teiului,afumați,—,ilfov,1
Staer 23,teius,bucurești neatribuit,bucurești neatribuit,bucurești,1
Staer 23,teius,sector 5,sector 5,bucurești,3
Staer 23,teleajen,sector 2,sector 2,bucurești,1
Staer 23,telega,sector 1,sector 1,bucurești,3
Staer 23,telita,sector 5,sector 5,bucurești,4
Staer 23,teodor dragu,sector 5,sector 5,bucurești,1
Staer 23,teodor dragu ing,sector 5,sector 5,bucurești,1
Staer 23,teodosiu gheorghiade,bucurești neatribuit,bucurești neatribuit,bucurești,2
Staer 23,tepelus,sector 5,sector 5,bucurești,1
Staer 23,tepes voda,sector 2,sector 2,bucurești,1
Staer 23,tesatoarelor,sector 2,sector 2,bucurești,1
Staer 23,th sperantia,bucurești neatribuit,bucurești neatribuit,bucurești,1
Staer 23,ticus,bucurești neatribuit,bucurești neatribuit,bucurești,1
Staer 23,ticusi,sector 3,sector 3,bucurești,1
Staer 23,timocului,popești-leordeni,—,ilfov,4
Staer 23,timus nicolae,sector 4,sector 4,bucurești,1
Staer 23,tina petre,sector 3,sector 3,bucurești,4
Staer 23,tineretului,1 decembrie,—,ilfov,1
Staer 23,tineretului,cernica,—,ilfov,2
Staer 23,tineretului,chiajna–roșu–dudu,—,ilfov,12
Staer 23,tineretului,crernica,—,ilfov,1
Staer 23,tineretului,jilava,—,ilfov,1
Staer 23,tineretului,pantelimon,—,ilfov,6
Staer 23,tinus nicolae,bucurești neatribuit,bucurești neatribuit,bucurești,2
Staer 23,tiparnitei,sector 5,sector 5,bucurești,9
Staer 23,toamnei,măgurele,—,ilfov,2
Staer 23,toamnei,ostratu,—,ilfov,1
Staer 23,toamnei(vadul mosului),berceni (ilfov),—,ilfov,1
Staer 23,tohan,bucurești neatribuit,bucurești neatribuit,bucurești,1
Staer 23,tomis,sector 3,sector 3,bucurești,2
Staer 23,topaz,bragadiru,—,ilfov,2
Staer 23,topolnita,sector 5,sector 5,bucurești,1
Staer 23,toporasi,măgurele,—,ilfov,1
Staer 23,toporasi,sector 5,sector 5,bucurești,14
Staer 23,toporasilor,petrachioaia,—,ilfov,1
Staer 23,tractoristilor,popești-leordeni,—,ilfov,1
Staer 23,trancioveanu iosif,popești-leordeni,—,ilfov,1
Staer 23,trandafirilor,berceni t=60 lei,—,ilfov,1
Staer 23,trandafirilor,jilava,—,ilfov,1
Staer 23,trandafirilor,pantelimon,—,ilfov,2
Staer 23,trandafirilor,ștefăneștii de jos,—,ilfov,1
Staer 23,transport 60 lei,sector 3,sector 3,bucurești,1
Staer 23,trei brazi,domnești,—,ilfov,1
Staer 23,trei brazi,sector 4,sector 4,bucurești,3
Staer 23,trestiana,sector 4,sector 4,bucurești,10
Staer 23,trifoiului,dobroești,—,ilfov,5
Staer 23,trilului,bucurești neatribuit,bucurești neatribuit,bucurești,2
Staer 23,trilului,sector 3,sector 3,bucurești,1
Staer 23,tristiana,sector 4,sector 4,bucurești,1
Staer 23,triumfului,popești-leordeni,—,ilfov,4
Staer 23,triumfului,sector 1,sector 1,bucurești,2
Staer 23,trivale,bucurești neatribuit,bucurești neatribuit,bucurești,2
Staer 23,trivale,sector 4,sector 4,bucurești,1
Staer 23,troscotului,sector 3,sector 3,bucurești,1
Staer 23,trotusului,bucurești neatribuit,bucurești neatribuit,bucurești,1
Staer 23,trotusului,sector 4,sector 4,bucurești,1
Staer 23,tuberozelor,berceni (ilfov),—,ilfov,13
Staer 23,tudor arghezi,1 decembrie,—,ilfov,2
Staer 23,tudor arghezi,1decembrie,—,ilfov,2
Staer 23,tudor arghezi,berceni (ilfov),—,ilfov,1
Staer 23,tudor arghezi,mogoșoaia,—,ilfov,1
Staer 23,tudor arghezi,tunari,—,ilfov,1
Staer 23,tudor george bogdan,sector 3,sector 3,bucurești,1
Staer 23,tudor gociu,sector 4,sector 4,bucurești,8
Staer 23,tudor gorgiu,sector 4,sector 4,bucurești,1
Staer 23,tudor vladimireascu,berceni (ilfov),—,ilfov,1
Staer 23,tudor vladimirescu,berceni (ilfov),—,ilfov,3
Staer 23,tudor vladimirescu,dobroești,—,ilfov,2
Staer 23,tudor vladimirescu,otopeni,—,ilfov,1
Staer 23,tudor vladimirescu,"sat berceni , comuna berceni",—,ilfov,1
Staer 23,tufan,periș,—,ilfov,1
Staer 23,tugomir voievod,sector 2,sector 2,bucurești,1
Staer 23,tulnici,sector 4,sector 4,bucurești,15
Staer 23,tulnicii,bucurești neatribuit,bucurești neatribuit,bucurești,1
Staer 23,tunari,sector 2,sector 2,bucurești,2
Staer 23,tunasi,bucurești neatribuit,bucurești neatribuit,bucurești,1
Staer 23,turda,sector 1,sector 1,bucurești,4
Staer 23,turnu - magurele 2- 10,sector 4,sector 4,bucurești,1
Staer 23,turnul magurele,sector 4,sector 4,bucurești,4
Staer 23,turturelelor,sector 3,sector 3,bucurești,3
Staer 23,tusnad,sector 2,sector 2,bucurești,1
Staer 23,tutunari,sector 5,sector 5,bucurești,2
Staer 23,tuzla,sector 2,sector 2,bucurești,3
Staer 23,u alexandru obregia,sector 4,sector 4,bucurești,1
Staer 23,u basarabia,sector 2,sector 2,bucurești,1
Staer 23,u dealu alunis,sector 4,sector 4,bucurești,3
Staer 23,u dealu babii,bucurești neatribuit,bucurești neatribuit,bucurești,1
Staer 23,u dealu bradului,sector 4,sector 4,bucurești,4
Staer 23,u dealu ferului,sector 4,sector 4,bucurești,1
Staer 23,u dealul alunis,sector 4,sector 4,bucurești,1
Staer 23,u dealul bradului,sector 4,sector 4,bucurești,2
Staer 23,u gura ariesului,sector 3,sector 3,bucurești,1
Staer 23,u gura garlitei,sector 3,sector 3,bucurești,1
Staer 23,u jilavei,sector 4,sector 4,bucurești,1
Staer 23,u malu rosu,sector 3,sector 3,bucurești,1
Staer 23,u metalurgiei,sector 4,sector 4,bucurești,1
Staer 23,u vulturesti,bucurești neatribuit,bucurești neatribuit,bucurești,1
Staer 23,u.1decembrie 1918,bucurești neatribuit,bucurești neatribuit,bucurești,1
Staer 23,ugareni,berceni (ilfov),—,ilfov,8
Staer 23,uil fermei,popești-leordeni,—,ilfov,1
Staer 23,uil gura calitei,sector 3,sector 3,bucurești,1
Staer 23,uioara,sector 4,sector 4,bucurești,48
Staer 23,ul binelui,sector 4,sector 4,bucurești,3
Staer 23,ul dealu babii,sector 4,sector 4,bucurești,1
Staer 23,ul dealul babii,sector 4,sector 4,bucurești,1
Staer 23,ul gura ariesului,sector 4,sector 4,bucurești,1
Staer 23,ul gura putnei,sector 3,sector 3,bucurești,1
Staer 23,ul jilavei,sector 4,sector 4,bucurești,1
Staer 23,ul metalurgiei,bucurești neatribuit,bucurești neatribuit,bucurești,2
Staer 23,ul metalurgiei,sector 4,sector 4,bucurești,2
Staer 23,ul nicolae grigorescu,sector 3,sector 3,bucurești,1
Staer 23,ul potcoavei,voluntari–pipera,—,ilfov,1
Staer 23,ul unirii,bucurești neatribuit,bucurești neatribuit,bucurești,1
Staer 23,ul. 1 mai,bucurești neatribuit,bucurești neatribuit,bucurești,1
Staer 23,ul. camil resu,bucurești neatribuit,bucurești neatribuit,bucurești,1
Staer 23,ul.constantin brancoveanu,bucurești neatribuit,bucurești neatribuit,bucurești,1
Staer 23,ulmetului,bucurești neatribuit,bucurești neatribuit,bucurești,1
Staer 23,ulmului,dragomirești,—,ilfov,1
Staer 23,umbrelutelor,berceni (ilfov),—,ilfov,1
Staer 23,ungheni,bucurești neatribuit,bucurești neatribuit,bucurești,1
Staer 23,ungureni,bucurești,—,ilfov,1
Staer 23,ungureni,gruiu,—,ilfov,1
Staer 23,ungureni,jilava,—,ilfov,12
Staer 23,unirii,balotești,—,ilfov,1
Staer 23,unirii,bucurești neatribuit,bucurești neatribuit,bucurești,1
Staer 23,unirii,corbeanca,—,ilfov,1
Staer 23,unirii,sector 3,sector 3,bucurești,1
Staer 23,unitatii,sector 3,sector 3,bucurești,1
Staer 23,uranus,măgurele,—,ilfov,1
Staer 23,uranus,sector 5,sector 5,bucurești,1
Staer 23,urziceni,sector 4,sector 4,bucurești,6
Staer 23,usarilor,bucurești neatribuit,bucurești neatribuit,bucurești,1
Staer 23,usarilor,sector 3,sector 3,bucurești,2
Staer 23,usei,sector 2,sector 2,bucurești,4
Staer 23,uzinei,glina,—,ilfov,1
Staer 23,v,sector 4,sector 4,bucurești,1
Staer 23,v v stanciu,sector 4,sector 4,bucurești,2
Staer 23,vacaresti,bucurești neatribuit,bucurești neatribuit,bucurești,1
Staer 23,vacaresti,sector 4,sector 4,bucurești,1
Staer 23,vadul mosului,vidra - sat cretesti,—,ilfov,1
Staer 23,vaii,glina,—,ilfov,1
Staer 23,vailor,bucurești neatribuit,bucurești neatribuit,bucurești,1
Staer 23,vailor,sector 3,sector 3,bucurești,1
Staer 23,valcea,pantelimon,—,ilfov,1
Staer 23,valea buzaului,sector 3,sector 3,bucurești,3
Staer 23,valea buzaunlui,sector 3,sector 3,bucurești,1
Staer 23,valea cu tei,ilfov,—,ilfov,1
Staer 23,valea ialomitei,sector 6,sector 6,bucurești,1
Staer 23,valea lunga,sector 6,sector 6,bucurești,1
Staer 23,valea magurei,sector 2,sector 2,bucurești,1
Staer 23,valea mamina,berceni (ilfov),—,ilfov,1
Staer 23,valea maminei,berceni (ilfov),—,ilfov,1
Staer 23,valea mieilor,sector 3,sector 3,bucurești,1
Staer 23,valea oltului,sector 6,sector 6,bucurești,2
Staer 23,valea poieni,sector 5,sector 5,bucurești,1
Staer 23,valeriu braniste,sector 3,sector 3,bucurești,3
Staer 23,vanatorilor,mogoșoaia,—,ilfov,1
Staer 23,vantului,sector 3,sector 3,bucurești,2
Staer 23,vaporul lui asan,sector 2,sector 2,bucurești,1
Staer 23,varful inalt,sector 1,sector 1,bucurești,1
Staer 23,vasanesti,sector 3,sector 3,bucurești,1
Staer 23,vasile alecsandri,voluntari–pipera,—,ilfov,1
Staer 23,vasile carlova,bucurești neatribuit,bucurești neatribuit,bucurești,1
Staer 23,vasile carlova,sector 3,sector 3,bucurești,2
Staer 23,vasile conta,sector 2,sector 2,bucurești,1
Staer 23,vasile gherghel,sector 1,sector 1,bucurești,1
Staer 23,vasile goldis,berceni (ilfov),—,ilfov,6
Staer 23,vasile goldis,berceni t=60 lei,—,ilfov,1
Staer 23,vasile lascar 204,bucurești neatribuit,bucurești neatribuit,bucurești,1
Staer 23,vasile lucaciu,sector 3,sector 3,bucurești,2
Staer 23,vasile parvan,chitila,—,ilfov,1
Staer 23,vasile roaita,jilava,—,ilfov,2
Staer 23,vasile voiculescu,sector 3,sector 3,bucurești,1
Staer 23,vasilica tastaman,voluntari–pipera,—,ilfov,1
Staer 23,vaslui,sector 5,sector 5,bucurești,1
Staer 23,vatra dornei,pantelimon,—,ilfov,1
Staer 23,vatra dornei,sector 4,sector 4,bucurești,22
Staer 23,vatra luminoasa,sector 2,sector 2,bucurești,5
Staer 23,velei,pantelimon,—,ilfov,1
Staer 23,velei,sector 6,sector 6,bucurești,1
Staer 23,veraului,bucurești neatribuit,bucurești neatribuit,bucurești,1
Staer 23,verbinei,berceni (ilfov),—,ilfov,1
Staer 23,vergei,sector 5,sector 5,bucurești,1
Staer 23,vergului,sector 2,sector 2,bucurești,3
Staer 23,verii,bragadiru,—,ilfov,3
Staer 23,verii,jilava,—,ilfov,1
Staer 23,verzisor,sector 4,sector 4,bucurești,1
Staer 23,verzisori,sector 4,sector 4,bucurești,7
Staer 23,verzisori - soho unirii,sector 4,sector 4,bucurești,1
Staer 23,verzisorilor,sector 4,sector 4,bucurești,1
Staer 23,veseliei,bucurești neatribuit,bucurești neatribuit,bucurești,2
Staer 23,vicina,sector 5,sector 5,bucurești,2
Staer 23,victor braunaer,sector 3,sector 3,bucurești,1
Staer 23,victor brauner,sector 3,sector 3,bucurești,25
Staer 23,victor brawner,sector 3,sector 3,bucurești,1
Staer 23,victor brouner,sector 3,sector 3,bucurești,2
Staer 23,victor browner,sector 3,sector 3,bucurești,1
Staer 23,victor dumitrescu,dobroești,—,ilfov,1
Staer 23,victor manu,sector 2,sector 2,bucurești,1
Staer 23,victorie\ei,gradistea,—,ilfov,1
Staer 23,victoriei,1 decembrie,—,ilfov,4
Staer 23,victoriei,bragadiru,—,ilfov,1
Staer 23,victoriei,darăști-ilfov,—,ilfov,1
Staer 23,victoriei,dobroești,—,ilfov,1
Staer 23,victoriei,glina,—,ilfov,5
Staer 23,vidiu,sector 2,sector 2,bucurești,1
Staer 23,vidrei,pantelimon,—,ilfov,1
Staer 23,vigonie,sector 5,sector 5,bucurești,1
Staer 23,viilor,1 decembrie,—,ilfov,2
Staer 23,viilor,mogoșoaia,—,ilfov,1
Staer 23,viilor,popești-leordeni,—,ilfov,1
Staer 23,viilor i,pantelimon,—,ilfov,1
Staer 23,viitorului,ciorogârla,—,ilfov,1
Staer 23,viitorului( cartier alegria ),sos oltenitei dn4( spre frumusani),—,ilfov,1
Staer 23,vintila mihailescu,sector 6,sector 6,bucurești,2
Staer 23,violetelor,brănești,—,ilfov,1
Staer 23,viorele,sector 4,sector 4,bucurești,10
Staer 23,virgil madgearu,bucurești neatribuit,bucurești neatribuit,bucurești,1
Staer 23,virtutii,caciulati,—,ilfov,1
Staer 23,visana,sector 4,sector 4,bucurești,7
Staer 23,viselor,balotești,—,ilfov,1
Staer 23,viseul de sus,sector 3,sector 3,bucurești,1
Staer 23,visinilor,pantelimon,—,ilfov,1
Staer 23,visinilorm,sector 2,sector 2,bucurești,1
Staer 23,vitan brazesti,sector 4,sector 4,bucurești,1
Staer 23,vitejescu,sector 4,sector 4,bucurești,1
Staer 23,vitejiei,bragadiru,—,ilfov,1
Staer 23,vitejiei,sector 2,sector 2,bucurești,5
Staer 23,vitejilor,bucurești neatribuit,bucurești neatribuit,bucurești,1
Staer 23,vitioara,sector 3,sector 3,bucurești,4
Staer 23,vlad dracu,sector 3,sector 3,bucurești,1
Staer 23,vlad dracul,sector 3,sector 3,bucurești,3
Staer 23,vlad judetul,bucurești neatribuit,bucurești neatribuit,bucurești,1
Staer 23,vlad judetul,sector 3,sector 3,bucurești,2
Staer 23,vlad tepes,sat tinganu,—,ilfov,2
Staer 23,vladeasa,sector 6,sector 6,bucurești,1
Staer 23,vladislav voevod,sector 2,sector 2,bucurești,1
Staer 23,voevod alexandru moruzzi,sector 3,sector 3,bucurești,1
Staer 23,voicesti,sector 5,sector 5,bucurești,1
Staer 23,voila,sector 4,sector 4,bucurești,8
Staer 23,voila t=80 lei,sector 4,sector 4,bucurești,1
Staer 23,voineasa,sector 3,sector 3,bucurești,4
Staer 23,vointei,domnești,—,ilfov,1
Staer 23,voiosiei,sector 3,sector 3,bucurești,1
Staer 23,voronet,sector 3,sector 3,bucurești,2
Staer 23,vrancioaia,sector 2,sector 2,bucurești,1
Staer 23,vuetului,sector 4,sector 4,bucurești,1
Staer 23,vuietului,sector 4,sector 4,bucurești,2
Staer 23,vulcan judetu,bucurești neatribuit,bucurești neatribuit,bucurești,1
Staer 23,vulcan judetu,sector 3,sector 3,bucurești,1
Staer 23,vulcan judetul,sector 3,sector 3,bucurești,1
Staer 23,vulcanei,sector 2,sector 2,bucurești,1
Staer 23,vulcanesti,sector 4,sector 4,bucurești,1
Staer 23,vulturei,sector 4,sector 4,bucurești,1
Staer 23,vultureni,bucurești neatribuit,bucurești neatribuit,bucurești,3
Staer 23,vultureni,sector 4,sector 4,bucurești,1
Staer 23,vulturilor,sector 3,sector 3,bucurești,1
Staer 23,vulturului,pantelimon,—,ilfov,1
Staer 23,walter maracineanu,bucurești neatribuit,bucurești neatribuit,bucurești,1
Staer 23,washington,sector 1,sector 1,bucurești,1
Staer 23,washington,tunari,—,ilfov,1
Staer 23,wea calinesti,sector 4,sector 4,bucurești,1
Staer 23,weiner palada,chiajna–roșu–dudu,—,ilfov,1
Staer 23,wilhelm filderman,bucurești neatribuit,bucurești neatribuit,bucurești,1
Staer 23,x,bucurești neatribuit,bucurești neatribuit,bucurești,48
Staer 23,x,sector 3,sector 3,bucurești,1
Staer 23,x ioan cuza,tunari,—,ilfov,1
Staer 23,x vlahuta,sector 3,sector 3,bucurești,1
Staer 23,xadru obregia,bucurești neatribuit,bucurești neatribuit,bucurești,1
Staer 23,xander von humboldt,sector 3,sector 3,bucurești,2
Staer 23,xandru balasanu,bucurești neatribuit,bucurești neatribuit,bucurești,1
Staer 23,xandru balasanu,sector 4,sector 4,bucurești,1
Staer 23,xandru conduratu,popești-leordeni,—,ilfov,2
Staer 23,xandru garian,popești-leordeni,—,ilfov,1
Staer 23,xandru iacobescu,sector 6,sector 6,bucurești,1
Staer 23,xandru iacovache,bucurești neatribuit,bucurești neatribuit,bucurești,1
Staer 23,xandru iacovache,sector 5,sector 5,bucurești,1
Staer 23,xandru ioan cuza,tunari,—,ilfov,1
Staer 23,xandru ioan-cuza,bucurești neatribuit,bucurești neatribuit,bucurești,1
Staer 23,xandru moruzzi voievod,bucurești neatribuit,bucurești neatribuit,bucurești,1
Staer 23,xandru moruzzi voievod,sector 3,sector 3,bucurești,2
Staer 23,xandru obrejia,bucurești neatribuit,bucurești neatribuit,bucurești,1
Staer 23,xandru papiu ilarian,sector 3,sector 3,bucurești,1
Staer 23,xandru vlahuta,sector 3,sector 3,bucurești,1
Staer 23,zaganului,bucurești neatribuit,bucurești neatribuit,bucurești,1
Staer 23,zaganului,pantelimon,—,ilfov,1
Staer 23,zagreb,corbeanca,—,ilfov,1
Staer 23,zaharia carcalachi,sector 5,sector 5,bucurești,1
Staer 23,zambilelor,pantelimon,—,ilfov,1
Staer 23,zamfir olaru,sector 5,sector 5,bucurești,1
Staer 23,zanoaga,sector 4,sector 4,bucurești,1
Staer 23,zarnesti,sector 4,sector 4,bucurești,1
Staer 23,zbarcea,vidra - sat cretesti,—,ilfov,1
Staer 23,zebrei,sector 5,sector 5,bucurești,1
Staer 23,zece mese,bucurești neatribuit,bucurești neatribuit,bucurești,1
Staer 23,zefirului,bucurești neatribuit,bucurești neatribuit,bucurești,1
Staer 23,zefirului,domnești,—,ilfov,1
Staer 23,zemes,sector 3,sector 3,bucurești,4
Staer 23,zetari,sector 5,sector 5,bucurești,1
Staer 23,zinelor,berceni (ilfov),—,ilfov,3
Staer 23,zizin,sector 3,sector 3,bucurești,8
Staer 23,zorelelor,jilava,—,ilfov,1
Staer 23,zori de zi,sector 5,sector 5,bucurești,2
Staer 23,zorilor,popești-leordeni,—,ilfov,1
Staer 23,șoseaua alexandria,sector 5,sector 5,bucurești,1
Staer 23,șoseaua alexandriei,bragadiru,—,ilfov,2
Staer 23,șoseaua alexandriei,sector 5,sector 5,bucurești,4
Staer 23,șoseaua alexandrieinr195,bucurești neatribuit,bucurești neatribuit,bucurești,1
Staer 23,șoseaua andronache,sector 2,sector 2,bucurești,1
Staer 23,șoseaua antiaeriana,sector 5,sector 5,bucurești,2
Staer 23,șoseaua baku,afumați,—,ilfov,1
Staer 23,șoseaua banatului,chitila,—,ilfov,1
Staer 23,șoseaua berceni,popești-leordeni,—,ilfov,9
Staer 23,șoseaua berceni,sector 4,sector 4,bucurești,84
Staer 23,șoseaua bucuresti nord,voluntari–pipera,—,ilfov,5
Staer 23,șoseaua bucuresti targoviste,buftea,—,ilfov,1
Staer 23,șoseaua bucuresti-giurgiu,1 decembrie,—,ilfov,1
Staer 23,șoseaua bucuresti-targoviste,sector 1,sector 1,bucurești,1
Staer 23,șoseaua bucuresti-urziceni,afumați,—,ilfov,1
Staer 23,șoseaua bucurești-urziceni,afumați,—,ilfov,4
Staer 23,șoseaua centura,bucurești neatribuit,bucurești neatribuit,bucurești,1
Staer 23,șoseaua cernica,bucurești neatribuit,bucurești neatribuit,bucurești,1
Staer 23,șoseaua cernica,pantelimon,—,ilfov,6
Staer 23,șoseaua chitilei,bucurești neatribuit,bucurești neatribuit,bucurești,1
Staer 23,șoseaua chitilei,sector 1,sector 1,bucurești,8
Staer 23,șoseaua colentina,bucurești neatribuit,bucurești neatribuit,bucurești,14
Staer 23,șoseaua colentina,sector 2,sector 2,bucurești,21
Staer 23,șoseaua de centura,ștefăneștii de jos,—,ilfov,3
Staer 23,șoseaua dobroesti,sector 2,sector 2,bucurești,6
Staer 23,șoseaua dobroiesti,sector 2,sector 2,bucurești,4
Staer 23,șoseaua dragonului,bucurești neatribuit,bucurești neatribuit,bucurești,1
Staer 23,șoseaua dudesti-pantelimon,sector 3,sector 3,bucurești,6
Staer 23,șoseaua eaua alexandria 7,sector 5,sector 5,bucurești,1
Staer 23,șoseaua eaua lordeni,popești-leordeni,—,ilfov,1
Staer 23,șoseaua eaua pantelimon 256,sector 2,sector 2,bucurești,1
Staer 23,șoseaua eaua.vergului nr65 bl17scg etaj2.ap246 int246,bucurești neatribuit,bucurești neatribuit,bucurești,1
Staer 23,șoseaua eroilor,moara vlăsiei,—,ilfov,1
Staer 23,șoseaua fabrica de chibrituri,sector 5,sector 5,bucurești,2
Staer 23,șoseaua fabrica de glucoză,sector 1,sector 1,bucurești,2
Staer 23,șoseaua fabrica de glucoză,sector 2,sector 2,bucurești,2
Staer 23,șoseaua fundeni,sector 2,sector 2,bucurești,19
Staer 23,șoseaua gheorghe ionescu sisesti,sector 1,sector 1,bucurești,2
Staer 23,șoseaua ghermanesti,ghermănești,—,ilfov,1
Staer 23,șoseaua giurgiului,1 decembrie,—,ilfov,5
Staer 23,șoseaua giurgiului,bucurești neatribuit,bucurești neatribuit,bucurești,36
Staer 23,șoseaua giurgiului,jilava,—,ilfov,18
Staer 23,șoseaua giurgiului,sector 4,sector 4,bucurești,58
Staer 23,șoseaua giurgiului,sector 5,sector 5,bucurești,2
Staer 23,șoseaua giurgiuui,sector 4,sector 4,bucurești,1
Staer 23,șoseaua gruiu snagov,gruiu,—,ilfov,1
Staer 23,șoseaua iancului,bucurești neatribuit,bucurești neatribuit,bucurești,3
Staer 23,șoseaua iancului,sector 2,sector 2,bucurești,6
Staer 23,șoseaua iancului(inr din magura vulturului),bucurești neatribuit,bucurești neatribuit,bucurești,1
Staer 23,șoseaua leordeni,popești-leordeni,—,ilfov,10
Staer 23,șoseaua linia de centura,ștefăneștii de jos,—,ilfov,1
Staer 23,șoseaua mihai bravu,bucurești neatribuit,bucurești neatribuit,bucurești,4
Staer 23,șoseaua mihai bravu,sector 2,sector 2,bucurești,12
Staer 23,șoseaua mihai bravu,sector 3,sector 3,bucurești,18
Staer 23,șoseaua mihai bravu- global residence,sector 3,sector 3,bucurești,2
Staer 23,șoseaua morarilor,sector 2,sector 2,bucurești,9
Staer 23,șoseaua nicolae titulescu,sector 1,sector 1,bucurești,1
Staer 23,șoseaua nordului,sector 1,sector 1,bucurești,1
Staer 23,șoseaua odai,sector 1,sector 1,bucurești,1
Staer 23,șoseaua oltenietei,sector 4,sector 4,bucurești,1
Staer 23,șoseaua oltenirei,sector 4,sector 4,bucurești,1
Staer 23,șoseaua oltenita,sector 4,sector 4,bucurești,1
Staer 23,șoseaua oltenitei,popești-leordeni,—,ilfov,61
Staer 23,șoseaua oltenitei- gama residence,popești-leordeni,—,ilfov,1
Staer 23,șoseaua olteniței,sector 4,sector 4,bucurești,163
Staer 23,șoseaua oltetitei,sector 4,sector 4,bucurești,1
Staer 23,șoseaua oltului,buftea,—,ilfov,1
Staer 23,șoseaua orhideelor,sector 1,sector 1,bucurești,1
Staer 23,șoseaua pantelimon,bucurești neatribuit,bucurești neatribuit,bucurești,23
Staer 23,șoseaua pantelimon,sector 2,sector 2,bucurești,45
Staer 23,șoseaua pantelimon,sector 3,sector 3,bucurești,1
Staer 23,șoseaua pantelimon s2,bucurești neatribuit,bucurești neatribuit,bucurești,1
Staer 23,șoseaua pantelimon/citta rezidence,sector 2,sector 2,bucurești,1
Staer 23,șoseaua pantelion,sector 2,sector 2,bucurești,1
Staer 23,șoseaua patelimon,sector 2,sector 2,bucurești,1
Staer 23,șoseaua pavel dimitrievici kiseleff,bucurești neatribuit,bucurești neatribuit,bucurești,1
Staer 23,șoseaua pipera,sector 1,sector 1,bucurești,2
Staer 23,șoseaua pipera,sector 2,sector 2,bucurești,2
Staer 23,șoseaua pipera,voluntari–pipera,—,ilfov,2
Staer 23,șoseaua popesti leordeni,bucurești neatribuit,bucurești neatribuit,bucurești,1
Staer 23,șoseaua postei,posta,—,ilfov,1
Staer 23,șoseaua principala,copaceni,—,ilfov,9
Staer 23,șoseaua salaj,bucurești neatribuit,bucurești neatribuit,bucurești,5
Staer 23,șoseaua salaj,sector 4,sector 4,bucurești,2
Staer 23,șoseaua salaj,sector 5,sector 5,bucurești,29
Staer 23,șoseaua tudor vladimirescu,domnești,—,ilfov,1
Staer 23,șoseaua unirii,tamasi,—,ilfov,2
Staer 23,șoseaua vergukui,sector 2,sector 2,bucurești,1
Staer 23,șoseaua vergului,sector 2,sector 2,bucurești,6
Staer 23,șoseaua viilor,sector 5,sector 5,bucurești,7
Staer 23,șoseaua virtuții,sector 6,sector 6,bucurești,3
Staer 23,șoseaua vitan barzesti,bucurești neatribuit,bucurești neatribuit,bucurești,3
Staer 23,șoseaua vitan barzesti,sector 4,sector 4,bucurești,11
Staer 23,șoseaua ștefan cel mare,bucurești neatribuit,bucurești neatribuit,bucurești,1
Staer 23,șoseaua ștefan cel mare,sector 2,sector 2,bucurești,13
Staer 7,1,sector 1,sector 1,bucurești,1
Staer 7,1 decembie 1918,sector 3,sector 3,bucurești,1
Staer 7,1 decembrie,tunari,—,ilfov,5
Staer 7,1 decembrie 1918,chiajna–roșu–dudu,—,ilfov,1
Staer 7,1 decembrie 1918,darasti,—,ilfov,1
Staer 7,1 dfecembrie,bucurești neatribuit,bucurești neatribuit,bucurești,1
Staer 7,1 mai,chitila,—,ilfov,1
Staer 7,1 mai,otopeni,—,ilfov,2
Staer 7,13 sptembrie,sector 5,sector 5,bucurești,1
Staer 7,14,1 dec-gryn-city,—,ilfov,1
Staer 7,16 februarie,sector 1,sector 1,bucurești,1
Staer 7,1864,chiajna–roșu–dudu,—,ilfov,1
Staer 7,19,bucurești neatribuit,bucurești neatribuit,bucurești,2
Staer 7,1decembrie,tunari,—,ilfov,1
Staer 7,1decembrie 1918,bucurești neatribuit,bucurești neatribuit,bucurești,1
Staer 7,1decembrie 1918,sector 3,sector 3,bucurești,1
Staer 7,22 decembrie,tunari,—,ilfov,1
Staer 7,23 august,bucurești neatribuit,bucurești neatribuit,bucurești,1
Staer 7,23 august,jilava,—,ilfov,1
Staer 7,23 august,otopeni,—,ilfov,3
Staer 7,23august,bucurești neatribuit,bucurești neatribuit,bucurești,1
Staer 7,24,ștefăneștii de jos,—,ilfov,1
Staer 7,3 august,bucurești neatribuit,bucurești neatribuit,bucurești,1
Staer 7,35-37,bucurești neatribuit,bucurești neatribuit,bucurești,1
Staer 7,6,bucurești neatribuit,bucurești neatribuit,bucurești,1
Staer 7,72,bucurești neatribuit,bucurești neatribuit,bucurești,1
Staer 7,7drumuri,bucurești neatribuit,bucurești neatribuit,bucurești,1
Staer 7,8,bucurești neatribuit,bucurești neatribuit,bucurești,1
Staer 7,8 martie,bucurești neatribuit,bucurești neatribuit,bucurești,1
Staer 7,9,bucurești neatribuit,bucurești neatribuit,bucurești,1
Staer 7,9 mai,tunari,—,ilfov,1
Staer 7,a.i cuza,voluntari–pipera,—,ilfov,1
Staer 7,a;e. topoloveni,sector 6,sector 6,bucurești,1
Staer 7,abanosului,bucurești neatribuit,bucurești neatribuit,bucurești,1
Staer 7,abanosului,sector 2,sector 2,bucurești,2
Staer 7,abrud,sector 1,sector 1,bucurești,3
Staer 7,abuna,sector 1,sector 1,bucurești,1
Staer 7,actiunii,sector 4,sector 4,bucurești,1
Staer 7,acvilei,bucurești neatribuit,bucurești neatribuit,bucurești,1
Staer 7,aeroportului,cornetu,—,ilfov,1
Staer 7,afluentului,sector 1,sector 1,bucurești,1
Staer 7,agatha barsescu,sector 3,sector 3,bucurești,3
Staer 7,aghata birsescu,sector 3,sector 3,bucurești,1
Staer 7,agnita,sector 6,sector 6,bucurești,1
Staer 7,agricultor,sector 2,sector 2,bucurești,1
Staer 7,agricultori,brănești,—,ilfov,1
Staer 7,aiu unirii,bucurești neatribuit,bucurești neatribuit,bucurești,1
Staer 7,aiud,bucurești neatribuit,bucurești neatribuit,bucurești,1
Staer 7,ajustorului,sector 6,sector 6,bucurești,6
Staer 7,al compozitorilor,sector 6,sector 6,bucurești,1
Staer 7,al lunca siretului,bucurești neatribuit,bucurești neatribuit,bucurești,1
Staer 7,al. circului,bucurești neatribuit,bucurești neatribuit,bucurești,1
Staer 7,al. vlahuta,voluntari–pipera,—,ilfov,1
Staer 7,al.vlahuta,bucurești neatribuit,bucurești neatribuit,bucurești,1
Staer 7,al.vlahuta,sector 3,sector 3,bucurești,1
Staer 7,albastrelelor,afumați,—,ilfov,2
Staer 7,albastrelelor,dragomirești,—,ilfov,1
Staer 7,albastrelelor,ștefăneștii de jos,—,ilfov,1
Staer 7,albatrelelor,ștefăneștii de jos,—,ilfov,1
Staer 7,albatros,berceni (ilfov),—,ilfov,1
Staer 7,albatrosului,bucurești neatribuit,bucurești neatribuit,bucurești,1
Staer 7,albatrosului,sector 2,sector 2,bucurești,1
Staer 7,albinelor,sector 4,sector 4,bucurești,1
Staer 7,aleea a calarasilor,bucurești neatribuit,bucurești neatribuit,bucurești,1
Staer 7,aleea a nuicilor,voluntari–pipera,—,ilfov,1
Staer 7,aleea adrian carstea,sector 3,sector 3,bucurești,2
Staer 7,aleea aduintei,bucurești neatribuit,bucurești neatribuit,bucurești,3
Staer 7,aleea aliorului,sector 4,sector 4,bucurești,1
Staer 7,aleea andronache,sector 2,sector 2,bucurești,3
Staer 7,aleea apostol margarit,bucurești neatribuit,bucurești neatribuit,bucurești,1
Staer 7,aleea ardealului,voluntari–pipera,—,ilfov,5
Staer 7,aleea arh. petre antonescu,sector 2,sector 2,bucurești,9
Staer 7,aleea arubium,sector 2,sector 2,bucurești,2
Staer 7,aleea avrig,bucurești neatribuit,bucurești neatribuit,bucurești,9
Staer 7,aleea avrig,sector 2,sector 2,bucurești,11
Staer 7,aleea baia de aries,sector 6,sector 6,bucurești,1
Staer 7,aleea baiut,sector 6,sector 6,bucurești,2
Staer 7,aleea banu udrea,sector 3,sector 3,bucurești,3
Staer 7,aleea barajul bicaz,sector 3,sector 3,bucurești,4
Staer 7,aleea barajul bistrita,sector 3,sector 3,bucurești,3
Staer 7,aleea barajul cucuteni,sector 3,sector 3,bucurești,3
Staer 7,aleea barajul rovinari,sector 3,sector 3,bucurești,2
Staer 7,aleea bistricioara,sector 2,sector 2,bucurești,6
Staer 7,aleea brasoveni,sector 2,sector 2,bucurești,11
Staer 7,aleea buhusi,sector 3,sector 3,bucurești,5
Staer 7,aleea c-tin sandu aldea,sector 1,sector 1,bucurești,1
Staer 7,aleea calnau,bucurești neatribuit,bucurești neatribuit,bucurești,2
Staer 7,aleea cetatea veche,sector 4,sector 4,bucurești,6
Staer 7,aleea cimpul mosilor,sector 2,sector 2,bucurești,2
Staer 7,aleea ciucea,sector 3,sector 3,bucurești,8
Staer 7,aleea codri neamtului,bucurești neatribuit,bucurești neatribuit,bucurești,1
Staer 7,aleea codri neamtului,sector 3,sector 3,bucurești,1
Staer 7,aleea codrii neamtului,bucurești neatribuit,bucurești neatribuit,bucurești,3
Staer 7,aleea codrii neamtului,sector 3,sector 3,bucurești,4
Staer 7,aleea covasna,sector 4,sector 4,bucurești,11
Staer 7,aleea cricovul dulce,sector 4,sector 4,bucurești,2
Staer 7,aleea dealul macinului,sector 6,sector 6,bucurești,2
Staer 7,aleea diham,sector 2,sector 2,bucurești,10
Staer 7,aleea dolina,sector 4,sector 4,bucurești,1
Staer 7,aleea dragos mladinovici,sector 4,sector 4,bucurești,1
Staer 7,aleea dumbrava noua,sector 5,sector 5,bucurești,4
Staer 7,aleea e.moldovitei,bucurești neatribuit,bucurești neatribuit,bucurești,1
Staer 7,aleea ea adjud,bucurești neatribuit,bucurești neatribuit,bucurești,1
Staer 7,aleea ea adrian cirstea,sector 3,sector 3,bucurești,1
Staer 7,aleea ea agigea,sector 6,sector 6,bucurești,2
Staer 7,aleea ea argedava,sector 2,sector 2,bucurești,5
Staer 7,aleea ea ariesul mare,bucurești neatribuit,bucurești neatribuit,bucurești,1
Staer 7,aleea ea baiculesti,sector 1,sector 1,bucurești,1
Staer 7,aleea ea baraj bicaz,bucurești neatribuit,bucurești neatribuit,bucurești,1
Staer 7,aleea ea barajul,bucurești neatribuit,bucurești neatribuit,bucurești,1
Staer 7,aleea ea barajul bistriței,sector 3,sector 3,bucurești,3
Staer 7,aleea ea barajul dunarii,bucurești neatribuit,bucurești neatribuit,bucurești,2
Staer 7,aleea ea barajul dunarii,sector 3,sector 3,bucurești,2
Staer 7,aleea ea barajul lotru,sector 3,sector 3,bucurești,5
Staer 7,aleea ea barajul sadului,sector 3,sector 3,bucurești,8
Staer 7,aleea ea barajului rovinari,bucurești neatribuit,bucurești neatribuit,bucurești,1
Staer 7,aleea ea borcea,sector 4,sector 4,bucurești,2
Staer 7,aleea ea boteni,sector 6,sector 6,bucurești,1
Staer 7,aleea ea botorani,sector 5,sector 5,bucurești,2
Staer 7,aleea ea botta emil,bucurești neatribuit,bucurești neatribuit,bucurești,1
Staer 7,aleea ea bran,bucurești neatribuit,bucurești neatribuit,bucurești,1
Staer 7,aleea ea budacu,bucurești neatribuit,bucurești neatribuit,bucurești,1
Staer 7,aleea ea calatis,sector 6,sector 6,bucurești,1
Staer 7,aleea ea calinesti,sector 4,sector 4,bucurești,2
Staer 7,aleea ea calistrat cogas,bucurești neatribuit,bucurești neatribuit,bucurești,1
Staer 7,aleea ea calistrat hogas,sector 3,sector 3,bucurești,3
Staer 7,aleea ea campul cu flori,sector 6,sector 6,bucurești,4
Staer 7,aleea ea campul cu maci,corbeanca,—,ilfov,1
Staer 7,aleea ea campului,buftea,—,ilfov,1
Staer 7,aleea ea canau,bucurești neatribuit,bucurești neatribuit,bucurești,1
Staer 7,aleea ea centurii,sector 6,sector 6,bucurești,1
Staer 7,aleea ea cetatuia,bucurești neatribuit,bucurești neatribuit,bucurești,3
Staer 7,aleea ea cetatuia,sector 6,sector 6,bucurești,1
Staer 7,aleea ea ciceu,sector 4,sector 4,bucurești,1
Staer 7,aleea ea cioflea,bucurești neatribuit,bucurești neatribuit,bucurești,1
Staer 7,aleea ea cioplea,sector 3,sector 3,bucurești,3
Staer 7,aleea ea circului,sector 2,sector 2,bucurești,3
Staer 7,aleea ea cislau,sector 2,sector 2,bucurești,9
Staer 7,aleea ea codlea,bucurești neatribuit,bucurești neatribuit,bucurești,1
Staer 7,aleea ea compozitorilor,sector 6,sector 6,bucurești,1
Staer 7,aleea ea cozia,sector 2,sector 2,bucurești,2
Staer 7,aleea ea craiesti,sector 6,sector 6,bucurești,1
Staer 7,aleea ea cricovul sarat,sector 4,sector 4,bucurești,2
Staer 7,aleea ea cumidava,sector 2,sector 2,bucurești,2
Staer 7,aleea ea câmpul mosilor,bucurești neatribuit,bucurești neatribuit,bucurești,1
Staer 7,aleea ea câmpul mosilor,sector 2,sector 2,bucurești,1
Staer 7,aleea ea deda,bucurești neatribuit,bucurești neatribuit,bucurești,1
Staer 7,aleea ea deleni,sector 2,sector 2,bucurești,1
Staer 7,aleea ea dobrina,sector 2,sector 2,bucurești,15
Staer 7,aleea ea donea d. alexandra,sector 4,sector 4,bucurești,1
Staer 7,aleea ea dumbravita,sector 6,sector 6,bucurești,1
Staer 7,aleea ea fetesti,sector 3,sector 3,bucurești,1
Staer 7,aleea ea florin ciungan,sector 3,sector 3,bucurești,2
Staer 7,aleea ea fruntas c-tin tudor,bucurești neatribuit,bucurești neatribuit,bucurești,1
Staer 7,aleea ea gardenia,bucurești neatribuit,bucurești neatribuit,bucurești,1
Staer 7,aleea ea giurgeni,sector 3,sector 3,bucurești,6
Staer 7,aleea ea giurgiului,sector 5,sector 5,bucurești,1
Staer 7,aleea ea hobita,sector 2,sector 2,bucurești,2
Staer 7,aleea ea ion agarbiceanu,sector 3,sector 3,bucurești,8
Staer 7,aleea ea ion agirbiceanu,sector 3,sector 3,bucurești,1
Staer 7,aleea ea istru,sector 6,sector 6,bucurești,1
Staer 7,aleea ea lacului,dobroești,—,ilfov,2
Staer 7,aleea ea leceni,bucurești neatribuit,bucurești neatribuit,bucurești,1
Staer 7,aleea ea leonta,sector 3,sector 3,bucurești,1
Staer 7,aleea ea luceafarul,săftica,—,ilfov,1
Staer 7,aleea ea lunca cernei,sector 6,sector 6,bucurești,1
Staer 7,aleea ea luncsoarei,sector 2,sector 2,bucurești,1
Staer 7,aleea ea lungsoara,bucurești neatribuit,bucurești neatribuit,bucurești,1
Staer 7,aleea ea lunguletii,bucurești neatribuit,bucurești neatribuit,bucurești,1
Staer 7,aleea ea lunguletu,sector 2,sector 2,bucurești,1
Staer 7,aleea ea mizil,sector 3,sector 3,bucurești,11
Staer 7,aleea ea moldovita,sector 4,sector 4,bucurești,3
Staer 7,aleea ea morii,jilava,—,ilfov,1
Staer 7,aleea ea morilor,jilava,—,ilfov,1
Staer 7,aleea ea mostistea,sector 3,sector 3,bucurești,2
Staer 7,aleea ea nucilot,buftea,—,ilfov,1
Staer 7,aleea ea parva,sector 6,sector 6,bucurești,2
Staer 7,aleea ea platanului,sector 5,sector 5,bucurești,2
Staer 7,aleea ea poarta alba,sector 6,sector 6,bucurești,2
Staer 7,aleea ea poarta sarutului,sector 6,sector 6,bucurești,2
Staer 7,aleea ea poiana cu aluni,bucurești neatribuit,bucurești neatribuit,bucurești,1
Staer 7,aleea ea postavarului,sector 3,sector 3,bucurești,1
Staer 7,aleea ea primariei,săftica,—,ilfov,1
Staer 7,aleea ea privighetorilor,sector 1,sector 1,bucurești,2
Staer 7,aleea ea radaseni,sector 5,sector 5,bucurești,1
Staer 7,aleea ea ramnicu valcea,sector 3,sector 3,bucurești,1
Staer 7,aleea ea reșița a,sector 4,sector 4,bucurești,1
Staer 7,aleea ea salaj,sector 5,sector 5,bucurești,1
Staer 7,aleea ea scolarilor,bucurești neatribuit,bucurești neatribuit,bucurești,1
Staer 7,aleea ea scolarilor,sector 3,sector 3,bucurești,1
Staer 7,aleea ea secuilor,sector 4,sector 4,bucurești,1
Staer 7,aleea ea sinaia,sector 2,sector 2,bucurești,9
Staer 7,aleea ea solidaritatii,sector 3,sector 3,bucurești,1
Staer 7,aleea ea somesul mic,sector 4,sector 4,bucurești,1
Staer 7,aleea ea somesul rece,bucurești neatribuit,bucurești neatribuit,bucurești,1
Staer 7,aleea ea somesul rece,sector 1,sector 1,bucurești,2
Staer 7,aleea ea staila,bucurești neatribuit,bucurești neatribuit,bucurești,1
Staer 7,aleea ea stanila,bucurești neatribuit,bucurești neatribuit,bucurești,1
Staer 7,aleea ea stanila,sector 3,sector 3,bucurești,1
Staer 7,aleea ea suraia,sector 3,sector 3,bucurești,1
Staer 7,aleea ea tandarei,sector 3,sector 3,bucurești,1
Staer 7,aleea ea teisani,sector 1,sector 1,bucurești,1
Staer 7,aleea ea teiul doamnei,sector 2,sector 2,bucurești,5
Staer 7,aleea ea tibiscum,bucurești neatribuit,bucurești neatribuit,bucurești,1
Staer 7,aleea ea tomesti,sector 4,sector 4,bucurești,3
Staer 7,aleea ea topoloveni,sector 6,sector 6,bucurești,1
Staer 7,aleea ea trestiana,sector 4,sector 4,bucurești,1
Staer 7,aleea ea tripolii,bucurești neatribuit,bucurești neatribuit,bucurești,1
Staer 7,aleea ea uioara,sector 4,sector 4,bucurești,2
Staer 7,aleea ea valea florilor,sector 6,sector 6,bucurești,3
Staer 7,aleea ea valea tricovului,bucurești neatribuit,bucurești neatribuit,bucurești,1
Staer 7,aleea ea vergului,sector 2,sector 2,bucurești,3
Staer 7,aleea ea veronica,tamasi,—,ilfov,1
Staer 7,aleea ea zarandului,sector 2,sector 2,bucurești,1
Staer 7,aleea emanoil buteica,sector 3,sector 3,bucurești,1
Staer 7,aleea emil bota,sector 3,sector 3,bucurești,1
Staer 7,aleea emil botta,bucurești neatribuit,bucurești neatribuit,bucurești,1
Staer 7,aleea emil botta,sector 3,sector 3,bucurești,1
Staer 7,aleea emil racovita,sector 4,sector 4,bucurești,11
Staer 7,aleea erou george cristian stanciu,sector 5,sector 5,bucurești,1
Staer 7,aleea fizicienilor,sector 3,sector 3,bucurești,14
Staer 7,aleea florilor,bucurești neatribuit,bucurești neatribuit,bucurești,1
Staer 7,aleea florilor,sector 6,sector 6,bucurești,1
Staer 7,aleea florin ciunga,bucurești neatribuit,bucurești neatribuit,bucurești,1
Staer 7,aleea fuiorului,sector 3,sector 3,bucurești,1
Staer 7,aleea garii,jilava,—,ilfov,9
Staer 7,aleea garii pantelimon,voluntari–pipera,—,ilfov,1
Staer 7,aleea ghirlandei,sector 6,sector 6,bucurești,5
Staer 7,aleea gornesti,sector 4,sector 4,bucurești,1
Staer 7,aleea gradinii,bucurești neatribuit,bucurești neatribuit,bucurești,1
Staer 7,aleea huedin,sector 4,sector 4,bucurești,9
Staer 7,aleea iosif hodos,sector 3,sector 3,bucurești,2
Staer 7,aleea iris,balotești,—,ilfov,1
Staer 7,aleea izvorul oltului,sector 4,sector 4,bucurești,5
Staer 7,aleea lacramioarei,sector 3,sector 3,bucurești,1
Staer 7,aleea lacului,sector 2,sector 2,bucurești,2
Staer 7,aleea lamotesti,sector 4,sector 4,bucurești,1
Staer 7,aleea leorda,sector 3,sector 3,bucurești,2
Staer 7,aleea lunca bradului,sector 3,sector 3,bucurești,3
Staer 7,aleea luncsoara,sector 2,sector 2,bucurești,7
Staer 7,aleea lunguetu,sector 3,sector 3,bucurești,1
Staer 7,aleea magura vulturului,sector 2,sector 2,bucurești,6
Staer 7,aleea meseriasilor,sector 6,sector 6,bucurești,1
Staer 7,aleea mirea mioara luiza,sector 4,sector 4,bucurești,1
Staer 7,aleea mozaicului,bucurești neatribuit,bucurești neatribuit,bucurești,3
Staer 7,aleea mozaicului,sector 2,sector 2,bucurești,4
Staer 7,aleea mozaicului,sector 3,sector 3,bucurești,1
Staer 7,aleea nucilor,voluntari–pipera,—,ilfov,1
Staer 7,aleea onisifor ghibu,sector 3,sector 3,bucurești,1
Staer 7,aleea otesani,sector 2,sector 2,bucurești,9
Staer 7,aleea padurea craiului,sector 3,sector 3,bucurești,2
Staer 7,aleea pantelimon,bucurești neatribuit,bucurești neatribuit,bucurești,1
Staer 7,aleea pantelimon,sector 2,sector 2,bucurești,1
Staer 7,aleea pascani,sector 6,sector 6,bucurești,3
Staer 7,aleea patulului,sector 3,sector 3,bucurești,5
Staer 7,aleea petre antonescu,sector 2,sector 2,bucurești,9
Staer 7,aleea piata mare,bucurești neatribuit,bucurești neatribuit,bucurești,1
Staer 7,aleea piatra mare,sector 2,sector 2,bucurești,8
Staer 7,aleea podul giurgiului,bucurești neatribuit,bucurești neatribuit,bucurești,1
Staer 7,aleea podul giurgiului,sector 6,sector 6,bucurești,1
Staer 7,aleea poiana mare,sector 6,sector 6,bucurești,1
Staer 7,aleea politehnicii,sector 6,sector 6,bucurești,1
Staer 7,aleea posada,sector 5,sector 5,bucurești,1
Staer 7,aleea postavarul,sector 3,sector 3,bucurești,4
Staer 7,aleea prahovei,bucurești neatribuit,bucurești neatribuit,bucurești,1
Staer 7,aleea prevederii,sector 3,sector 3,bucurești,10
Staer 7,aleea ramnicul valcea,sector 3,sector 3,bucurești,1
Staer 7,aleea rasinari,sector 3,sector 3,bucurești,1
Staer 7,aleea raul doamnei,sector 6,sector 6,bucurești,3
Staer 7,aleea resita,bucurești neatribuit,bucurești neatribuit,bucurești,3
Staer 7,aleea resita,sector 2,sector 2,bucurești,1
Staer 7,aleea rezervelor,sector 6,sector 6,bucurești,1
Staer 7,aleea riul sadului,bucurești neatribuit,bucurești neatribuit,bucurești,1
Staer 7,aleea rotunda,sector 3,sector 3,bucurești,8
Staer 7,aleea sandulesti,sector 6,sector 6,bucurești,1
Staer 7,aleea sd,sector 6,sector 6,bucurești,1
Staer 7,aleea sg maj emil holut,sector 4,sector 4,bucurești,1
Staer 7,aleea slatioara,sector 4,sector 4,bucurești,2
Staer 7,aleea socului,sector 2,sector 2,bucurești,3
Staer 7,aleea sold. nicolae barbu,bucurești neatribuit,bucurești neatribuit,bucurești,1
Staer 7,aleea sold.barbu nicolae,bucurești neatribuit,bucurești neatribuit,bucurești,2
Staer 7,aleea soldat barbu nicolae,sector 4,sector 4,bucurești,1
Staer 7,aleea somesul cald,sector 4,sector 4,bucurești,3
Staer 7,aleea terasei,sector 4,sector 4,bucurești,6
Staer 7,aleea tibistum,sector 2,sector 2,bucurești,1
Staer 7,aleea timisul de jos,sector 6,sector 6,bucurești,1
Staer 7,aleea tincani,sector 6,sector 6,bucurești,2
Staer 7,aleea tohani,sector 4,sector 4,bucurești,2
Staer 7,aleea urucu adrian,sector 4,sector 4,bucurești,1
Staer 7,aleea valea calugareasca,sector 6,sector 6,bucurești,3
Staer 7,aleea valea rosie,sector 6,sector 6,bucurești,2
Staer 7,aleea vasile goldis,sector 3,sector 3,bucurești,3
Staer 7,aleea vlahita,sector 3,sector 3,bucurești,2
Staer 7,aleea xandru moruzzi,sector 3,sector 3,bucurești,1
Staer 7,aleea zavideni,sector 3,sector 3,bucurești,2
Staer 7,all fruntas constantin tudor,bucurești neatribuit,bucurești neatribuit,bucurești,1
Staer 7,almasu mic,sector 4,sector 4,bucurești,1
Staer 7,almasul mare,sector 4,sector 4,bucurești,1
Staer 7,alpilor,bucurești neatribuit,bucurești neatribuit,bucurești,1
Staer 7,alunelului,bucurești neatribuit,bucurești neatribuit,bucurești,1
Staer 7,alunelului,sector 3,sector 3,bucurești,1
Staer 7,alunulu1,bucurești neatribuit,bucurești neatribuit,bucurești,1
Staer 7,alunului,afumați,—,ilfov,1
Staer 7,alunului,bragadiru,—,ilfov,1
Staer 7,alunului,bucurești neatribuit,bucurești neatribuit,bucurești,1
Staer 7,alunului,mogoșoaia,—,ilfov,1
Staer 7,amilcar c sandulescu,sector 6,sector 6,bucurești,1
Staer 7,amiral murgescu,sector 2,sector 2,bucurești,1
Staer 7,amman,bucurești neatribuit,bucurești neatribuit,bucurești,1
Staer 7,ana ipatescu,voluntari–pipera,—,ilfov,4
Staer 7,anastasie panu,sector 3,sector 3,bucurești,5
Staer 7,andrei barsanu,bucurești neatribuit,bucurești neatribuit,bucurești,1
Staer 7,andrei muresan,voluntari–pipera,—,ilfov,1
Staer 7,andrei muresanu,voluntari–pipera,—,ilfov,1
Staer 7,andrei mureseanu,voluntari–pipera,—,ilfov,1
Staer 7,andrei popovici,bucurești neatribuit,bucurești neatribuit,bucurești,1
Staer 7,andronache,sector 2,sector 2,bucurești,5
Staer 7,aninului,bucurești neatribuit,bucurești neatribuit,bucurești,1
Staer 7,ansamblul rezidential class,voluntari–pipera,—,ilfov,1
Staer 7,antim ivireanul,snagov,—,ilfov,1
Staer 7,anton bacalbasa,sector 4,sector 4,bucurești,6
Staer 7,anton pan,bucurești neatribuit,bucurești neatribuit,bucurești,1
Staer 7,anton pan,voluntari–pipera,—,ilfov,1
Staer 7,anton pann,bucurești neatribuit,bucurești neatribuit,bucurești,2
Staer 7,anton pann,voluntari–pipera,—,ilfov,2
Staer 7,apeductului,chiajna–roșu–dudu,—,ilfov,1
Staer 7,apostol nicolae,sector 2,sector 2,bucurești,6
Staer 7,apusului,corbeanca,—,ilfov,1
Staer 7,apusului,dascălu,—,ilfov,2
Staer 7,apusului,popești-leordeni,—,ilfov,1
Staer 7,apusului,sector 6,sector 6,bucurești,4
Staer 7,arad,brănești,—,ilfov,1
Staer 7,arasi,pod europa,—,ilfov,1
Staer 7,arasi,voluntari–pipera,—,ilfov,6
Staer 7,arbustului,sector 2,sector 2,bucurești,1
Staer 7,arcadiei,sector 4,sector 4,bucurești,1
Staer 7,arcului,bucurești neatribuit,bucurești neatribuit,bucurești,1
Staer 7,argesului,clinceni,—,ilfov,1
Staer 7,argustului,bucurești neatribuit,bucurești neatribuit,bucurești,1
Staer 7,arh ion berindei,sector 2,sector 2,bucurești,8
Staer 7,arh ionescu grigores,bucurești neatribuit,bucurești neatribuit,bucurești,1
Staer 7,arh petre antonesc,bucurești neatribuit,bucurești neatribuit,bucurești,1
Staer 7,arh. harjeu,sector 3,sector 3,bucurești,1
Staer 7,arh. ionescu,bucurești neatribuit,bucurești neatribuit,bucurești,1
Staer 7,arh.ionescu grigore,sector 2,sector 2,bucurești,7
Staer 7,arhitect grigore ionescu,sector 2,sector 2,bucurești,1
Staer 7,arhitect ion berindei,bucurești neatribuit,bucurești neatribuit,bucurești,1
Staer 7,arhitect ion berindei,sector 2,sector 2,bucurești,1
Staer 7,arhitect petre antonescu,sector 2,sector 2,bucurești,3
Staer 7,aries,bucurești neatribuit,bucurești neatribuit,bucurești,1
Staer 7,ariesi,bucurești neatribuit,bucurești neatribuit,bucurești,1
Staer 7,aripilor,sector 1,sector 1,bucurești,1
Staer 7,armatei,pantelimon,—,ilfov,1
Staer 7,armatei,sector 2,sector 2,bucurești,1
Staer 7,armeneasca,mogoșoaia,—,ilfov,1
Staer 7,armenis,bucurești neatribuit,bucurești neatribuit,bucurești,3
Staer 7,aron cotrus,sector 1,sector 1,bucurești,2
Staer 7,aron patrus,bucurești neatribuit,bucurești neatribuit,bucurești,1
Staer 7,aron pumnul,sector 4,sector 4,bucurești,1
Staer 7,atanasie enescu,sector 1,sector 1,bucurești,1
Staer 7,atanasie ionescu,bucurești neatribuit,bucurești neatribuit,bucurești,1
Staer 7,athanasie enescu,sector 1,sector 1,bucurești,1
Staer 7,atletilor,bucurești neatribuit,bucurești neatribuit,bucurești,2
Staer 7,atletilor,sector 2,sector 2,bucurești,1
Staer 7,aura buzescu,bucurești neatribuit,bucurești neatribuit,bucurești,1
Staer 7,aurel botea,bucurești neatribuit,bucurești neatribuit,bucurești,1
Staer 7,aurel vlaicu,tunari,—,ilfov,1
Staer 7,aurelian petre,bucurești neatribuit,bucurești neatribuit,bucurești,1
Staer 7,aurului,sector 2,sector 2,bucurești,5
Staer 7,austrului,sector 2,sector 2,bucurești,1
Staer 7,av poisteanu,bucurești neatribuit,bucurești neatribuit,bucurești,1
Staer 7,av stefan protopopescu,bucurești neatribuit,bucurești neatribuit,bucurești,1
Staer 7,av. tetrat,sector 2,sector 2,bucurești,1
Staer 7,av.alexandru serbanescu,sector 1,sector 1,bucurești,1
Staer 7,aviatiei,sector 1,sector 1,bucurești,1
Staer 7,aviator fuica,bucurești neatribuit,bucurești neatribuit,bucurești,1
Staer 7,aviator serbanescu,sector 1,sector 1,bucurești,1
Staer 7,aviator stefan protopopescu,bucurești neatribuit,bucurești neatribuit,bucurești,1
Staer 7,aviatorilor,berceni (ilfov),—,ilfov,1
Staer 7,aviatorilor,bucurești neatribuit,bucurești neatribuit,bucurești,1
Staer 7,avionului,sector 1,sector 1,bucurești,2
Staer 7,avram iancu,voluntari–pipera,—,ilfov,1
Staer 7,avrameni,sector 1,sector 1,bucurești,1
Staer 7,azotului,bucurești neatribuit,bucurești neatribuit,bucurești,1
Staer 7,azotului,sector 2,sector 2,bucurești,1
Staer 7,azuga,sector 2,sector 2,bucurești,2
Staer 7,b-ul timisoara,sector 6,sector 6,bucurești,1
Staer 7,baba novac,bucurești neatribuit,bucurești neatribuit,bucurești,7
Staer 7,baba novac,sector 3,sector 3,bucurești,6
Staer 7,babeni,bucurești neatribuit,bucurești neatribuit,bucurești,1
Staer 7,babesti,sector 6,sector 6,bucurești,2
Staer 7,bacalbasa,sector 4,sector 4,bucurești,1
Staer 7,bachus,bucurești neatribuit,bucurești neatribuit,bucurești,1
Staer 7,baciului,sector 5,sector 5,bucurești,2
Staer 7,bacu,afumați,—,ilfov,1
Staer 7,badea cartan,sector 2,sector 2,bucurești,2
Staer 7,baia de arama,bucurești neatribuit,bucurești neatribuit,bucurești,1
Staer 7,baia de arama,sector 2,sector 2,bucurești,1
Staer 7,baia mare,sector 3,sector 3,bucurești,3
Staer 7,baiculesti,sector 1,sector 1,bucurești,9
Staer 7,baicului,sector 2,sector 2,bucurești,16
Staer 7,baku,afumați,—,ilfov,1
Staer 7,baladei,sector 4,sector 4,bucurești,3
Staer 7,balcabasa,bucurești neatribuit,bucurești neatribuit,bucurești,1
Staer 7,balotului,bucurești neatribuit,bucurești neatribuit,bucurești,2
Staer 7,balta pasarea,tunari,—,ilfov,1
Staer 7,baltagului,sector 5,sector 5,bucurești,4
Staer 7,baltita,sector 4,sector 4,bucurești,4
Staer 7,banu manta,bucurești neatribuit,bucurești neatribuit,bucurești,1
Staer 7,banu nicolae,bucurești neatribuit,bucurești neatribuit,bucurești,5
Staer 7,banul antonache,sector 1,sector 1,bucurești,3
Staer 7,banul nicolae,sector 2,sector 2,bucurești,5
Staer 7,banul udrea,sector 3,sector 3,bucurești,3
Staer 7,barajul argesului,sector 1,sector 1,bucurești,1
Staer 7,barbat voievod,sector 2,sector 2,bucurești,2
Staer 7,barbu delavrancea,bucurești neatribuit,bucurești neatribuit,bucurești,2
Staer 7,barbu delavrancea,sector 1,sector 1,bucurești,1
Staer 7,barbu nicolae,bucurești neatribuit,bucurești neatribuit,bucurești,1
Staer 7,barbu vacarescu,sector 2,sector 2,bucurești,4
Staer 7,bardasului,bucurești neatribuit,bucurești neatribuit,bucurești,1
Staer 7,barometrului,sector 2,sector 2,bucurești,2
Staer 7,barsei,voluntari–pipera,—,ilfov,3
Staer 7,bauxitei,bucurești neatribuit,bucurești neatribuit,bucurești,1
Staer 7,becatei,bucurești neatribuit,bucurești neatribuit,bucurești,1
Staer 7,becatiei,sector 3,sector 3,bucurești,1
Staer 7,bedesti,bucurești neatribuit,bucurești neatribuit,bucurești,1
Staer 7,beiu constantin,bucurești neatribuit,bucurești neatribuit,bucurești,1
Staer 7,belgrad,otopeni,—,ilfov,1
Staer 7,belizarie,sector 1,sector 1,bucurești,3
Staer 7,belizario,sector 1,sector 1,bucurești,1
Staer 7,berzovia,sector 5,sector 5,bucurești,1
Staer 7,bihor,pantelimon,—,ilfov,2
Staer 7,bihorului,pantelimon,—,ilfov,1
Staer 7,binelui,afumați,—,ilfov,1
Staer 7,birca,sector 5,sector 5,bucurești,4
Staer 7,birnova,bucurești neatribuit,bucurești neatribuit,bucurești,2
Staer 7,birsei,pantelimon,—,ilfov,2
Staer 7,birsei,voluntari–pipera,—,ilfov,1
Staer 7,birzava,sector 2,sector 2,bucurești,1
Staer 7,biserica enei,sector 1,sector 1,bucurești,1
Staer 7,biserica pantelimon,sector 2,sector 2,bucurești,1
Staer 7,bisericii,chiajna–roșu–dudu,—,ilfov,1
Staer 7,bisericii,ciofliceni,—,ilfov,1
Staer 7,bisericii,otopeni,—,ilfov,1
Staer 7,bisericii,snagov,—,ilfov,1
Staer 7,bisericii,ștefăneștii de jos,—,ilfov,1
Staer 7,bizet georges,bucurești neatribuit,bucurești neatribuit,bucurești,1
Staer 7,boarov,sector 6,sector 6,bucurești,1
Staer 7,bobalna,pantelimon,—,ilfov,1
Staer 7,bodesti,sector 2,sector 2,bucurești,7
Staer 7,bogdan ghe tudor,sector 3,sector 3,bucurești,1
Staer 7,bogdan gheorghe tudor,bucurești neatribuit,bucurești neatribuit,bucurești,2
Staer 7,bogdan gheorghe tudor,sector 3,sector 3,bucurești,1
Staer 7,boja,bucurești neatribuit,bucurești neatribuit,bucurești,2
Staer 7,bojor alb,sector 2,sector 2,bucurești,1
Staer 7,borsec,afumați,—,ilfov,1
Staer 7,borsec,bucurești neatribuit,bucurești neatribuit,bucurești,1
Staer 7,bozieni,sector 6,sector 6,bucurești,1
Staer 7,bradesti,sector 2,sector 2,bucurești,1
Staer 7,brandusei,dascălu,—,ilfov,1
Staer 7,brandusei,pantelimon,—,ilfov,1
Staer 7,branduselor,bucurești neatribuit,bucurești neatribuit,bucurești,1
Staer 7,branduselor,ștefăneștii de jos,—,ilfov,1
Staer 7,brasov,ștefăneștii de jos,—,ilfov,2
Staer 7,breaza,sector 3,sector 3,bucurești,2
Staer 7,brebu,bucurești neatribuit,bucurești neatribuit,bucurești,3
Staer 7,brebu,sector 2,sector 2,bucurești,1
Staer 7,brumaritei,pantelimon,—,ilfov,1
Staer 7,bucegi,sector 1,sector 1,bucurești,2
Staer 7,bucegi,voluntari–pipera,—,ilfov,2
Staer 7,bucovina,sector 3,sector 3,bucurești,1
Staer 7,bucur,bucurești neatribuit,bucurești neatribuit,bucurești,1
Staer 7,bucuresti noi,sector 1,sector 1,bucurești,1
Staer 7,bucuresti nord,voluntari–pipera,—,ilfov,9
Staer 7,bucuresti nord 15 - 25,voluntari–pipera,—,ilfov,1
Staer 7,bucuresti-constanta,afumați,—,ilfov,1
Staer 7,bucuresti-urziceni,afumați,—,ilfov,1
Staer 7,bujorul alb,sector 2,sector 2,bucurești,1
Staer 7,bujorului,pantelimon,—,ilfov,1
Staer 7,bulevardul 1 decembrie,sector 3,sector 3,bucurești,3
Staer 7,bulevardul 1 decembrie 1918,bucurești neatribuit,bucurești neatribuit,bucurești,6
Staer 7,bulevardul 1 decembrie 1918,sector 2,sector 2,bucurești,1
Staer 7,bulevardul 1 decembrie 1918,sector 3,sector 3,bucurești,9
Staer 7,bulevardul 1 mai,berceni (ilfov),—,ilfov,2
Staer 7,bulevardul 1 mai,bucurești,—,ilfov,1
Staer 7,bulevardul 1 mai,sector 6,sector 6,bucurești,2
Staer 7,bulevardul 1mai,bucurești neatribuit,bucurești neatribuit,bucurești,1
Staer 7,bulevardul alexandru obregia,bucurești neatribuit,bucurești neatribuit,bucurești,2
Staer 7,bulevardul alexandru obregia,sector 4,sector 4,bucurești,7
Staer 7,bulevardul apicultorilor,sector 1,sector 1,bucurești,4
Staer 7,bulevardul atomistilor,măgurele,—,ilfov,3
Staer 7,bulevardul basarabia,bucurești neatribuit,bucurești neatribuit,bucurești,12
Staer 7,bulevardul basarabia,sector 2,sector 2,bucurești,8
Staer 7,bulevardul basarabia,sector 3,sector 3,bucurești,3
Staer 7,bulevardul basarabiei,sector 2,sector 2,bucurești,4
Staer 7,bulevardul biruintei,pantelimon,—,ilfov,2
Staer 7,bulevardul brancoveanu,sector 4,sector 4,bucurești,3
Staer 7,bulevardul bucureștii noi,sector 1,sector 1,bucurești,4
Staer 7,bulevardul burebista,sector 3,sector 3,bucurești,2
Staer 7,bulevardul c brancoveanu,sector 4,sector 4,bucurești,1
Staer 7,bulevardul c-tin brancoveanu,sector 4,sector 4,bucurești,3
Staer 7,bulevardul cami ressu,sector 3,sector 3,bucurești,1
Staer 7,bulevardul camil ressu,bucurești neatribuit,bucurești neatribuit,bucurești,13
Staer 7,bulevardul camil ressu,sector 3,sector 3,bucurești,16
Staer 7,bulevardul camil resu,sector 3,sector 3,bucurești,1
Staer 7,bulevardul carol,bucurești neatribuit,bucurești neatribuit,bucurești,1
Staer 7,bulevardul carol 1,bucurești neatribuit,bucurești neatribuit,bucurești,2
Staer 7,bulevardul carol i,bucurești neatribuit,bucurești neatribuit,bucurești,1
Staer 7,bulevardul ceahlaul,sector 6,sector 6,bucurești,1
Staer 7,bulevardul chișinău,sector 2,sector 2,bucurești,14
Staer 7,bulevardul constantin brâncoveanu,sector 4,sector 4,bucurești,4
Staer 7,bulevardul constitutiei,bucurești neatribuit,bucurești neatribuit,bucurești,1
Staer 7,bulevardul constructorilor,sector 6,sector 6,bucurești,3
Staer 7,bulevardul d 1 dec,bucurești neatribuit,bucurești neatribuit,bucurești,1
Staer 7,bulevardul d 1 decembrie1918,sector 3,sector 3,bucurești,1
Staer 7,bulevardul d panduri,bucurești neatribuit,bucurești neatribuit,bucurești,1
Staer 7,bulevardul dacia,sector 2,sector 2,bucurești,2
Staer 7,bulevardul decebal,sector 3,sector 3,bucurești,9
Staer 7,bulevardul dimitrie cantemir,bucurești neatribuit,bucurești neatribuit,bucurești,4
Staer 7,bulevardul dimitrie cantemir,sector 4,sector 4,bucurești,7
Staer 7,bulevardul dimitrie pompei,sector 2,sector 2,bucurești,2
Staer 7,bulevardul dinicu golescu,sector 1,sector 1,bucurești,3
Staer 7,bulevardul doamna ghica,sector 2,sector 2,bucurești,23
Staer 7,bulevardul drumul taberei,sector 6,sector 6,bucurești,2
Staer 7,bulevardul dunarii,voluntari–pipera,—,ilfov,4
Staer 7,bulevardul elisabeta,bucurești neatribuit,bucurești neatribuit,bucurești,1
Staer 7,bulevardul energeticienilor,sector 2,sector 2,bucurești,1
Staer 7,bulevardul eroilor,sector 2,sector 2,bucurești,1
Staer 7,bulevardul eroilor,voluntari–pipera,—,ilfov,3
Staer 7,bulevardul eroilor(fost stefanesti),bucurești neatribuit,bucurești neatribuit,bucurești,1
Staer 7,bulevardul ferdinand,sector 2,sector 2,bucurești,4
Staer 7,bulevardul ferdinand 1,sector 2,sector 2,bucurești,1
Staer 7,bulevardul ferdinand i,sector 2,sector 2,bucurești,2
Staer 7,bulevardul ferdinant 1,bucurești neatribuit,bucurești neatribuit,bucurești,1
Staer 7,bulevardul garii de nord,sector 1,sector 1,bucurești,2
Staer 7,bulevardul garii obor,sector 2,sector 2,bucurești,1
Staer 7,bulevardul general vasile milea,sector 6,sector 6,bucurești,1
Staer 7,bulevardul george constantin,sector 1,sector 1,bucurești,1
Staer 7,bulevardul ghencea,sector 6,sector 6,bucurești,1
Staer 7,bulevardul ghica,bucurești neatribuit,bucurești neatribuit,bucurești,1
Staer 7,bulevardul ghica tei,sector 2,sector 2,bucurești,3
Staer 7,bulevardul gloriei,sector 1,sector 1,bucurești,2
Staer 7,bulevardul i. c. brătianu,sector 3,sector 3,bucurești,1
Staer 7,bulevardul iancu de hunedoara,sector 1,sector 1,bucurești,2
Staer 7,bulevardul iancu nicolae,voluntari–pipera,—,ilfov,1
Staer 7,bulevardul independentei,voluntari–pipera,—,ilfov,2
Staer 7,bulevardul ing.gheorghe duca,bucurești neatribuit,bucurești neatribuit,bucurești,1
Staer 7,bulevardul ion ionescu de la brad,sector 1,sector 1,bucurești,1
Staer 7,bulevardul ion mihalache,sector 1,sector 1,bucurești,17
Staer 7,bulevardul iuliu maniu,sector 6,sector 6,bucurești,25
Staer 7,bulevardul lacul tei,bucurești neatribuit,bucurești neatribuit,bucurești,17
Staer 7,bulevardul lacul tei,sector 2,sector 2,bucurești,10
Staer 7,bulevardul lascar catargiu,sector 1,sector 1,bucurești,1
Staer 7,bulevardul libertati,bucurești neatribuit,bucurești neatribuit,bucurești,1
Staer 7,bulevardul libertatii,bucurești neatribuit,bucurești neatribuit,bucurești,2
Staer 7,bulevardul luptatorilor,sector 1,sector 1,bucurești,1
Staer 7,bulevardul marasesti,sector 4,sector 4,bucurești,3
Staer 7,bulevardul mareșal alexandru averescu,sector 1,sector 1,bucurești,2
Staer 7,bulevardul metalurgiei,sector 4,sector 4,bucurești,1
Staer 7,bulevardul mihail kogălniceanu,sector 5,sector 5,bucurești,2
Staer 7,bulevardul mircea veroiu,voluntari–pipera,—,ilfov,1
Staer 7,bulevardul mircea vodă,sector 3,sector 3,bucurești,3
Staer 7,bulevardul muncii,bucurești neatribuit,bucurești neatribuit,bucurești,1
Staer 7,bulevardul n titulescu,bucurești neatribuit,bucurești neatribuit,bucurești,1
Staer 7,bulevardul națiunile unite,sector 5,sector 5,bucurești,2
Staer 7,bulevardul nicolae balcescu,dobroești,—,ilfov,1
Staer 7,bulevardul nicolae balcesu,sat.doroesti,—,ilfov,1
Staer 7,bulevardul nicolae grigorescu,bucurești neatribuit,bucurești neatribuit,bucurești,10
Staer 7,bulevardul nicolae grigorescu,sector 2,sector 2,bucurești,1
Staer 7,bulevardul nicolae grigorescu,sector 3,sector 3,bucurești,4
Staer 7,bulevardul octavian goga,sector 3,sector 3,bucurești,5
Staer 7,bulevardul oltenia,bucurești neatribuit,bucurești neatribuit,bucurești,1
Staer 7,bulevardul pache protopopescu,sector 2,sector 2,bucurești,2
Staer 7,bulevardul pictor nicolae grigorescu,sector 3,sector 3,bucurești,5
Staer 7,bulevardul pieptanari,bucurești neatribuit,bucurești neatribuit,bucurești,1
Staer 7,bulevardul pipera,voluntari–pipera,—,ilfov,37
Staer 7,bulevardul pipera ( via pipera),voluntari–pipera,—,ilfov,1
Staer 7,bulevardul pipera 1 - viii e,voluntari–pipera,—,ilfov,1
Staer 7,bulevardul pipera 91 ( str. matei barab),voluntari–pipera,—,ilfov,1
Staer 7,bulevardul pipera oxford gardens,voluntari–pipera,—,ilfov,1
Staer 7,bulevardul ramnicu sarat,sector 3,sector 3,bucurești,9
Staer 7,bulevardul ramnicul sarat,sector 3,sector 3,bucurești,1
Staer 7,bulevardul regina maria,sector 4,sector 4,bucurești,1
Staer 7,bulevardul republicii,bucurești neatribuit,bucurești neatribuit,bucurești,1
Staer 7,bulevardul rm. sarat,sector 3,sector 3,bucurești,3
Staer 7,bulevardul stefan cel mare,bucurești neatribuit,bucurești neatribuit,bucurești,1
Staer 7,bulevardul teodor paladi,sector 3,sector 3,bucurești,1
Staer 7,bulevardul teodor pallade,bucurești neatribuit,bucurești neatribuit,bucurești,1
Staer 7,bulevardul th pallady,sector 3,sector 3,bucurești,1
Staer 7,bulevardul theodor paladi,bucurești neatribuit,bucurești neatribuit,bucurești,1
Staer 7,bulevardul theodor paladi,sector 3,sector 3,bucurești,1
Staer 7,bulevardul theodor palady,sector 3,sector 3,bucurești,1
Staer 7,bulevardul theodor pallady,sector 3,sector 3,bucurești,9
Staer 7,bulevardul timisoarei,bucurești neatribuit,bucurești neatribuit,bucurești,1
Staer 7,bulevardul timișoara,sector 6,sector 6,bucurești,36
Staer 7,bulevardul tineretului,bucurești neatribuit,bucurești neatribuit,bucurești,1
Staer 7,bulevardul tineretului,sector 4,sector 4,bucurești,1
Staer 7,bulevardul titulescu,bucurești neatribuit,bucurești neatribuit,bucurești,2
Staer 7,bulevardul tneretului,sector 4,sector 4,bucurești,1
Staer 7,bulevardul tudor vladimirescu,bucurești neatribuit,bucurești neatribuit,bucurești,3
Staer 7,bulevardul tudor vladimirescu,voluntari–pipera,—,ilfov,6
Staer 7,bulevardul ul anul 1864,sector 6,sector 6,bucurești,1
Staer 7,bulevardul ul ion mihalache,sector 1,sector 1,bucurești,1
Staer 7,bulevardul ul lacul tei,bucurești neatribuit,bucurești neatribuit,bucurești,1
Staer 7,bulevardul ul lacul tei,sector 2,sector 2,bucurești,1
Staer 7,bulevardul ul theodor pallady,sector 3,sector 3,bucurești,1
Staer 7,bulevardul unirii,balotești,—,ilfov,1
Staer 7,bulevardul unirii,bucurești neatribuit,bucurești neatribuit,bucurești,9
Staer 7,bulevardul unirii,sector 2,sector 2,bucurești,1
Staer 7,bulevardul unirii,sector 3,sector 3,bucurești,2
Staer 7,bulevardul uverturii,sector 6,sector 6,bucurești,5
Staer 7,bulevardul vasile milea,sector 6,sector 6,bucurești,1
Staer 7,bulevardul voluntari,bucurești neatribuit,bucurești neatribuit,bucurești,1
Staer 7,bulevardul voluntari,voluntari–pipera,—,ilfov,8
Staer 7,bulevardul xandru obregea,sector 4,sector 4,bucurești,1
Staer 7,bumbesti,sector 1,sector 1,bucurești,2
Staer 7,burdujeni,sector 3,sector 3,bucurești,7
Staer 7,burghiului,voluntari–pipera,—,ilfov,2
Staer 7,buri devea,bucurești neatribuit,bucurești neatribuit,bucurești,1
Staer 7,burnitei,sector 3,sector 3,bucurești,4
Staer 7,busteni,pantelimon,—,ilfov,1
Staer 7,busteni,vidra,—,ilfov,1
Staer 7,busteni,ștefăneștii de jos,—,ilfov,1
Staer 7,buzaului,voluntari–pipera,—,ilfov,2
Staer 7,buzias,volunatri,—,ilfov,1
Staer 7,buzias,voluntari–pipera,—,ilfov,2
Staer 7,bv eroilor,voluntari–pipera,—,ilfov,1
Staer 7,bv.timisoara,bucurești neatribuit,bucurești neatribuit,bucurești,1
Staer 7,bvd 1 decembrie 1918,sector 3,sector 3,bucurești,3
Staer 7,bvd 1 mai,bucurești neatribuit,bucurești neatribuit,bucurești,1
Staer 7,bvd alexandru obregia,sector 4,sector 4,bucurești,1
Staer 7,bvd apicultorilor,bucurești neatribuit,bucurești neatribuit,bucurești,1
Staer 7,bvd apicultorilor,sector 1,sector 1,bucurești,1
Staer 7,bvd basarabia,bucurești neatribuit,bucurești neatribuit,bucurești,1
Staer 7,bvd basarabia,sector 2,sector 2,bucurești,2
Staer 7,bvd basarabia,sector 3,sector 3,bucurești,1
Staer 7,bvd basarabia(fostul bvd muncii),sector 2,sector 2,bucurești,1
Staer 7,bvd basarabiei,sector 2,sector 2,bucurești,1
Staer 7,bvd brancoveanu,sector 4,sector 4,bucurești,1
Staer 7,bvd bucurestii noi,sector 1,sector 1,bucurești,1
Staer 7,bvd burebista,bucurești neatribuit,bucurești neatribuit,bucurești,1
Staer 7,bvd camil ressu,sector 3,sector 3,bucurești,1
Staer 7,bvd ceahlaul,sector 6,sector 6,bucurești,1
Staer 7,bvd chisinau,bucurești neatribuit,bucurești neatribuit,bucurești,1
Staer 7,bvd chisinau,sector 2,sector 2,bucurești,1
Staer 7,bvd constantin brancoveanu,sector 4,sector 4,bucurești,1
Staer 7,bvd corneliu coposu,sector 3,sector 3,bucurești,1
Staer 7,bvd decebal,sector 3,sector 3,bucurești,1
Staer 7,bvd dunarii,voluntari–pipera,—,ilfov,1
Staer 7,bvd eroilor,voluntari–pipera,—,ilfov,1
Staer 7,bvd eroilor (fosta sos stefanesti),voluntari–pipera,—,ilfov,1
Staer 7,bvd ferdinand,sector 2,sector 2,bucurești,1
Staer 7,bvd ghencea,sector 6,sector 6,bucurești,1
Staer 7,bvd ghica tei,sector 2,sector 2,bucurești,1
Staer 7,bvd gloriei,sector 1,sector 1,bucurești,1
Staer 7,bvd iuliu maniu,sector 6,sector 6,bucurești,4
Staer 7,bvd lacul tei,sector 2,sector 2,bucurești,2
Staer 7,bvd luptatorilor,sector 1,sector 1,bucurești,1
Staer 7,bvd mircea voda,bucurești neatribuit,bucurești neatribuit,bucurești,2
Staer 7,bvd mircea voda,sector 3,sector 3,bucurești,1
Staer 7,bvd nicolae balcescu,sector 1,sector 1,bucurești,1
Staer 7,bvd nicolae grigorescu,bucurești neatribuit,bucurești neatribuit,bucurești,1
Staer 7,bvd nicolae grigorescu,sector 3,sector 3,bucurești,1
Staer 7,bvd octavian goga,sector 3,sector 3,bucurești,1
Staer 7,bvd pipera,sector 1,sector 1,bucurești,1
Staer 7,bvd pipera,voluntari–pipera,—,ilfov,4
Staer 7,bvd preciziei,bucurești neatribuit,bucurești neatribuit,bucurești,1
Staer 7,bvd preciziei,sector 6,sector 6,bucurești,1
Staer 7,bvd ramnicu sarat,sector 3,sector 3,bucurești,1
Staer 7,bvd timisoara,sector 6,sector 6,bucurești,10
Staer 7,bvd timisoara-anl brancusi,sector 6,sector 6,bucurești,1
Staer 7,bvd unirii,bucurești neatribuit,bucurești neatribuit,bucurești,2
Staer 7,bvd unirii,sector 3,sector 3,bucurești,1
Staer 7,bvd uverturii,sector 6,sector 6,bucurești,1
Staer 7,bvd voluntari,voluntari–pipera,—,ilfov,4
Staer 7,bvd vrancei,voluntari–pipera,—,ilfov,1
Staer 7,bvd. ioan cuza,sector 1,sector 1,bucurești,1
Staer 7,bvl corneliu coposu,sector 3,sector 3,bucurești,1
Staer 7,c-ntin titel petrescu,sector 6,sector 6,bucurești,1
Staer 7,c-tin dobrogeanu,bucurești neatribuit,bucurești neatribuit,bucurești,2
Staer 7,c-tin robescu,bucurești neatribuit,bucurești neatribuit,bucurești,1
Staer 7,c-tin tanase,voluntari–pipera,—,ilfov,1
Staer 7,c-tin titel petrescu,bucurești neatribuit,bucurești neatribuit,bucurești,1
Staer 7,c. stamate,sector 4,sector 4,bucurești,1
Staer 7,caela dorobantilor,bucurești neatribuit,bucurești neatribuit,bucurești,1
Staer 7,caisului,afumați,—,ilfov,2
Staer 7,caisului,dobroești,—,ilfov,5
Staer 7,caisului,sector 2,sector 2,bucurești,1
Staer 7,caiuti,sector 1,sector 1,bucurești,1
Staer 7,calea 13 septembrie,bucurești neatribuit,bucurești neatribuit,bucurești,5
Staer 7,calea 13 septembrie,sector 5,sector 5,bucurești,3
Staer 7,calea bucuresti,bucurești neatribuit,bucurești neatribuit,bucurești,3
Staer 7,calea ea buc-ploiesti,otopeni,—,ilfov,1
Staer 7,calea ea bucuresti,dasccalu,—,ilfov,1
Staer 7,calea ea bucuresti,dascălu,—,ilfov,1
Staer 7,calea ea bucuresti,otopeni,—,ilfov,1
Staer 7,calea ea bucuresti,săftica,—,ilfov,1
Staer 7,calea ea bucurestilor,bucurești neatribuit,bucurești neatribuit,bucurești,1
Staer 7,calea ea bucurestilor,otopeni,—,ilfov,3
Staer 7,calea ea calarasilor,sector 3,sector 3,bucurești,10
Staer 7,calea ea clarasi,bucurești neatribuit,bucurești neatribuit,bucurești,1
Staer 7,calea ea crângași,sector 6,sector 6,bucurești,6
Staer 7,calea ea călărași,sector 3,sector 3,bucurești,2
Staer 7,calea ea dorobanti,sector 1,sector 1,bucurești,4
Staer 7,calea ea dorobantilor,bucurești neatribuit,bucurești neatribuit,bucurești,2
Staer 7,calea ea dorobantilor,sector 1,sector 1,bucurești,3
Staer 7,calea ea dorobantilor,sector 2,sector 2,bucurești,1
Staer 7,calea ea dudesti,sector 3,sector 3,bucurești,1
Staer 7,calea ea ferentari,sector 5,sector 5,bucurești,2
Staer 7,calea ea ghrivetei,bucurești neatribuit,bucurești neatribuit,bucurești,1
Staer 7,calea ea giulesti,bucurești neatribuit,bucurești neatribuit,bucurești,5
Staer 7,calea ea giulesti,sector 6,sector 6,bucurești,5
Staer 7,calea ea griviței,bucurești neatribuit,bucurești neatribuit,bucurești,6
Staer 7,calea ea griviței,sector 1,sector 1,bucurești,12
Staer 7,calea ea mosilor,bucurești neatribuit,bucurești neatribuit,bucurești,12
Staer 7,calea ea mosilor,sector 2,sector 2,bucurești,10
Staer 7,calea ea mosilor 257,bucurești neatribuit,bucurești neatribuit,bucurești,1
Staer 7,calea ea plevnei,bucurești neatribuit,bucurești neatribuit,bucurești,7
Staer 7,calea ea plevnei,sector 1,sector 1,bucurești,1
Staer 7,calea ea plevnei,sector 5,sector 5,bucurești,1
Staer 7,calea ea plevnei,sector 6,sector 6,bucurești,2
Staer 7,calea ea rahova,bucurești neatribuit,bucurești neatribuit,bucurești,1
Staer 7,calea ea rahovei,sector 5,sector 5,bucurești,8
Staer 7,calea ea vacaresi,sector 4,sector 4,bucurești,1
Staer 7,calea ea vacarestiu,bucurești neatribuit,bucurești neatribuit,bucurești,1
Staer 7,calea ea vacareti,sector 4,sector 4,bucurești,1
Staer 7,calea ea victoriei,bucurești neatribuit,bucurești neatribuit,bucurești,1
Staer 7,calea ea victoriei,sector 1,sector 1,bucurești,1
Staer 7,calea ea victoriei,sector 1,—,ilfov,1
Staer 7,calea ea victoriei,sector 3,sector 3,bucurești,1
Staer 7,calea ea vitan,bucurești neatribuit,bucurești neatribuit,bucurești,9
Staer 7,calea ea vitan,sector 2,sector 2,bucurești,1
Staer 7,calea ea vitan,sector 3,sector 3,bucurești,9
Staer 7,calea floreasca,sector 1,sector 1,bucurești,3
Staer 7,calea giulesrti,sector 6,sector 6,bucurești,1
Staer 7,calea sebastian,sector 4,sector 4,bucurești,1
Staer 7,calea sebastian,sector 5,sector 5,bucurești,1
Staer 7,calea serban voda,sector 4,sector 4,bucurești,5
Staer 7,calea văcărești,bucurești neatribuit,bucurești neatribuit,bucurești,4
Staer 7,calea văcărești,sector 4,sector 4,bucurești,6
Staer 7,cami resu,sector 3,sector 3,bucurești,1
Staer 7,camil petrescu,ștefăneștii de jos,—,ilfov,1
Staer 7,camil resue,bucurești neatribuit,bucurești neatribuit,bucurești,1
Staer 7,campia libertati,sector 3,sector 3,bucurești,2
Staer 7,campina,dascălu,—,ilfov,2
Staer 7,campineanca,sector 3,sector 3,bucurești,1
Staer 7,campinita,bucurești neatribuit,bucurești neatribuit,bucurești,1
Staer 7,campul cu narcise,bucurești neatribuit,bucurești neatribuit,bucurești,3
Staer 7,campul cu narcise,sector 2,sector 2,bucurești,1
Staer 7,campul pipera,voluntari–pipera,—,ilfov,1
Staer 7,campului,bucurești neatribuit,bucurești neatribuit,bucurești,1
Staer 7,campului,dobroești,—,ilfov,1
Staer 7,campului,otopeni,—,ilfov,1
Staer 7,campului,vidra,—,ilfov,1
Staer 7,cantecului,sector 2,sector 2,bucurești,1
Staer 7,cantonului,corbeanca,—,ilfov,1
Staer 7,cap musat,voluntari–pipera,—,ilfov,1
Staer 7,"cap, gh, ion",sector 4,sector 4,bucurești,1
Staer 7,cap.valer dumitrescu,bucurești neatribuit,bucurești neatribuit,bucurești,1
Staer 7,capalna,sector 1,sector 1,bucurești,5
Staer 7,capitan dinu pestritu,voluntari–pipera,—,ilfov,1
Staer 7,capitan valer dumitrescu,bucurești neatribuit,bucurești neatribuit,bucurești,1
Staer 7,capitan valer dumitrescu,sector 2,sector 2,bucurești,1
Staer 7,capitan valeriu dumitrescu,sector 2,sector 2,bucurești,1
Staer 7,caporal ene,dobroești,—,ilfov,1
Staer 7,caporal ghe. ion,sector 4,sector 4,bucurești,2
Staer 7,caporal gheorghe ion,sector 4,sector 4,bucurești,1
Staer 7,caporal ilina,sector 5,sector 5,bucurești,1
Staer 7,caporal ivan anghelache,sector 5,sector 5,bucurești,2
Staer 7,caporal musat,voluntari–pipera,—,ilfov,1
Staer 7,capreni,sector 2,sector 2,bucurești,1
Staer 7,caprioara,ștefăneștii de jos,—,ilfov,1
Staer 7,capt av. alexandru serbanescu,bucurești neatribuit,bucurești neatribuit,bucurești,1
Staer 7,capt nicolae licaret,sector 3,sector 3,bucurești,1
Staer 7,caraiman,bucurești neatribuit,bucurești neatribuit,bucurești,1
Staer 7,caramidari de jos,sector 4,sector 4,bucurești,1
Staer 7,caramidarii de jos,sector 4,sector 4,bucurești,2
Staer 7,carei,sector 2,sector 2,bucurești,3
Staer 7,carol davila,sector 5,sector 5,bucurești,1
Staer 7,carpati,voluntari–pipera,—,ilfov,1
Staer 7,carpenului,bucurești neatribuit,bucurești neatribuit,bucurești,1
Staer 7,cart brancusi,bucurești neatribuit,bucurești neatribuit,bucurești,1
Staer 7,cartier green city,1 decembrie,—,ilfov,1
Staer 7,cartierul florilor- str bujorilor,sector 2,sector 2,bucurești,1
Staer 7,castanului,snagov,—,ilfov,1
Staer 7,catinei,sector 6,sector 6,bucurești,1
Staer 7,ceahlau,sector 6,sector 6,bucurești,4
Staer 7,ceahlau,voluntari–pipera,—,ilfov,1
Staer 7,ceair,tunari,—,ilfov,4
Staer 7,ceairului,sector 3,sector 3,bucurești,1
Staer 7,cehov,bucurești neatribuit,bucurești neatribuit,bucurești,1
Staer 7,celofibrei,bragadiru,—,ilfov,1
Staer 7,centurii,sector 6,sector 6,bucurești,1
Staer 7,cercului,sector 2,sector 2,bucurești,1
Staer 7,cernauti,sector 2,sector 2,bucurești,5
Staer 7,cernavoda,voluntari–pipera,—,ilfov,3
Staer 7,cernica,dascălu,—,ilfov,1
Staer 7,cetate histria,bucurești neatribuit,bucurești neatribuit,bucurești,1
Staer 7,cetatea alba,berceni (ilfov),—,ilfov,3
Staer 7,cetatea alba,sector 4,sector 4,bucurești,1
Staer 7,chiciurei,sector 3,sector 3,bucurești,1
Staer 7,chilioara,bucurești neatribuit,bucurești neatribuit,bucurești,1
Staer 7,chindiei,bucurești neatribuit,bucurești neatribuit,bucurești,1
Staer 7,chiristigiilor,sector 2,sector 2,bucurești,2
Staer 7,chiscani,bucurești neatribuit,bucurești neatribuit,bucurești,1
Staer 7,chisinau,corbeanca,—,ilfov,1
Staer 7,chiteica,bucurești neatribuit,bucurești neatribuit,bucurești,1
Staer 7,chopin,sector 2,sector 2,bucurești,1
Staer 7,ciberneticii.andronache,bucurești neatribuit,bucurești neatribuit,bucurești,1
Staer 7,cimentului,sector 2,sector 2,bucurești,1
Staer 7,cimpia libertatii,sector 3,sector 3,bucurești,1
Staer 7,cimpineanca,sector 3,sector 3,bucurești,1
Staer 7,cimpoierilor,sector 4,sector 4,bucurești,1
Staer 7,cimpului,sector 2,sector 2,bucurești,1
Staer 7,ciocarliei,corbeanca,—,ilfov,1
Staer 7,ciocarliei,măgurele,—,ilfov,1
Staer 7,ciocarliei,sector 2,sector 2,bucurești,5
Staer 7,ciprian porumbescu,odaile,—,ilfov,1
Staer 7,ciprian porumbescu,voluntari–pipera,—,ilfov,1
Staer 7,ciresica,bucurești neatribuit,bucurești neatribuit,bucurești,1
Staer 7,ciresiului,sat fundeni,—,ilfov,1
Staer 7,ciresului,dobroești,—,ilfov,1
Staer 7,ciresului,drobroiesti,—,ilfov,1
Staer 7,ciresului,sat fundeni,—,ilfov,1
Staer 7,ciresului,sector 2,sector 2,bucurești,9
Staer 7,ciuca stefan,sector 2,sector 2,bucurești,6
Staer 7,ciungan florin,bucurești neatribuit,bucurești neatribuit,bucurești,2
Staer 7,ciurea,bucurești neatribuit,bucurești neatribuit,bucurești,1
Staer 7,ciurea,sector 2,sector 2,bucurești,1
Staer 7,clabucet,voluntari–pipera,—,ilfov,1
Staer 7,closca,voluntari–pipera,—,ilfov,2
Staer 7,cluceru sandu,bucurești neatribuit,bucurești neatribuit,bucurești,1
Staer 7,clucerul udricani,sector 3,sector 3,bucurești,1
Staer 7,cluj,bucurești neatribuit,bucurești neatribuit,bucurești,1
Staer 7,cmr. aviator popisteanu,sector 1,sector 1,bucurești,1
Staer 7,cocorului,pantelimon,—,ilfov,1
Staer 7,codalbitei,bucurești neatribuit,bucurești neatribuit,bucurești,1
Staer 7,codalbitei,sector 2,sector 2,bucurești,1
Staer 7,codalbitei 31,sector 2,sector 2,bucurești,1
Staer 7,codrii cosminului,sector 2,sector 2,bucurești,1
Staer 7,codriii neamtului,sector 3,sector 3,bucurești,1
Staer 7,codrineamtului,sector 3,sector 3,bucurești,1
Staer 7,codrului,tunari,—,ilfov,2
Staer 7,cogilnic,sector 3,sector 3,bucurești,1
Staer 7,colentiina,bucurești neatribuit,bucurești neatribuit,bucurești,1
Staer 7,colentin,bucurești neatribuit,bucurești neatribuit,bucurești,1
Staer 7,colonel iosif albu,sector 3,sector 3,bucurești,1
Staer 7,columnelor,bragadiru,—,ilfov,1
Staer 7,columnelor,zona rahova,—,ilfov,1
Staer 7,com patelimon,bucurești neatribuit,bucurești neatribuit,bucurești,1
Staer 7,com stefanesti,ilfov,—,ilfov,1
Staer 7,com tunari/str pietrosului,sat dimieni,—,ilfov,1
Staer 7,com.petrechioaia,sat.patrachioaia,—,ilfov,1
Staer 7,competitiei,bucurești neatribuit,bucurești neatribuit,bucurești,2
Staer 7,complex luna residence,bucurești neatribuit,bucurești neatribuit,bucurești,1
Staer 7,complex rez. confort city,popești-leordeni,—,ilfov,1
Staer 7,complexul pacea,bucurești neatribuit,bucurești neatribuit,bucurești,1
Staer 7,confederatiei,bucurești neatribuit,bucurești neatribuit,bucurești,1
Staer 7,confort city,popești-leordeni,—,ilfov,1
Staer 7,consecventei,bucurești neatribuit,bucurești neatribuit,bucurești,1
Staer 7,const.vacarescu,bucurești neatribuit,bucurești neatribuit,bucurești,1
Staer 7,constantin aricescu,sector 1,sector 1,bucurești,1
Staer 7,constantin brancoveanu,sector 4,sector 4,bucurești,9
Staer 7,constantin dobrogeanu,bucurești neatribuit,bucurești neatribuit,bucurești,1
Staer 7,constantin merisescu,sector 2,sector 2,bucurești,2
Staer 7,constantin pritopescu,voluntari–pipera,—,ilfov,2
Staer 7,constantin radulescu motru,sector 4,sector 4,bucurești,3
Staer 7,constatin brancoveanu,sector 4,sector 4,bucurești,1
Staer 7,constelatiei,voluntari–pipera,—,ilfov,1
Staer 7,constructorului,buftea,—,ilfov,1
Staer 7,contesti,sector 5,sector 5,bucurești,1
Staer 7,copacul cu flori,dobroești,—,ilfov,1
Staer 7,corabia,bucurești neatribuit,bucurești neatribuit,bucurești,1
Staer 7,corcodusului,pantelimon,—,ilfov,1
Staer 7,cornelia,bucurești neatribuit,bucurești neatribuit,bucurești,1
Staer 7,cornelia,sector 4,sector 4,bucurești,1
Staer 7,corneliu coposu,pantelimon,—,ilfov,1
Staer 7,corneliu coposu,sector 3,sector 3,bucurești,2
Staer 7,cornelliu coposu,pantelimon,—,ilfov,1
Staer 7,cornisei,sector 2,sector 2,bucurești,3
Staer 7,corniseni,sector 2,sector 2,bucurești,1
Staer 7,cornitel,sector 1,sector 1,bucurești,1
Staer 7,cornu luncii,sector 3,sector 3,bucurești,1
Staer 7,corvinilor,sector 6,sector 6,bucurești,1
Staer 7,cosmopolis,ștefăneștii de jos,—,ilfov,1
Staer 7,costache aristia,bucurești neatribuit,bucurești neatribuit,bucurești,1
Staer 7,costache balacescu,sector 1,sector 1,bucurești,1
Staer 7,costache conachi,sector 2,sector 2,bucurești,1
Staer 7,costache negri,ganeasa,—,ilfov,1
Staer 7,costila,bucurești neatribuit,bucurești neatribuit,bucurești,1
Staer 7,cotnari,bucurești neatribuit,bucurești neatribuit,bucurești,1
Staer 7,covaci,sector 3,sector 3,bucurești,1
Staer 7,cozia,dascălu,—,ilfov,1
Staer 7,cozla,sector 3,sector 3,bucurești,2
Staer 7,cpt av alexandru serbanescu,bucurești neatribuit,bucurești neatribuit,bucurești,1
Staer 7,cpt juverdeanu,bucurești neatribuit,bucurești neatribuit,bucurești,2
Staer 7,cpt juverdeanu,sector 2,sector 2,bucurești,2
Staer 7,cpt nicolae licaret,bucurești neatribuit,bucurești neatribuit,bucurești,1
Staer 7,cpt nicolae licaret,sector 3,sector 3,bucurești,1
Staer 7,cpt o cocarascu,sector 1,sector 1,bucurești,1
Staer 7,cpt valer dumitrescu,sector 2,sector 2,bucurești,4
Staer 7,cpt.constantin merisescu,bucurești neatribuit,bucurești neatribuit,bucurești,1
Staer 7,cpt.constantin merisescu,sector 2,sector 2,bucurești,1
Staer 7,craitelor,bucurești neatribuit,bucurești neatribuit,bucurești,1
Staer 7,craiului,bucurești neatribuit,bucurești neatribuit,bucurești,1
Staer 7,crangasi,sector 6,sector 6,bucurești,1
Staer 7,crapului,bucurești neatribuit,bucurești neatribuit,bucurești,1
Staer 7,cremenei,bucurești neatribuit,bucurești neatribuit,bucurești,1
Staer 7,cremenita,sector 2,sector 2,bucurești,2
Staer 7,cremenitei,sector 2,sector 2,bucurești,1
Staer 7,crinului,bucurești neatribuit,bucurești neatribuit,bucurești,1
Staer 7,crinului,cornetu,—,ilfov,2
Staer 7,crisan,voluntari–pipera,—,ilfov,1
Staer 7,crisana,sector 1,sector 1,bucurești,2
Staer 7,cristea mateescu,sector 2,sector 2,bucurești,15
Staer 7,cristescu,sector 2,sector 2,bucurești,1
Staer 7,cristescu dima,sector 2,sector 2,bucurești,3
Staer 7,cristian george stanciu,sector 5,sector 5,bucurești,1
Staer 7,crisul negru,sector 2,sector 2,bucurești,1
Staer 7,crisului,bucurești neatribuit,bucurești neatribuit,bucurești,1
Staer 7,crivatului,sector 3,sector 3,bucurești,1
Staer 7,crizantemei,clinceni,—,ilfov,1
Staer 7,crizantemelor,clinceni,—,ilfov,2
Staer 7,crizantemelor,măgurele,—,ilfov,1
Staer 7,crizantemelor,sector 5,sector 5,bucurești,1
Staer 7,crizantemelor,voluntari–pipera,—,ilfov,4
Staer 7,crumul regimentului,sector 1,sector 1,bucurești,1
Staer 7,csandru ioan cuza,moara domneasca,—,ilfov,1
Staer 7,cugetarii,bucurești neatribuit,bucurești neatribuit,bucurești,1
Staer 7,cugetarii,voluntari–pipera,—,ilfov,1
Staer 7,cuibaru ion,sector 3,sector 3,bucurești,1
Staer 7,cuiului,sector 2,sector 2,bucurești,1
Staer 7,cumpenei,voluntari–pipera,—,ilfov,1
Staer 7,cuptorul cu paine,bucurești neatribuit,bucurești neatribuit,bucurești,1
Staer 7,cuza voda,dobroești,—,ilfov,1
Staer 7,d-an ghica,bucurești neatribuit,bucurești neatribuit,bucurești,1
Staer 7,d-dul basarabia,bucurești neatribuit,bucurești neatribuit,bucurești,1
Staer 7,d-na chiajna,afumați,—,ilfov,1
Staer 7,d-ul camil ressu,bucurești neatribuit,bucurești neatribuit,bucurești,1
Staer 7,dambovita,sector 6,sector 6,bucurești,1
Staer 7,dambovitei,voluntari–pipera,—,ilfov,1
Staer 7,danubiu,bucurești neatribuit,bucurești neatribuit,bucurești,2
Staer 7,danubiu,sector 3,sector 3,bucurești,3
Staer 7,danulesti,sector 2,sector 2,bucurești,2
Staer 7,darmanesti,sector 1,sector 1,bucurești,2
Staer 7,darzei,buftea,—,ilfov,1
Staer 7,dascalu,dascălu,—,ilfov,1
Staer 7,dascalului,sector 2,sector 2,bucurești,8
Staer 7,david constantin,bucurești neatribuit,bucurești neatribuit,bucurești,1
Staer 7,david praporgescu,bucurești neatribuit,bucurești neatribuit,bucurești,1
Staer 7,dealu bradului,sector 4,sector 4,bucurești,1
Staer 7,dealul tugulea,sector 6,sector 6,bucurești,4
Staer 7,dealului,bragadiru,—,ilfov,1
Staer 7,dealului,glina,—,ilfov,1
Staer 7,dealului,sector 6,sector 6,bucurești,2
Staer 7,decebal,cernica,—,ilfov,4
Staer 7,decebal,tunari,—,ilfov,1
Staer 7,decheanului,voluntari–pipera,—,ilfov,1
Staer 7,declamarii,sector 2,sector 2,bucurești,2
Staer 7,deleni,sector 2,sector 2,bucurești,7
Staer 7,delfinului,sector 2,sector 2,bucurești,4
Staer 7,democratiei 4,bucurești neatribuit,bucurești neatribuit,bucurești,1
Staer 7,depozitului,sector 3,sector 3,bucurești,1
Staer 7,despot voda,sector 2,sector 2,bucurești,3
Staer 7,desrobirii,sector 6,sector 6,bucurești,1
Staer 7,dezrobirii,sector 6,sector 6,bucurești,2
Staer 7,di 2,glina,—,ilfov,1
Staer 7,diamantului,bragadiru,—,ilfov,2
Staer 7,diana alexandra,bucurești neatribuit,bucurești neatribuit,bucurești,1
Staer 7,dimitrie cantemir,afumați,—,ilfov,1
Staer 7,dimitrie cantemir,voluntari–pipera,—,ilfov,1
Staer 7,dimitrie onciu,bucurești neatribuit,bucurești neatribuit,bucurești,1
Staer 7,dinu pestritu,ilfov,—,ilfov,1
Staer 7,dinu pestritu,voluntari–pipera,—,ilfov,1
Staer 7,dinu vintila,sector 2,sector 2,bucurești,4
Staer 7,dna ghica,sector 2,sector 2,bucurești,8
Staer 7,doamn oltea,sector 2,sector 2,bucurești,1
Staer 7,doamna chiajna,afumați,—,ilfov,1
Staer 7,dobrogeanu gherea,pantelimon,—,ilfov,1
Staer 7,dobrogeanu gherea,sector 1,sector 1,bucurești,1
Staer 7,dobroiesti atlantis 1,sector 2,sector 2,bucurești,1
Staer 7,doctor iacob felix,bucurești neatribuit,bucurești neatribuit,bucurești,1
Staer 7,doftani,bucurești neatribuit,bucurești neatribuit,bucurești,1
Staer 7,dogarilor,bucurești neatribuit,bucurești neatribuit,bucurești,1
Staer 7,doinei,ștefăneștii de jos,—,ilfov,1
Staer 7,domna ghica,sector 2,sector 2,bucurești,1
Staer 7,domnita balasa,popești-leordeni,—,ilfov,1
Staer 7,dorneasca,bucurești neatribuit,bucurești neatribuit,bucurești,3
Staer 7,dorneasca,sector 5,sector 5,bucurești,3
Staer 7,dr alexandru locusteanu,bucurești neatribuit,bucurești neatribuit,bucurești,1
Staer 7,dr gura ariesului,sector 3,sector 3,bucurești,1
Staer 7,dr gura calitei,sector 3,sector 3,bucurești,1
Staer 7,dr lister,sector 5,sector 5,bucurești,1
Staer 7,dr mihail galati petrini,sector 5,sector 5,bucurești,1
Staer 7,dr padurea pustnicului,sector 1,sector 1,bucurești,1
Staer 7,dr ratiu,sector 1,sector 1,bucurești,1
Staer 7,dr.louis pasteur,bucurești neatribuit,bucurești neatribuit,bucurești,1
Staer 7,dracea marin,voluntari–pipera,—,ilfov,1
Staer 7,draganul,bragadiru,—,ilfov,1
Staer 7,dragos voda,bucurești neatribuit,bucurești neatribuit,bucurești,3
Staer 7,dragos voda,sector 2,sector 2,bucurești,1
Staer 7,dragusin deleanu,sector 2,sector 2,bucurești,2
Staer 7,dreptatii,sector 6,sector 6,bucurești,7
Staer 7,dristor,sector 3,sector 3,bucurești,2
Staer 7,drobota,bucurești neatribuit,bucurești neatribuit,bucurești,1
Staer 7,drul taberei,sector 6,sector 6,bucurești,1
Staer 7,drumul bacriului,chiajna–roșu–dudu,—,ilfov,2
Staer 7,drumul bacriului,sector 6,sector 6,bucurești,1
Staer 7,drumul binelui,sector 4,sector 4,bucurești,3
Staer 7,drumul bisericii,bucurești neatribuit,bucurești neatribuit,bucurești,2
Staer 7,drumul bisericii,voluntari–pipera,—,ilfov,3
Staer 7,drumul calitei,sector 3,sector 3,bucurești,1
Staer 7,drumul cheile turzii,sector 4,sector 4,bucurești,1
Staer 7,drumul coperativei,bucurești neatribuit,bucurești neatribuit,bucurești,1
Staer 7,drumul crestestilor,sector 4,sector 4,bucurești,1
Staer 7,drumul cretestilor,sector 4,sector 4,bucurești,2
Staer 7,drumul dealu alunis,sector 4,sector 4,bucurești,1
Staer 7,drumul dealu babii,sector 4,sector 4,bucurești,1
Staer 7,drumul dealu bradului,sector 4,sector 4,bucurești,1
Staer 7,drumul dealul bistrii,sector 4,sector 4,bucurești,1
Staer 7,drumul dobroesti fundeni,bucurești neatribuit,bucurești neatribuit,bucurești,1
Staer 7,drumul dobroesti fundeni,dobroești,—,ilfov,1
Staer 7,drumul droboesti fundeni,bucurești neatribuit,bucurești neatribuit,bucurești,1
Staer 7,drumul fermei,bucurești neatribuit,bucurești neatribuit,bucurești,2
Staer 7,drumul fermei,popești-leordeni,—,ilfov,13
Staer 7,drumul fermei,sector 2,sector 2,bucurești,1
Staer 7,drumul fermei,sector 4,sector 4,bucurești,1
Staer 7,drumul garii,bucurești neatribuit,bucurești neatribuit,bucurești,1
Staer 7,drumul garii,pantelimon,—,ilfov,1
Staer 7,drumul gazarului,sector 4,sector 4,bucurești,1
Staer 7,drumul ghindari,sector 5,sector 5,bucurești,1
Staer 7,drumul gura ariesului,sector 3,sector 3,bucurești,1
Staer 7,drumul gura caliței,sector 3,sector 3,bucurești,6
Staer 7,drumul gura crivatului,sector 3,sector 3,bucurești,5
Staer 7,drumul gura putnei,sector 3,sector 3,bucurești,4
Staer 7,drumul gura siriului,sector 3,sector 3,bucurești,3
Staer 7,drumul intre tarlale,catelu,—,ilfov,1
Staer 7,drumul jilavei,sector 4,sector 4,bucurești,1
Staer 7,drumul lapus,bucurești neatribuit,bucurești neatribuit,bucurești,1
Staer 7,drumul lunca dunarii,bucurești neatribuit,bucurești neatribuit,bucurești,1
Staer 7,drumul lunca dunarii,sector 3,sector 3,bucurești,1
Staer 7,drumul lunca marcusului,sector 3,sector 3,bucurești,2
Staer 7,drumul lunca sateasca,sector 3,sector 3,bucurești,1
Staer 7,drumul mori,mogoșoaia,—,ilfov,1
Staer 7,drumul morii,mogoșoaia,—,ilfov,1
Staer 7,drumul morilor,sector 3,sector 3,bucurești,1
Staer 7,drumul muntele gaina,sector 1,sector 1,bucurești,1
Staer 7,drumul murgului,sector 3,sector 3,bucurești,1
Staer 7,drumul opalului,sector 1,sector 1,bucurești,1
Staer 7,drumul osiei,sector 6,sector 6,bucurești,4
Staer 7,drumul padurea mogosoaia,sector 1,sector 1,bucurești,3
Staer 7,drumul padurea neagra,sector 1,sector 1,bucurești,8
Staer 7,drumul padurea neagra,voluntari–pipera,—,ilfov,1
Staer 7,drumul padurea pusnicul,sector 1,sector 1,bucurești,1
Staer 7,drumul padurea pustnicu,sector 1,sector 1,bucurești,5
Staer 7,drumul padurea pustnicul,sector 1,sector 1,bucurești,1
Staer 7,drumul ponoarele,sector 1,sector 1,bucurești,1
Staer 7,drumul potcoavei,voluntari–pipera,—,ilfov,3
Staer 7,drumul regimentului,sector 1,sector 1,bucurești,2
Staer 7,drumul sabareni,sector 6,sector 6,bucurești,2
Staer 7,drumul savareni,bucurești neatribuit,bucurești neatribuit,bucurești,1
Staer 7,drumul taberei,sector 6,sector 6,bucurești,15
Staer 7,drumul timonierului,bucurești neatribuit,bucurești neatribuit,bucurești,1
Staer 7,drumul valea cricovului,sector 6,sector 6,bucurești,4
Staer 7,drumul valea danului,sector 6,sector 6,bucurești,1
Staer 7,drumul valea doftanei,sector 6,sector 6,bucurești,1
Staer 7,drumul valea tricovului,sector 6,sector 6,bucurești,1
Staer 7,dudului,sector 6,sector 6,bucurești,1
Staer 7,dudului,ștefăneștii de jos,—,ilfov,1
Staer 7,duetului,sector 1,sector 1,bucurești,1
Staer 7,duiosiei,sector 1,sector 1,bucurești,1
Staer 7,dulgherului,voluntari–pipera,—,ilfov,3
Staer 7,dumbrava rosie,sector 2,sector 2,bucurești,1
Staer 7,dumbravei,ștefăneștii de jos,—,ilfov,1
Staer 7,dumitrescu tanase,bucurești neatribuit,bucurești neatribuit,bucurești,1
Staer 7,dumitru lazarescu,bucurești neatribuit,bucurești neatribuit,bucurești,1
Staer 7,dumitru nedumitru,pantelimon,—,ilfov,1
Staer 7,dunarii,bucurești neatribuit,bucurești neatribuit,bucurești,2
Staer 7,dunavat,sector 5,sector 5,bucurești,1
Staer 7,duplexurilor,bucurești neatribuit,bucurești neatribuit,bucurești,1
Staer 7,durau,sector 1,sector 1,bucurești,1
Staer 7,duzilor,voluntari–pipera,—,ilfov,1
Staer 7,e vii,berceni (ilfov),—,ilfov,1
Staer 7,eagului,sector 3,sector 3,bucurești,1
Staer 7,ecaterina teodoriu,voluntari–pipera,—,ilfov,1
Staer 7,ecaterina teodoroiu,bucurești neatribuit,bucurești neatribuit,bucurești,1
Staer 7,ecaterina teodoroiu,voluntari–pipera,—,ilfov,1
Staer 7,ecerii,bucurești neatribuit,bucurești neatribuit,bucurești,1
Staer 7,eclipsei,popești-leordeni,—,ilfov,1
Staer 7,economiei,bucurești neatribuit,bucurești neatribuit,bucurești,1
Staer 7,economu cezarescu,sector 6,sector 6,bucurești,1
Staer 7,eforie,pantelimon,—,ilfov,1
Staer 7,electricienilor,săftica,—,ilfov,1
Staer 7,elena carageani,sector 1,sector 1,bucurești,1
Staer 7,elena clucereasa,bucurești neatribuit,bucurești neatribuit,bucurești,1
Staer 7,elena doamna,sector 1,sector 1,bucurești,1
Staer 7,elena si vasile cojocaru,sector 5,sector 5,bucurești,1
Staer 7,elena vacarescu,sector 1,sector 1,bucurești,1
Staer 7,elev popovici niculae,bucurești neatribuit,bucurești neatribuit,bucurești,1
Staer 7,elev stefanescu,sector 2,sector 2,bucurești,5
Staer 7,elev stefanescu stefan,sector 2,sector 2,bucurești,5
Staer 7,elevatorului,sector 2,sector 2,bucurești,1
Staer 7,emanciparii,sector 2,sector 2,bucurești,4
Staer 7,emanoil porumbaru,bucurești neatribuit,bucurești neatribuit,bucurești,1
Staer 7,emil garleanu,voluntari–pipera,—,ilfov,1
Staer 7,emil racovita,voluntari–pipera,—,ilfov,7
Staer 7,emisferei,sector 2,sector 2,bucurești,2
Staer 7,enache sandu,sector 2,sector 2,bucurești,3
Staer 7,enachita vacarescu,bucurești neatribuit,bucurești neatribuit,bucurești,1
Staer 7,ene nita,bucurești neatribuit,bucurești neatribuit,bucurești,1
Staer 7,episcop radu,sector 2,sector 2,bucurești,1
Staer 7,episcop vulcan,bucurești neatribuit,bucurești neatribuit,bucurești,1
Staer 7,episcopiei,bucurești neatribuit,bucurești neatribuit,bucurești,1
Staer 7,episcopul vulcan,sector 1,sector 1,bucurești,1
Staer 7,erea campului,pantelimon,—,ilfov,1
Staer 7,eremia grigorescu,bucurești neatribuit,bucurești neatribuit,bucurești,1
Staer 7,eroilor,cernica,—,ilfov,1
Staer 7,eroilor,dascălu,—,ilfov,1
Staer 7,eroilor,pantelimon,—,ilfov,3
Staer 7,erou alexandru darian,popești-leordeni,—,ilfov,1
Staer 7,erou chivu dumitru,bucurești neatribuit,bucurești neatribuit,bucurești,1
Staer 7,erou constantin bogorin,sector 2,sector 2,bucurești,1
Staer 7,erou constantin ghita,voluntari–pipera,—,ilfov,1
Staer 7,erou floruta ion,bucurești neatribuit,bucurești neatribuit,bucurești,1
Staer 7,erou ghita constantin,voluntari–pipera,—,ilfov,1
Staer 7,erou iancu nicolae,sector 1,sector 1,bucurești,1
Staer 7,erou iancu nicolae,voluntari–pipera,—,ilfov,6
Staer 7,erou ion floruta,sector 2,sector 2,bucurești,2
Staer 7,erou ion scorta,bucurești neatribuit,bucurești neatribuit,bucurești,1
Staer 7,erou ion scortan,sector 2,sector 2,bucurești,3
Staer 7,erou mircea marinescu,bucurești neatribuit,bucurești neatribuit,bucurești,1
Staer 7,erou mircea marinescu,voluntari–pipera,—,ilfov,2
Staer 7,erou nita pintea,voluntari–pipera,—,ilfov,1
Staer 7,erou pantazica,bucurești neatribuit,bucurești neatribuit,bucurești,1
Staer 7,erou toma c-tin,sector 5,sector 5,bucurești,1
Staer 7,eroul dumitru chivu,voluntari–pipera,—,ilfov,1
Staer 7,eroul iancu nicolae,voluntari–pipera,—,ilfov,1
Staer 7,eroului,chiajna–roșu–dudu,—,ilfov,1
Staer 7,escalei,sector 2,sector 2,bucurești,8
Staer 7,estrategia e desenvolvimento sa,bucurești neatribuit,bucurești neatribuit,bucurești,1
Staer 7,eugen gebeleandru,bucurești neatribuit,bucurești neatribuit,bucurești,1
Staer 7,eugen jebeleanu,bucurești neatribuit,bucurești neatribuit,bucurești,1
Staer 7,everest,sector 3,sector 3,bucurești,1
Staer 7,existentei,sector 2,sector 2,bucurești,2
Staer 7,fabrica de gheata,sector 2,sector 2,bucurești,21
Staer 7,fabrica de gheta,sector 2,sector 2,bucurești,2
Staer 7,fabrica de glucoza,sector 2,sector 2,bucurești,8
Staer 7,fabrica de glucoza-prima vista,sector 2,sector 2,bucurești,1
Staer 7,fabrica de glucuza,sector 2,sector 2,bucurești,1
Staer 7,fabrica de paine,bucurești neatribuit,bucurești neatribuit,bucurești,1
Staer 7,fabricii,balotești,—,ilfov,1
Staer 7,fabricii,bucurești neatribuit,bucurești neatribuit,bucurești,1
Staer 7,fabricii,sector 6,sector 6,bucurești,3
Staer 7,fagaras,bucurești neatribuit,bucurești neatribuit,bucurești,1
Staer 7,fagaras,ștefăneștii de jos,—,ilfov,1
Staer 7,fagarasi,sector 1,sector 1,bucurești,1
Staer 7,fagrica de gheata,bucurești neatribuit,bucurești neatribuit,bucurești,1
Staer 7,fainari,sector 2,sector 2,bucurești,1
Staer 7,falticeni,sector 2,sector 2,bucurești,3
Staer 7,fat frumos,sector 5,sector 5,bucurești,2
Staer 7,feleacu,sector 1,sector 1,bucurești,2
Staer 7,ferastrau,bucurești neatribuit,bucurești neatribuit,bucurești,1
Staer 7,ferastrau,sector 2,sector 2,bucurești,1
Staer 7,ferastraului,bucurești neatribuit,bucurești neatribuit,bucurești,1
Staer 7,ferastraului,sector 2,sector 2,bucurești,1
Staer 7,ferentari,bucurești neatribuit,bucurești neatribuit,bucurești,1
Staer 7,fermei,balotești,—,ilfov,1
Staer 7,fermei,ciolpani,—,ilfov,1
Staer 7,fermei,corbeanca,—,ilfov,1
Staer 7,fermei f,otopeni,—,ilfov,1
Staer 7,feroviarilor,moara vlăsiei,—,ilfov,1
Staer 7,fetesti,sector 3,sector 3,bucurești,14
Staer 7,fetesti - living combibox,bucurești neatribuit,bucurești neatribuit,bucurești,1
Staer 7,fetesti.ozana,bucurești neatribuit,bucurești neatribuit,bucurești,1
Staer 7,fildesului,sector 3,sector 3,bucurești,1
Staer 7,finlanda,sector 1,sector 1,bucurești,1
Staer 7,finta,sector 6,sector 6,bucurești,1
Staer 7,firidei,sector 3,sector 3,bucurești,1
Staer 7,floare rosie,sector 6,sector 6,bucurești,1
Staer 7,florarilor,sector 5,sector 5,bucurești,1
Staer 7,flori de camp,pantelimon,—,ilfov,1
Staer 7,florilor,bragadiru,—,ilfov,1
Staer 7,florilor,măgurele,—,ilfov,1
Staer 7,florilor,snagov,—,ilfov,1
Staer 7,florilor,voluntari–pipera,—,ilfov,2
Staer 7,florilor,ștefăneștii de jos,—,ilfov,1
Staer 7,floruta ion,bucurești neatribuit,bucurești neatribuit,bucurești,1
Staer 7,floruta ion,sector 2,sector 2,bucurești,1
Staer 7,focsani,sector 5,sector 5,bucurești,1
Staer 7,foisoru,bucurești neatribuit,bucurești neatribuit,bucurești,1
Staer 7,foisorului,sector 3,sector 3,bucurești,17
Staer 7,foscsani-sau baku,afumați,—,ilfov,1
Staer 7,fostului cap,dascălu,—,ilfov,1
Staer 7,franceza,sector 3,sector 3,bucurești,2
Staer 7,frasari,bucurești neatribuit,bucurești neatribuit,bucurești,1
Staer 7,frasari,voluntari–pipera,—,ilfov,2
Staer 7,frasinetului,sector 3,sector 3,bucurești,1
Staer 7,frasinului,nuci sat balta neagra,—,ilfov,1
Staer 7,frasinului,pantelimon,—,ilfov,1
Staer 7,frederic chopin,sector 2,sector 2,bucurești,1
Staer 7,frederic joliot curie,bucurești neatribuit,bucurești neatribuit,bucurești,1
Staer 7,frumoasa,sector 1,sector 1,bucurești,1
Staer 7,frunzisului,sector 4,sector 4,bucurești,1
Staer 7,fulger,buftea,—,ilfov,1
Staer 7,g calinescu,pantelimon,—,ilfov,1
Staer 7,g-ral dimitie salmen,bucurești neatribuit,bucurești neatribuit,bucurești,1
Staer 7,gabriela gegolea,cernica,—,ilfov,1
Staer 7,gabroveni,bucurești neatribuit,bucurești neatribuit,bucurești,2
Staer 7,gabroveni,sector 3,sector 3,bucurești,1
Staer 7,gagu,petrechioaia,—,ilfov,1
Staer 7,gala galaction,sector 1,sector 1,bucurești,1
Staer 7,galata,bucurești neatribuit,bucurești neatribuit,bucurești,5
Staer 7,galata,voluntari–pipera,—,ilfov,18
Staer 7,galata v,bucurești neatribuit,bucurești neatribuit,bucurești,1
Staer 7,galita,sector 2,sector 2,bucurești,1
Staer 7,ganeasa,afumați,—,ilfov,1
Staer 7,garaoafelor,buftea,—,ilfov,1
Staer 7,garnitei,sector 4,sector 4,bucurești,7
Staer 7,garoafelor,afumați,—,ilfov,2
Staer 7,garoafelor,bucurești neatribuit,bucurești neatribuit,bucurești,1
Staer 7,garoafelor,voluntari–pipera,—,ilfov,1
Staer 7,garofitei,bragadiru,—,ilfov,2
Staer 7,garofitei,bucurești neatribuit,bucurești neatribuit,bucurești,1
Staer 7,garofitei,dragomirești,—,ilfov,1
Staer 7,gataia,sector 2,sector 2,bucurești,1
Staer 7,gaterului,sector 2,sector 2,bucurești,1
Staer 7,geamandurii,sector 2,sector 2,bucurești,2
Staer 7,gen ion florescu,bucurești neatribuit,bucurești neatribuit,bucurești,1
Staer 7,gen. magheru,dobroești,—,ilfov,1
Staer 7,general berthelot,sector 1,sector 1,bucurești,1
Staer 7,general popovat,bucurești neatribuit,bucurești neatribuit,bucurești,1
Staer 7,george bacovia,bucurești neatribuit,bucurești neatribuit,bucurești,2
Staer 7,george bacovia,voluntari–pipera,—,ilfov,1
Staer 7,george bacovia (perla residence),voluntari–pipera,—,ilfov,1
Staer 7,george baritiu,sector 1,sector 1,bucurești,1
Staer 7,george bizet,sector 1,sector 1,bucurești,1
Staer 7,george calinescu,sector 2,sector 2,bucurești,1
Staer 7,george cosbuc,brănești,—,ilfov,1
Staer 7,george cosbuc,sector 4,sector 4,bucurești,1
Staer 7,george cosbuc,voluntari–pipera,—,ilfov,2
Staer 7,george enescu,sector 1,sector 1,bucurești,2
Staer 7,george enescu,vladiceasca,—,ilfov,1
Staer 7,george enescu,voluntari–pipera,—,ilfov,1
Staer 7,georges bizet,sector 2,sector 2,bucurești,1
Staer 7,gh petrascu,bucurești neatribuit,bucurești neatribuit,bucurești,1
Staer 7,gh. danielopol,sector 4,sector 4,bucurești,1
Staer 7,gh. doja,voluntari–pipera,—,ilfov,1
Staer 7,ghe dem teodorescu,sector 3,sector 3,bucurești,1
Staer 7,ghe doja,voluntari–pipera,—,ilfov,2
Staer 7,ghe petrascu,sector 3,sector 3,bucurești,1
Staer 7,ghe. iorga,sector 5,sector 5,bucurești,1
Staer 7,ghencea,sector 6,sector 6,bucurești,2
Staer 7,gheorghe bogdan tudor,sector 3,sector 3,bucurești,1
Staer 7,gheorghe costa foru,popești-leordeni,—,ilfov,1
Staer 7,gheorghe doja,sector 3,sector 3,bucurești,1
Staer 7,gheorghe doja,voluntari–pipera,—,ilfov,4
Staer 7,gheorghe doja 38a,volintari,—,ilfov,1
Staer 7,gheorghe doja 58b,bucurești neatribuit,bucurești neatribuit,bucurești,1
Staer 7,gheorghe ionescu sisesti,sector 1,sector 1,bucurești,1
Staer 7,gheorghe petrascu,bucurești neatribuit,bucurești neatribuit,bucurești,1
Staer 7,gheorghe petrascu,sector 3,sector 3,bucurești,1
Staer 7,gheorghe saidac,sector 6,sector 6,bucurești,1
Staer 7,gherghitei,sector 2,sector 2,bucurești,2
Staer 7,ghimpati,sector 4,sector 4,bucurești,1
Staer 7,ghindei,sector 4,sector 4,bucurești,1
Staer 7,ghioceilor,dobroești,—,ilfov,1
Staer 7,ghioceilor,sat zurbaua,—,ilfov,1
Staer 7,ghrerghitei,sector 5,sector 5,bucurești,1
Staer 7,giovanni boccaccio,sector 4,sector 4,bucurești,1
Staer 7,giulesti,bucurești neatribuit,bucurești neatribuit,bucurești,1
Staer 7,giurgiului,sector 4,sector 4,bucurești,2
Staer 7,gladiolelor,bucurești neatribuit,bucurești neatribuit,bucurești,1
Staer 7,gladiolelor,chiajna–roșu–dudu,—,ilfov,3
Staer 7,gladiolelor,sector 6,sector 6,bucurești,2
Staer 7,gladitei,sector 4,sector 4,bucurești,2
Staer 7,glicinelor,sector 5,sector 5,bucurești,1
Staer 7,gologanului,bucurești neatribuit,bucurești neatribuit,bucurești,2
Staer 7,goraslau,bucurești neatribuit,bucurești neatribuit,bucurești,1
Staer 7,gorgan spatar,sector 2,sector 2,bucurești,1
Staer 7,gorgan spataru,sector 2,sector 2,bucurești,3
Staer 7,gospodari,chiajna–roșu–dudu,—,ilfov,1
Staer 7,govora,ștefăneștii de jos,—,ilfov,1
Staer 7,gradina cu cai,sector 5,sector 5,bucurești,1
Staer 7,gradinarilor,bucurești neatribuit,bucurești neatribuit,bucurești,1
Staer 7,gradinarilor,sector 3,sector 3,bucurești,2
Staer 7,gradistea,sector 4,sector 4,bucurești,1
Staer 7,gral radovici,sector 2,sector 2,bucurești,1
Staer 7,graului,sat balaceanca,—,ilfov,1
Staer 7,grigore alexandrescu,sector 1,sector 1,bucurești,2
Staer 7,grigore moise,sector 2,sector 2,bucurești,1
Staer 7,grigore moisil,sector 2,sector 2,bucurești,8
Staer 7,grigore tocilescu,bucurești neatribuit,bucurești neatribuit,bucurești,1
Staer 7,grigore voda,sector 4,sector 4,bucurești,1
Staer 7,grivita,bucurești neatribuit,bucurești neatribuit,bucurești,1
Staer 7,grivita,otopeni,—,ilfov,1
Staer 7,grivitei,bucurești neatribuit,bucurești neatribuit,bucurești,1
Staer 7,grl dimitrie salmen,bucurești neatribuit,bucurești neatribuit,bucurești,1
Staer 7,gruiul argesului,sector 3,sector 3,bucurești,1
Staer 7,gura ialomitei,sector 3,sector 3,bucurești,5
Staer 7,gura leului,voluntari–pipera,—,ilfov,1
Staer 7,gura vadului,sector 3,sector 3,bucurești,3
Staer 7,guraliului,voluntari–pipera,—,ilfov,1
Staer 7,gureni,bucurești neatribuit,bucurești neatribuit,bucurești,2
Staer 7,gureni,sector 2,sector 2,bucurești,1
Staer 7,hambarului,bucurești neatribuit,bucurești neatribuit,bucurești,1
Staer 7,harghita,voluntari–pipera,—,ilfov,3
Staer 7,hatisului,sector 2,sector 2,bucurești,1
Staer 7,hatmanul arbore,sector 1,sector 1,bucurești,1
Staer 7,henri coanda,bucurești neatribuit,bucurești neatribuit,bucurești,3
Staer 7,herastrau,bucurești neatribuit,bucurești neatribuit,bucurești,1
Staer 7,herculane 8a,bucurești neatribuit,bucurești neatribuit,bucurești,1
Staer 7,hercule,bucurești neatribuit,bucurești neatribuit,bucurești,1
Staer 7,hercule,sector 5,sector 5,bucurești,1
Staer 7,herta,sector 2,sector 2,bucurești,11
Staer 7,hipodromului,corbeanca,—,ilfov,1
Staer 7,hiramului,sector 2,sector 2,bucurești,2
Staer 7,hirsova,voluntari–pipera,—,ilfov,1
Staer 7,hispania,sector 2,sector 2,bucurești,2
Staer 7,hispaniei,bucurești neatribuit,bucurești neatribuit,bucurești,1
Staer 7,hispaniei,sector 2,sector 2,bucurești,1
Staer 7,horei,bucurești neatribuit,bucurești neatribuit,bucurești,1
Staer 7,horia,tunari,—,ilfov,1
Staer 7,hotarele,voluntari–pipera,—,ilfov,2
Staer 7,hotarelor,bucurești neatribuit,bucurești neatribuit,bucurești,1
Staer 7,hotarului,voluntari–pipera,—,ilfov,2
Staer 7,hrisovului,sector 1,sector 1,bucurești,4
Staer 7,husi,sector 4,sector 4,bucurești,1
Staer 7,i l caragiale,afumați,—,ilfov,2
Staer 7,i l caragiale,bucurești neatribuit,bucurești neatribuit,bucurești,1
Staer 7,i l caragiale,voluntari–pipera,—,ilfov,4
Staer 7,i.c bratianu,brănești,—,ilfov,1
Staer 7,iacob negruti,sector 1,sector 1,bucurești,1
Staer 7,ialomita,voluntari–pipera,—,ilfov,1
Staer 7,ialomitei,gruiu,—,ilfov,1
Staer 7,iancu brazeanu,bucurești neatribuit,bucurești neatribuit,bucurești,1
Staer 7,iancu brezeanu,voluntari–pipera,—,ilfov,1
Staer 7,iancu jianu,sector 5,sector 5,bucurești,2
Staer 7,ianovici link,sector 1,sector 1,bucurești,1
Staer 7,iasomiei,afumați,—,ilfov,1
Staer 7,ic bratianu,balotești,—,ilfov,1
Staer 7,ic bratianu,otopeni,—,ilfov,1
Staer 7,icoanei,bucurești sectorul 2,—,ilfov,1
Staer 7,icoanei,sector 2,sector 2,bucurești,2
Staer 7,idilia,posta,—,ilfov,1
Staer 7,ielev stefanescu,bucurești neatribuit,bucurești neatribuit,bucurești,1
Staer 7,ierbei,sector 6,sector 6,bucurești,1
Staer 7,iezeru,sector 1,sector 1,bucurești,1
Staer 7,il caragiale,bucurești neatribuit,bucurești neatribuit,bucurești,1
Staer 7,il caragiale,tunari,—,ilfov,1
Staer 7,il caragiale,voluntari–pipera,—,ilfov,2
Staer 7,ilarie chendi,bucurești neatribuit,bucurești neatribuit,bucurești,1
Staer 7,ileana cozanzeana,sector 5,sector 5,bucurești,1
Staer 7,iliceanu ion,bucurești neatribuit,bucurești neatribuit,bucurești,1
Staer 7,ilie petre,chiajna–roșu–dudu,—,ilfov,1
Staer 7,ilioara,sector 3,sector 3,bucurești,1
Staer 7,ilvali suliga,bucurești neatribuit,bucurești neatribuit,bucurești,1
Staer 7,imachi,bucurești neatribuit,bucurești neatribuit,bucurești,1
Staer 7,iman,sector 2,sector 2,bucurești,3
Staer 7,imani,sector 2,sector 2,bucurești,1
Staer 7,imasului,afumați,—,ilfov,1
Staer 7,imparatul traian,sector 4,sector 4,bucurești,4
Staer 7,in george simionescu,bucurești neatribuit,bucurești neatribuit,bucurești,1
Staer 7,inaugurarii,sector 2,sector 2,bucurești,2
Staer 7,independentei,berceni (ilfov),—,ilfov,1
Staer 7,independentei,brănești,—,ilfov,1
Staer 7,independentei,corbeanca,—,ilfov,1
Staer 7,industriilor,sector 3,sector 3,bucurești,1
Staer 7,ingerasilor,periș,—,ilfov,1
Staer 7,inginer zablovschi,sector 1,sector 1,bucurești,2
Staer 7,inginerilor,sector 2,sector 2,bucurești,1
Staer 7,inginerilor,sector 5,sector 5,bucurești,1
Staer 7,inginerilor 3,sector 2,sector 2,bucurești,1
Staer 7,inginerilor tei,sector 2,sector 2,bucurești,4
Staer 7,institutului,vidra,—,ilfov,1
Staer 7,int amara,sector 4,sector 4,bucurești,1
Staer 7,int badeni,sector 3,sector 3,bucurești,2
Staer 7,int barsei,bucurești neatribuit,bucurești neatribuit,bucurești,1
Staer 7,int birsei,bucurești neatribuit,bucurești neatribuit,bucurești,1
Staer 7,int birsei,sector 3,sector 3,bucurești,1
Staer 7,int campului,pantelimon,—,ilfov,1
Staer 7,int ceptura,bucurești neatribuit,bucurești neatribuit,bucurești,2
Staer 7,int dobrogeanu ghelea,pantelimon,—,ilfov,1
Staer 7,int doinei,bucurești neatribuit,bucurești neatribuit,bucurești,1
Staer 7,int dridu,bucurești neatribuit,bucurești neatribuit,bucurești,1
Staer 7,int dumitru vlasceanu,voluntari–pipera,—,ilfov,1
Staer 7,int eufrosina popescu,bucurești neatribuit,bucurești neatribuit,bucurești,1
Staer 7,int horbotei,sector 3,sector 3,bucurești,1
Staer 7,int mioritei,sector 2,sector 2,bucurești,1
Staer 7,int moneasa,bucurești neatribuit,bucurești neatribuit,bucurești,1
Staer 7,int muncii,bucurești neatribuit,bucurești neatribuit,bucurești,1
Staer 7,int mures,pantelimon,—,ilfov,1
Staer 7,int muzelor,mogoșoaia,—,ilfov,1
Staer 7,int nicoresti,sector 1,sector 1,bucurești,1
Staer 7,int plopeni,bucurești neatribuit,bucurești neatribuit,bucurești,1
Staer 7,int procopie dumitrescu,sector 2,sector 2,bucurești,1
Staer 7,int reconstructiei,bucurești neatribuit,bucurești neatribuit,bucurești,2
Staer 7,int santierului,bucurești neatribuit,bucurești neatribuit,bucurești,1
Staer 7,int scorusului,bucurești neatribuit,bucurești neatribuit,bucurești,1
Staer 7,int stefanesti,voluntari–pipera,—,ilfov,1
Staer 7,int taciunelui,bucurești neatribuit,bucurești neatribuit,bucurești,1
Staer 7,int ulmeni,sector 4,sector 4,bucurești,1
Staer 7,int viilor,popești-leordeni,—,ilfov,1
Staer 7,int. biruintei,pantelimon,—,ilfov,1
Staer 7,int. constructorului,buftea,—,ilfov,1
Staer 7,int. gica petrescu,voluntari–pipera,—,ilfov,1
Staer 7,int. odobesti,bucurești neatribuit,bucurești neatribuit,bucurești,1
Staer 7,int. odobesti,sector 3,sector 3,bucurești,1
Staer 7,int. vagonetului,bucurești neatribuit,bucurești neatribuit,bucurești,1
Staer 7,int. vrancea,pantelimon,—,ilfov,1
Staer 7,int. vrancei,voluntari–pipera,—,ilfov,1
Staer 7,int.agatului,bucurești neatribuit,bucurești neatribuit,bucurești,1
Staer 7,int.cap.nicolae cerga,bucurești neatribuit,bucurești neatribuit,bucurești,1
Staer 7,int.glucozei,bucurești neatribuit,bucurești neatribuit,bucurești,2
Staer 7,int.glucozei,sector 2,sector 2,bucurești,1
Staer 7,int.patinoarului,bucurești neatribuit,bucurești neatribuit,bucurești,1
Staer 7,int.trei brazi,bucurești neatribuit,bucurești neatribuit,bucurești,1
Staer 7,int.trifoiului,brănești,—,ilfov,1
Staer 7,intrarea are marasesti,sector 4,sector 4,bucurești,1
Staer 7,intrarea are nicolae musca,sector 5,sector 5,bucurești,1
Staer 7,intrarea area 3 brazi,sector 4,sector 4,bucurești,1
Staer 7,intrarea area aniversari,bucurești neatribuit,bucurești neatribuit,bucurești,1
Staer 7,intrarea area badeni,sector 3,sector 3,bucurești,2
Staer 7,intrarea area banatului,chitila,—,ilfov,1
Staer 7,intrarea area barsei,sector 3,sector 3,bucurești,3
Staer 7,intrarea area becheanului,voluntari–pipera,—,ilfov,1
Staer 7,intrarea area chefalului,sector 1,sector 1,bucurești,1
Staer 7,intrarea area ciresului,dobroești,—,ilfov,3
Staer 7,intrarea area ciucia,bucurești neatribuit,bucurești neatribuit,bucurești,1
Staer 7,intrarea area daliei,voluntari–pipera,—,ilfov,1
Staer 7,intrarea area daliilor,sector 5,sector 5,bucurești,1
Staer 7,intrarea area de constructie,sector 3,sector 3,bucurești,1
Staer 7,intrarea area dridu,sector 1,sector 1,bucurești,1
Staer 7,intrarea area dusului,sector 6,sector 6,bucurești,3
Staer 7,intrarea area floarea albastra,cernica,—,ilfov,1
Staer 7,intrarea area fulgerului,sector 1,sector 1,bucurești,1
Staer 7,intrarea area glucozei,sector 2,sector 2,bucurești,2
Staer 7,intrarea area horbotei,bucurești neatribuit,bucurești neatribuit,bucurești,1
Staer 7,intrarea area horbotei,sector 3,sector 3,bucurești,5
Staer 7,intrarea area liliacului,otopeni,—,ilfov,1
Staer 7,intrarea area margaritarului-drumul odaii,otopeni,—,ilfov,1
Staer 7,intrarea area nefliu,măgurele,—,ilfov,1
Staer 7,intrarea area nicolae iorga,bucurești neatribuit,bucurești neatribuit,bucurești,1
Staer 7,intrarea area ochiuri,bucurești neatribuit,bucurești neatribuit,bucurești,1
Staer 7,intrarea area patinoarului,sector 3,sector 3,bucurești,2
Staer 7,intrarea area planetei,moara vlăsiei,—,ilfov,1
Staer 7,intrarea area sectorului,sector 3,sector 3,bucurești,1
Staer 7,intrarea area socului,voluntari–pipera,—,ilfov,1
Staer 7,intrarea area victor daimaca,sector 1,sector 1,bucurești,1
Staer 7,intrarea area viilor,popești-leordeni,—,ilfov,1
Staer 7,intrarea aries,voluntari–pipera,—,ilfov,3
Staer 7,intrarea aviator caranda,sector 6,sector 6,bucurești,1
Staer 7,intrarea biruintei,bucurești neatribuit,bucurești neatribuit,bucurești,2
Staer 7,intrarea biruintei,sector 1,sector 1,bucurești,1
Staer 7,intrarea bujorului,pantelimon,—,ilfov,1
Staer 7,intrarea calea bucuresti,tunari,—,ilfov,1
Staer 7,intrarea campului,pantelimon,—,ilfov,1
Staer 7,intrarea crinului,chiajna–roșu–dudu,—,ilfov,1
Staer 7,intrarea dispensarului,clinceni,—,ilfov,1
Staer 7,intrarea doinei,dobroești,—,ilfov,4
Staer 7,intrarea eroului,chiajna–roșu–dudu,—,ilfov,1
Staer 7,intrarea fagaras,ștefăneștii de jos,—,ilfov,2
Staer 7,intrarea fanfarei,sector 2,sector 2,bucurești,1
Staer 7,intrarea foisorului,domnești,—,ilfov,1
Staer 7,intrarea gica petrescu,voluntari–pipera,—,ilfov,1
Staer 7,intrarea godeni,sector 6,sector 6,bucurești,1
Staer 7,intrarea heliade intre vii,sector 2,sector 2,bucurești,3
Staer 7,intrarea izlazului,bucurești neatribuit,bucurești neatribuit,bucurești,1
Staer 7,intrarea izvoarelor,otopeni,—,ilfov,1
Staer 7,intrarea lunca barzesti,sector 4,sector 4,bucurești,1
Staer 7,intrarea mecet,sector 2,sector 2,bucurești,1
Staer 7,intrarea mesteacanului,bucurești neatribuit,bucurești neatribuit,bucurești,2
Staer 7,intrarea movilitei,sector 1,sector 1,bucurești,1
Staer 7,intrarea nicolae balcescu,voluntari–pipera,—,ilfov,5
Staer 7,intrarea nicolae iorga,chiajna–roșu–dudu,—,ilfov,1
Staer 7,intrarea odobesti,sector 3,sector 3,bucurești,1
Staer 7,intrarea padurii,tunari,—,ilfov,1
Staer 7,intrarea parului,sector 3,sector 3,bucurești,1
Staer 7,intrarea pinului,sector 6,sector 6,bucurești,3
Staer 7,intrarea rascoalei,sector 2,sector 2,bucurești,2
Staer 7,intrarea reconstructiei,sector 3,sector 3,bucurești,5
Staer 7,intrarea sevastopol,sector 1,sector 1,bucurești,1
Staer 7,intrarea sf gheorghe,pantelimon,—,ilfov,1
Staer 7,intrarea sirenelor,domnești,—,ilfov,1
Staer 7,intrarea slobozia,bucurești neatribuit,bucurești neatribuit,bucurești,1
Staer 7,intrarea teiul doamnei,sector 2,sector 2,bucurești,1
Staer 7,intrarea teodor iliescu,bucurești neatribuit,bucurești neatribuit,bucurești,1
Staer 7,intrarea turceni,sector 5,sector 5,bucurești,1
Staer 7,intrarea uzinei,catelu,—,ilfov,1
Staer 7,intrarea viitorului,bucurești neatribuit,bucurești neatribuit,bucurești,3
Staer 7,intrarea viitorului,sector 2,sector 2,bucurești,2
Staer 7,intrarea zambilei,voluntari–pipera,—,ilfov,1
Staer 7,intrarea zorilor,sector 2,sector 2,bucurești,1
Staer 7,inului,afumați,—,ilfov,1
Staer 7,inului,sector 2,sector 2,bucurești,2
Staer 7,invalid suliga,bucurești neatribuit,bucurești neatribuit,bucurești,1
Staer 7,invalid suliga ion,bucurești neatribuit,bucurești neatribuit,bucurești,2
Staer 7,invalid suliga ion,sector 2,sector 2,bucurești,1
Staer 7,invingatorilor,sector 3,sector 3,bucurești,1
Staer 7,invingatorilor14b,bucurești neatribuit,bucurești neatribuit,bucurești,1
Staer 7,ioan berindei,bucurești neatribuit,bucurești neatribuit,bucurești,1
Staer 7,ioan berindei,sector 2,sector 2,bucurești,1
Staer 7,ioan mihalache,bucurești neatribuit,bucurești neatribuit,bucurești,1
Staer 7,ioan slavici,afumați,—,ilfov,2
Staer 7,ioan slavici,măgurele,—,ilfov,1
Staer 7,ioan slavici,tunari,—,ilfov,2
Staer 7,ioan sulea,pantelion,—,ilfov,1
Staer 7,ion barbu,sat 1 dec,—,ilfov,1
Staer 7,ion benidei,sector 2,sector 2,bucurești,1
Staer 7,ion berindei,sector 2,sector 2,bucurești,11
Staer 7,ion campineanu,bucurești neatribuit,bucurești neatribuit,bucurești,3
Staer 7,ion fonaghi,bucurești neatribuit,bucurești neatribuit,bucurești,1
Staer 7,ion fonaghi,voluntari–pipera,—,ilfov,1
Staer 7,ion ghica,bucurești neatribuit,bucurești neatribuit,bucurești,1
Staer 7,ion i.c.bratianu,balotești,—,ilfov,1
Staer 7,ion iriceanu,sector 4,sector 4,bucurești,1
Staer 7,ion lahovari,balotești,—,ilfov,2
Staer 7,ion luca caragiale,tunari,—,ilfov,1
Staer 7,ion luca caragile,voluntari–pipera,—,ilfov,1
Staer 7,ion maiorescu,sector 2,sector 2,bucurești,1
Staer 7,ion manolescu,sector 6,sector 6,bucurești,1
Staer 7,ion minulescu,sector 3,sector 3,bucurești,2
Staer 7,ion mortun,sector 3,sector 3,bucurești,1
Staer 7,ion nedeleanau,bucurești neatribuit,bucurești neatribuit,bucurești,1
Staer 7,ion nedeleanu,bucurești neatribuit,bucurești neatribuit,bucurești,1
Staer 7,ion nedeleanu,sector 5,sector 5,bucurești,1
Staer 7,ion pillat,sector 3,sector 3,bucurești,1
Staer 7,ion s ion,voluntari–pipera,—,ilfov,1
Staer 7,ion scortaru,popești-leordeni,—,ilfov,1
Staer 7,ion voda viteazul,sector 4,sector 4,bucurești,1
Staer 7,ion voinescu,sector 3,sector 3,bucurești,1
Staer 7,ionescu grigore,bucurești neatribuit,bucurești neatribuit,bucurești,1
Staer 7,iordache golescu,sector 1,sector 1,bucurești,1
Staer 7,iosifesti,bucurești neatribuit,bucurești neatribuit,bucurești,1
Staer 7,iriceanu ion,bucurești neatribuit,bucurești neatribuit,bucurești,2
Staer 7,iriceanu ion,sector 4,sector 4,bucurești,1
Staer 7,iriceanu ion,sector 6,sector 6,bucurești,1
Staer 7,irimicului,sector 2,sector 2,bucurești,2
Staer 7,irisului,sector 3,sector 3,bucurești,1
Staer 7,islazului,balotești,—,ilfov,1
Staer 7,islazului,bucurești neatribuit,bucurești neatribuit,bucurești,1
Staer 7,islazului,cornetu,—,ilfov,1
Staer 7,istrat higas,bucurești neatribuit,bucurești neatribuit,bucurești,1
Staer 7,italiana,sector 2,sector 2,bucurești,1
Staer 7,itr teiul doamnei,sector 2,sector 2,bucurești,1
Staer 7,itrarea calitatii,sector 2,sector 2,bucurești,1
Staer 7,iuliu barash,bucurești neatribuit,bucurești neatribuit,bucurești,1
Staer 7,iuliu prodan,voluntari–pipera,—,ilfov,3
Staer 7,iustinian,bucurești neatribuit,bucurești neatribuit,bucurești,1
Staer 7,ivan anghelache,sector 5,sector 5,bucurești,1
Staer 7,izlaz,bucurești neatribuit,bucurești neatribuit,bucurești,1
Staer 7,izvoarelor,voluntari–pipera,—,ilfov,3
Staer 7,izvor,bucurești neatribuit,bucurești neatribuit,bucurești,1
Staer 7,jan steliadi,sector 3,sector 3,bucurești,1
Staer 7,jan steriade,sector 3,sector 3,bucurești,1
Staer 7,jan steriadi,sector 3,sector 3,bucurești,3
Staer 7,jean louis calderon,bucurești neatribuit,bucurești neatribuit,bucurești,1
Staer 7,jean monnet,sector 1,sector 1,bucurești,1
Staer 7,jean steliadi,sector 3,sector 3,bucurești,1
Staer 7,jimbolia,sector 1,sector 1,bucurești,2
Staer 7,jirului,bucurești neatribuit,bucurești neatribuit,bucurești,1
Staer 7,jl calderon,bucurești neatribuit,bucurești neatribuit,bucurești,1
Staer 7,joagarului,bucurești neatribuit,bucurești neatribuit,bucurești,2
Staer 7,johan sebastian bach,bucurești neatribuit,bucurești neatribuit,bucurești,1
Staer 7,johan sebastian bach,sector 1,sector 1,bucurești,1
Staer 7,johannes ketler,bucurești neatribuit,bucurești neatribuit,bucurești,1
Staer 7,joita,sector 4,sector 4,bucurești,1
Staer 7,judetului,sector 2,sector 2,bucurești,2
Staer 7,jugastrului,sector 1,sector 1,bucurești,1
Staer 7,kepler,sector 2,sector 2,bucurești,2
Staer 7,l iancu de hunedoara,bucurești neatribuit,bucurești neatribuit,bucurești,1
Staer 7,l lacul tei,sector 2,sector 2,bucurești,1
Staer 7,l. basarabia,bucurești neatribuit,bucurești neatribuit,bucurești,1
Staer 7,l. ghe. nicolae,sector 2,sector 2,bucurești,1
Staer 7,la dorali,voluntari–pipera,—,ilfov,1
Staer 7,la meri,cernica,—,ilfov,1
Staer 7,labirint,bucurești neatribuit,bucurești neatribuit,bucurești,2
Staer 7,labirint,sector 3,sector 3,bucurești,1
Staer 7,laborator,sector 3,sector 3,bucurești,11
Staer 7,lac de nuferi,bucurești neatribuit,bucurești neatribuit,bucurești,1
Staer 7,lacul plopului,bucurești neatribuit,bucurești neatribuit,bucurești,3
Staer 7,lacul zanoaga,bucurești neatribuit,bucurești neatribuit,bucurești,1
Staer 7,lacului,ganeasa sat ganeasa,—,ilfov,1
Staer 7,lalosu,bucurești neatribuit,bucurești neatribuit,bucurești,1
Staer 7,lalosu,sector 4,sector 4,bucurești,1
Staer 7,lamaitei,pantelimon,—,ilfov,1
Staer 7,lamaitei,petrachioaia,—,ilfov,4
Staer 7,lamaseni,bucurești neatribuit,bucurești neatribuit,bucurești,1
Staer 7,lanternei,sector 2,sector 2,bucurești,8
Staer 7,lanului,sector 2,sector 2,bucurești,5
Staer 7,laptari tei,sector 2,sector 2,bucurești,4
Staer 7,lastarisului,corbeanca,—,ilfov,1
Staer 7,lastarisului,sector 1,sector 1,bucurești,2
Staer 7,latea gheorghe,sector 6,sector 6,bucurești,1
Staer 7,laurentiu raiciu,bucurești neatribuit,bucurești neatribuit,bucurești,1
Staer 7,laurentiu raiciu,popești-leordeni,—,ilfov,2
Staer 7,laurentiu raicu,bucurești neatribuit,bucurești neatribuit,bucurești,1
Staer 7,lavandei,sector 6,sector 6,bucurești,1
Staer 7,lavandei,ștefăneștii de jos,—,ilfov,1
Staer 7,lavitei,sector 2,sector 2,bucurești,3
Staer 7,lazar florea,bucurești neatribuit,bucurești neatribuit,bucurești,1
Staer 7,lecturii,sector 2,sector 2,bucurești,5
Staer 7,lemnarilor,sector 1,sector 1,bucurești,1
Staer 7,lemnisor,sector 3,sector 3,bucurești,1
Staer 7,leonida,bucurești neatribuit,bucurești neatribuit,bucurești,1
Staer 7,leonte filipescu,voluntari–pipera,—,ilfov,3
Staer 7,leordeni,afumați,—,ilfov,2
Staer 7,levantica,sector 3,sector 3,bucurești,1
Staer 7,libertatii,ganeasa,—,ilfov,2
Staer 7,libertatii,gradistea,—,ilfov,1
Staer 7,libertatii,jilava,—,ilfov,1
Staer 7,libertatii,voluntari–pipera,—,ilfov,2
Staer 7,liliacului,petrechioaia,—,ilfov,1
Staer 7,liliacului,voluntari–pipera,—,ilfov,2
Staer 7,limanului,sector 1,sector 1,bucurești,1
Staer 7,linia de centura,ștefăneștii de jos,—,ilfov,2
Staer 7,linia de centura dreapta,afumați,—,ilfov,1
Staer 7,linia de centura dreapta,bucurești neatribuit,bucurești neatribuit,bucurești,1
Staer 7,linia de centura stanga,afumați,—,ilfov,1
Staer 7,linistei,vidra,—,ilfov,1
Staer 7,lipiceni,bucurești neatribuit,bucurești neatribuit,bucurești,1
Staer 7,lipiceni,sector 2,sector 2,bucurești,1
Staer 7,lirei,sector 2,sector 2,bucurești,3
Staer 7,litoralu;ui,bucurești neatribuit,bucurești neatribuit,bucurești,1
Staer 7,litoralului,sector 2,sector 2,bucurești,2
Staer 7,litovoi voievod,sector 2,sector 2,bucurești,1
Staer 7,livezi,cornetu,—,ilfov,1
Staer 7,livezilor,afumați,—,ilfov,3
Staer 7,livezilor,ganeasa,—,ilfov,1
Staer 7,livezilor,sat.sindrilita-com.ganeasa,—,ilfov,1
Staer 7,livezilor 1,pantelimon,—,ilfov,1
Staer 7,livezilor 2,sector 2,sector 2,bucurești,1
Staer 7,livezilor iii,pantelimon,—,ilfov,2
Staer 7,liviu rebreanu,afumați,—,ilfov,1
Staer 7,liviu rebreanu,bucurești neatribuit,bucurești neatribuit,bucurești,23
Staer 7,liviu rebreanu,cernica,—,ilfov,1
Staer 7,liviu rebreanu,sector 2,sector 2,bucurești,1
Staer 7,liviu rebreanu,sector 3,sector 3,bucurești,33
Staer 7,liviu rebreanu.titan,bucurești neatribuit,bucurești neatribuit,bucurești,1
Staer 7,liviu rebrenu,sector 3,sector 3,bucurești,1
Staer 7,liviua rebreanu,sector 3,sector 3,bucurești,1
Staer 7,livrat,bucurești neatribuit,bucurești neatribuit,bucurești,2
Staer 7,livrat,voluntari–pipera,—,ilfov,1
Staer 7,lobistei,bucurești neatribuit,bucurești neatribuit,bucurești,1
Staer 7,locot. dumitru papazoglu,sector 3,sector 3,bucurești,1
Staer 7,logofat dan,bucurești neatribuit,bucurești neatribuit,bucurești,1
Staer 7,logofat tautu,bucurești neatribuit,bucurești neatribuit,bucurești,1
Staer 7,logofat udriste,bucurești neatribuit,bucurești neatribuit,bucurești,1
Staer 7,logofatul tautu,bucurești neatribuit,bucurești neatribuit,bucurești,1
Staer 7,londra,sector 1,sector 1,bucurești,1
Staer 7,lot ion campianu,sector 5,sector 5,bucurești,1
Staer 7,lotrioara,sector 3,sector 3,bucurești,9
Staer 7,lotrului,afumați,—,ilfov,1
Staer 7,lotusului,bucurești neatribuit,bucurești neatribuit,bucurești,2
Staer 7,lotusului,voluntari–pipera,—,ilfov,3
Staer 7,lt aurel botea,sector 3,sector 3,bucurești,3
Staer 7,lt av fuica,bucurești neatribuit,bucurești neatribuit,bucurești,1
Staer 7,lt cimpeanu,sector 4,sector 4,bucurești,1
Staer 7,lt col dumitru papazoglu,sector 3,sector 3,bucurești,1
Staer 7,lt col papazoglu dumitru,sector 3,sector 3,bucurești,1
Staer 7,lt nicolae pascu,sector 3,sector 3,bucurești,2
Staer 7,lt victor manu,sector 2,sector 2,bucurești,1
Staer 7,lt. gheorghe saidac,sector 6,sector 6,bucurești,4
Staer 7,lucaci,voluntari–pipera,—,ilfov,1
Staer 7,luceafarului,bucurești neatribuit,bucurești neatribuit,bucurești,1
Staer 7,luceafarului,cernica,—,ilfov,1
Staer 7,lucian blaga,sector 3,sector 3,bucurești,1
Staer 7,lucica,sector 4,sector 4,bucurești,1
Staer 7,lucieni,bucurești neatribuit,bucurești neatribuit,bucurești,1
Staer 7,lucieni,sector 3,sector 3,bucurești,1
Staer 7,lucratu patrascaru,sector 2,sector 2,bucurești,1
Staer 7,lucretiu patrascanu,sector 3,sector 3,bucurești,5
Staer 7,lucretiu patrascu,bucurești neatribuit,bucurești neatribuit,bucurești,1
Staer 7,lucretu,sector 3,sector 3,bucurești,1
Staer 7,lucretu patrascanu,sector 3,sector 3,bucurești,1
Staer 7,lugoj,sector 1,sector 1,bucurești,1
Staer 7,luntrei,sector 2,sector 2,bucurești,12
Staer 7,m. eminescu,tunari,—,ilfov,1
Staer 7,m.sebastian,sector 5,sector 5,bucurești,1
Staer 7,macelar,bucurești neatribuit,bucurești neatribuit,bucurești,1
Staer 7,macesilor,"moara vasiei ,sat caciulati",—,ilfov,1
Staer 7,macesului,ștefăneștii de jos,—,ilfov,1
Staer 7,macului,afumați,—,ilfov,2
Staer 7,macului,bucurești neatribuit,bucurești neatribuit,bucurești,1
Staer 7,madrid,sector 1,sector 1,bucurești,1
Staer 7,magazin staer pipera,voluntari–pipera,—,ilfov,1
Staer 7,magneziului,sector 2,sector 2,bucurești,1
Staer 7,magnoliei,bucurești neatribuit,bucurești neatribuit,bucurești,1
Staer 7,magnoliei,pantelimon,—,ilfov,1
Staer 7,magnoliei,sector 2,sector 2,bucurești,2
Staer 7,magnoliei,voluntari–pipera,—,ilfov,1
Staer 7,magura vaii,sector 2,sector 2,bucurești,1
Staer 7,magurei,sector 5,sector 5,bucurești,1
Staer 7,maica domnului,sector 2,sector 2,bucurești,5
Staer 7,maica teofana,bucurești neatribuit,bucurești neatribuit,bucurești,1
Staer 7,maior atanase ionescu,sector 2,sector 2,bucurești,1
Staer 7,maior bacila,sector 2,sector 2,bucurești,21
Staer 7,maior bacila vasile,sector 2,sector 2,bucurești,2
Staer 7,maior mampeanu,bucurești neatribuit,bucurești neatribuit,bucurești,1
Staer 7,maior vasile bocila,bucurești neatribuit,bucurești neatribuit,bucurești,1
Staer 7,malcoci,sector 5,sector 5,bucurești,2
Staer 7,malei millo,bucurești neatribuit,bucurești neatribuit,bucurești,1
Staer 7,malinului,sector 6,sector 6,bucurești,1
Staer 7,malul cu flori,corbeanca,—,ilfov,1
Staer 7,mandresti,sector 5,sector 5,bucurești,1
Staer 7,mangalia,voluntari–pipera,—,ilfov,1
Staer 7,mantiunii,sector 2,sector 2,bucurești,1
Staer 7,maramures,bucurești neatribuit,bucurești neatribuit,bucurești,1
Staer 7,maramures,otopeni,—,ilfov,1
Staer 7,marasesti,afumați,—,ilfov,1
Staer 7,marasesti,tunari,—,ilfov,1
Staer 7,marasti,berceni (ilfov),—,ilfov,1
Staer 7,marasti,bucurești neatribuit,bucurești neatribuit,bucurești,1
Staer 7,marcu armasu,sector 2,sector 2,bucurești,9
Staer 7,margaritarului,otopeni,—,ilfov,1
Staer 7,margeanului,sector 5,sector 5,bucurești,4
Staer 7,margelelor,sector 6,sector 6,bucurești,1
Staer 7,margine,bucurești neatribuit,bucurești neatribuit,bucurești,1
Staer 7,maria ghicuseasa,sector 2,sector 2,bucurești,1
Staer 7,maria rosetti,bucurești neatribuit,bucurești neatribuit,bucurești,1
Staer 7,maria rosetti,sector 2,sector 2,bucurești,2
Staer 7,marian tanase,sector 4,sector 4,bucurești,1
Staer 7,marian vasile,bucurești neatribuit,bucurești neatribuit,bucurești,1
Staer 7,marica,sector 4,sector 4,bucurești,1
Staer 7,marin sorescu,otopeni,—,ilfov,1
Staer 7,marin sorescu,tancabesti,—,ilfov,2
Staer 7,marinarilor,sector 1,sector 1,bucurești,4
Staer 7,marius emanuil guteica,bucurești neatribuit,bucurești neatribuit,bucurești,1
Staer 7,marului,sector 3,sector 3,bucurești,2
Staer 7,masina de paine,sector 2,sector 2,bucurești,12
Staer 7,masina de piine,bucurești neatribuit,bucurești neatribuit,bucurești,1
Staer 7,masina de piine,sector 2,sector 2,bucurești,1
Staer 7,matei corvin,bucurești neatribuit,bucurești neatribuit,bucurești,1
Staer 7,matei millo,bucurești neatribuit,bucurești neatribuit,bucurești,1
Staer 7,matei milo,bucurești neatribuit,bucurești neatribuit,bucurești,1
Staer 7,matei milo,voluntari–pipera,—,ilfov,1
Staer 7,matei vioevod,sector 2,sector 2,bucurești,1
Staer 7,matei voievod,sector 2,sector 2,bucurești,3
Staer 7,matui,bucurești neatribuit,bucurești neatribuit,bucurești,1
Staer 7,maxim dorki,bucurești neatribuit,bucurești neatribuit,bucurești,1
Staer 7,maxim gorki,bucurești neatribuit,bucurești neatribuit,bucurești,1
Staer 7,maxim gorki,voluntari–pipera,—,ilfov,2
Staer 7,maximilian popa,bucurești neatribuit,bucurești neatribuit,bucurești,1
Staer 7,maximilian popper,bucurești neatribuit,bucurești neatribuit,bucurești,1
Staer 7,maximilian popper,sector 3,sector 3,bucurești,1
Staer 7,medianei,sector 2,sector 2,bucurești,1
Staer 7,mehadi,bucurești neatribuit,bucurești neatribuit,bucurești,1
Staer 7,mehadia,bucurești neatribuit,bucurești neatribuit,bucurești,1
Staer 7,mehadia,sector 6,sector 6,bucurești,2
Staer 7,mehadie,bucurești neatribuit,bucurești neatribuit,bucurești,1
Staer 7,melodiei,fundeni,—,ilfov,1
Staer 7,melodiei,sector 2,sector 2,bucurești,11
Staer 7,merilor,afumați,—,ilfov,1
Staer 7,merilor,moara vlăsiei,—,ilfov,1
Staer 7,mesteacanului,dobroești,—,ilfov,2
Staer 7,mesteacanului,voluntari–pipera,—,ilfov,1
Staer 7,meterezului,bucurești neatribuit,bucurești neatribuit,bucurești,1
Staer 7,micsunelelor,dragomirești,—,ilfov,1
Staer 7,mihaela ruxandra,sector 6,sector 6,bucurești,1
Staer 7,mihaela ruxandra marcu,sector 6,sector 6,bucurești,1
Staer 7,mihai bravo,bucurești neatribuit,bucurești neatribuit,bucurești,1
Staer 7,mihai bravu,afumați,—,ilfov,2
Staer 7,mihai bravu,bucurești neatribuit,bucurești neatribuit,bucurești,23
Staer 7,mihai bravu,sector 2,sector 2,bucurești,10
Staer 7,mihai bravu,sector 3,sector 3,bucurești,3
Staer 7,mihai eminescu,tunari,—,ilfov,4
Staer 7,mihai viteazu,bucurești neatribuit,bucurești neatribuit,bucurești,1
Staer 7,mihai viteazu,sector 1,sector 1,bucurești,2
Staer 7,mihai viteazu,voluntari–pipera,—,ilfov,1
Staer 7,mihai viteazul,tunari,—,ilfov,1
Staer 7,mihai viteazul,voluntari–pipera,—,ilfov,1
Staer 7,mihail glinka,sector 2,sector 2,bucurești,2
Staer 7,mihail ivanovici glinka,sector 2,sector 2,bucurești,1
Staer 7,mihail moxa,bucurești neatribuit,bucurești neatribuit,bucurești,2
Staer 7,mihail sadoveanu,afumați,—,ilfov,1
Staer 7,mihail sadoveanu,bucurești neatribuit,bucurești neatribuit,bucurești,1
Staer 7,milcov,măgurele,—,ilfov,1
Staer 7,miletin,bucurești neatribuit,bucurești neatribuit,bucurești,1
Staer 7,militari,bucurești neatribuit,bucurești neatribuit,bucurești,1
Staer 7,mimozelor,ștefăneștii de jos,—,ilfov,1
Staer 7,minis,sector 3,sector 3,bucurești,2
Staer 7,mior vasile bacila,sector 2,sector 2,bucurești,1
Staer 7,mioritei,pantelimon,—,ilfov,1
Staer 7,miraslau,bucurești neatribuit,bucurești neatribuit,bucurești,1
Staer 7,miraslau,popești-leordeni,—,ilfov,1
Staer 7,mircea badescu,sector 3,sector 3,bucurești,1
Staer 7,mircea eliade,afumați,—,ilfov,1
Staer 7,mircea eliade,voluntari–pipera,—,ilfov,1
Staer 7,mircea voda,sector 3,sector 3,bucurești,2
Staer 7,mircea vulcanescu,bucurești neatribuit,bucurești neatribuit,bucurești,2
Staer 7,mixandrei,sector 4,sector 4,bucurești,2
Staer 7,moga alexandru,bucurești neatribuit,bucurești neatribuit,bucurești,1
Staer 7,mogos voinicul,sector 2,sector 2,bucurești,1
Staer 7,mogos vornicul,bucurești neatribuit,bucurești neatribuit,bucurești,1
Staer 7,mohorului,sector 6,sector 6,bucurești,3
Staer 7,moinesti,sector 6,sector 6,bucurești,2
Staer 7,moinesti.militari,bucurești neatribuit,bucurești neatribuit,bucurești,1
Staer 7,moise nicoara 38a,bucurești neatribuit,bucurești neatribuit,bucurești,1
Staer 7,moldovita,sector 4,sector 4,bucurești,6
Staer 7,molidului,corbeanca,—,ilfov,1
Staer 7,morii,afumați,—,ilfov,2
Staer 7,morilor,voluntari–pipera,—,ilfov,3
Staer 7,moroeni,bucurești neatribuit,bucurești neatribuit,bucurești,2
Staer 7,moroeni,sector 2,sector 2,bucurești,1
Staer 7,moroieni,sector 2,sector 2,bucurești,5
Staer 7,motilor,sector 3,sector 3,bucurești,7
Staer 7,motoc,sector 5,sector 5,bucurești,3
Staer 7,mr vasile bacila,sector 2,sector 2,bucurești,2
Staer 7,mr. bacila vasile,sector 2,sector 2,bucurești,1
Staer 7,mugur mugurel,sector 3,sector 3,bucurești,1
Staer 7,muntele lung,sector 4,sector 4,bucurești,1
Staer 7,munteniei,sector 1,sector 1,bucurești,2
Staer 7,munteniei,voluntari–pipera,—,ilfov,1
Staer 7,muntii buzaului,sector 2,sector 2,bucurești,5
Staer 7,muntii gurghiului,sector 6,sector 6,bucurești,2
Staer 7,murelor,afumați,—,ilfov,1
Staer 7,mures,bucurești neatribuit,bucurești neatribuit,bucurești,1
Staer 7,mures,dascălu,—,ilfov,1
Staer 7,mures,voluntari–pipera,—,ilfov,3
Staer 7,muresana,sector 3,sector 3,bucurești,2
Staer 7,mureseni,bucurești neatribuit,bucurești neatribuit,bucurești,1
Staer 7,murguta,bucurești neatribuit,bucurești neatribuit,bucurești,2
Staer 7,musat radulescu,sector 5,sector 5,bucurești,1
Staer 7,muuncii,bucurești neatribuit,bucurești neatribuit,bucurești,1
Staer 7,n constantinescu,sector 1,sector 1,bucurești,1
Staer 7,n dumitru,pantelimon,—,ilfov,1
Staer 7,n.balcescu,brănești,—,ilfov,1
Staer 7,n.hagi stoica,bucurești neatribuit,bucurești neatribuit,bucurești,1
Staer 7,nada florilor,sector 2,sector 2,bucurești,10
Staer 7,nades,bucurești neatribuit,bucurești neatribuit,bucurești,1
Staer 7,narciselor,dobroești,—,ilfov,1
Staer 7,narciselor,ștefăneștii de jos,—,ilfov,1
Staer 7,natiunile unite,bucurești,—,ilfov,1
Staer 7,navigatiei,sector 1,sector 1,bucurești,2
Staer 7,neagoe basarab,sector 1,sector 1,bucurești,1
Staer 7,neagoe teodor,bucurești neatribuit,bucurești neatribuit,bucurești,1
Staer 7,neagoe teodor,sector 1,sector 1,bucurești,1
Staer 7,neagota,bucurești neatribuit,bucurești neatribuit,bucurești,3
Staer 7,neagu andrei,sector 3,sector 3,bucurești,1
Staer 7,neatirnarii,sector 1,sector 1,bucurești,1
Staer 7,negoiu,bucurești neatribuit,bucurești neatribuit,bucurești,1
Staer 7,negoiu,sector 3,sector 3,bucurești,1
Staer 7,negropontes,afumați,—,ilfov,1
Staer 7,nehoiasi,sector 5,sector 5,bucurești,3
Staer 7,nera,sector 6,sector 6,bucurești,1
Staer 7,nichita stanescu,mogoșoaia,—,ilfov,1
Staer 7,nichita stanescu,sector 2,sector 2,bucurești,1
Staer 7,nichita stanescu,tunari,—,ilfov,1
Staer 7,nicolae apostol,sector 2,sector 2,bucurești,8
Staer 7,nicolae balcescu,dobroești,—,ilfov,3
Staer 7,nicolae balcescu,ganeasa,—,ilfov,2
Staer 7,nicolae balcescu,jilava,—,ilfov,1
Staer 7,nicolae canea,bucurești neatribuit,bucurești neatribuit,bucurești,2
Staer 7,nicolae caramfil,bucurești neatribuit,bucurești neatribuit,bucurești,1
Staer 7,nicolae caranfil,bucurești neatribuit,bucurești neatribuit,bucurești,1
Staer 7,nicolae constantinescu,sector 1,sector 1,bucurești,1
Staer 7,nicolae filimon,bucurești neatribuit,bucurești neatribuit,bucurești,1
Staer 7,nicolae galea,bucurești neatribuit,bucurești neatribuit,bucurești,1
Staer 7,nicolae grigoresc,bucurești neatribuit,bucurești neatribuit,bucurești,1
Staer 7,nicolae hagi stoica,bucurești neatribuit,bucurești neatribuit,bucurești,2
Staer 7,nicolae iorga,bucurești neatribuit,bucurești neatribuit,bucurești,2
Staer 7,nicolae iorga,otopeni,—,ilfov,2
Staer 7,nicolae iorga,voluntari–pipera,—,ilfov,1
Staer 7,nicolae leonard,voluntari–pipera,—,ilfov,4
Staer 7,nicolae mohanescu,voluntari–pipera,—,ilfov,2
Staer 7,nicolae nicoleanu,sector 1,sector 1,bucurești,1
Staer 7,nicolae oncescu,sector 6,sector 6,bucurești,2
Staer 7,nicolae parau,sector 2,sector 2,bucurești,1
Staer 7,nicolae pascu,sector 3,sector 3,bucurești,3
Staer 7,nicolae sebe,sector 3,sector 3,bucurești,1
Staer 7,nicolae titulescu,sector 1,sector 1,bucurești,5
Staer 7,nicolae uncescu,sector 6,sector 6,bucurești,1
Staer 7,nicu leonard,voluntari–pipera,—,ilfov,1
Staer 7,niculae apostol,bucurești neatribuit,bucurești neatribuit,bucurești,1
Staer 7,niculae sebe,sector 3,sector 3,bucurești,1
Staer 7,nita elinescu,bucurești neatribuit,bucurești neatribuit,bucurești,1
Staer 7,nita ene,sector 2,sector 2,bucurești,3
Staer 7,nordului,tunari,—,ilfov,2
Staer 7,novaci,sector 5,sector 5,bucurești,1
Staer 7,nucsoara,sector 6,sector 6,bucurești,2
Staer 7,nucului,ștefăneștii de jos,—,ilfov,1
Staer 7,nuferilor,bucurești neatribuit,bucurești neatribuit,bucurești,1
Staer 7,nuferilor,dobroești,—,ilfov,2
Staer 7,obcina mare,sector 6,sector 6,bucurești,3
Staer 7,obciuna mare,sector 6,sector 6,bucurești,1
Staer 7,oboga,sector 6,sector 6,bucurești,1
Staer 7,oboru nou,bucurești neatribuit,bucurești neatribuit,bucurești,1
Staer 7,oborul nou,sector 2,sector 2,bucurești,1
Staer 7,odesani,sector 2,sector 2,bucurești,1
Staer 7,odgonului,bucurești neatribuit,bucurești neatribuit,bucurești,1
Staer 7,oe postelnicu,sector 2,sector 2,bucurești,1
Staer 7,oian judetu,bucurești neatribuit,bucurești neatribuit,bucurești,2
Staer 7,oian judetu,sector 3,sector 3,bucurești,1
Staer 7,oinei,bucurești neatribuit,bucurești neatribuit,bucurești,1
Staer 7,oituz,sector 2,sector 2,bucurești,1
Staer 7,olanelor,sector 2,sector 2,bucurești,1
Staer 7,olanesti,ștefăneștii de jos,—,ilfov,2
Staer 7,oltetului,bucurești neatribuit,bucurești neatribuit,bucurești,1
Staer 7,oltului,bucurești neatribuit,bucurești neatribuit,bucurești,1
Staer 7,oltului,pantelimon,—,ilfov,1
Staer 7,oltului,sector 5,sector 5,bucurești,1
Staer 7,oltului,voluntari–pipera,—,ilfov,3
Staer 7,omului,sector 1,sector 1,bucurești,1
Staer 7,onisifor,sector 3,sector 3,bucurești,1
Staer 7,opanez,sector 2,sector 2,bucurești,9
Staer 7,oradea,sector 2,sector 2,bucurești,3
Staer 7,orastiei,brănești,—,ilfov,2
Staer 7,orhideelor,chiajna–roșu–dudu,—,ilfov,3
Staer 7,orhideelor,dobroești,—,ilfov,3
Staer 7,orhideelor,gradistea,—,ilfov,1
Staer 7,orhideelor casa 4,voluntari–pipera,—,ilfov,1
Staer 7,orientului,tunari,—,ilfov,2
Staer 7,orsova,sector 6,sector 6,bucurești,1
Staer 7,orzari,sector 2,sector 2,bucurești,1
Staer 7,oti calin dr,bucurești neatribuit,bucurești neatribuit,bucurești,1
Staer 7,ozana,sector 3,sector 3,bucurești,2
Staer 7,ozari,sector 3,sector 3,bucurești,1
Staer 7,p-ta alba iulia,sector 3,sector 3,bucurești,1
Staer 7,p-ta foisorul de foc,bucurești neatribuit,bucurești neatribuit,bucurești,1
Staer 7,p-ța presei libere,bucurești neatribuit,bucurești neatribuit,bucurești,1
Staer 7,pache potropopescu,bucurești neatribuit,bucurești neatribuit,bucurești,1
Staer 7,padesu,sector 4,sector 4,bucurești,4
Staer 7,padurea drumul pustnicului,sector 1,sector 1,bucurești,1
Staer 7,padurea pustinicu,bucurești neatribuit,bucurești neatribuit,bucurești,1
Staer 7,padureni,sector 6,sector 6,bucurești,2
Staer 7,padurii,sector 1,sector 1,bucurești,1
Staer 7,padurii-str jandarmeriei,sector 1,sector 1,bucurești,1
Staer 7,paduroiu,sector 4,sector 4,bucurești,1
Staer 7,paharnicul turtulea,sector 2,sector 2,bucurești,1
Staer 7,paharnicul turturea,sector 2,sector 2,bucurești,1
Staer 7,pajura,bucurești neatribuit,bucurești neatribuit,bucurești,1
Staer 7,pajurei,bucurești neatribuit,bucurești neatribuit,bucurești,1
Staer 7,pajurei,sector 1,sector 1,bucurești,1
Staer 7,palady,bucurești neatribuit,bucurești neatribuit,bucurești,1
Staer 7,palanca,bucurești neatribuit,bucurești neatribuit,bucurești,1
Staer 7,paltinisului,sector 4,sector 4,bucurești,1
Staer 7,panait cerna,sector 3,sector 3,bucurești,2
Staer 7,pancota,sector 2,sector 2,bucurești,8
Staer 7,panduri,bucurești neatribuit,bucurești neatribuit,bucurești,2
Staer 7,panselelor,voluntari–pipera,—,ilfov,1
Staer 7,pantelimon,sector 2,sector 2,bucurești,26
Staer 7,papazoglu,sector 3,sector 3,bucurești,1
Staer 7,papusa,bucurești neatribuit,bucurești neatribuit,bucurești,1
Staer 7,parangului,sector 1,sector 1,bucurești,4
Staer 7,parcului,glina,—,ilfov,1
Staer 7,parcului,sector 1,sector 1,bucurești,1
Staer 7,pargarilor,sector 2,sector 2,bucurești,1
Staer 7,paroseni,sector 2,sector 2,bucurești,1
Staer 7,partiturii,bucurești neatribuit,bucurești neatribuit,bucurești,1
Staer 7,partizanilor,sector 6,sector 6,bucurești,2
Staer 7,pasarani,sector 2,sector 2,bucurești,7
Staer 7,pascal aristide,sector 3,sector 3,bucurești,1
Staer 7,pascu nicolae,sector 3,sector 3,bucurești,1
Staer 7,pastorului,sector 2,sector 2,bucurești,1
Staer 7,patriotilor,sector 3,sector 3,bucurești,7
Staer 7,patutului,bucurești neatribuit,bucurești neatribuit,bucurești,1
Staer 7,paul greuceanu,bucurești neatribuit,bucurești neatribuit,bucurești,1
Staer 7,paunasul codrilor,bucurești neatribuit,bucurești neatribuit,bucurești,1
Staer 7,paunasul codrilor,sector 5,sector 5,bucurești,1
Staer 7,pavel tcacenco,voluntari–pipera,—,ilfov,1
Staer 7,pavel tekacenco,voluntari–pipera,—,ilfov,1
Staer 7,pavel tkacenco,voluntari–pipera,—,ilfov,1
Staer 7,pavel tkacenko,sector 2,sector 2,bucurești,1
Staer 7,pavel tkacenko,voluntari–pipera,—,ilfov,1
Staer 7,pavel tkcenko,voluntari–pipera,—,ilfov,1
Staer 7,pavlicheni,popești-leordeni,—,ilfov,1
Staer 7,pavlichieni,popești-leordeni,—,ilfov,1
Staer 7,pazon marian,sector 3,sector 3,bucurești,1
Staer 7,pecetei,sector 1,sector 1,bucurești,1
Staer 7,pecineaga,sector 5,sector 5,bucurești,1
Staer 7,peisajului,sector 2,sector 2,bucurești,1
Staer 7,penes curcanu,sector 3,sector 3,bucurești,1
Staer 7,peris,sector 2,sector 2,bucurești,4
Staer 7,pescarilor,sector 2,sector 2,bucurești,11
Staer 7,pescarusului,bucurești neatribuit,bucurești neatribuit,bucurești,9
Staer 7,pescarusului,sector 2,sector 2,bucurești,2
Staer 7,pescarusului,sector 3,sector 3,bucurești,1
Staer 7,petofi sandor,voluntari–pipera,—,ilfov,2
Staer 7,petofisandor,voluntari–pipera,—,ilfov,1
Staer 7,petrache florea,sector 3,sector 3,bucurești,1
Staer 7,petrachioaia,afumați,—,ilfov,1
Staer 7,petrascu,sector 3,sector 3,bucurești,1
Staer 7,petre antonesu,bucurești neatribuit,bucurești neatribuit,bucurești,1
Staer 7,petre cumapanici,bucurești neatribuit,bucurești neatribuit,bucurești,1
Staer 7,petre ionel,brănești,—,ilfov,1
Staer 7,petre ionescu,bucurești neatribuit,bucurești neatribuit,bucurești,1
Staer 7,petre istrate,bucurești neatribuit,bucurești neatribuit,bucurești,1
Staer 7,petre lazarescu,bucurești neatribuit,bucurești neatribuit,bucurești,1
Staer 7,petre negulescu,sector 2,sector 2,bucurești,1
Staer 7,petre paun,bucurești neatribuit,bucurești neatribuit,bucurești,1
Staer 7,petre s aurelian,sector 1,sector 1,bucurești,1
Staer 7,petrechioaia,afumați,—,ilfov,2
Staer 7,petrican,sector 2,sector 2,bucurești,1
Staer 7,petricani,bucurești neatribuit,bucurești neatribuit,bucurești,1
Staer 7,petrolului,sector 4,sector 4,bucurești,1
Staer 7,petroului,bucurești neatribuit,bucurești neatribuit,bucurești,1
Staer 7,pewtre paun,bucurești neatribuit,bucurești neatribuit,bucurești,1
Staer 7,piata alba iulia,bucurești neatribuit,bucurești neatribuit,bucurești,2
Staer 7,piata alba iulia,sector 3,sector 3,bucurești,1
Staer 7,piata natiunile unite,bucurești neatribuit,bucurești neatribuit,bucurești,1
Staer 7,pict nicolae grigorescu,bucurești neatribuit,bucurești neatribuit,bucurești,1
Staer 7,pictor barbu iscovescu,bucurești neatribuit,bucurești neatribuit,bucurești,1
Staer 7,pictor harlescu,bucurești neatribuit,bucurești neatribuit,bucurești,2
Staer 7,pictor hirlescu,sector 2,sector 2,bucurești,1
Staer 7,pictor n grigorescu,bucurești neatribuit,bucurești neatribuit,bucurești,1
Staer 7,pictor st .dumitrescu,sector 4,sector 4,bucurești,1
Staer 7,pictor stefan dumitescu,bucurești neatribuit,bucurești neatribuit,bucurești,1
Staer 7,pictor stefan dumitrescu,sector 4,sector 4,bucurești,1
Staer 7,piersicului,corbeanca,—,ilfov,1
Staer 7,piersicului,dobroești,—,ilfov,1
Staer 7,pietei,sector 1,sector 1,bucurești,2
Staer 7,pincota,sector 2,sector 2,bucurești,12
Staer 7,pipera,ambiance residence,—,ilfov,1
Staer 7,pipera,voluntari–pipera,—,ilfov,4
Staer 7,pipera tunari,voluntari–pipera,—,ilfov,3
Staer 7,"pipera,ibiza sol",voluntari–pipera,—,ilfov,1
Staer 7,piscului,sector 4,sector 4,bucurești,3
Staer 7,pitar mos,bucurești neatribuit,bucurești neatribuit,bucurești,1
Staer 7,pitarul hristache,sector 1,sector 1,bucurești,1
Staer 7,pl maj marin pazon,sector 3,sector 3,bucurești,1
Staer 7,pl radu gheorghe,sector 3,sector 3,bucurești,1
Staer 7,planetei,sector 6,sector 6,bucurești,1
Staer 7,plevnei,sector 6,sector 6,bucurești,2
Staer 7,plivitului,bucurești neatribuit,bucurești neatribuit,bucurești,1
Staer 7,plopului,bragadiru,—,ilfov,1
Staer 7,plt maj marin pazon,sector 3,sector 3,bucurești,2
Staer 7,plt marin pazon,bucurești neatribuit,bucurești neatribuit,bucurești,1
Staer 7,plt marin pazon,sector 3,sector 3,bucurești,1
Staer 7,plt petre ionescu,sector 3,sector 3,bucurești,5
Staer 7,plugarilor,bucurești neatribuit,bucurești neatribuit,bucurești,1
Staer 7,plugusor,sector 2,sector 2,bucurești,13
Staer 7,plumbuita,bucurești neatribuit,bucurești neatribuit,bucurești,1
Staer 7,plumbuita,sector 2,sector 2,bucurești,2
Staer 7,plut ion nedelcu,sector 3,sector 3,bucurești,1
Staer 7,plut. petre ionescu,bucurești neatribuit,bucurești neatribuit,bucurești,1
Staer 7,plutonier pazon marin,sector 3,sector 3,bucurești,1
Staer 7,plutonier petre ionescu,bucurești neatribuit,bucurești neatribuit,bucurești,1
Staer 7,plutonier radu gheorghe,bucurești neatribuit,bucurești neatribuit,bucurești,1
Staer 7,poapa spaca,voluntari–pipera,—,ilfov,1
Staer 7,podisor,bucurești neatribuit,bucurești neatribuit,bucurești,1
Staer 7,podul corbului,bucurești neatribuit,bucurești neatribuit,bucurești,1
Staer 7,podul neagului,bucurești neatribuit,bucurești neatribuit,bucurești,1
Staer 7,podul vadului,sector 2,sector 2,bucurești,1
Staer 7,podului,sector 1,sector 1,bucurești,2
Staer 7,poenaru bordea,bucurești neatribuit,bucurești neatribuit,bucurești,1
Staer 7,poet andrei-muresan,bucurești neatribuit,bucurești neatribuit,bucurești,1
Staer 7,poet andrei-muresan,voluntari–pipera,—,ilfov,1
Staer 7,poet buzdugan,bucurești neatribuit,bucurești neatribuit,bucurești,1
Staer 7,poet grigore alexandrescu,bucurești neatribuit,bucurești neatribuit,bucurești,1
Staer 7,poet panait cerna,sector 3,sector 3,bucurești,3
Staer 7,poiana cu aluni,bucurești neatribuit,bucurești neatribuit,bucurești,2
Staer 7,poiana cu aluni,sector 2,sector 2,bucurești,4
Staer 7,poiana cu aluni,sector 3,sector 3,bucurești,1
Staer 7,poiana cu aluni,sector 6,sector 6,bucurești,1
Staer 7,poiana narciselor,bucurești neatribuit,bucurești neatribuit,bucurești,4
Staer 7,polixenia radulescu,sector 2,sector 2,bucurești,2
Staer 7,polona,otopeni,—,ilfov,1
Staer 7,polona,periș,—,ilfov,1
Staer 7,polona,sector 1,sector 1,bucurești,2
Staer 7,polovraci,bucurești neatribuit,bucurești neatribuit,bucurești,1
Staer 7,pomaria,sector 4,sector 4,bucurești,1
Staer 7,pomirla,sector 4,sector 4,bucurești,2
Staer 7,pompiliu stefu,voluntari–pipera,—,ilfov,1
Staer 7,popa iancu,sector 2,sector 2,bucurești,1
Staer 7,popa ion bucur,dacalu,—,ilfov,1
Staer 7,popa lazar,sector 2,sector 2,bucurești,1
Staer 7,popa nan,bucurești neatribuit,bucurești neatribuit,bucurești,1
Staer 7,popa nan,sector 2,sector 2,bucurești,1
Staer 7,popa nicolae,sector 2,sector 2,bucurești,12
Staer 7,popa petre,sector 2,sector 2,bucurești,1
Staer 7,popa rusu,bucurești neatribuit,bucurești neatribuit,bucurești,1
Staer 7,popa sapca,bucurești neatribuit,bucurești neatribuit,bucurești,1
Staer 7,popa sapca,voluntari–pipera,—,ilfov,5
Staer 7,popa savu,sector 1,sector 1,bucurești,1
Staer 7,popa soare,bucurești neatribuit,bucurești neatribuit,bucurești,1
Staer 7,popa tatu,sector 1,sector 1,bucurești,1
Staer 7,popasului,voluntari–pipera,—,ilfov,7
Staer 7,popesti leordeni-splaiul unirii,bucurești neatribuit,bucurești neatribuit,bucurești,1
Staer 7,popesti vest,popești-leordeni,—,ilfov,4
Staer 7,popiliu stefu,voluntari–pipera,—,ilfov,1
Staer 7,popovici,sector 3,sector 3,bucurești,1
Staer 7,portile de fier,sector 2,sector 2,bucurești,3
Staer 7,porumbacului,popești-leordeni,—,ilfov,1
Staer 7,postalionului,bucurești neatribuit,bucurești neatribuit,bucurești,1
Staer 7,postalionului,sector 4,sector 4,bucurești,1
Staer 7,postasului,bucurești neatribuit,bucurești neatribuit,bucurești,2
Staer 7,postasului,sector 3,sector 3,bucurești,1
Staer 7,postovarului,sector 3,sector 3,bucurești,1
Staer 7,povernei,sector 1,sector 1,bucurești,1
Staer 7,prahova,bucurești neatribuit,bucurești neatribuit,bucurești,3
Staer 7,prahova,sector 1,sector 1,bucurești,4
Staer 7,pravat,sector 6,sector 6,bucurești,4
Staer 7,preciziei,sector 6,sector 6,bucurești,5
Staer 7,precupetii vechi,sector 2,sector 2,bucurești,2
Staer 7,predeal,voluntari–pipera,—,ilfov,1
Staer 7,predescu vasile,bucurești neatribuit,bucurești neatribuit,bucurești,6
Staer 7,prelungirea garii,vidra,—,ilfov,1
Staer 7,prelungirea garii catelu,sector 3,sector 3,bucurești,1
Staer 7,prelungirea ghencea 133,bragadiru,—,ilfov,2
Staer 7,prelungirea ungirea ghence,bucurești neatribuit,bucurești neatribuit,bucurești,1
Staer 7,prelungirea ungirea ghencea,bragadiru,—,ilfov,4
Staer 7,prelungirea ungirea ghencea,sector 6,sector 6,bucurești,32
Staer 7,prelungirea ungirea ghencea-cartierul latin,sector 6,sector 6,bucurești,1
Staer 7,prevedeii,sector 3,sector 3,bucurești,1
Staer 7,prevederii.salajan,bucurești neatribuit,bucurești neatribuit,bucurești,1
Staer 7,pricopan,sector 5,sector 5,bucurești,1
Staer 7,prigoriilor,bucurești neatribuit,bucurești neatribuit,bucurești,1
Staer 7,primariei,buftea,—,ilfov,1
Staer 7,primaverii,cernica,—,ilfov,1
Staer 7,primaverii,otopeni,—,ilfov,1
Staer 7,primaverii,periș,—,ilfov,1
Staer 7,primaverii,tunari,—,ilfov,1
Staer 7,principala,bradulesti,—,ilfov,1
Staer 7,principala,domnești,—,ilfov,1
Staer 7,principala,ganeasa-sat cozieni,—,ilfov,1
Staer 7,principala,snagov,—,ilfov,1
Staer 7,principala,voluntari–pipera,—,ilfov,1
Staer 7,principala,ștefăneștii de jos,—,ilfov,1
Staer 7,principatele unite 25-27,bucurești neatribuit,bucurești neatribuit,bucurești,1
Staer 7,prisaca doamnei,sector 3,sector 3,bucurești,1
Staer 7,privighetorilor,zona/baneasa,—,ilfov,1
Staer 7,privitului,bucurești neatribuit,bucurești neatribuit,bucurești,1
Staer 7,prl ferentari,sector 5,sector 5,bucurești,1
Staer 7,prl ghencea,bucurești,—,ilfov,1
Staer 7,prl ghencea,bucurești neatribuit,bucurești neatribuit,bucurești,1
Staer 7,prl.ghencea,bragadiru,—,ilfov,1
Staer 7,procopie dumitrescu,bucurești neatribuit,bucurești neatribuit,bucurești,1
Staer 7,profesor constantin georgian,bucurești neatribuit,bucurești neatribuit,bucurești,1
Staer 7,profesor ioan dorobantu,periș,—,ilfov,1
Staer 7,profesor ion bogdan,bucurești neatribuit,bucurești neatribuit,bucurești,1
Staer 7,prometeu,sector 1,sector 1,bucurești,2
Staer 7,prudentei,sector 2,sector 2,bucurești,1
Staer 7,pta natiunile unite,sector 4,sector 4,bucurești,1
Staer 7,puiandrului,sector 2,sector 2,bucurești,2
Staer 7,puietilor,bucurești neatribuit,bucurești neatribuit,bucurești,1
Staer 7,puietilor,sector 2,sector 2,bucurești,1
Staer 7,putul cu tei,bucurești neatribuit,bucurești neatribuit,bucurești,1
Staer 7,putul lui zamfir,bucurești neatribuit,bucurești neatribuit,bucurești,1
Staer 7,putul zamfir,sector 1,sector 1,bucurești,1
Staer 7,quartier azuga / strada azuga,sector 2,sector 2,bucurești,1
Staer 7,raditei,bucurești neatribuit,bucurești neatribuit,bucurești,1
Staer 7,radovanu,sector 2,sector 2,bucurești,24
Staer 7,radoveanu,bucurești neatribuit,bucurești neatribuit,bucurești,2
Staer 7,radoveanu,sector 2,sector 2,bucurești,1
Staer 7,radu calonfirescu,sector 3,sector 3,bucurești,1
Staer 7,radu de la afumati,bucurești neatribuit,bucurești neatribuit,bucurești,1
Staer 7,radu gheorghe,sector 3,sector 3,bucurești,1
Staer 7,radu voda,sector 4,sector 4,bucurești,1
Staer 7,radului,sector 4,sector 4,bucurești,1
Staer 7,rahovei,bragadiru,—,ilfov,1
Staer 7,rallet dimitrie,bucurești neatribuit,bucurești neatribuit,bucurești,1
Staer 7,ramasagului,sector 4,sector 4,bucurești,1
Staer 7,ramnicu valcea,sector 3,sector 3,bucurești,8
Staer 7,ramnicu vilcea,bucurești neatribuit,bucurești neatribuit,bucurești,1
Staer 7,ramnicu vilcea,sector 3,sector 3,bucurești,1
Staer 7,ramuri tei,sector 2,sector 2,bucurești,1
Staer 7,randunicii,tunari,—,ilfov,3
Staer 7,raristei,bucurești neatribuit,bucurești neatribuit,bucurești,2
Staer 7,rasaritului,glina,—,ilfov,1
Staer 7,rasaritului,sector 6,sector 6,bucurești,2
Staer 7,rascaoala 1907,sector 2,sector 2,bucurești,1
Staer 7,rascoala 1907,sector 2,sector 2,bucurești,17
Staer 7,rascoala di 1907,sector 2,sector 2,bucurești,1
Staer 7,rascoalei,pantelimon,—,ilfov,3
Staer 7,rascoalei 1907,sector 2,sector 2,bucurești,1
Staer 7,rascola din 1907,sector 2,sector 2,bucurești,2
Staer 7,raspantiilor,bucurești neatribuit,bucurești neatribuit,bucurești,1
Staer 7,raul colentina,bucurești neatribuit,bucurești neatribuit,bucurești,1
Staer 7,raului,balotești,—,ilfov,1
Staer 7,rauseni,sector 2,sector 2,bucurești,2
Staer 7,razboieni,snagov,—,ilfov,1
Staer 7,razorului,chiajna–roșu–dudu,—,ilfov,1
Staer 7,reactorului,sector 2,sector 2,bucurești,1
Staer 7,rebreanu,bucurești neatribuit,bucurești neatribuit,bucurești,1
Staer 7,recoltei,chitila,—,ilfov,1
Staer 7,recrutului,sector 5,sector 5,bucurești,1
Staer 7,refrenului,bucurești neatribuit,bucurești neatribuit,bucurești,1
Staer 7,refrenului,sector 2,sector 2,bucurești,1
Staer 7,remus,bucurești neatribuit,bucurești neatribuit,bucurești,2
Staer 7,renului,sector 2,sector 2,bucurești,3
Staer 7,republicii,dragomirești,—,ilfov,1
Staer 7,retezatului,bucurești neatribuit,bucurești neatribuit,bucurești,2
Staer 7,revolutia 1848,sector 2,sector 2,bucurești,1
Staer 7,rezervelor,bucurești,—,ilfov,1
Staer 7,rezervelor,chiajna–roșu–dudu,—,ilfov,5
Staer 7,rezervelor,sector 6,sector 6,bucurești,9
Staer 7,rezonantei,sector 4,sector 4,bucurești,1
Staer 7,rimnicu valcea,bucurești neatribuit,bucurești neatribuit,bucurești,2
Staer 7,ripiceni,sector 2,sector 2,bucurești,20
Staer 7,ripicieni,sector 2,sector 2,bucurești,1
Staer 7,ritmului,sector 2,sector 2,bucurești,7
Staer 7,robanesti,bucurești neatribuit,bucurești neatribuit,bucurești,1
Staer 7,rocadei,sector 1,sector 1,bucurești,1
Staer 7,rodica,voluntari–pipera,—,ilfov,1
Staer 7,rodovanu,bucurești neatribuit,bucurești neatribuit,bucurești,1
Staer 7,rodul pamantului,sector 3,sector 3,bucurești,1
Staer 7,roman,bucurești neatribuit,bucurești neatribuit,bucurești,1
Staer 7,romanitei,"sitaru , sat gradistea",—,ilfov,1
Staer 7,romniceanu,bucurești neatribuit,bucurești neatribuit,bucurești,1
Staer 7,ropotului,bucurești neatribuit,bucurești neatribuit,bucurești,3
Staer 7,rovinari,bucurești neatribuit,bucurești neatribuit,bucurești,1
Staer 7,rovine,ganeasa sat ganeasa,—,ilfov,1
Staer 7,rovine,sector 2,sector 2,bucurești,2
Staer 7,roz marin,gradistea,—,ilfov,1
Staer 7,roza luxembourg,voluntari–pipera,—,ilfov,1
Staer 7,roza luxemburg,voluntari–pipera,—,ilfov,2
Staer 7,roza luxumburg,voluntari–pipera,—,ilfov,1
Staer 7,rozelor,bucurești neatribuit,bucurești neatribuit,bucurești,1
Staer 7,rozelor,dragomirești,—,ilfov,1
Staer 7,rozelor,glina,—,ilfov,1
Staer 7,rozelor,gradistea,—,ilfov,1
Staer 7,rozelor,petrachioaia,—,ilfov,1
Staer 7,rozelor,voluntari–pipera,—,ilfov,2
Staer 7,rozelor,ștefăneștii de jos,—,ilfov,1
Staer 7,rusanesti,bucurești neatribuit,bucurești neatribuit,bucurești,1
Staer 7,rusanesti,sector 3,sector 3,bucurești,1
Staer 7,ruschita,bucurești neatribuit,bucurești neatribuit,bucurești,1
Staer 7,rusetu,bucurești neatribuit,bucurești neatribuit,bucurești,1
Staer 7,sabinelor,sector 5,sector 5,bucurești,1
Staer 7,sacele,bucurești neatribuit,bucurești neatribuit,bucurești,1
Staer 7,sachelaria,sector 2,sector 2,bucurești,1
Staer 7,sachelarie visarion,sector 2,sector 2,bucurești,3
Staer 7,sachilarie visaliu,bucurești neatribuit,bucurești neatribuit,bucurești,1
Staer 7,sadului,sector 3,sector 3,bucurești,1
Staer 7,saidac gheorghe lt,bucurești neatribuit,bucurești neatribuit,bucurești,1
Staer 7,salaj,pantelimon,—,ilfov,1
Staer 7,salaj,sector 5,sector 5,bucurești,3
Staer 7,salciei,domnești,—,ilfov,1
Staer 7,salciei,voluntari–pipera,—,ilfov,1
Staer 7,salciilor,bucurești neatribuit,bucurești neatribuit,bucurești,2
Staer 7,samoila dumitru,sector 4,sector 4,bucurești,1
Staer 7,samuila dumitru,bucurești neatribuit,bucurești neatribuit,bucurești,1
Staer 7,sandi enache,sector 2,sector 2,bucurești,1
Staer 7,sandu enache,sector 2,sector 2,bucurești,4
Staer 7,sapte drumuri,sector 3,sector 3,bucurești,2
Staer 7,sarafinesti,bucurești neatribuit,bucurești neatribuit,bucurești,1
Staer 7,sat borodesti,bucurești neatribuit,bucurești neatribuit,bucurești,1
Staer 7,sat cioficeni,snagov,—,ilfov,1
Staer 7,sat dorobantu,bucurești neatribuit,bucurești neatribuit,bucurești,1
Staer 7,sat manolache,glina,—,ilfov,2
Staer 7,sat micsunesti,bucurești neatribuit,bucurești neatribuit,bucurești,2
Staer 7,"sat ostratu-cart. paradisul verde,strzambilei",bucurești neatribuit,bucurești neatribuit,bucurești,1
Staer 7,sat puchenii mojneni/str satul nou,bucurești neatribuit,bucurești neatribuit,bucurești,1
Staer 7,sat samurcasi cart austrian villige,bucurești neatribuit,bucurești neatribuit,bucurești,1
Staer 7,sat teodoreanu,clinceni,—,ilfov,1
Staer 7,sat tirnava,voluntari–pipera,—,ilfov,1
Staer 7,sat.moara domneasca,ganeasa,—,ilfov,1
Staer 7,savinesti,sector 4,sector 4,bucurești,1
Staer 7,scaetilor,sector 2,sector 2,bucurești,1
Staer 7,scaietilor,bucurești neatribuit,bucurești neatribuit,bucurești,1
Staer 7,schitului,sector 3,sector 3,bucurești,2
Staer 7,scolii,bucurești neatribuit,bucurești neatribuit,bucurești,3
Staer 7,scolii,buftea,—,ilfov,1
Staer 7,scortan ioan,sector 2,sector 2,bucurești,1
Staer 7,seaua berceni,sector 4,sector 4,bucurești,1
Staer 7,sebe nicolae,bucurești neatribuit,bucurești neatribuit,bucurești,1
Staer 7,sebeseana,sector 3,sector 3,bucurești,1
Staer 7,sechelariu visarion,sector 2,sector 2,bucurești,1
Staer 7,sect 1,bucurești neatribuit,bucurești neatribuit,bucurești,1
Staer 7,sect 3,bucurești neatribuit,bucurești neatribuit,bucurești,1
Staer 7,sector 2,bucurești neatribuit,bucurești neatribuit,bucurești,1
Staer 7,sector 3,bucurești neatribuit,bucurești neatribuit,bucurești,1
Staer 7,sector 4,bucurești neatribuit,bucurești neatribuit,bucurești,1
Staer 7,sector 5,bucurești neatribuit,bucurești neatribuit,bucurești,1
Staer 7,sector5,bucurești neatribuit,bucurești neatribuit,bucurești,1
Staer 7,secuilor,sector 4,sector 4,bucurești,3
Staer 7,semanatorului,sector 5,sector 5,bucurești,1
Staer 7,semenic,sector 4,sector 4,bucurești,3
Staer 7,semnalului,bucurești neatribuit,bucurești neatribuit,bucurești,1
Staer 7,serban ion,voluntari–pipera,—,ilfov,2
Staer 7,serbeta,bucurești neatribuit,bucurești neatribuit,bucurești,1
Staer 7,serbota,bucurești neatribuit,bucurești neatribuit,bucurești,3
Staer 7,serbota,sector 5,sector 5,bucurești,1
Staer 7,serelor,berceni (ilfov),—,ilfov,1
Staer 7,serg cutieru alexandru,sector 6,sector 6,bucurești,1
Staer 7,serg ion pantaru,sector 2,sector 2,bucurești,1
Staer 7,serg pene dumitru,bucurești neatribuit,bucurești neatribuit,bucurești,1
Staer 7,serg sorescu,bucurești neatribuit,bucurești neatribuit,bucurești,1
Staer 7,serg.petrache florea,sector 3,sector 3,bucurești,1
Staer 7,serg.serbanica vasile,bucurești neatribuit,bucurești neatribuit,bucurești,1
Staer 7,sergent cara anghel,bucurești neatribuit,bucurești neatribuit,bucurești,1
Staer 7,sergent ghe dinca,bucurești neatribuit,bucurești neatribuit,bucurești,1
Staer 7,sergent latea gheorghe,bucurești neatribuit,bucurești neatribuit,bucurești,1
Staer 7,sergent nastase pamfil,bucurești neatribuit,bucurești neatribuit,bucurești,1
Staer 7,sergent nastase pamfir,sector 2,sector 2,bucurești,1
Staer 7,sergent nutu ioan,sector 5,sector 5,bucurești,1
Staer 7,sergent pene dumitru,bucurești neatribuit,bucurești neatribuit,bucurești,1
Staer 7,sergent petrache florea,sector 3,sector 3,bucurești,2
Staer 7,sergent vasile topriceanu,bucurești neatribuit,bucurești neatribuit,bucurești,1
Staer 7,serii,sector 2,sector 2,bucurești,3
Staer 7,sf apostoli,popești-leordeni,—,ilfov,1
Staer 7,sf niceta,bucurești neatribuit,bucurești neatribuit,bucurești,1
Staer 7,sfanta agnes,bucurești neatribuit,bucurești neatribuit,bucurești,1
Staer 7,sfantul dumitru,afumați,—,ilfov,1
Staer 7,sg george iorga,bucurești neatribuit,bucurești neatribuit,bucurești,1
Staer 7,sg gheorghe donici,sector 5,sector 5,bucurești,1
Staer 7,sg maj cara anghel,sector 6,sector 6,bucurești,1
Staer 7,sg maj dumitru samoila,bucurești neatribuit,bucurești neatribuit,bucurești,1
Staer 7,sg maj marin bonea,sector 3,sector 3,bucurești,1
Staer 7,sg maj simion busuiioc,sector 2,sector 2,bucurești,1
Staer 7,sg maj simion busuioc,sector 2,sector 2,bucurești,2
Staer 7,sg pironasu ion,bucurești neatribuit,bucurești neatribuit,bucurești,1
Staer 7,sg tache gheorghe,bucurești neatribuit,bucurești neatribuit,bucurești,1
Staer 7,sg turturica,bucurești neatribuit,bucurești neatribuit,bucurești,1
Staer 7,sg. ilie petre,chiajna–roșu–dudu,—,ilfov,1
Staer 7,sg. ion iriceanu,bucurești neatribuit,bucurești neatribuit,bucurești,2
Staer 7,sg.mai.ion,sector 5,sector 5,bucurești,1
Staer 7,sgt maj simion busuioc,sector 2,sector 2,bucurești,1
Staer 7,sgt petrescu vasile,sector 2,sector 2,bucurești,1
Staer 7,sighet,sector 2,sector 2,bucurești,5
Staer 7,sighisoara,sector 2,sector 2,bucurești,1
Staer 7,sighisoara,ștefăneștii de jos,—,ilfov,1
Staer 7,sihlea,voluntari–pipera,—,ilfov,3
Staer 7,silozului,bucurești neatribuit,bucurești neatribuit,bucurești,1
Staer 7,silvestru,sector 2,sector 2,bucurești,2
Staer 7,silvia,bucurești neatribuit,bucurești neatribuit,bucurești,2
Staer 7,silvia,sector 2,sector 2,bucurești,2
Staer 7,simeria 31,sector 1,sector 1,bucurești,1
Staer 7,simetriei,sector 2,sector 2,bucurești,6
Staer 7,simigiului,sector 4,sector 4,bucurești,1
Staer 7,simion busuioc,sector 2,sector 2,bucurești,8
Staer 7,simion mehedinti,sector 6,sector 6,bucurești,1
Staer 7,sinaia,pantelimon,—,ilfov,1
Staer 7,sinaia,sector 2,sector 2,bucurești,6
Staer 7,sinca,bucurești neatribuit,bucurești neatribuit,bucurești,3
Staer 7,sincai,bucurești neatribuit,bucurești neatribuit,bucurești,1
Staer 7,sinesti,petrechioaia - sat maineasca,—,ilfov,1
Staer 7,sion ion,voluntari–pipera,—,ilfov,1
Staer 7,siret,voluntari–pipera,—,ilfov,4
Staer 7,siruilui,bucurești neatribuit,bucurești neatribuit,bucurești,1
Staer 7,slaiul unirii,bucurești neatribuit,bucurești neatribuit,bucurești,1
Staer 7,slaiul unirii,sector 3,sector 3,bucurești,1
Staer 7,sld. ctin istrati,sector 5,sector 5,bucurești,1
Staer 7,sld. stelian tomovici,sector 2,sector 2,bucurești,1
Staer 7,sld.stelian n mihale,sector 3,sector 3,bucurești,1
Staer 7,slovei,bucurești neatribuit,bucurești neatribuit,bucurești,1
Staer 7,slt cristescu dima,sector 2,sector 2,bucurești,2
Staer 7,slt stanescu gheorghe,bucurești neatribuit,bucurești neatribuit,bucurești,2
Staer 7,slt stanescu gheorghe,sector 2,sector 2,bucurești,1
Staer 7,slt.dragos maldinovici,bucurești neatribuit,bucurești neatribuit,bucurești,1
Staer 7,smaraldului,bragadiru,—,ilfov,3
Staer 7,smaraldului,bucurești neatribuit,bucurești neatribuit,bucurești,5
Staer 7,smaranda braescu,sector 1,sector 1,bucurești,7
Staer 7,smaranda braiescu,sector 1,sector 1,bucurești,2
Staer 7,smarandului,bragadiru,—,ilfov,1
Staer 7,smardan,bragadiru,—,ilfov,4
Staer 7,smardan,bucurești neatribuit,bucurești neatribuit,bucurești,1
Staer 7,smardan,sector 2,sector 2,bucurești,1
Staer 7,smardanului,bucurești neatribuit,bucurești neatribuit,bucurești,1
Staer 7,smeurei,sector 2,sector 2,bucurești,1
Staer 7,snagov,voluntari–pipera,—,ilfov,1
Staer 7,soarelui,ștefăneștii de jos,—,ilfov,1
Staer 7,soceni,bucurești neatribuit,bucurești neatribuit,bucurești,1
Staer 7,sofia,bucurești neatribuit,bucurești neatribuit,bucurești,1
Staer 7,soimusi,bucurești neatribuit,bucurești neatribuit,bucurești,1
Staer 7,solarilor,clinceni,—,ilfov,1
Staer 7,sold bira savu,bucurești neatribuit,bucurești neatribuit,bucurești,1
Staer 7,sold croitoru vasile,sector 5,sector 5,bucurești,1
Staer 7,sold petre tina,sector 3,sector 3,bucurești,1
Staer 7,sold zambila ionita,bucurești neatribuit,bucurești neatribuit,bucurești,1
Staer 7,sold. ilie mihail,bucurești neatribuit,bucurești neatribuit,bucurești,2
Staer 7,sold. stelian mihale,sector 3,sector 3,bucurești,1
Staer 7,sold.iosif ion,sector 3,sector 3,bucurești,1
Staer 7,sold.stelian tomovici,bucurești neatribuit,bucurești neatribuit,bucurești,1
Staer 7,soldanului,bucurești neatribuit,bucurești neatribuit,bucurești,3
Staer 7,soldanului,sector 4,sector 4,bucurești,1
Staer 7,soldat condu stelian,dobroești,—,ilfov,1
Staer 7,soldat ghita serban,sector 3,sector 3,bucurești,1
Staer 7,soldat ionel petre,brănești,—,ilfov,1
Staer 7,soldat iosif ion,sector 3,sector 3,bucurești,1
Staer 7,soldat lazar florea,sector 2,sector 2,bucurești,1
Staer 7,soldat modoran ene,sector 5,sector 5,bucurești,1
Staer 7,soldat n.sebe,bucurești neatribuit,bucurești neatribuit,bucurești,1
Staer 7,soldat nicolae sebe,bucurești neatribuit,bucurești neatribuit,bucurești,2
Staer 7,soldat nicolae sebea,bucurești neatribuit,bucurești neatribuit,bucurești,1
Staer 7,soldat niculae sebe,bucurești neatribuit,bucurești neatribuit,bucurești,1
Staer 7,soldat nita ene,sector 2,sector 2,bucurești,1
Staer 7,soldat petre dumitru,bucurești neatribuit,bucurești neatribuit,bucurești,1
Staer 7,soldat savu bara,bucurești neatribuit,bucurești neatribuit,bucurești,1
Staer 7,soldat spiridon matei,sector 3,sector 3,bucurești,1
Staer 7,soldat tina petre,bucurești neatribuit,bucurești neatribuit,bucurești,1
Staer 7,soldat tina petre,sector 3,sector 3,bucurești,1
Staer 7,soldat zambila ionita,sector 2,sector 2,bucurești,2
Staer 7,solstitiului,popești-leordeni,—,ilfov,1
Staer 7,somesul rece,sector 1,sector 1,bucurești,1
Staer 7,sondei,periș,—,ilfov,1
Staer 7,sontuzului,sector 2,sector 2,bucurești,1
Staer 7,spaiul unirii,bucurești neatribuit,bucurești neatribuit,bucurești,1
Staer 7,spaiul unirii,popești-leordeni,—,ilfov,1
Staer 7,spaiul unirii,sector 4,sector 4,bucurești,1
Staer 7,spaiul unirii,sector 6,sector 6,bucurești,1
Staer 7,spaliul unirii,bucurești neatribuit,bucurești neatribuit,bucurești,1
Staer 7,spania,ștefăneștii de jos,—,ilfov,1
Staer 7,spatar gargon,sector 2,sector 2,bucurești,1
Staer 7,spatar minescu,bucurești neatribuit,bucurești neatribuit,bucurești,1
Staer 7,spataru gorgan,sector 2,sector 2,bucurești,5
Staer 7,spataru mihai,bucurești neatribuit,bucurești neatribuit,bucurești,1
Staer 7,spataru preda,sector 5,sector 5,bucurești,2
Staer 7,spatarul mihai,sector 2,sector 2,bucurești,4
Staer 7,spatiului,sector 5,sector 5,bucurești,1
Staer 7,sperantei,popești-leordeni,—,ilfov,4
Staer 7,spicului,dobroești,—,ilfov,1
Staer 7,spicului,sector 2,sector 2,bucurești,1
Staer 7,spinis,sector 4,sector 4,bucurești,2
Staer 7,spinului,bucurești neatribuit,bucurești neatribuit,bucurești,1
Staer 7,spiridon matei,sector 3,sector 3,bucurești,1
Staer 7,spiru haret,sector 1,sector 1,bucurești,1
Staer 7,splaiul aiul uniri,bucurești neatribuit,bucurești neatribuit,bucurești,2
Staer 7,splaiul aiul unirii,bucurești neatribuit,bucurești neatribuit,bucurești,14
Staer 7,splaiul aiul unirii,confort city,—,ilfov,1
Staer 7,splaiul aiul unirii,popești-leordeni,—,ilfov,2
Staer 7,splaiul aiul unirii,sector 3,sector 3,bucurești,6
Staer 7,splaiul aiul unirii,sector 4,sector 4,bucurești,3
Staer 7,splaiul aiul unirii,sector 6,sector 6,bucurești,1
Staer 7,splaiul independenței,bucurești neatribuit,bucurești neatribuit,bucurești,6
Staer 7,splaiul independenței,sector 3,sector 3,bucurești,1
Staer 7,splaiul independenței,sector 5,sector 5,bucurești,1
Staer 7,splaiul independenței,sector 6,sector 6,bucurești,2
Staer 7,splaiul unirii,popești-leordeni,—,ilfov,16
Staer 7,sportului,dascălu,—,ilfov,1
Staer 7,sptar minescu,bucurești neatribuit,bucurești neatribuit,bucurești,1
Staer 7,srg ilie petre,chiajna–roșu–dudu,—,ilfov,1
Staer 7,srg petrache florea,sector 3,sector 3,bucurești,2
Staer 7,srh.petre antonescu,bucurești neatribuit,bucurești neatribuit,bucurești,1
Staer 7,stadionului,ghermănești,—,ilfov,1
Staer 7,staminelor,bucurești neatribuit,bucurești neatribuit,bucurești,1
Staer 7,stan serban bogdan,bucurești neatribuit,bucurești neatribuit,bucurești,1
Staer 7,stanjeneilor,sector 4,sector 4,bucurești,3
Staer 7,stavilarului,sector 2,sector 2,bucurești,2
Staer 7,steaua rosie,bucurești neatribuit,bucurești neatribuit,bucurești,1
Staer 7,stefan cel mare,afumați,—,ilfov,5
Staer 7,stefan cel mare,bucurești neatribuit,bucurești neatribuit,bucurești,20
Staer 7,stefan cel mare,ganeasa,—,ilfov,2
Staer 7,stefan cel mare,ganeasa sat ganeasa,—,ilfov,2
Staer 7,stefan cel mare,sector 2,sector 2,bucurești,8
Staer 7,stefan cel mare,sector 3,sector 3,bucurești,1
Staer 7,stefan cel mare,voluntari–pipera,—,ilfov,2
Staer 7,stefan cel mare intrarea zambilelor,berceni (ilfov),—,ilfov,1
Staer 7,stefan cel mare-intr. zambilelor,berceni (ilfov),—,ilfov,1
Staer 7,stefan cel mare-lizeanu,sector 2,sector 2,bucurești,1
Staer 7,stefan ciuca,bucurești neatribuit,bucurești neatribuit,bucurești,2
Staer 7,stefan dumitrescu,sector 4,sector 4,bucurești,1
Staer 7,stefan mihaileanu,sector 2,sector 2,bucurești,3
Staer 7,stefan mihailescu braila,voluntari–pipera,—,ilfov,1
Staer 7,stefanesti,voluntari–pipera,—,ilfov,1
Staer 7,stejarului,bucurești neatribuit,bucurești neatribuit,bucurești,2
Staer 7,stejarului,cornetu,—,ilfov,1
Staer 7,stejarului,dobroești,—,ilfov,11
Staer 7,stejarului,sector 2,sector 2,bucurești,1
Staer 7,stejarului,voluntari–pipera,—,ilfov,2
Staer 7,stelian mihale,sector 3,sector 3,bucurești,3
Staer 7,stinjeneilor,bucurești neatribuit,bucurești neatribuit,bucurești,2
Staer 7,stiucii,bucurești neatribuit,bucurești neatribuit,bucurești,1
Staer 7,stiucii,sector 2,sector 2,bucurești,2
Staer 7,stolnici,sector 4,sector 4,bucurești,1
Staer 7,stolnicul vasile,sector 2,sector 2,bucurești,1
Staer 7,stolnicului vasile,bucurești neatribuit,bucurești neatribuit,bucurești,1
Staer 7,strada ada banul udrea,sector 3,sector 3,bucurești,1
Staer 7,strada ada lotului,brănești,—,ilfov,1
Staer 7,strada ada principala,snagov,—,ilfov,1
Staer 7,strada agricultori,sector 2,sector 2,bucurești,1
Staer 7,strada agricultori,sector 3,sector 3,bucurești,2
Staer 7,strada albisoarei,sector 2,sector 2,bucurești,1
Staer 7,strada alunișului,sector 4,sector 4,bucurești,1
Staer 7,strada amintirii,sector 1,sector 1,bucurești,4
Staer 7,strada amurgului,bucurești neatribuit,bucurești neatribuit,bucurești,3
Staer 7,strada amurgului,popești-leordeni,—,ilfov,5
Staer 7,strada amurgului,sector 4,sector 4,bucurești,1
Staer 7,strada amurgului,sector 5,sector 5,bucurești,1
Staer 7,strada ardeleni,sector 2,sector 2,bucurești,1
Staer 7,strada aurel perșu,bucurești neatribuit,bucurești neatribuit,bucurești,1
Staer 7,strada aurel perșu,sector 4,sector 4,bucurești,1
Staer 7,strada aurel vlaicu,sector 2,sector 2,bucurești,1
Staer 7,strada aviator popișteanu,sector 1,sector 1,bucurești,1
Staer 7,strada avicola,pantelimon,—,ilfov,1
Staer 7,strada barca,sector 5,sector 5,bucurești,4
Staer 7,strada biruinței,popești-leordeni,—,ilfov,2
Staer 7,strada biserica mărcuța,sector 2,sector 2,bucurești,3
Staer 7,strada botorca,sector 5,sector 5,bucurești,1
Staer 7,strada bradului,tunari,—,ilfov,1
Staer 7,strada brasov,sector 6,sector 6,bucurești,3
Staer 7,strada buzoieni,sector 5,sector 5,bucurești,1
Staer 7,strada bârnova,sector 5,sector 5,bucurești,3
Staer 7,strada campia libertatii,bucurești neatribuit,bucurești neatribuit,bucurești,7
Staer 7,strada campia libertatii,sector 3,sector 3,bucurești,4
Staer 7,strada carol knappe,sector 1,sector 1,bucurești,2
Staer 7,strada cercetatorilor,sector 4,sector 4,bucurești,3
Staer 7,strada cetatea de balta,bucurești neatribuit,bucurești neatribuit,bucurești,1
Staer 7,strada cetatea de balta,sector 6,sector 6,bucurești,4
Staer 7,strada cicoarei,bucurești neatribuit,bucurești neatribuit,bucurești,1
Staer 7,strada ciprian porumbescu,otopeni,—,ilfov,2
Staer 7,strada ciresului,dobroești,—,ilfov,3
Staer 7,strada cireșului,fundeni,—,ilfov,2
Staer 7,strada clucerului,sector 1,sector 1,bucurești,3
Staer 7,strada complexului,sector 3,sector 3,bucurești,4
Staer 7,strada constantin brâncuși,sector 3,sector 3,bucurești,8
Staer 7,strada constantin dobrogeanu gherea,sector 1,sector 1,bucurești,3
Staer 7,strada constantin titel petrescu,sector 6,sector 6,bucurești,2
Staer 7,strada copaceni,sector 3,sector 3,bucurești,2
Staer 7,strada cricovului,bucurești neatribuit,bucurești neatribuit,bucurești,1
Staer 7,strada cupolei,sector 6,sector 6,bucurești,4
Staer 7,strada cuza voda,sector 4,sector 4,bucurești,2
Staer 7,strada căminului,bucurești neatribuit,bucurești neatribuit,bucurești,2
Staer 7,strada căminului,sector 2,sector 2,bucurești,2
Staer 7,strada căpriorilor,sector 1,sector 1,bucurești,2
Staer 7,strada d-na ghica,sector 2,sector 2,bucurești,16
Staer 7,strada david constantin,voluntari–pipera,—,ilfov,3
Staer 7,strada deleni,bucurești neatribuit,bucurești neatribuit,bucurești,1
Staer 7,strada deleni,sector 2,sector 2,bucurești,1
Staer 7,strada delinesti,sector 6,sector 6,bucurești,2
Staer 7,strada democrației,sector 4,sector 4,bucurești,3
Staer 7,strada dimitrie grozdea,sector 2,sector 2,bucurești,7
Staer 7,strada dionisie lupu,sector 1,sector 1,bucurești,2
Staer 7,strada dobrina,bucurești neatribuit,bucurești neatribuit,bucurești,1
Staer 7,strada dristorului,sector 3,sector 3,bucurești,23
Staer 7,strada drumul dealul bradului,sector 4,sector 4,bucurești,1
Staer 7,strada elena,sector 2,sector 2,bucurești,2
Staer 7,strada elena caragiani,bucurești neatribuit,bucurești neatribuit,bucurești,1
Staer 7,strada elena caragiani,sector 1,sector 1,bucurești,1
Staer 7,strada emil gârleanu,sector 3,sector 3,bucurești,2
Staer 7,strada eroilor,berceni (ilfov),—,ilfov,1
Staer 7,strada eufrosina popescu,sector 3,sector 3,bucurești,1
Staer 7,strada europa,ștefăneștii de jos,—,ilfov,1
Staer 7,strada fagarasi,ștefăneștii de jos,—,ilfov,1
Staer 7,strada fantanica,sector 2,sector 2,bucurești,5
Staer 7,strada fizicienilor,măgurele,—,ilfov,1
Staer 7,strada foisorului,bucurești neatribuit,bucurești neatribuit,bucurești,1
Staer 7,strada frumusani,sector 4,sector 4,bucurești,2
Staer 7,strada george constantinescu,sector 2,sector 2,bucurești,1
Staer 7,strada gheorghe țițeica,bucurești neatribuit,bucurești neatribuit,bucurești,1
Staer 7,strada gheorghe țițeica,sector 2,sector 2,bucurești,3
Staer 7,strada gloriei,1 decembrie,—,ilfov,1
Staer 7,strada grigore c moisil,sector 2,sector 2,bucurești,2
Staer 7,strada grigore ionescu,sector 2,sector 2,bucurești,14
Staer 7,strada grota lacurilor,sector 3,sector 3,bucurești,2
Staer 7,strada gârleni,sector 6,sector 6,bucurești,1
Staer 7,strada hortensiei,sector 2,sector 2,bucurești,4
Staer 7,strada iacob andrei,sector 5,sector 5,bucurești,2
Staer 7,strada iarba cimpului,sector 4,sector 4,bucurești,1
Staer 7,strada ileana cosânzeana,bucurești neatribuit,bucurești neatribuit,bucurești,2
Staer 7,strada ileana cosânzeana,sector 5,sector 5,bucurești,1
Staer 7,strada ion țuculescu,sector 3,sector 3,bucurești,6
Staer 7,strada istriei,sector 3,sector 3,bucurești,12
Staer 7,strada izvorul muresului,bucurești neatribuit,bucurești neatribuit,bucurești,1
Staer 7,strada izvorul muresului,sector 4,sector 4,bucurești,3
Staer 7,strada jean steriade,bucurești neatribuit,bucurești neatribuit,bucurești,1
Staer 7,strada jean steriadi,sector 3,sector 3,bucurești,10
Staer 7,strada jiului,sector 1,sector 1,bucurești,2
Staer 7,strada liliacului,dascălu,—,ilfov,1
Staer 7,strada lotru,sector 1,sector 1,bucurești,1
Staer 7,strada lt petre negulescu,sector 2,sector 2,bucurești,1
Staer 7,strada luica,sector 4,sector 4,bucurești,9
Staer 7,strada lujerului,sector 6,sector 6,bucurești,1
Staer 7,strada luminitei,sector 2,sector 2,bucurești,1
Staer 7,strada maior ion coravu,sector 2,sector 2,bucurești,1
Staer 7,strada maior vasile bacila,bucurești neatribuit,bucurești neatribuit,bucurești,5
Staer 7,strada maior vasile bacila,sector 2,sector 2,bucurești,16
Staer 7,strada matei basarab,sector 3,sector 3,bucurești,10
Staer 7,strada matei millo,voluntari–pipera,—,ilfov,4
Staer 7,strada mentiunii,sector 2,sector 2,bucurești,5
Staer 7,strada mihai eminescu,bucurești neatribuit,bucurești neatribuit,bucurești,3
Staer 7,strada mihai eminescu,sector 1,sector 1,bucurești,1
Staer 7,strada mihai eminescu,sector 2,sector 2,bucurești,1
Staer 7,strada mihai eminescu,sector 3,sector 3,bucurești,1
Staer 7,strada mihail sebastian,sector 5,sector 5,bucurești,7
Staer 7,strada mircea vodă,sector 3,sector 3,bucurești,1
Staer 7,strada morii,jilava,—,ilfov,1
Staer 7,strada murgeni,sector 3,sector 3,bucurești,3
Staer 7,strada măriuca,sector 4,sector 4,bucurești,5
Staer 7,strada mărășești,măgurele,—,ilfov,1
Staer 7,strada nasaud,sector 5,sector 5,bucurești,3
Staer 7,strada nerva traian,bucurești neatribuit,bucurești neatribuit,bucurești,2
Staer 7,strada nicolae g. caramfil,sector 1,sector 1,bucurești,3
Staer 7,strada nicolae iorga,sector 1,sector 1,bucurești,1
Staer 7,strada nitu vasile,sector 4,sector 4,bucurești,3
Staer 7,strada odei,bucurești neatribuit,bucurești neatribuit,bucurești,1
Staer 7,strada odei,sector 3,sector 3,bucurești,1
Staer 7,strada odei,sector 4,sector 4,bucurești,1
Staer 7,strada odei,sector 6,sector 6,bucurești,1
Staer 7,strada oituz,popești-leordeni,—,ilfov,1
Staer 7,strada oltina,sector 5,sector 5,bucurești,5
Staer 7,strada olănești,sector 6,sector 6,bucurești,2
Staer 7,strada panselelor,sector 4,sector 4,bucurești,2
Staer 7,strada parincia,sector 4,sector 4,bucurești,1
Staer 7,strada paul greceanu,sector 2,sector 2,bucurești,2
Staer 7,strada peneș curcanul,sector 3,sector 3,bucurești,1
Staer 7,strada petre ispirescu,sector 5,sector 5,bucurești,2
Staer 7,strada poeziei,sector 2,sector 2,bucurești,4
Staer 7,strada porumbacu,sector 6,sector 6,bucurești,1
Staer 7,strada prahova,voluntari–pipera,—,ilfov,2
Staer 7,strada precupeții vechi,sector 2,sector 2,bucurești,1
Staer 7,strada predeal,bucurești neatribuit,bucurești neatribuit,bucurești,2
Staer 7,strada pridvorului,sector 4,sector 4,bucurești,1
Staer 7,strada principala,periș,—,ilfov,1
Staer 7,strada prisaca dornei,sector 3,sector 3,bucurești,1
Staer 7,strada prutului,voluntari–pipera,—,ilfov,5
Staer 7,strada pârâul rece,popești-leordeni,—,ilfov,2
Staer 7,strada rascoala din 1907,sector 2,sector 2,bucurești,14
Staer 7,strada rosia montana,sector 6,sector 6,bucurești,2
Staer 7,strada rosmarin,pantelimon,—,ilfov,1
Staer 7,strada răcari,sector 3,sector 3,bucurești,8
Staer 7,strada răzoare,ghermănești,—,ilfov,1
Staer 7,strada samuil vulcan,sector 5,sector 5,bucurești,1
Staer 7,strada sanzieni,bucurești neatribuit,bucurești neatribuit,bucurești,1
Staer 7,strada scolii,voluntari–pipera,—,ilfov,10
Staer 7,strada sergent tache gheorghe,sector 4,sector 4,bucurești,1
Staer 7,strada sf agnes,popești-leordeni,—,ilfov,2
Staer 7,strada sibiu,sector 6,sector 6,bucurești,3
Staer 7,strada sirenelor,sector 5,sector 5,bucurești,1
Staer 7,strada siriului,sector 1,sector 1,bucurești,2
Staer 7,strada slt popa,sector 5,sector 5,bucurești,3
Staer 7,strada soarelui,ștefăneștii de jos,—,ilfov,1
Staer 7,strada sold ene modoran,sector 3,sector 3,bucurești,1
Staer 7,strada sold. samoilă risipitu,sector 5,sector 5,bucurești,1
Staer 7,strada sold.ion iosif,bucurești neatribuit,bucurești neatribuit,bucurești,1
Staer 7,strada steaua roșie,otopeni,—,ilfov,2
Staer 7,strada stoian militaru,sector 4,sector 4,bucurești,2
Staer 7,strada sutașului,sector 1,sector 1,bucurești,1
Staer 7,strada teofil,bucurești neatribuit,bucurești neatribuit,bucurești,1
Staer 7,strada theodor d. speranția,sector 3,sector 3,bucurești,1
Staer 7,strada toamnei,sector 2,sector 2,bucurești,1
Staer 7,strada traian,bucurești neatribuit,bucurești neatribuit,bucurești,3
Staer 7,strada trandafirilor,berceni (ilfov),—,ilfov,1
Staer 7,strada tudor vladimirescu,ciorogârla,—,ilfov,1
Staer 7,strada turnu măgurele,sector 4,sector 4,bucurești,4
Staer 7,strada ugareni,măgurele,—,ilfov,1
Staer 7,strada uioara,sector 4,sector 4,bucurești,1
Staer 7,strada valea argeșului,bucurești neatribuit,bucurești neatribuit,bucurești,1
Staer 7,strada valea argeșului,sector 6,sector 6,bucurești,2
Staer 7,strada vasile lascăr,sector 2,sector 2,bucurești,5
Staer 7,strada vașcău,bucurești neatribuit,bucurești neatribuit,bucurești,2
Staer 7,strada vașcău,sector 2,sector 2,bucurești,1
Staer 7,strada vedea,sector 5,sector 5,bucurești,2
Staer 7,strada vidin,sector 2,sector 2,bucurești,8
Staer 7,strada vigoniei,sector 5,sector 5,bucurești,5
Staer 7,strada violetelor,brănești,—,ilfov,1
Staer 7,strada viscolului,sector 6,sector 6,bucurești,1
Staer 7,strada vlaicu vodă,sector 3,sector 3,bucurești,4
Staer 7,strada wolfgang amadeus mozart,bucurești neatribuit,bucurești neatribuit,bucurești,1
Staer 7,strada xandru cel bun,bucurești neatribuit,bucurești neatribuit,bucurești,5
Staer 7,strada xandru cel bun,sector 2,sector 2,bucurești,5
Staer 7,strada zagazului,sector 1,sector 1,bucurești,8
Staer 7,strada zboina neagră,sector 6,sector 6,bucurești,3
Staer 7,strada ziduri intre vii,sector 2,sector 2,bucurești,3
Staer 7,strada știrbei vodă,sector 1,sector 1,bucurești,1
Staer 7,studioului,buftea,—,ilfov,2
Staer 7,stufului,dobroești,—,ilfov,1
Staer 7,stufului,sector 6,sector 6,bucurești,1
Staer 7,subcetate,sector 1,sector 1,bucurești,3
Staer 7,subl popa,sector 5,sector 5,bucurești,1
Staer 7,subloc. popa,sector 5,sector 5,bucurești,1
Staer 7,sura mare,bucurești neatribuit,bucurești neatribuit,bucurești,1
Staer 7,surlari,petrechioaia,—,ilfov,1
Staer 7,suviica,sector 2,sector 2,bucurești,1
Staer 7,t.arghezi,bucurești neatribuit,bucurești neatribuit,bucurești,1
Staer 7,taberei,cornetu,—,ilfov,1
Staer 7,tamaioarei,sector 2,sector 2,bucurești,1
Staer 7,tamiioarei,sector 2,sector 2,bucurești,1
Staer 7,tamioarei,sector 2,sector 2,bucurești,1
Staer 7,tampa,sector 2,sector 2,bucurești,1
Staer 7,tarancutei,sector 3,sector 3,bucurești,1
Staer 7,tarcau,bucurești neatribuit,bucurești neatribuit,bucurești,1
Staer 7,tarcau,voluntari–pipera,—,ilfov,3
Staer 7,targu neamt,sector 6,sector 6,bucurești,1
Staer 7,tarnacopului,sector 2,sector 2,bucurești,1
Staer 7,tarnava,volunatri,—,ilfov,1
Staer 7,tarnava,voluntari–pipera,—,ilfov,3
Staer 7,tarnavei,voluntari–pipera,—,ilfov,1
Staer 7,tarnaveni,bucurești neatribuit,bucurești neatribuit,bucurești,2
Staer 7,tarpezului,bucurești neatribuit,bucurești neatribuit,bucurești,1
Staer 7,tataru petre,bucurești neatribuit,bucurești neatribuit,bucurești,1
Staer 7,teghesului,domnești,—,ilfov,1
Staer 7,teilor,bucurești neatribuit,bucurești neatribuit,bucurești,1
Staer 7,teiul doamnei,sector 2,sector 2,bucurești,34
Staer 7,teiului,gradiste,—,ilfov,1
Staer 7,teiului,petrachioaia,—,ilfov,1
Staer 7,teiului,tunari,—,ilfov,1
Staer 7,teiului,vidra,—,ilfov,1
Staer 7,teius,bucurești neatribuit,bucurești neatribuit,bucurești,1
Staer 7,telega,sector 1,sector 1,bucurești,2
Staer 7,telia,bucurești neatribuit,bucurești neatribuit,bucurești,1
Staer 7,teodor palady,bucurești neatribuit,bucurești neatribuit,bucurești,1
Staer 7,teodosie rudeanu,sector 1,sector 1,bucurești,1
Staer 7,tesatoarelor,sector 2,sector 2,bucurești,3
Staer 7,tg neamnt,sector 6,sector 6,bucurești,1
Staer 7,th sperantei,sector 3,sector 3,bucurești,1
Staer 7,th sperantia,sector 3,sector 3,bucurești,1
Staer 7,theodor palady 23,sector 3,sector 3,bucurești,1
Staer 7,theodor sperantia,sector 3,sector 3,bucurești,1
Staer 7,tibucani,bucurești neatribuit,bucurești neatribuit,bucurești,1
Staer 7,tibucani,voluntari–pipera,—,ilfov,2
Staer 7,ticus,bucurești neatribuit,bucurești neatribuit,bucurești,1
Staer 7,ticus,sector 3,sector 3,bucurești,1
Staer 7,tiganesti,ciolpani,—,ilfov,1
Staer 7,tiglina,sector 3,sector 3,bucurești,1
Staer 7,timisoara,dascălu,—,ilfov,1
Staer 7,timisoarei,ștefăneștii de jos,—,ilfov,1
Staer 7,timisului,bucurești neatribuit,bucurești neatribuit,bucurești,1
Staer 7,timpa,sector 2,sector 2,bucurești,1
Staer 7,timpului,bucurești neatribuit,bucurești neatribuit,bucurești,1
Staer 7,tina petre,sector 3,sector 3,bucurești,2
Staer 7,tineretului,chiajna–roșu–dudu,—,ilfov,2
Staer 7,tineretului,pantelimon,—,ilfov,1
Staer 7,tinutului,bucurești neatribuit,bucurești neatribuit,bucurești,1
Staer 7,tirgu neamt,sector 6,sector 6,bucurești,1
Staer 7,titan-auchan,bucurești neatribuit,bucurești neatribuit,bucurești,1
Staer 7,titan-rasarit de soare,bucurești neatribuit,bucurești neatribuit,bucurești,1
Staer 7,titu maiorescu,sector 4,sector 4,bucurești,1
Staer 7,toamni,corbeanca,—,ilfov,1
Staer 7,tolbei,bucurești neatribuit,bucurești neatribuit,bucurești,1
Staer 7,tomis,sector 3,sector 3,bucurești,3
Staer 7,tomovici stelian,sector 2,sector 2,bucurești,1
Staer 7,topliceanu vasile,sector 5,sector 5,bucurești,1
Staer 7,topolovat,voluntari–pipera,—,ilfov,3
Staer 7,toporasi,ștefăneștii de jos,—,ilfov,1
Staer 7,tractoristilor,popești-leordeni,—,ilfov,1
Staer 7,tractorului,pantelimon,—,ilfov,1
Staer 7,tractorului,sector 2,sector 2,bucurești,3
Staer 7,traian,brănești,—,ilfov,2
Staer 7,traian,tunari,—,ilfov,1
Staer 7,"traian popovici ,fost unitatii",bucurești neatribuit,bucurești neatribuit,bucurești,1
Staer 7,trandafirilor,dobroești,—,ilfov,1
Staer 7,trandafirilor,voluntari–pipera,—,ilfov,2
Staer 7,trandafirului,afumați,—,ilfov,2
Staer 7,trei scaune,sector 2,sector 2,bucurești,1
Staer 7,trestiana,afumați,—,ilfov,1
Staer 7,trestiana,sector 4,sector 4,bucurești,5
Staer 7,trifoi,sector 3,sector 3,bucurești,1
Staer 7,trifoiului,dobroești,—,ilfov,1
Staer 7,triumfului,chitila,—,ilfov,1
Staer 7,triumfului,sector 1,sector 1,bucurești,3
Staer 7,triunghiului,bucurești neatribuit,bucurești neatribuit,bucurești,1
Staer 7,trusesti,sector 1,sector 1,bucurești,1
Staer 7,tudor arghezi,1 decembrie,—,ilfov,1
Staer 7,tudor arghezi,bucurești neatribuit,bucurești neatribuit,bucurești,2
Staer 7,tudor arghezi,moara vlăsiei,—,ilfov,1
Staer 7,tudor arghezi,tunari,—,ilfov,1
Staer 7,tudor arghezii,sector 2,sector 2,bucurești,1
Staer 7,tudor mihai,sector 2,sector 2,bucurești,1
Staer 7,tudor vladimirescu,chitila,—,ilfov,2
Staer 7,tufanului,afumați,—,ilfov,1
Staer 7,tugomir voievod,sector 2,sector 2,bucurești,1
Staer 7,tulnici,sector 4,sector 4,bucurești,3
Staer 7,tunasi,bucurești neatribuit,bucurești neatribuit,bucurești,1
Staer 7,turda,sector 1,sector 1,bucurești,15
Staer 7,turistilor,bucurești neatribuit,bucurești neatribuit,bucurești,1
Staer 7,turnatorilor,bucurești neatribuit,bucurești neatribuit,bucurești,1
Staer 7,tusnad,sector 2,sector 2,bucurești,3
Staer 7,tutunari,sector 5,sector 5,bucurești,4
Staer 7,tuzla,sector 2,sector 2,bucurești,2
Staer 7,u dealu bradului,sector 4,sector 4,bucurești,1
Staer 7,u fermei,popești-leordeni,—,ilfov,1
Staer 7,u gura ariesului,sector 3,sector 3,bucurești,1
Staer 7,u gura putnei,sector 3,sector 3,bucurești,1
Staer 7,ugareni,bucurești neatribuit,bucurești neatribuit,bucurești,1
Staer 7,uioara,sector 4,sector 4,bucurești,5
Staer 7,ul lacul tei,bucurești neatribuit,bucurești neatribuit,bucurești,1
Staer 7,ul unirii,bucurești neatribuit,bucurești neatribuit,bucurești,1
Staer 7,ul valea danului,sector 6,sector 6,bucurești,1
Staer 7,ungilea ghencea,bucurești neatribuit,bucurești neatribuit,bucurești,1
Staer 7,unirii,bucurești neatribuit,bucurești neatribuit,bucurești,3
Staer 7,unirii,corbeanca,—,ilfov,3
Staer 7,unirii,sector 3,sector 3,bucurești,2
Staer 7,unitatii,bucurești neatribuit,bucurești neatribuit,bucurești,2
Staer 7,unitatii(traian popovici),bucurești neatribuit,bucurești neatribuit,bucurești,1
Staer 7,uranus,sector 5,sector 5,bucurești,1
Staer 7,urgureni,jilava,—,ilfov,1
Staer 7,uruguay,bucurești neatribuit,bucurești neatribuit,bucurești,1
Staer 7,urziceni,sector 4,sector 4,bucurești,1
Staer 7,usarilor,bucurești neatribuit,bucurești neatribuit,bucurești,1
Staer 7,v dunarii,bucurești neatribuit,bucurești neatribuit,bucurești,1
Staer 7,v iuliu maniu,bucurești neatribuit,bucurești neatribuit,bucurești,1
Staer 7,v timisoara,bucurești neatribuit,bucurești neatribuit,bucurești,1
Staer 7,vacaresti,bucurești neatribuit,bucurești neatribuit,bucurești,2
Staer 7,vaii,glina,—,ilfov,1
Staer 7,val.cricovului,bucurești neatribuit,bucurești neatribuit,bucurești,1
Staer 7,valea buzaului,sector 3,sector 3,bucurești,3
Staer 7,valea furcii,sector 6,sector 6,bucurești,2
Staer 7,valea ialomitei,sector 6,sector 6,bucurești,6
Staer 7,valea lunga,sector 6,sector 6,bucurești,1
Staer 7,valea nucului,bucurești neatribuit,bucurești neatribuit,bucurești,1
Staer 7,valea oltului,sector 6,sector 6,bucurești,4
Staer 7,valer dumitrescu,bucurești neatribuit,bucurești neatribuit,bucurești,1
Staer 7,valer dumitrescu,sector 2,sector 2,bucurești,1
Staer 7,valsanesti,sector 3,sector 3,bucurești,1
Staer 7,vanatori,petrechioaia,—,ilfov,1
Staer 7,vanatorilor,bucurești neatribuit,bucurești neatribuit,bucurești,2
Staer 7,vaporul lui assan,bucurești neatribuit,bucurești neatribuit,bucurești,1
Staer 7,vaporul lui assan,sector 2,sector 2,bucurești,1
Staer 7,varful cudon,bucurești neatribuit,bucurești neatribuit,bucurești,1
Staer 7,vartejului,voluntari–pipera,—,ilfov,1
Staer 7,vaselor,sector 2,sector 2,bucurești,4
Staer 7,vasile alecsandri,voluntari–pipera,—,ilfov,2
Staer 7,vasile bacila,sector 2,sector 2,bucurești,2
Staer 7,vasile carlova,bucurești neatribuit,bucurești neatribuit,bucurești,1
Staer 7,vasile lazar,bucurești neatribuit,bucurești neatribuit,bucurești,1
Staer 7,vasile lucaci,bucurești neatribuit,bucurești neatribuit,bucurești,1
Staer 7,vasile lupu,bucurești neatribuit,bucurești neatribuit,bucurești,1
Staer 7,vasile parvan,sector 1,sector 1,bucurești,1
Staer 7,vasile roaita (nicolae grigorescu),voluntari–pipera,—,ilfov,1
Staer 7,vasile stolnicu,bucurești neatribuit,bucurești neatribuit,bucurești,2
Staer 7,vasile stolnicu,sector 2,sector 2,bucurești,1
Staer 7,vasile topliceanu,bucurești neatribuit,bucurești neatribuit,bucurești,1
Staer 7,vasile vasilache,voluntari–pipera,—,ilfov,5
Staer 7,vaslui,ghermănești,—,ilfov,1
Staer 7,vaslui,snagov,—,ilfov,1
Staer 7,vatra dornei,pantelimon,—,ilfov,1
Staer 7,vatra dornei,sector 4,sector 4,bucurești,2
Staer 7,vatra luminoasa,sector 2,sector 2,bucurești,5
Staer 7,velintei,sector 2,sector 2,bucurești,2
Staer 7,velnitei,bucurești neatribuit,bucurești neatribuit,bucurești,1
Staer 7,vergului,sector 2,sector 2,bucurești,2
Staer 7,verii,bragadiru,—,ilfov,1
Staer 7,veronica micle,sector 1,sector 1,bucurești,4
Staer 7,veronica miclea,bucurești neatribuit,bucurești neatribuit,bucurești,1
Staer 7,verzisori,sector 4,sector 4,bucurești,1
Staer 7,vicina,sector 5,sector 5,bucurești,4
Staer 7,victor braunar,sector 3,sector 3,bucurești,1
Staer 7,victor brauner,sector 3,sector 3,bucurești,6
Staer 7,victor dumitrescu,dobroești,—,ilfov,1
Staer 7,victor eftimiu,bucurești neatribuit,bucurești neatribuit,bucurești,1
Staer 7,victor manu,bucurești neatribuit,bucurești neatribuit,bucurești,1
Staer 7,victoriei,brănești,—,ilfov,1
Staer 7,victoriei,dascălu,—,ilfov,2
Staer 7,victoriei,dobroești,—,ilfov,1
Staer 7,videle,voluntari–pipera,—,ilfov,2
Staer 7,viesparilor,sector 2,sector 2,bucurești,1
Staer 7,viilor,bucurești neatribuit,bucurești neatribuit,bucurești,2
Staer 7,viilor,buftea,—,ilfov,1
Staer 7,viilor,mogoșoaia,—,ilfov,1
Staer 7,vintila mihailescu,sector 6,sector 6,bucurești,2
Staer 7,viorele,sector 4,sector 4,bucurești,3
Staer 7,viorele,voluntari–pipera,—,ilfov,1
Staer 7,virtutie,bucurești neatribuit,bucurești neatribuit,bucurești,1
Staer 7,visana,sector 4,sector 4,bucurești,1
Staer 7,visarion,sector 1,sector 1,bucurești,1
Staer 7,viselor,balotești,—,ilfov,1
Staer 7,vistier nicu stravinos,bucurești neatribuit,bucurești neatribuit,bucurești,1
Staer 7,vistiernicul stavrinos,sector 6,sector 6,bucurești,1
Staer 7,vitejescu,sector 4,sector 4,bucurești,1
Staer 7,vitejiei,sector 2,sector 2,bucurești,1
Staer 7,vitioara,sector 3,sector 3,bucurești,2
Staer 7,vlad dracu,sector 3,sector 3,bucurești,3
Staer 7,vlad judetu,bucurești neatribuit,bucurești neatribuit,bucurești,1
Staer 7,vlad judetul,bucurești neatribuit,bucurești neatribuit,bucurești,1
Staer 7,vlad tepes,cernica,—,ilfov,1
Staer 7,vlad tepes,tiganu,—,ilfov,1
Staer 7,vlad voda,sector 4,sector 4,bucurești,1
Staer 7,vladeasa,sector 6,sector 6,bucurești,1
Staer 7,vlasiei,brănești,—,ilfov,1
Staer 7,voila,sector 4,sector 4,bucurești,1
Staer 7,voineasa,sector 3,sector 3,bucurești,1
Staer 7,voinicului,bucurești neatribuit,bucurești neatribuit,bucurești,1
Staer 7,voluntari,ilfov,—,ilfov,1
Staer 7,"voluntari,liliacului",bucurești neatribuit,bucurești neatribuit,bucurești,1
Staer 7,vorniceni,bucurești neatribuit,bucurești neatribuit,bucurești,1
Staer 7,voronet,sector 3,sector 3,bucurești,3
Staer 7,vrancea,sector 1,sector 1,bucurești,1
Staer 7,vrancioaia,sector 2,sector 2,bucurești,6
Staer 7,vrancioaiei,sector 2,sector 2,bucurești,1
Staer 7,vulcan judetu,bucurești neatribuit,bucurești neatribuit,bucurești,2
Staer 7,vulcan judetul,sector 3,sector 3,bucurești,1
Staer 7,vulturilor,sector 3,sector 3,bucurești,1
Staer 7,w.a. mozart,sector 1,sector 1,bucurești,1
Staer 7,weiner palada,chiajna–roșu–dudu,—,ilfov,1
Staer 7,wilhelm filderman,bucurești neatribuit,bucurești neatribuit,bucurești,1
Staer 7,x vlahuta,bucurești neatribuit,bucurești neatribuit,bucurești,1
Staer 7,xandru bratu,sector 1,sector 1,bucurești,1
Staer 7,xandru constantinescu,sector 2,sector 2,bucurești,1
Staer 7,xandru darian,popești-leordeni,—,ilfov,1
Staer 7,xandru moga,bucurești neatribuit,bucurești neatribuit,bucurești,1
Staer 7,xandru moruzi,bucurești neatribuit,bucurești neatribuit,bucurești,1
Staer 7,xandru obreigia,bucurești neatribuit,bucurești neatribuit,bucurești,1
Staer 7,xandru oibreigia,bucurești neatribuit,bucurești neatribuit,bucurești,1
Staer 7,xandru papiu ilarian,bucurești neatribuit,bucurești neatribuit,bucurești,1
Staer 7,xandru serbanescu,sector 1,sector 1,bucurești,3
Staer 7,xandru vlafuta,voluntari–pipera,—,ilfov,1
Staer 7,xandru vlahuta,sector 3,sector 3,bucurești,2
Staer 7,xandru vlahuta,voluntari–pipera,—,ilfov,2
Staer 7,xender von humboldt,bucurești neatribuit,bucurești neatribuit,bucurești,1
Staer 7,zabrautului,sector 5,sector 5,bucurești,1
Staer 7,zagazului,ambasada chinei,—,ilfov,1
Staer 7,zalau,bucurești neatribuit,bucurești neatribuit,bucurești,1
Staer 7,zalelor,bucurești neatribuit,bucurești neatribuit,bucurești,1
Staer 7,zalelor,sector 2,sector 2,bucurești,1
Staer 7,zambilelor,gradistea,—,ilfov,2
Staer 7,zambilelor,sector 2,sector 2,bucurești,2
Staer 7,zamfir marcu,sector 2,sector 2,bucurești,1
Staer 7,zborului,bucurești neatribuit,bucurești neatribuit,bucurești,1
Staer 7,zemes,sector 3,sector 3,bucurești,3
Staer 7,zepelinului,bucurești neatribuit,bucurești neatribuit,bucurești,1
Staer 7,ziduri mosi,bucurești neatribuit,bucurești neatribuit,bucurești,1
Staer 7,zinca golescu,bucurești neatribuit,bucurești neatribuit,bucurești,1
Staer 7,zizin,sector 3,sector 3,bucurești,3
Staer 7,zorele,bucurești neatribuit,bucurești neatribuit,bucurești,1
Staer 7,zorele,voluntari–pipera,—,ilfov,1
Staer 7,zorelor,voluntari–pipera,—,ilfov,1
Staer 7,zorilor,dobroești,—,ilfov,2
Staer 7,zorilor,sat fundeni,—,ilfov,1
Staer 7,zorilor,ștefăneștii de jos,—,ilfov,5
Staer 7,șoseaua afumati,bucurești neatribuit,bucurești neatribuit,bucurești,2
Staer 7,șoseaua afumati,petrechioaia,—,ilfov,1
Staer 7,șoseaua afumati,voluntari–pipera,—,ilfov,6
Staer 7,șoseaua alexandria,sector 5,sector 5,bucurești,1
Staer 7,șoseaua alexandriei,cornetu,—,ilfov,2
Staer 7,șoseaua alexandriei,sector 5,sector 5,bucurești,6
Staer 7,șoseaua andronache,sector 2,sector 2,bucurești,11
Staer 7,șoseaua aviatorilor,bucurești neatribuit,bucurești neatribuit,bucurești,1
Staer 7,șoseaua berceni,sector 4,sector 4,bucurești,22
Staer 7,șoseaua buc - urziceni,afumați,—,ilfov,1
Staer 7,șoseaua buc-targoviste,sector 1,sector 1,bucurești,2
Staer 7,șoseaua bucuresti magurele,sector 5,sector 5,bucurești,1
Staer 7,șoseaua bucuresti nord,voluntari–pipera,—,ilfov,7
Staer 7,șoseaua bucuresti nord rezident 5,voluntari–pipera,—,ilfov,1
Staer 7,șoseaua bucuresti ploiesti,otopeni,—,ilfov,2
Staer 7,șoseaua bucuresti targoviste,buftea,—,ilfov,2
Staer 7,șoseaua bucuresti-domnesti,domnești,—,ilfov,1
Staer 7,șoseaua bucuresti-giurgiu,1 decembrie,—,ilfov,1
Staer 7,șoseaua bucuresti-targoviste,sector 1,sector 1,bucurești,4
Staer 7,șoseaua bucuresti-urziceni,bucurești neatribuit,bucurești neatribuit,bucurești,1
Staer 7,șoseaua bucurești-ploiești,sector 1,sector 1,bucurești,1
Staer 7,șoseaua bucurești-urziceni,afumați,—,ilfov,6
Staer 7,șoseaua bucursti urziceni,afumați,—,ilfov,1
Staer 7,șoseaua centura,ștefăneștii de jos,—,ilfov,1
Staer 7,șoseaua centurii,voluntari–pipera,—,ilfov,1
Staer 7,șoseaua cernica,pantelimon,—,ilfov,1
Staer 7,șoseaua chitilei,bucurești neatribuit,bucurești neatribuit,bucurești,1
Staer 7,șoseaua chitilei,sector 1,sector 1,bucurești,3
Staer 7,șoseaua ciofliceni,ciofliceni,—,ilfov,1
Staer 7,șoseaua clinceni,bragadiru,—,ilfov,1
Staer 7,șoseaua colentina,bucurești neatribuit,bucurești neatribuit,bucurești,65
Staer 7,șoseaua colentina,sector 2,sector 2,bucurești,71
Staer 7,șoseaua colentina(adresa de livrare e alta),voluntari–pipera,—,ilfov,1
Staer 7,șoseaua coloentina,sector 2,sector 2,bucurești,1
Staer 7,șoseaua cotroceni,bucurești neatribuit,bucurești neatribuit,bucurești,1
Staer 7,șoseaua de centura,bucurești neatribuit,bucurești neatribuit,bucurești,1
Staer 7,șoseaua de centura,popești-leordeni,—,ilfov,1
Staer 7,șoseaua de centura,sector 2,sector 2,bucurești,1
Staer 7,șoseaua de centura,sector 4,sector 4,bucurești,1
Staer 7,șoseaua de centura,voluntari–pipera,—,ilfov,1
Staer 7,șoseaua de centura,ștefăneștii de jos,—,ilfov,1
Staer 7,șoseaua de centura-cosmopolis,bucurești neatribuit,bucurești neatribuit,bucurești,1
Staer 7,șoseaua dobroesti,sector 2,sector 2,bucurești,1
Staer 7,șoseaua dobroiesti,sector 2,sector 2,bucurești,8
Staer 7,șoseaua eaua bucuresti nord,voluntari–pipera,—,ilfov,1
Staer 7,șoseaua eaua pipera cloud 9 residence,sector 2,sector 2,bucurești,1
Staer 7,șoseaua eaua unirii,caciulati,—,ilfov,1
Staer 7,șoseaua eroilor,moara vlăsiei,—,ilfov,1
Staer 7,șoseaua erou iancu nicolae,voluntari–pipera,—,ilfov,1
Staer 7,șoseaua fabrica de glucoză,sector 2,sector 2,bucurești,4
Staer 7,șoseaua fundeni,sector 2,sector 2,bucurești,33
Staer 7,șoseaua ganeasa,afumați,—,ilfov,1
Staer 7,șoseaua garii catelu,bucurești neatribuit,bucurești neatribuit,bucurești,1
Staer 7,șoseaua garii catelu,sector 2,sector 2,bucurești,3
Staer 7,șoseaua gheorghe ionescu sisesti,sector 1,sector 1,bucurești,1
Staer 7,șoseaua gherase,sector 2,sector 2,bucurești,1
Staer 7,șoseaua giulesti,sector 6,sector 6,bucurești,1
Staer 7,șoseaua giurgiului,1 decembrie,—,ilfov,1
Staer 7,șoseaua giurgiului,bucurești neatribuit,bucurești neatribuit,bucurești,4
Staer 7,șoseaua giurgiului,sector 4,sector 4,bucurești,6
Staer 7,șoseaua iancului,bucurești neatribuit,bucurești neatribuit,bucurești,13
Staer 7,șoseaua iancului,sector 1,sector 1,bucurești,1
Staer 7,șoseaua iancului,sector 2,sector 2,bucurești,13
Staer 7,șoseaua inacului,bucurești neatribuit,bucurești neatribuit,bucurești,1
Staer 7,șoseaua linia de centura,ștefăneștii de jos,—,ilfov,3
Staer 7,șoseaua mihai bravu,bucurești neatribuit,bucurești neatribuit,bucurești,16
Staer 7,șoseaua mihai bravu,sector 2,sector 2,bucurești,7
Staer 7,șoseaua mihai bravu,sector 3,sector 3,bucurești,10
Staer 7,șoseaua mihai bravul,bucurești neatribuit,bucurești neatribuit,bucurești,1
Staer 7,șoseaua morarilor,sector 2,sector 2,bucurești,2
Staer 7,șoseaua nicolae titulescu,sector 1,sector 1,bucurești,3
Staer 7,șoseaua nordului,sector 1,sector 1,bucurești,1
Staer 7,șoseaua odai,sector 1,sector 1,bucurești,1
Staer 7,șoseaua oltenitei,popești-leordeni,—,ilfov,4
Staer 7,șoseaua olteniței,sector 4,sector 4,bucurești,35
Staer 7,șoseaua oltului,buftea,—,ilfov,2
Staer 7,șoseaua orhideelor,bucurești neatribuit,bucurești neatribuit,bucurești,2
Staer 7,șoseaua panduri,sector 5,sector 5,bucurești,2
Staer 7,șoseaua pantelimon,bucurești neatribuit,bucurești neatribuit,bucurești,27
Staer 7,șoseaua pantelimon,sector 2,sector 2,bucurești,52
Staer 7,șoseaua petrecani,bucurești neatribuit,bucurești neatribuit,bucurești,1
Staer 7,șoseaua pipera,bucurești neatribuit,bucurești neatribuit,bucurești,1
Staer 7,șoseaua pipera,sector 1,sector 1,bucurești,1
Staer 7,șoseaua pipera,sector 2,sector 2,bucurești,4
Staer 7,șoseaua pipera,voluntari–pipera,—,ilfov,1
Staer 7,șoseaua pipera tunari,bucurești neatribuit,bucurești neatribuit,bucurești,2
Staer 7,șoseaua pipera-tunari,voluntari–pipera,—,ilfov,5
Staer 7,șoseaua principala,bucurești neatribuit,bucurești neatribuit,bucurești,7
Staer 7,șoseaua principala,ștefăneștii de jos,—,ilfov,2
Staer 7,șoseaua sabarului,bragadiru,—,ilfov,1
Staer 7,șoseaua sahoia,voluntari–pipera,—,ilfov,1
Staer 7,șoseaua salaj,bucurești neatribuit,bucurești neatribuit,bucurești,2
Staer 7,șoseaua salaj,sector 5,sector 5,bucurești,6
Staer 7,șoseaua snagov,snagov,—,ilfov,4
Staer 7,șoseaua stefanesti,afumați,—,ilfov,5
Staer 7,șoseaua stefanesti,complex tera,—,ilfov,1
Staer 7,șoseaua stefanesti,voluntari–pipera,—,ilfov,7
Staer 7,șoseaua stefanesti,ștefăneștii de jos,—,ilfov,3
Staer 7,șoseaua stefanesti ( blvd eroilor ),ștefăneștii de jos,—,ilfov,1
Staer 7,șoseaua stefanesti-dispensarul comunal,afumați,—,ilfov,1
Staer 7,șoseaua unirii,balotești,—,ilfov,1
Staer 7,șoseaua urziceni,afumați,—,ilfov,1
Staer 7,șoseaua vergului,sector 2,sector 2,bucurești,5
Staer 7,șoseaua victora,sector 1,sector 1,bucurești,1
Staer 7,șoseaua viilor,pantelimon,—,ilfov,2
Staer 7,șoseaua viilor,sector 5,sector 5,bucurești,2
Staer 7,șoseaua virtutii.militari,bucurești neatribuit,bucurești neatribuit,bucurești,1
Staer 7,șoseaua virtuții,sector 6,sector 6,bucurești,5
Staer 7,șoseaua vitan barzesti,bucurești neatribuit,bucurești neatribuit,bucurești,5
Staer 7,șoseaua vitan barzesti,sector 3,sector 3,bucurești,1
Staer 7,șoseaua vitan barzesti,sector 4,sector 4,bucurești,2
Staer 7,șoseaua voluntari,voluntari–pipera,—,ilfov,1
Staer 7,șoseaua ștefan cel mare,bucurești neatribuit,bucurești neatribuit,bucurești,5
Staer 7,șoseaua ștefan cel mare,sector 2,sector 2,bucurești,11
Staer 9,1,sector 1,sector 1,bucurești,1
Staer 9,1 dec 1918,chiajna–roșu–dudu,—,ilfov,1
Staer 9,1 decembrie,berceni (ilfov),—,ilfov,2
Staer 9,1 decembrie,darăști-ilfov,—,ilfov,1
Staer 9,1 decembrie,dragomirești,—,ilfov,1
Staer 9,1 decembrie,măgurele,—,ilfov,1
Staer 9,1 decembrie,tunari,—,ilfov,8
Staer 9,1 decembrie 1918,chiajna–roșu–dudu,—,ilfov,3
Staer 9,1 decembrie 1918,dragomirești,—,ilfov,1
Staer 9,1 decembrie 1918,tunari,—,ilfov,1
Staer 9,1 mai,chitila,—,ilfov,1
Staer 9,1 mai,ciorogârla,—,ilfov,1
Staer 9,1 mai,darăști-ilfov,—,ilfov,1
Staer 9,1 mai,otopeni,—,ilfov,5
Staer 9,11,1 decembrie,—,ilfov,2
Staer 9,114,bucurești neatribuit,bucurești neatribuit,bucurești,1
Staer 9,13,sector 4,sector 4,bucurești,1
Staer 9,13septembrie,bucurești neatribuit,bucurești neatribuit,bucurești,1
Staer 9,14 a,chiajna–roșu–dudu,—,ilfov,1
Staer 9,16,bucurești neatribuit,bucurești neatribuit,bucurești,1
Staer 9,16 februarie,sector 1,sector 1,bucurești,1
Staer 9,1dec 1918,bucurești neatribuit,bucurești neatribuit,bucurești,2
Staer 9,1dec 1918,chiajna–roșu–dudu,—,ilfov,1
Staer 9,1dec 1918,dragomirești,—,ilfov,1
Staer 9,1decembrie,tunari,—,ilfov,1
Staer 9,1mai,darasti,—,ilfov,2
Staer 9,2,bucurești neatribuit,bucurești neatribuit,bucurești,1
Staer 9,20,1decembrie,—,ilfov,1
Staer 9,23 august,buftea,—,ilfov,2
Staer 9,23 august,otopeni,—,ilfov,9
Staer 9,23august,otopeni,—,ilfov,1
Staer 9,27,voluntari–pipera,—,ilfov,1
Staer 9,29,bucurești neatribuit,bucurești neatribuit,bucurești,1
Staer 9,5,sector 5,sector 5,bucurești,1
Staer 9,8 martie,mogoșoaia,—,ilfov,1
Staer 9,9 mai,chiajna–roșu–dudu,—,ilfov,1
Staer 9,9 mai,sector 6,sector 6,bucurești,6
Staer 9,9mai,bucurești neatribuit,bucurești neatribuit,bucurești,1
Staer 9,9mai,chiajna–roșu–dudu,—,ilfov,1
Staer 9,9mai,sector 6,sector 6,bucurești,1
Staer 9,aa bucsenesti,sector 6,sector 6,bucurești,1
Staer 9,aa moinesti,sector 6,sector 6,bucurești,1
Staer 9,abrud,sector 1,sector 1,bucurești,2
Staer 9,abuna,sector 1,sector 1,bucurești,6
Staer 9,academiei,sector 1,sector 1,bucurești,1
Staer 9,actiunii,sector 4,sector 4,bucurești,1
Staer 9,acvariului,sector 6,sector 6,bucurești,3
Staer 9,acvila,bucurești neatribuit,bucurești neatribuit,bucurești,1
Staer 9,acvila,sector 5,sector 5,bucurești,1
Staer 9,acvilei,chiajna–roșu–dudu,—,ilfov,22
Staer 9,acvilei 35,chiajna–roșu–dudu,—,ilfov,2
Staer 9,adunati,ciorogârla,—,ilfov,1
Staer 9,adunati,domnești,—,ilfov,1
Staer 9,aeroportului,cornetu,—,ilfov,3
Staer 9,afirmarii,domnești,—,ilfov,1
Staer 9,agatha barsescu,sector 3,sector 3,bucurești,1
Staer 9,aghata barsescu,sector 3,sector 3,bucurești,1
Staer 9,agnita,sector 6,sector 6,bucurești,2
Staer 9,agricultori,buftea,—,ilfov,2
Staer 9,aiu independentei,sector 6,sector 6,bucurești,1
Staer 9,aiud,sector 1,sector 1,bucurești,1
Staer 9,aja,sector 4,sector 4,bucurești,4
Staer 9,ajustorului,sector 6,sector 6,bucurești,30
Staer 9,al botorani,sector 5,sector 5,bucurești,1
Staer 9,al campul cu flori,bucurești neatribuit,bucurești neatribuit,bucurești,1
Staer 9,al cetatuia,sector 6,sector 6,bucurești,1
Staer 9,al compozitorilor,bucurești neatribuit,bucurești neatribuit,bucurești,1
Staer 9,al ioa cuza,chiajna–roșu–dudu,—,ilfov,1
Staer 9,al ioan cuza,chiajna–roșu–dudu,—,ilfov,1
Staer 9,al ioan cuza,domnești,—,ilfov,1
Staer 9,al. m oruzzi,bucurești neatribuit,bucurești neatribuit,bucurești,1
Staer 9,albac,sector 1,sector 1,bucurești,1
Staer 9,albastralelor,zurbaua,—,ilfov,1
Staer 9,albastrelelor,dobroești,—,ilfov,1
Staer 9,albastrelelor,dragomirești,—,ilfov,1
Staer 9,albinelor,sector 4,sector 4,bucurești,1
Staer 9,albitei,sector 6,sector 6,bucurești,1
Staer 9,albotesti,sector 5,sector 5,bucurești,1
Staer 9,aldeni,bucurești neatribuit,bucurești neatribuit,bucurești,1
Staer 9,aldeni,sector 1,sector 1,bucurești,1
Staer 9,aleea a pod giurgiului,bucurești neatribuit,bucurești neatribuit,bucurești,1
Staer 9,aleea adrian carstea,sector 3,sector 3,bucurești,3
Staer 9,aleea aliorului,sector 4,sector 4,bucurești,2
Staer 9,aleea apostol margarit,sector 3,sector 3,bucurești,1
Staer 9,aleea arh. petre antonescu,sector 2,sector 2,bucurești,1
Staer 9,aleea arinis,bucurești neatribuit,bucurești neatribuit,bucurești,1
Staer 9,aleea arinis,sector 6,sector 6,bucurești,1
Staer 9,aleea aviatori stalpeanu,sector 1,sector 1,bucurești,1
Staer 9,aleea avrig,bucurești neatribuit,bucurești neatribuit,bucurești,2
Staer 9,aleea avrig,sector 2,sector 2,bucurești,6
Staer 9,aleea avrig,sector 3,sector 3,bucurești,1
Staer 9,aleea baia de aries,sector 6,sector 6,bucurești,6
Staer 9,aleea baiut,sector 6,sector 6,bucurești,9
Staer 9,aleea banu udrea,sector 3,sector 3,bucurești,2
Staer 9,aleea barajul bicaz,sector 3,sector 3,bucurești,5
Staer 9,aleea barajul cucuteni,sector 3,sector 3,bucurești,1
Staer 9,aleea barajul lotrului,sector 3,sector 3,bucurești,1
Staer 9,aleea barajul rovinari,sector 3,sector 3,bucurești,4
Staer 9,aleea barsanesti,sector 6,sector 6,bucurești,10
Staer 9,aleea bistricioara,sector 2,sector 2,bucurești,2
Staer 9,aleea brasoveni,sector 2,sector 2,bucurești,5
Staer 9,aleea buhusi,sector 3,sector 3,bucurești,1
Staer 9,aleea buzau,pantelimon,—,ilfov,2
Staer 9,aleea cenusaresei,bucurești neatribuit,bucurești neatribuit,bucurești,1
Staer 9,aleea cetatea veche,sector 4,sector 4,bucurești,3
Staer 9,aleea ciucea,sector 3,sector 3,bucurești,5
Staer 9,aleea codrii neamtului,bucurești neatribuit,bucurești neatribuit,bucurești,6
Staer 9,aleea codrii neamtului,sector 3,sector 3,bucurești,4
Staer 9,aleea coloana infinitului,bucurești neatribuit,bucurești neatribuit,bucurești,1
Staer 9,aleea constructorilor,buftea,—,ilfov,3
Staer 9,aleea costinesti,bucurești neatribuit,bucurești neatribuit,bucurești,2
Staer 9,aleea covasna,sector 4,sector 4,bucurești,11
Staer 9,aleea cricovul dulce,sector 4,sector 4,bucurești,4
Staer 9,aleea d-soara pogany,bucurești neatribuit,bucurești neatribuit,bucurești,1
Staer 9,aleea d-soara pogany,sector 6,sector 6,bucurești,1
Staer 9,aleea dealul macinului,sector 6,sector 6,bucurești,25
Staer 9,aleea dinogetia,bucurești neatribuit,bucurești neatribuit,bucurești,1
Staer 9,aleea dolina,sector 4,sector 4,bucurești,1
Staer 9,aleea donea diana alexandra,sector 4,sector 4,bucurești,1
Staer 9,aleea dorohoi,sector 4,sector 4,bucurești,2
Staer 9,aleea dragos mladinovici,bucurești neatribuit,bucurești neatribuit,bucurești,1
Staer 9,aleea dumbrava noua,sector 5,sector 5,bucurești,30
Staer 9,aleea ea adrian cirstea,sector 3,sector 3,bucurești,2
Staer 9,aleea ea agigea,sector 6,sector 6,bucurești,1
Staer 9,aleea ea argedava,sector 2,sector 2,bucurești,2
Staer 9,aleea ea arheologilor,sector 6,sector 6,bucurești,2
Staer 9,aleea ea ariesul mare,bucurești neatribuit,bucurești neatribuit,bucurești,1
Staer 9,aleea ea ariesul mare,sector 6,sector 6,bucurești,2
Staer 9,aleea ea arinii dornei,sector 6,sector 6,bucurești,2
Staer 9,aleea ea arutela,sector 6,sector 6,bucurești,1
Staer 9,aleea ea bacau,bucurești neatribuit,bucurești neatribuit,bucurești,1
Staer 9,aleea ea bacau,sector 4,sector 4,bucurești,1
Staer 9,aleea ea bacau,sector 5,sector 5,bucurești,4
Staer 9,aleea ea banul udrea,sector 3,sector 3,bucurești,4
Staer 9,aleea ea baraj bicaz,sector 3,sector 3,bucurești,1
Staer 9,aleea ea baraj cucuteni,bucurești neatribuit,bucurești neatribuit,bucurești,1
Staer 9,aleea ea baraj lotru,bucurești neatribuit,bucurești neatribuit,bucurești,1
Staer 9,aleea ea barajul bistriței,sector 3,sector 3,bucurești,4
Staer 9,aleea ea barajul cucutei,sector 3,sector 3,bucurești,1
Staer 9,aleea ea barajul duinarii,bucurești neatribuit,bucurești neatribuit,bucurești,1
Staer 9,aleea ea barajul dunarii,bucurești neatribuit,bucurești neatribuit,bucurești,1
Staer 9,aleea ea barajul dunarii,sector 3,sector 3,bucurești,4
Staer 9,aleea ea barajul lotru,sector 3,sector 3,bucurești,3
Staer 9,aleea ea biruintei,bragadiru,—,ilfov,1
Staer 9,aleea ea borcea,sector 4,sector 4,bucurești,1
Staer 9,aleea ea botorani,sector 5,sector 5,bucurești,14
Staer 9,aleea ea boturani,sector 5,sector 5,bucurești,1
Staer 9,aleea ea budacu,sector 3,sector 3,bucurești,1
Staer 9,aleea ea bujoreni,sector 6,sector 6,bucurești,1
Staer 9,aleea ea butacu,sector 3,sector 3,bucurești,1
Staer 9,aleea ea calatis,sector 6,sector 6,bucurești,5
Staer 9,aleea ea calinesti,sector 4,sector 4,bucurești,2
Staer 9,aleea ea calistrat hogas,sector 3,sector 3,bucurești,2
Staer 9,aleea ea callatis,sector 6,sector 6,bucurești,7
Staer 9,aleea ea campul cu flori,sector 6,sector 6,bucurești,16
Staer 9,aleea ea campului,buftea,—,ilfov,1
Staer 9,aleea ea carstea,sector 3,sector 3,bucurești,1
Staer 9,aleea ea cetatuia,bucurești neatribuit,bucurești neatribuit,bucurești,5
Staer 9,aleea ea cetatuia,sector 5,sector 5,bucurești,1
Staer 9,aleea ea cetatuia,sector 6,sector 6,bucurești,9
Staer 9,aleea ea ciceu,sector 4,sector 4,bucurești,8
Staer 9,aleea ea cindrel,bucurești neatribuit,bucurești neatribuit,bucurești,1
Staer 9,aleea ea cioplea,sector 3,sector 3,bucurești,2
Staer 9,aleea ea circului,sector 2,sector 2,bucurești,3
Staer 9,aleea ea codri cosminului,sector 2,sector 2,bucurești,1
Staer 9,aleea ea codrii neamului,sector 3,sector 3,bucurești,1
Staer 9,aleea ea coloana infinitulkui,sector 6,sector 6,bucurești,1
Staer 9,aleea ea compoziorilor,sector 6,sector 6,bucurești,1
Staer 9,aleea ea compozitoril;or,bucurești neatribuit,bucurești neatribuit,bucurești,1
Staer 9,aleea ea compozitorilor,sector 6,sector 6,bucurești,17
Staer 9,aleea ea constructorului,buftea,—,ilfov,2
Staer 9,aleea ea craesti,sector 6,sector 6,bucurești,1
Staer 9,aleea ea craiesti,sector 6,sector 6,bucurești,5
Staer 9,aleea ea crangasi,sector 6,sector 6,bucurești,1
Staer 9,aleea ea criciovul sarat,sector 4,sector 4,bucurești,1
Staer 9,aleea ea cricovul sarat,sector 4,sector 4,bucurești,2
Staer 9,aleea ea cumidava,sector 2,sector 2,bucurești,2
Staer 9,aleea ea cumintenia pamantului,sector 6,sector 6,bucurești,5
Staer 9,aleea ea domnisoara pogany,sector 1,sector 1,bucurești,1
Staer 9,aleea ea domnisoara pogany,sector 6,sector 6,bucurești,1
Staer 9,aleea ea dumbravita,sector 6,sector 6,bucurești,7
Staer 9,aleea ea eprubetei,sector 3,sector 3,bucurești,1
Staer 9,aleea ea fetesti,sector 3,sector 3,bucurești,2
Staer 9,aleea ea florin ciungan,sector 3,sector 3,bucurești,3
Staer 9,aleea ea garii,voluntari–pipera,—,ilfov,1
Staer 9,aleea ea garnesti,sector 4,sector 4,bucurești,1
Staer 9,aleea ea ghencea,sector 6,sector 6,bucurești,6
Staer 9,aleea ea ghimes,bucurești neatribuit,bucurești neatribuit,bucurești,2
Staer 9,aleea ea ghimes,sector 5,sector 5,bucurești,1
Staer 9,aleea ea giurgeni,sector 3,sector 3,bucurești,1
Staer 9,aleea ea hobita,sector 2,sector 2,bucurești,3
Staer 9,aleea ea hrisovului,sector 1,sector 1,bucurești,1
Staer 9,aleea ea ianca,sector 3,sector 3,bucurești,4
Staer 9,aleea ea ilia,bucurești neatribuit,bucurești neatribuit,bucurești,1
Staer 9,aleea ea ilia,sector 2,sector 2,bucurești,1
Staer 9,aleea ea imasul,sector 5,sector 5,bucurești,1
Staer 9,aleea ea ion agarbiceanu,sector 3,sector 3,bucurești,4
Staer 9,aleea ea istru,bucurești neatribuit,bucurești neatribuit,bucurești,4
Staer 9,aleea ea istru,sector 6,sector 6,bucurești,12
Staer 9,aleea ea jieneasca,sector 3,sector 3,bucurești,1
Staer 9,aleea ea lacu morii,sector 6,sector 6,bucurești,1
Staer 9,aleea ea lacul morii,sector 6,sector 6,bucurești,11
Staer 9,aleea ea leda,sector 6,sector 6,bucurești,1
Staer 9,aleea ea lipanesti,sector 3,sector 3,bucurești,1
Staer 9,aleea ea livezilor,sector 5,sector 5,bucurești,7
Staer 9,aleea ea lunca cernei,sector 6,sector 6,bucurești,5
Staer 9,aleea ea lunca siretului,sector 6,sector 6,bucurești,4
Staer 9,aleea ea macinului,bucurești neatribuit,bucurești neatribuit,bucurești,2
Staer 9,aleea ea marius emanoil buteica,sector 3,sector 3,bucurești,2
Staer 9,aleea ea marius emanoil buteică 37,sector 3,sector 3,bucurești,1
Staer 9,aleea ea masa tacerii,bucurești neatribuit,bucurești neatribuit,bucurești,2
Staer 9,aleea ea masa tacerii,sector 6,sector 6,bucurești,2
Staer 9,aleea ea meteorologiei,sector 1,sector 1,bucurești,1
Staer 9,aleea ea mizil,sector 3,sector 3,bucurești,11
Staer 9,aleea ea mladinovici dragoș,sector 4,sector 4,bucurești,2
Staer 9,aleea ea mostistea,sector 3,sector 3,bucurești,1
Staer 9,aleea ea motistea,sector 3,sector 3,bucurești,1
Staer 9,aleea ea nicilor,chiajna–roșu–dudu,—,ilfov,1
Staer 9,aleea ea ninsorii,sector 3,sector 3,bucurești,6
Staer 9,aleea ea nucilor,chiajna–roșu–dudu,—,ilfov,2
Staer 9,aleea ea ornamentului,sector 4,sector 4,bucurești,1
Staer 9,aleea ea parcului,mogoșoaia,—,ilfov,1
Staer 9,aleea ea parva,sector 6,sector 6,bucurești,15
Staer 9,aleea ea perisor,sector 3,sector 3,bucurești,1
Staer 9,aleea ea perisoru,sector 3,sector 3,bucurești,1
Staer 9,aleea ea petre ispirescu,tunari,—,ilfov,1
Staer 9,aleea ea platanului,sector 5,sector 5,bucurești,5
Staer 9,aleea ea poarta abla,sector 6,sector 6,bucurești,1
Staer 9,aleea ea poarta alba,sector 6,sector 6,bucurești,5
Staer 9,aleea ea poarta sarutului,sector 6,sector 6,bucurești,1
Staer 9,aleea ea poet dimitrie anghel,sector 3,sector 3,bucurești,1
Staer 9,aleea ea poiana muntelui,sector 6,sector 6,bucurești,4
Staer 9,aleea ea poiana sibiului,bucurești neatribuit,bucurești neatribuit,bucurești,2
Staer 9,aleea ea poiana sibiului,sector 6,sector 6,bucurești,1
Staer 9,aleea ea poiana vadului,sector 6,sector 6,bucurești,1
Staer 9,aleea ea postavaru,sector 3,sector 3,bucurești,2
Staer 9,aleea ea potaisa,sector 6,sector 6,bucurești,6
Staer 9,aleea ea pravat,sector 6,sector 6,bucurești,13
Staer 9,aleea ea privighetorilor,sector 1,sector 1,bucurești,5
Staer 9,aleea ea radaseni,sector 5,sector 5,bucurești,2
Staer 9,aleea ea ramnicu valcea,sector 3,sector 3,bucurești,2
Staer 9,aleea ea resita d,sector 4,sector 4,bucurești,2
Staer 9,aleea ea reșița a,sector 4,sector 4,bucurești,1
Staer 9,aleea ea salaj,sector 5,sector 5,bucurești,8
Staer 9,aleea ea sandava,bucurești neatribuit,bucurești neatribuit,bucurești,1
Staer 9,aleea ea scolarilor,bucurești neatribuit,bucurești neatribuit,bucurești,1
Staer 9,aleea ea scolarilor,sector 3,sector 3,bucurești,1
Staer 9,aleea ea secuilor,sector 1,sector 1,bucurești,1
Staer 9,aleea ea serelor,berceni (ilfov),—,ilfov,1
Staer 9,aleea ea serg maj victor popescu,sector 4,sector 4,bucurești,1
Staer 9,aleea ea sg emil holut,sector 4,sector 4,bucurești,1
Staer 9,aleea ea sinaia,sector 2,sector 2,bucurești,3
Staer 9,aleea ea slt dragos mladinovici,sector 4,sector 4,bucurești,1
Staer 9,aleea ea solidaritatii,sector 6,sector 6,bucurești,1
Staer 9,aleea ea somesul cal,sector 4,sector 4,bucurești,1
Staer 9,aleea ea somesul mare,sector 4,sector 4,bucurești,3
Staer 9,aleea ea stadionului,1 decembrie,—,ilfov,1
Staer 9,aleea ea stupilor,sector 4,sector 4,bucurești,3
Staer 9,aleea ea suraia,sector 3,sector 3,bucurești,1
Staer 9,aleea ea surianu,bucurești neatribuit,bucurești neatribuit,bucurești,1
Staer 9,aleea ea tandala,sector 3,sector 3,bucurești,2
Staer 9,aleea ea tebea,sector 4,sector 4,bucurești,1
Staer 9,aleea ea teisan,sector 1,sector 1,bucurești,1
Staer 9,aleea ea teisani,sector 1,sector 1,bucurești,9
Staer 9,aleea ea tibles,bucurești neatribuit,bucurești neatribuit,bucurești,1
Staer 9,aleea ea tibles,sector 6,sector 6,bucurești,1
Staer 9,aleea ea tineretului,buftea,—,ilfov,1
Staer 9,aleea ea tomesti,sector 4,sector 4,bucurești,6
Staer 9,aleea ea topoloveni,sector 6,sector 6,bucurești,4
Staer 9,aleea ea tornadei,sector 3,sector 3,bucurești,2
Staer 9,aleea ea trestiana,sector 4,sector 4,bucurești,4
Staer 9,aleea ea turza,sector 1,sector 1,bucurești,1
Staer 9,aleea ea ucea,sector 4,sector 4,bucurești,1
Staer 9,aleea ea uioara,sector 4,sector 4,bucurești,1
Staer 9,aleea ea valea boteni,sector 6,sector 6,bucurești,1
Staer 9,aleea ea valea bujorului,bucurești neatribuit,bucurești neatribuit,bucurești,1
Staer 9,aleea ea valea bujorului,sector 6,sector 6,bucurești,2
Staer 9,aleea ea valea florilor,sector 6,sector 6,bucurești,5
Staer 9,aleea ea valea furcii,sector 6,sector 6,bucurești,1
Staer 9,aleea ea valea prahovei,sector 6,sector 6,bucurești,6
Staer 9,aleea ea valea viilor,sector 6,sector 6,bucurești,8
Staer 9,aleea ea vergului,sector 2,sector 2,bucurești,1
Staer 9,aleea ea vlasiei,bucurești neatribuit,bucurești neatribuit,bucurești,4
Staer 9,aleea ea zambilelor,bragadiru,—,ilfov,2
Staer 9,aleea ea zanelor,sector 4,sector 4,bucurești,1
Staer 9,aleea ea zarandului,sector 2,sector 2,bucurești,1
Staer 9,aleea ea zorelelor,sector 6,sector 6,bucurești,11
Staer 9,aleea ea zvoristea,bucurești neatribuit,bucurești neatribuit,bucurești,1
Staer 9,aleea ea zvoristea,sector 6,sector 6,bucurești,2
Staer 9,aleea emanoil buteica,sector 3,sector 3,bucurești,3
Staer 9,aleea emil bota,sector 3,sector 3,bucurești,1
Staer 9,aleea emil botta,bucurești neatribuit,bucurești neatribuit,bucurești,1
Staer 9,aleea emil racovita,sector 4,sector 4,bucurești,4
Staer 9,aleea erou cristian george stanciu,bucurești neatribuit,bucurești neatribuit,bucurești,1
Staer 9,aleea erou george cristian stanciu,sector 5,sector 5,bucurești,2
Staer 9,aleea ficusului,bragadiru,—,ilfov,2
Staer 9,aleea ficusului,corbeanca,—,ilfov,1
Staer 9,aleea fizicienilor,sector 3,sector 3,bucurești,9
Staer 9,aleea foisorului,bucurești neatribuit,bucurești neatribuit,bucurești,1
Staer 9,aleea fuiorului,sector 3,sector 3,bucurești,5
Staer 9,aleea garii,jilava,—,ilfov,6
Staer 9,aleea ghirlandei,sector 6,sector 6,bucurești,24
Staer 9,aleea gradinii,sector 5,sector 5,bucurești,2
Staer 9,aleea huedin,sector 4,sector 4,bucurești,6
Staer 9,aleea imasului,sector 5,sector 5,bucurești,4
Staer 9,aleea iris,balotești,—,ilfov,1
Staer 9,aleea izvorul oltului,sector 4,sector 4,bucurești,2
Staer 9,aleea laceni,sector 3,sector 3,bucurești,1
Staer 9,aleea lacramioarei,sector 3,sector 3,bucurești,1
Staer 9,aleea lamotesti,sector 4,sector 4,bucurești,4
Staer 9,aleea leorda,sector 3,sector 3,bucurești,2
Staer 9,aleea leresti,sector 5,sector 5,bucurești,3
Staer 9,aleea lunca bradului,sector 3,sector 3,bucurești,6
Staer 9,aleea luncsoara,sector 2,sector 2,bucurești,1
Staer 9,aleea magura vulturului,sector 2,sector 2,bucurești,2
Staer 9,aleea mariu emanoil buteica,sector 3,sector 3,bucurești,1
Staer 9,aleea meseriasilor,sector 6,sector 6,bucurești,7
Staer 9,aleea mirea mioara luiza,sector 4,sector 4,bucurești,1
Staer 9,aleea mozaicului,bucurești neatribuit,bucurești neatribuit,bucurești,1
Staer 9,aleea mozaicului,sector 2,sector 2,bucurești,3
Staer 9,aleea negru voda,bucurești neatribuit,bucurești neatribuit,bucurești,1
Staer 9,aleea niculitel,sector 4,sector 4,bucurești,1
Staer 9,aleea nucilor,voluntari–pipera,—,ilfov,1
Staer 9,aleea obcina mica,sector 6,sector 6,bucurești,8
Staer 9,aleea onisifor ghibu,sector 3,sector 3,bucurești,1
Staer 9,aleea otesani,sector 2,sector 2,bucurești,5
Staer 9,aleea padurea craiului,sector 3,sector 3,bucurești,2
Staer 9,aleea pantelimon,bucurești neatribuit,bucurești neatribuit,bucurești,1
Staer 9,aleea pasarea in vazduh,sector 6,sector 6,bucurești,3
Staer 9,aleea pascani,sector 6,sector 6,bucurești,15
Staer 9,aleea patulului,sector 3,sector 3,bucurești,5
Staer 9,aleea petrachesti,sector 6,sector 6,bucurești,4
Staer 9,aleea petre antonescu,sector 2,sector 2,bucurești,2
Staer 9,aleea piatra mare,sector 2,sector 2,bucurești,1
Staer 9,aleea plopilor,buftea,—,ilfov,1
Staer 9,aleea podul giurgiului,bucurești neatribuit,bucurești neatribuit,bucurești,2
Staer 9,aleea podul giurgiului,sector 5,sector 5,bucurești,3
Staer 9,aleea poiana cernei,sector 6,sector 6,bucurești,1
Staer 9,aleea poiana mare,sector 6,sector 6,bucurești,1
Staer 9,aleea politehnicii,sector 6,sector 6,bucurești,5
Staer 9,aleea posada,sector 5,sector 5,bucurești,2
Staer 9,aleea postavarul,sector 3,sector 3,bucurești,8
Staer 9,aleea prahovei,bucurești neatribuit,bucurești neatribuit,bucurești,1
Staer 9,aleea prevederii,sector 3,sector 3,bucurești,13
Staer 9,aleea ramnicel,bucurești neatribuit,bucurești neatribuit,bucurești,1
Staer 9,aleea ramnicel,sector 6,sector 6,bucurești,1
Staer 9,aleea ramnicul valcea,sector 3,sector 3,bucurești,3
Staer 9,aleea raul doamnei,sector 6,sector 6,bucurești,11
Staer 9,aleea resita,bucurești neatribuit,bucurești neatribuit,bucurești,6
Staer 9,aleea resita,sector 4,sector 4,bucurești,3
Staer 9,aleea romancierilor,sector 6,sector 6,bucurești,8
Staer 9,aleea rotunda,sector 3,sector 3,bucurești,1
Staer 9,aleea sandulesti,sector 6,sector 6,bucurești,6
Staer 9,aleea sd,sector 6,sector 6,bucurești,3
Staer 9,aleea simbolului,bragadiru,—,ilfov,1
Staer 9,aleea slatioara,sector 4,sector 4,bucurești,1
Staer 9,aleea socului,sector 2,sector 2,bucurești,2
Staer 9,aleea soldat barbu nicolae,sector 4,sector 4,bucurești,1
Staer 9,aleea somesul cald,sector 4,sector 4,bucurești,2
Staer 9,aleea terasei,sector 4,sector 4,bucurești,2
Staer 9,aleea timisul de jos,sector 6,sector 6,bucurești,6
Staer 9,aleea timisul de sus,bucurești neatribuit,bucurești neatribuit,bucurești,1
Staer 9,aleea timisul de sus,sector 6,sector 6,bucurești,1
Staer 9,aleea tincani,sector 6,sector 6,bucurești,17
Staer 9,aleea tohani,sector 4,sector 4,bucurești,4
Staer 9,aleea valea calugareasca,sector 6,sector 6,bucurești,20
Staer 9,aleea valea lui mihai,sector 6,sector 6,bucurești,8
Staer 9,aleea valea prahovei,măgurele,—,ilfov,1
Staer 9,aleea valea rosie,sector 6,sector 6,bucurești,6
Staer 9,aleea valea salciei,bucurești neatribuit,bucurești neatribuit,bucurești,2
Staer 9,aleea valea salciei,sector 6,sector 6,bucurești,2
Staer 9,aleea valea siretului,bucurești neatribuit,bucurești neatribuit,bucurești,1
Staer 9,aleea valea siretului,sector 6,sector 6,bucurești,1
Staer 9,aleea vasile goldis,sector 3,sector 3,bucurești,1
Staer 9,aleea vlahita,sector 3,sector 3,bucurești,3
Staer 9,aleea vointei,bragadiru,—,ilfov,3
Staer 9,aleea xandru moruzzi,sector 3,sector 3,bucurești,2
Staer 9,aleea zavideni,sector 3,sector 3,bucurești,1
Staer 9,aliman,sector 5,sector 5,bucurești,1
Staer 9,alizeului,sector 6,sector 6,bucurești,2
Staer 9,allea poiana cernei,bucurești neatribuit,bucurești neatribuit,bucurești,1
Staer 9,almasu mic,sector 4,sector 4,bucurești,3
Staer 9,almasul mare,sector 4,sector 4,bucurești,6
Staer 9,almasul mare 12,sector 4,sector 4,bucurești,1
Staer 9,alunis,măgurele,—,ilfov,2
Staer 9,alunului,bragadiru,—,ilfov,20
Staer 9,alunului,bucurești neatribuit,bucurești neatribuit,bucurești,1
Staer 9,alunului,cartierul latin,—,ilfov,1
Staer 9,alunului,sector 6,sector 6,bucurești,1
Staer 9,aluviunii,bucurești neatribuit,bucurești neatribuit,bucurești,2
Staer 9,amarasesti,bragadiru,—,ilfov,1
Staer 9,ambroziei,pantelimon,—,ilfov,1
Staer 9,ametistului,bragadiru,—,ilfov,2
Staer 9,ametistului,sector 5,sector 5,bucurești,1
Staer 9,ametistului,sector 6,sector 6,bucurești,1
Staer 9,amforei,bucurești neatribuit,bucurești neatribuit,bucurești,1
Staer 9,amicitiei,sector 1,sector 1,bucurești,1
Staer 9,amilcar c sandulescu,sector 6,sector 6,bucurești,3
Staer 9,amosilor,sector 6,sector 6,bucurești,5
Staer 9,amurgului,balotești,—,ilfov,2
Staer 9,amurgului,cornetu,—,ilfov,1
Staer 9,amurgului,măgurele,—,ilfov,1
Staer 9,amurgului,popești-leordeni,—,ilfov,2
Staer 9,amza pelea,voluntari–pipera,—,ilfov,2
Staer 9,ana davila,sector 5,sector 5,bucurești,1
Staer 9,ana davilla,sector 5,sector 5,bucurești,1
Staer 9,ana ipatescu,ciorogârla,—,ilfov,4
Staer 9,ana ipatescu,dobroești,—,ilfov,1
Staer 9,anastasie panu,sector 3,sector 3,bucurești,6
Staer 9,andrei birseanu,sector 3,sector 3,bucurești,1
Staer 9,andrei muresanu,voluntari–pipera,—,ilfov,1
Staer 9,andrei popovici,sector 1,sector 1,bucurești,1
Staer 9,anemonelor,bucurești neatribuit,bucurești neatribuit,bucurești,1
Staer 9,anghelache ivan,sector 5,sector 5,bucurești,1
Staer 9,anibal teohari,sector 5,sector 5,bucurești,1
Staer 9,ankara,corbeanca,—,ilfov,1
Staer 9,anl brancusi,sector 6,sector 6,bucurești,1
Staer 9,anteaeriana,bucurești neatribuit,bucurești neatribuit,bucurești,2
Staer 9,anteaeriana,sector 5,sector 5,bucurești,2
Staer 9,antenei,balotești,—,ilfov,1
Staer 9,antiaeriana 6 a,bucurești neatribuit,bucurești neatribuit,bucurești,1
Staer 9,antim ivireanu,snagov,—,ilfov,1
Staer 9,anton bacalbasa,sector 4,sector 4,bucurești,4
Staer 9,apeductului,chiajna–roșu–dudu,—,ilfov,17
Staer 9,apele vii,sector 6,sector 6,bucurești,2
Staer 9,apostol constantin,sector 6,sector 6,bucurești,1
Staer 9,apostol gheorghe constantin,sector 6,sector 6,bucurești,1
Staer 9,apusului,domnești,—,ilfov,1
Staer 9,apusului,popești-leordeni,—,ilfov,4
Staer 9,apusului,sector 6,sector 6,bucurești,12
Staer 9,arad,bucurești neatribuit,bucurești neatribuit,bucurești,1
Staer 9,aragonitului,bucurești neatribuit,bucurești neatribuit,bucurești,1
Staer 9,aramesti,sector 5,sector 5,bucurești,2
Staer 9,arasi,dascălu,—,ilfov,1
Staer 9,arbanasi,sector 5,sector 5,bucurești,1
Staer 9,arcadiei,sector 5,sector 5,bucurești,1
Staer 9,arefu,sector 5,sector 5,bucurești,4
Staer 9,arefului,bucurești neatribuit,bucurești neatribuit,bucurești,2
Staer 9,arefului,sector 5,sector 5,bucurești,2
Staer 9,aretilor,sector 5,sector 5,bucurești,1
Staer 9,argentina,bucurești neatribuit,bucurești neatribuit,bucurești,1
Staer 9,arges,bragadiru,—,ilfov,1
Staer 9,arges,darăști-ilfov,—,ilfov,1
Staer 9,arh. grigore ionescu,bucurești neatribuit,bucurești neatribuit,bucurești,1
Staer 9,arhiereu calist,sector 2,sector 2,bucurești,1
Staer 9,arhitect petre antonescu,sector 2,sector 2,bucurești,1
Staer 9,ariei,ciorogârla,—,ilfov,1
Staer 9,ariei,mogoșoaia,—,ilfov,3
Staer 9,ariei,sector 1,sector 1,bucurești,1
Staer 9,aripilor,bucurești neatribuit,bucurești neatribuit,bucurești,3
Staer 9,armasu marcu,bucurești,—,ilfov,1
Staer 9,armasul marcu,sector 2,sector 2,bucurești,1
Staer 9,armeneasca,crevedia darza,—,ilfov,1
Staer 9,armistitiului,bragadiru,—,ilfov,2
Staer 9,aromei,bucurești neatribuit,bucurești neatribuit,bucurești,1
Staer 9,aromei,sector 2,sector 2,bucurești,1
Staer 9,aromei,sector 6,sector 6,bucurești,1
Staer 9,aron cotrus,sector 1,sector 1,bucurești,1
Staer 9,artur gorovei,bucurești neatribuit,bucurești neatribuit,bucurești,1
Staer 9,artur gorovei,sector 5,sector 5,bucurești,1
Staer 9,asta,bucurești neatribuit,bucurești neatribuit,bucurești,1
Staer 9,astrelor,domnești,—,ilfov,1
Staer 9,astrelor,popești-leordeni,—,ilfov,3
Staer 9,astronomilui,mogoșoaia,—,ilfov,1
Staer 9,astronomului,mogoșoaia,—,ilfov,2
Staer 9,atea locot dumitru lemnea,sector 1,sector 1,bucurești,1
Staer 9,atea petre |spirescu,tunari,—,ilfov,1
Staer 9,atenului,balaceanca,—,ilfov,1
Staer 9,athanasie enescu,sector 1,sector 1,bucurești,1
Staer 9,atlasului,bucurești neatribuit,bucurești neatribuit,bucurești,1
Staer 9,aulesti,sector 1,sector 1,bucurești,2
Staer 9,aurel baesu,sector 1,sector 1,bucurești,1
Staer 9,aurel botea,sector 3,sector 3,bucurești,1
Staer 9,aurel vlaicu,chitila,—,ilfov,2
Staer 9,aurel vlaicu,pantelimon,—,ilfov,1
Staer 9,aurel vlaicu,tunari,—,ilfov,1
Staer 9,austrului,sector 2,sector 2,bucurești,1
Staer 9,av cpt alexandru serbanescu,bucurești neatribuit,bucurești neatribuit,bucurești,1
Staer 9,av popisteanu,sector 6,sector 6,bucurești,1
Staer 9,av stefan protopopescu,sector 1,sector 1,bucurești,1
Staer 9,av stefan sanatescu,sector 1,sector 1,bucurești,2
Staer 9,avalansei,bucurești neatribuit,bucurești neatribuit,bucurești,1
Staer 9,aviatiei,bragadiru,—,ilfov,1
Staer 9,aviatiei,buftea,—,ilfov,1
Staer 9,aviatiei,sector 1,sector 1,bucurești,7
Staer 9,aviator radu beller,bucurești neatribuit,bucurești neatribuit,bucurești,1
Staer 9,aviator serbanescu,bucurești neatribuit,bucurești neatribuit,bucurești,1
Staer 9,aviatori,brănești,—,ilfov,1
Staer 9,aviatorilor,sector 1,sector 1,bucurești,1
Staer 9,aviatorilor,țegheș,—,ilfov,1
Staer 9,aviatror popisteanu,sector 1,sector 1,bucurești,1
Staer 9,avionului,sector 1,sector 1,bucurești,2
Staer 9,axandru cutieru,sector 6,sector 6,bucurești,1
Staer 9,axandru cutierul,sector 6,sector 6,bucurești,1
Staer 9,axinte uricariu,sector 1,sector 1,bucurești,1
Staer 9,axinte uricariul,sector 1,sector 1,bucurești,1
Staer 9,azotului,bucurești neatribuit,bucurești neatribuit,bucurești,2
Staer 9,azulrului,sector 6,sector 6,bucurești,1
Staer 9,azului,sector 6,sector 6,bucurești,2
Staer 9,azurului,berceni (ilfov),—,ilfov,3
Staer 9,azurului,măgurele,—,ilfov,1
Staer 9,azurului,sector 6,sector 6,bucurești,10
Staer 9,baba novac,bucurești neatribuit,bucurești neatribuit,bucurești,5
Staer 9,baba novac,sector 3,sector 3,bucurești,9
Staer 9,babesti,sector 6,sector 6,bucurești,5
Staer 9,baboi,domnești,—,ilfov,3
Staer 9,bacalbasa anton,sector 4,sector 4,bucurești,1
Staer 9,bacioului,sector 5,sector 5,bucurești,1
Staer 9,baciu judetul,sector 3,sector 3,bucurești,1
Staer 9,baciului,sector 5,sector 5,bucurești,7
Staer 9,bacului,sector 1,sector 1,bucurești,1
Staer 9,bahluiului,bucurești neatribuit,bucurești neatribuit,bucurești,1
Staer 9,baia de arama,bucurești neatribuit,bucurești neatribuit,bucurești,2
Staer 9,baia de arama,sector 2,sector 2,bucurești,1
Staer 9,baia mare,sector 3,sector 3,bucurești,2
Staer 9,baiculesti,sector 1,sector 1,bucurești,5
Staer 9,baicului,sector 2,sector 2,bucurești,5
Staer 9,baie de aries,sector 6,sector 6,bucurești,1
Staer 9,baladei,berceni (ilfov),—,ilfov,2
Staer 9,baladei,sector 4,sector 4,bucurești,4
Staer 9,balanesti,bucurești neatribuit,bucurești neatribuit,bucurești,1
Staer 9,balanesti,sector 5,sector 5,bucurești,1
Staer 9,balantei,domnești,—,ilfov,1
Staer 9,baleni,bucurești neatribuit,bucurești neatribuit,bucurești,1
Staer 9,balota,sector 1,sector 1,bucurești,1
Staer 9,baltagului,sector 5,sector 5,bucurești,3
Staer 9,baltaretului,sector 5,sector 5,bucurești,1
Staer 9,baltii,1 decembrie,—,ilfov,1
Staer 9,baltii,dobroești,—,ilfov,1
Staer 9,baltii,tuneri,—,ilfov,1
Staer 9,baltita,sector 4,sector 4,bucurești,2
Staer 9,banatului,chitila,—,ilfov,5
Staer 9,baneasa,sector 1,sector 1,bucurești,2
Staer 9,banitei,sector 2,sector 2,bucurești,1
Staer 9,banul antonache,sector 1,sector 1,bucurești,1
Staer 9,banul udrea,sector 3,sector 3,bucurești,3
Staer 9,baraganului,popești-leordeni,—,ilfov,1
Staer 9,barbat voievod,sector 2,sector 2,bucurești,1
Staer 9,barbu lautaru,bucurești neatribuit,bucurești neatribuit,bucurești,2
Staer 9,barbu lautaru,sector 1,sector 1,bucurești,2
Staer 9,barbu vacarescu,sector 2,sector 2,bucurești,3
Staer 9,barierei,bucurești neatribuit,bucurești neatribuit,bucurești,3
Staer 9,barlogeni,sector 1,sector 1,bucurești,2
Staer 9,bascov,sector 5,sector 5,bucurești,2
Staer 9,bascov,sector 6,sector 6,bucurești,1
Staer 9,basculei,mogoșoaia,—,ilfov,1
Staer 9,basmului,sector 6,sector 6,bucurești,10
Staer 9,basrca,sector 5,sector 5,bucurești,1
Staer 9,bateriei,popești-leordeni,—,ilfov,1
Staer 9,beclean,bucurești neatribuit,bucurești neatribuit,bucurești,1
Staer 9,bega,berceni (ilfov),—,ilfov,2
Staer 9,bega,sector 5,sector 5,bucurești,1
Staer 9,begonia,dragomirești,—,ilfov,1
Staer 9,begoniei,dragomirești,—,ilfov,1
Staer 9,begoniei,măgurele,—,ilfov,1
Staer 9,belgrad,otopeni,—,ilfov,2
Staer 9,belizarie,sector 1,sector 1,bucurești,6
Staer 9,belizariei,bucurești neatribuit,bucurești neatribuit,bucurești,1
Staer 9,berveni,sector 1,sector 1,bucurești,2
Staer 9,berzei,berceni (ilfov),—,ilfov,1
Staer 9,berzei,bucurești neatribuit,bucurești neatribuit,bucurești,1
Staer 9,berzei,clinceni,—,ilfov,1
Staer 9,berzei,sector 1,sector 1,bucurești,1
Staer 9,berzei,sector 4,sector 4,bucurești,1
Staer 9,berzelor,crevedia,—,ilfov,2
Staer 9,berzovia,sector 5,sector 5,bucurești,2
Staer 9,bibescu voda,sector 4,sector 4,bucurești,1
Staer 9,biharia,sector 1,sector 1,bucurești,1
Staer 9,bihor,sector 1,sector 1,bucurești,1
Staer 9,bihorului,sector 6,sector 6,bucurești,1
Staer 9,bin timisoara,sector 6,sector 6,bucurești,1
Staer 9,binelui,sector 4,sector 4,bucurești,1
Staer 9,birca,sector 5,sector 5,bucurești,2
Staer 9,biruintei,popești-leordeni,—,ilfov,1
Staer 9,biserica sfanta troita,săftica,—,ilfov,1
Staer 9,bisericii,chiajna–roșu–dudu,—,ilfov,1
Staer 9,bisericii,ciofliceni,—,ilfov,1
Staer 9,bisericii,"ciolpani,sat pisc",—,ilfov,1
Staer 9,bisericii,gruiu,—,ilfov,1
Staer 9,bizantului,cernica,—,ilfov,1
Staer 9,blandiana,bucurești neatribuit,bucurești neatribuit,bucurești,2
Staer 9,blc ghencea,sector 6,sector 6,bucurești,1
Staer 9,bodesti,sector 2,sector 2,bucurești,1
Staer 9,bogdan gheorghe tudor,sector 3,sector 3,bucurești,2
Staer 9,bogdan voda,sector 1,sector 1,bucurești,1
Staer 9,boja,sector 6,sector 6,bucurești,2
Staer 9,bordesti,sector 4,sector 4,bucurești,1
Staer 9,borsa,sector 1,sector 1,bucurești,4
Staer 9,bostanilor,bucurești neatribuit,bucurești neatribuit,bucurești,1
Staer 9,botosani,sector 5,sector 5,bucurești,2
Staer 9,bozieni,sector 6,sector 6,bucurești,11
Staer 9,bozoieni,sector 6,sector 6,bucurești,1
Staer 9,br binelui,sector 4,sector 4,bucurești,1
Staer 9,bradesti,bucurești neatribuit,bucurești neatribuit,bucurești,1
Staer 9,bradetului,sector 4,sector 4,bucurești,2
Staer 9,bradului,chitila,—,ilfov,1
Staer 9,brailita,sector 3,sector 3,bucurești,1
Staer 9,branarul,bucurești neatribuit,bucurești neatribuit,bucurești,1
Staer 9,branduselor,berceni (ilfov),—,ilfov,1
Staer 9,branduselor,bucurești neatribuit,bucurești neatribuit,bucurești,1
Staer 9,branduselor,voluntari–pipera,—,ilfov,1
Staer 9,branusei,bucurești neatribuit,bucurești neatribuit,bucurești,1
Staer 9,bratasanca,sector 5,sector 5,bucurești,1
Staer 9,brataseanca,sector 5,sector 5,bucurești,1
Staer 9,bratului,sector 2,sector 2,bucurești,1
Staer 9,braului,bucurești neatribuit,bucurești neatribuit,bucurești,1
Staer 9,braului,sector 5,sector 5,bucurești,1
Staer 9,braza,sector 3,sector 3,bucurești,1
Staer 9,brebenei,bucurești neatribuit,bucurești neatribuit,bucurești,1
Staer 9,brebu,bucurești neatribuit,bucurești neatribuit,bucurești,1
Staer 9,brezoi,bucurești neatribuit,bucurești neatribuit,bucurești,1
Staer 9,brezoianu,sector 1,sector 1,bucurești,2
Staer 9,brezoianul,bucurești neatribuit,bucurești neatribuit,bucurești,1
Staer 9,brumarel,bragadiru,—,ilfov,1
Staer 9,bs pipera,voluntari–pipera,—,ilfov,1
Staer 9,bubica,bucurești neatribuit,bucurești neatribuit,bucurești,1
Staer 9,buc noi,sector 1,sector 1,bucurești,1
Staer 9,buc- targoviste,buftea,—,ilfov,1
Staer 9,bucovat,sector 4,sector 4,bucurești,1
Staer 9,bucovina,sector 3,sector 3,bucurești,1
Staer 9,bucuresti,măgurele,—,ilfov,2
Staer 9,bucuresti nord,voluntari–pipera,—,ilfov,2
Staer 9,bucuresti-domnesti,clinceni,—,ilfov,1
Staer 9,bucuresti-domnesti,olteni,—,ilfov,1
Staer 9,bucuresti-targoviste,buftea,—,ilfov,2
Staer 9,budieni,bucurești neatribuit,bucurești neatribuit,bucurești,1
Staer 9,buicliu cristea dr,bucurești neatribuit,bucurești neatribuit,bucurești,1
Staer 9,bujorilor,magaurele,—,ilfov,1
Staer 9,bujorilor,măgurele,—,ilfov,2
Staer 9,bujorului,bragadiru,—,ilfov,1
Staer 9,bujorului,dascălu,—,ilfov,2
Staer 9,bujorului,dragomirești,—,ilfov,1
Staer 9,bulevardul 1 dec 1918,bucurești neatribuit,bucurești neatribuit,bucurești,2
Staer 9,bulevardul 1 dec 1918,sector 3,sector 3,bucurești,2
Staer 9,bulevardul 1 decembrie,sector 3,sector 3,bucurești,2
Staer 9,bulevardul 1 decembrie 1918,bucurești neatribuit,bucurești neatribuit,bucurești,2
Staer 9,bulevardul 1 decembrie 1918,sector 3,sector 3,bucurești,11
Staer 9,bulevardul 1 mai,berceni (ilfov),—,ilfov,3
Staer 9,bulevardul 1 mai,sector 6,sector 6,bucurești,27
Staer 9,bulevardul 1 mai ( compozitorilor),sector 6,sector 6,bucurești,1
Staer 9,bulevardul 1mai,sector 6,sector 6,bucurești,1
Staer 9,bulevardul al. obregia,sector 4,sector 4,bucurești,1
Staer 9,bulevardul alex ioan cuza,sector 1,sector 1,bucurești,2
Staer 9,bulevardul alexandru obregia,bucurești neatribuit,bucurești neatribuit,bucurești,5
Staer 9,bulevardul alexandru obregia,sector 4,sector 4,bucurești,2
Staer 9,bulevardul alexandru obregia,sector 5,sector 5,bucurești,1
Staer 9,bulevardul anul 1864,sector 6,sector 6,bucurești,1
Staer 9,bulevardul apicultorilor,sector 1,sector 1,bucurești,2
Staer 9,bulevardul atomistilor,măgurele,—,ilfov,4
Staer 9,bulevardul basarabia,bucurești neatribuit,bucurești neatribuit,bucurești,5
Staer 9,bulevardul basarabia,sector 2,sector 2,bucurești,9
Staer 9,bulevardul basarabiei,sector 2,sector 2,bucurești,1
Staer 9,bulevardul biruintei,pantelimon,—,ilfov,1
Staer 9,bulevardul brancoveanu,sector 4,sector 4,bucurești,2
Staer 9,bulevardul bucuresti nord,voluntari–pipera,—,ilfov,1
Staer 9,bulevardul bucureștii noi,sector 1,sector 1,bucurești,15
Staer 9,bulevardul c-tin brancoveanu,sector 4,sector 4,bucurești,2
Staer 9,bulevardul camil ressu,bucurești neatribuit,bucurești neatribuit,bucurești,9
Staer 9,bulevardul camil ressu,sector 3,sector 3,bucurești,13
Staer 9,bulevardul camil resu,sector 3,sector 3,bucurești,1
Staer 9,bulevardul carol,sector 2,sector 2,bucurești,1
Staer 9,bulevardul carol 1,bucurești neatribuit,bucurești neatribuit,bucurești,1
Staer 9,bulevardul carol 1,sector 2,sector 2,bucurești,1
Staer 9,bulevardul carol 1,sector 3,sector 3,bucurești,1
Staer 9,bulevardul carol i,bucurești neatribuit,bucurești neatribuit,bucurești,2
Staer 9,bulevardul ceahlau,sector 6,sector 6,bucurești,2
Staer 9,bulevardul ceahlaul,sector 6,sector 6,bucurești,2
Staer 9,bulevardul chișinău,sector 2,sector 2,bucurești,12
Staer 9,bulevardul const brancoveanu,sector 4,sector 4,bucurești,7
Staer 9,bulevardul constantin brâncoveanu,sector 4,sector 4,bucurești,4
Staer 9,bulevardul constructorilor,sector 6,sector 6,bucurești,32
Staer 9,bulevardul dacia,sector 2,sector 2,bucurești,3
Staer 9,bulevardul decebal,sector 3,sector 3,bucurești,6
Staer 9,bulevardul decembrie 1918,sector 3,sector 3,bucurești,1
Staer 9,bulevardul dimirie cantemir,sector 4,sector 4,bucurești,1
Staer 9,bulevardul dimitri cantemir,sector 4,sector 4,bucurești,1
Staer 9,bulevardul dimitrie cantemir,bucurești neatribuit,bucurești neatribuit,bucurești,3
Staer 9,bulevardul dimitrie cantemir,sector 4,sector 4,bucurești,7
Staer 9,bulevardul dinicu golescu,sector 1,sector 1,bucurești,10
Staer 9,bulevardul doamna ghica,sector 2,sector 2,bucurești,4
Staer 9,bulevardul dr taberei,sector 6,sector 6,bucurești,3
Staer 9,bulevardul dunarii,voluntari–pipera,—,ilfov,1
Staer 9,bulevardul energeticienilor,sector 3,sector 3,bucurești,1
Staer 9,bulevardul eroilor,bucurești neatribuit,bucurești neatribuit,bucurești,1
Staer 9,bulevardul eroilor,sector 5,sector 5,bucurești,1
Staer 9,bulevardul ferdinand,sector 2,sector 2,bucurești,3
Staer 9,bulevardul ferdinand i,sector 2,sector 2,bucurești,2
Staer 9,bulevardul ferdinant 1,sector 2,sector 2,bucurești,1
Staer 9,bulevardul ferdinant i,sector 2,sector 2,bucurești,1
Staer 9,bulevardul ferninant 1,sector 2,sector 2,bucurești,1
Staer 9,bulevardul ficusului,sector 1,sector 1,bucurești,1
Staer 9,bulevardul ficusului,sector 5,sector 5,bucurești,1
Staer 9,bulevardul garii de nord,sector 1,sector 1,bucurești,2
Staer 9,bulevardul geniului,bucurești neatribuit,bucurești neatribuit,bucurești,1
Staer 9,bulevardul geniului,sector 6,sector 6,bucurești,1
Staer 9,bulevardul ghe sincai,bucurești neatribuit,bucurești neatribuit,bucurești,1
Staer 9,bulevardul ghe sincai,sector 4,sector 4,bucurești,1
Staer 9,bulevardul ghencea,bucurești neatribuit,bucurești neatribuit,bucurești,6
Staer 9,bulevardul ghencea,sector 6,sector 6,bucurești,28
Staer 9,bulevardul gheorghe duca,bucurești neatribuit,bucurești neatribuit,bucurești,1
Staer 9,bulevardul gheorghe duca,sector 1,sector 1,bucurești,2
Staer 9,bulevardul gheorghe sincai,bucurești neatribuit,bucurești neatribuit,bucurești,4
Staer 9,bulevardul ghica tei,sector 2,sector 2,bucurești,2
Staer 9,bulevardul giulesti,sector 6,sector 6,bucurești,1
Staer 9,bulevardul gloriei,sector 1,sector 1,bucurești,3
Staer 9,bulevardul horia macelariu,bucurești neatribuit,bucurești neatribuit,bucurești,4
Staer 9,bulevardul horia macelariu,sector 1,sector 1,bucurești,5
Staer 9,bulevardul horia macelariu,sector 3,sector 3,bucurești,1
Staer 9,bulevardul hristo botev,sector 3,sector 3,bucurești,2
Staer 9,bulevardul i. c. brătianu,sector 3,sector 3,bucurești,1
Staer 9,bulevardul iancu de hunedoara,sector 1,sector 1,bucurești,3
Staer 9,bulevardul iancu nicolae,voluntari–pipera,—,ilfov,1
Staer 9,bulevardul ion mihalache,sector 1,sector 1,bucurești,29
Staer 9,bulevardul iulia maniu,sector 6,sector 6,bucurești,1
Staer 9,bulevardul iuliu manieu,sector 6,sector 6,bucurești,1
Staer 9,bulevardul iuliu maniu,chiajna–roșu–dudu,—,ilfov,1
Staer 9,bulevardul iuliu maniu,sector 6,sector 6,bucurești,229
Staer 9,bulevardul iuliu maniu ( militari residance ),sector 6,sector 6,bucurești,1
Staer 9,bulevardul lacul tei,bucurești neatribuit,bucurești neatribuit,bucurești,2
Staer 9,bulevardul lacul tei,sector 2,sector 2,bucurești,7
Staer 9,bulevardul lacul tei,sector 6,sector 6,bucurești,1
Staer 9,bulevardul laminorului,sector 1,sector 1,bucurești,6
Staer 9,bulevardul lascar catargiu,sector 1,sector 1,bucurești,1
Staer 9,bulevardul libertatii,bucurești neatribuit,bucurești neatribuit,bucurești,6
Staer 9,bulevardul libertatii,sector 5,sector 5,bucurești,1
Staer 9,bulevardul luptatorilor,sector 1,sector 1,bucurești,4
Staer 9,bulevardul magheru,sector 1,sector 1,bucurești,2
Staer 9,bulevardul marasesti,sector 4,sector 4,bucurești,3
Staer 9,bulevardul metalurgiei,sector 4,sector 4,bucurești,30
Staer 9,bulevardul mihai bravu,bucurești neatribuit,bucurești neatribuit,bucurești,2
Staer 9,bulevardul mihai eminescu,buftea,—,ilfov,3
Staer 9,bulevardul mihail kogălniceanu,sector 5,sector 5,bucurești,3
Staer 9,bulevardul mircea eliade,sector 1,sector 1,bucurești,1
Staer 9,bulevardul mircea vodă,sector 3,sector 3,bucurești,4
Staer 9,bulevardul muncii,buftea,—,ilfov,1
Staer 9,bulevardul n titulescu,bucurești neatribuit,bucurești neatribuit,bucurești,1
Staer 9,bulevardul n titulescu,sector 1,sector 1,bucurești,1
Staer 9,bulevardul natiunilor unite,bucurești neatribuit,bucurești neatribuit,bucurești,1
Staer 9,bulevardul națiunile unite,sector 5,sector 5,bucurești,1
Staer 9,bulevardul nicolae grigorescu,bucurești neatribuit,bucurești neatribuit,bucurești,2
Staer 9,bulevardul nicolae grigorescu,sector 3,sector 3,bucurești,8
Staer 9,bulevardul nicolae titulescu,sector 1,sector 1,bucurești,1
Staer 9,bulevardul obregia,sector 4,sector 4,bucurești,1
Staer 9,bulevardul octavian goga,sector 3,sector 3,bucurești,4
Staer 9,bulevardul pache protopopescu,sector 2,sector 2,bucurești,1
Staer 9,bulevardul pictor nicolae grigorescu,sector 3,sector 3,bucurești,1
Staer 9,bulevardul pipera,voluntari–pipera,—,ilfov,18
Staer 9,bulevardul poligrafiei,bucurești neatribuit,bucurești neatribuit,bucurești,3
Staer 9,bulevardul preciziei,sector 6,sector 6,bucurești,1
Staer 9,bulevardul prof. doctor gheorghe marinescu,sector 5,sector 5,bucurești,1
Staer 9,bulevardul pucheni,bucurești neatribuit,bucurești neatribuit,bucurești,13
Staer 9,bulevardul pucheni,sector 5,sector 5,bucurești,24
Staer 9,bulevardul ramnicu sarat,sector 3,sector 3,bucurești,3
Staer 9,bulevardul ramnicul sarat,sector 3,sector 3,bucurești,4
Staer 9,bulevardul regiei,bucurești neatribuit,bucurești neatribuit,bucurești,1
Staer 9,bulevardul regina elisabeta,sector 5,sector 5,bucurești,6
Staer 9,bulevardul regina maria,sector 4,sector 4,bucurești,2
Staer 9,bulevardul th pallady,sector 3,sector 3,bucurești,1
Staer 9,bulevardul theodor paladi,bucurești neatribuit,bucurești neatribuit,bucurești,1
Staer 9,bulevardul theodor palladi,sector 3,sector 3,bucurești,1
Staer 9,bulevardul theodor pallady,sector 3,sector 3,bucurești,25
Staer 9,bulevardul theodor palldy,sector 3,sector 3,bucurești,1
Staer 9,bulevardul timisioara,bucurești neatribuit,bucurești neatribuit,bucurești,1
Staer 9,bulevardul timisoar,sector 6,sector 6,bucurești,1
Staer 9,bulevardul timisoara 101n,sector 6,sector 6,bucurești,1
Staer 9,bulevardul timisoarei,sector 6,sector 6,bucurești,2
Staer 9,bulevardul timișoara,sector 6,sector 6,bucurești,224
Staer 9,bulevardul timosoara,sector 6,sector 6,bucurești,1
Staer 9,bulevardul tineretului,bucurești neatribuit,bucurești neatribuit,bucurești,17
Staer 9,bulevardul tineretului,sector 4,sector 4,bucurești,1
Staer 9,bulevardul tineretului,sector 6,sector 6,bucurești,3
Staer 9,bulevardul titulescu,sector 1,sector 1,bucurești,1
Staer 9,bulevardul tudor vladimirescu,bucurești neatribuit,bucurești neatribuit,bucurești,3
Staer 9,bulevardul tudor vladimirescu,sector 5,sector 5,bucurești,1
Staer 9,bulevardul tudor vladimirescu,sector 6,sector 6,bucurești,1
Staer 9,bulevardul tudor vladimirescu,voluntari–pipera,—,ilfov,1
Staer 9,bulevardul uniri,sector 3,sector 3,bucurești,1
Staer 9,bulevardul unirii,bucurești neatribuit,bucurești neatribuit,bucurești,4
Staer 9,bulevardul unirii,corbeanca,—,ilfov,1
Staer 9,bulevardul unirii,sector 1,sector 1,bucurești,1
Staer 9,bulevardul unirii,sector 3,sector 3,bucurești,3
Staer 9,bulevardul unirii,sector 4,sector 4,bucurești,7
Staer 9,bulevardul uverturii,sector 6,sector 6,bucurești,24
Staer 9,bulevardul vasile milea,sector 6,sector 6,bucurești,5
Staer 9,bulevardul vasilea milea,sector 6,sector 6,bucurești,1
Staer 9,bulevardul voluntari,voluntari–pipera,—,ilfov,1
Staer 9,bulevardul vrancei,voluntari–pipera,—,ilfov,1
Staer 9,bulevardul x obregia,sector 4,sector 4,bucurești,2
Staer 9,bulevardul x serbanescu,bucurești neatribuit,bucurești neatribuit,bucurești,1
Staer 9,bulevardul x serbanescu,sector 1,sector 1,bucurești,1
Staer 9,burdujeni,sector 3,sector 3,bucurești,2
Staer 9,burebista,cernica,—,ilfov,1
Staer 9,burla vasile,sector 6,sector 6,bucurești,1
Staer 9,burlacului,corbeanca,—,ilfov,1
Staer 9,burlusi,sector 3,sector 3,bucurești,1
Staer 9,burnitei,sector 3,sector 3,bucurești,2
Staer 9,bursucani,sector 6,sector 6,bucurești,1
Staer 9,busteni,pantelimon,—,ilfov,1
Staer 9,buturugilor,sector 5,sector 5,bucurești,3
Staer 9,bv.timisoara,sector 6,sector 6,bucurești,2
Staer 9,bvd ceahlau,sector 6,sector 6,bucurești,1
Staer 9,bvd decebal,sector 3,sector 3,bucurești,1
Staer 9,bvd iuliu maniu,sector 6,sector 6,bucurești,1
Staer 9,bvd timisoara,sector 6,sector 6,bucurești,1
Staer 9,c-tin titel petrescu,bucurești neatribuit,bucurești neatribuit,bucurești,1
Staer 9,ca rosetti,sector 1,sector 1,bucurești,1
Staer 9,cactusului,bragadiru,—,ilfov,2
Staer 9,caimatei,sector 2,sector 2,bucurești,1
Staer 9,caisului,corbeanca,—,ilfov,1
Staer 9,caisului,dobroești,—,ilfov,1
Staer 9,caisului,sector 2,sector 2,bucurești,1
Staer 9,calea 13 sept,bucurești neatribuit,bucurești neatribuit,bucurești,1
Staer 9,calea 13 sept,sector 5,sector 5,bucurești,2
Staer 9,calea 13 septembrie,bucurești neatribuit,bucurești neatribuit,bucurești,5
Staer 9,calea 13 septembrie,sector 5,sector 5,bucurești,18
Staer 9,calea 13 septembrie,sector 6,sector 6,bucurești,1
Staer 9,calea apeductului,sector 6,sector 6,bucurești,9
Staer 9,calea bucuresti,balotești,—,ilfov,2
Staer 9,calea bucuresti,bucurești neatribuit,bucurești neatribuit,bucurești,4
Staer 9,calea bucuresti,sector 4,sector 4,bucurești,1
Staer 9,calea bucuresti,sector 6,sector 6,bucurești,2
Staer 9,calea ea bucuresti,balostesti,—,ilfov,1
Staer 9,calea ea bucuresti,ciolpani,—,ilfov,1
Staer 9,calea ea bucuresti,ciorogârla,—,ilfov,1
Staer 9,calea ea bucuresti,otopeni,—,ilfov,1
Staer 9,calea ea bucuresti,plataresti,—,ilfov,1
Staer 9,calea ea bucuresti,săftica,—,ilfov,2
Staer 9,calea ea bucurestilor,otopeni,—,ilfov,8
Staer 9,calea ea crângași,sector 6,sector 6,bucurești,35
Staer 9,calea ea călărași,sector 3,sector 3,bucurești,13
Staer 9,calea ea dorobanti,sector 1,sector 1,bucurești,3
Staer 9,calea ea dorobantilor,sector 1,sector 1,bucurești,1
Staer 9,calea ea dudesti,sector 3,sector 3,bucurești,2
Staer 9,calea ea ferentari,sector 5,sector 5,bucurești,31
Staer 9,calea ea giulesti,bucurești neatribuit,bucurești neatribuit,bucurești,11
Staer 9,calea ea giulesti,sector 6,sector 6,bucurești,33
Staer 9,calea ea griviței,bucurești neatribuit,bucurești neatribuit,bucurești,6
Staer 9,calea ea griviței,sector 1,sector 1,bucurești,22
Staer 9,calea ea griviței,sector 6,sector 6,bucurești,2
Staer 9,calea ea mosilor,bucurești neatribuit,bucurești neatribuit,bucurești,2
Staer 9,calea ea mosilor,sector 2,sector 2,bucurești,8
Staer 9,calea ea plevnei,bucurești neatribuit,bucurești neatribuit,bucurești,7
Staer 9,calea ea plevnei,sector 1,sector 1,bucurești,2
Staer 9,calea ea plevnei,sector 6,sector 6,bucurești,2
Staer 9,calea ea rahova,bucurești neatribuit,bucurești neatribuit,bucurești,1
Staer 9,calea ea rahovei,sector 5,sector 5,bucurești,43
Staer 9,calea ea victoriei,bucurești neatribuit,bucurești neatribuit,bucurești,3
Staer 9,calea ea victoriei,sector 1,sector 1,bucurești,2
Staer 9,calea ea victoriei,sector 3,sector 3,bucurești,1
Staer 9,calea ea vitan,bucurești neatribuit,bucurești neatribuit,bucurești,2
Staer 9,calea ea vitan,sector 3,sector 3,bucurești,6
Staer 9,calea floreasca,sector 1,sector 1,bucurești,3
Staer 9,calea grivetei,sector 1,sector 1,bucurești,1
Staer 9,calea mihai bravu,sector 3,sector 3,bucurești,1
Staer 9,calea sebastian,bucurești neatribuit,bucurești neatribuit,bucurești,3
Staer 9,calea sebastian,sector 5,sector 5,bucurești,2
Staer 9,calea serban voda,bucurești neatribuit,bucurești neatribuit,bucurești,4
Staer 9,calea serban voda,sector 1,sector 1,bucurești,1
Staer 9,calea serban voda,sector 4,sector 4,bucurești,4
Staer 9,calea văcărești,bucurești neatribuit,bucurești neatribuit,bucurești,2
Staer 9,calea văcărești,sector 3,sector 3,bucurești,1
Staer 9,calea văcărești,sector 4,sector 4,bucurești,12
Staer 9,cameliei,balotești,—,ilfov,1
Staer 9,cameliei,dragomirești,—,ilfov,1
Staer 9,cameliilor,ștefăneștii de jos,—,ilfov,1
Staer 9,camil tessu,sector 3,sector 3,bucurești,1
Staer 9,campia burnas,sector 5,sector 5,bucurești,2
Staer 9,campia libertatii,bragadiru,—,ilfov,2
Staer 9,campineanca,sector 3,sector 3,bucurești,2
Staer 9,campinita,bucurești neatribuit,bucurești neatribuit,bucurești,1
Staer 9,campinita,sector 1,sector 1,bucurești,1
Staer 9,campul cu maci,măgurele,—,ilfov,1
Staer 9,campul pipera,bucurești neatribuit,bucurești neatribuit,bucurești,1
Staer 9,campul pipera,sector 1,sector 1,bucurești,1
Staer 9,campul pipera,voluntari–pipera,—,ilfov,2
Staer 9,campului,berceni (ilfov),—,ilfov,6
Staer 9,campului,bucurești neatribuit,bucurești neatribuit,bucurești,2
Staer 9,campului,chiajna–roșu–dudu,—,ilfov,1
Staer 9,campului,corbeanca,—,ilfov,2
Staer 9,campului,mogoșoaia,—,ilfov,1
Staer 9,campului,popești-leordeni,—,ilfov,1
Staer 9,campului,tunari,—,ilfov,1
Staer 9,candiano popescu,sector 4,sector 4,bucurești,1
Staer 9,cantonului,corbeanca,—,ilfov,2
Staer 9,cap aviator nicolae drossu,bucurești neatribuit,bucurești neatribuit,bucurești,1
Staer 9,cap aviator vasile serbanescu,sector 1,sector 1,bucurești,1
Staer 9,cap const merisescu,sector 2,sector 2,bucurești,1
Staer 9,cap const vasilescu,sector 4,sector 4,bucurești,1
Staer 9,cap cristea raducanu,sector 5,sector 5,bucurești,1
Staer 9,cap eftimie z croitoru,bucurești neatribuit,bucurești neatribuit,bucurești,1
Staer 9,cap ghe ion,bucurești neatribuit,bucurești neatribuit,bucurești,1
Staer 9,cap gheorghe ion,sector 4,sector 4,bucurești,1
Staer 9,cap grigore marin,sector 4,sector 4,bucurești,1
Staer 9,cap grigoreanu petre,sector 5,sector 5,bucurești,1
Staer 9,cap ilina,bucurești neatribuit,bucurești neatribuit,bucurești,4
Staer 9,cap ilina,sector 5,sector 5,bucurești,1
Staer 9,cap ion agapia,bucurești neatribuit,bucurești neatribuit,bucurești,1
Staer 9,cap ion agapie,sector 5,sector 5,bucurești,1
Staer 9,cap ion burlacu,sector 5,sector 5,bucurești,1
Staer 9,cap ivan anghelache,sector 5,sector 5,bucurești,5
Staer 9,cap ivan anghelescu,bucurești neatribuit,bucurești neatribuit,bucurești,1
Staer 9,cap preda,bucurești neatribuit,bucurești neatribuit,bucurești,1
Staer 9,cap. petre ispir,bucurești neatribuit,bucurești neatribuit,bucurești,1
Staer 9,capalna,sector 1,sector 1,bucurești,1
Staer 9,capit nedelcu ilie,sector 5,sector 5,bucurești,1
Staer 9,capitan alexandru serbanescu,sector 1,sector 1,bucurești,1
Staer 9,capitan ctin merisescu,sector 2,sector 2,bucurești,1
Staer 9,capitan ion garbea,bucurești neatribuit,bucurești neatribuit,bucurești,1
Staer 9,caporal anghelache ivan,sector 5,sector 5,bucurești,1
Staer 9,caporal eftimie z.croitoru,sector 6,sector 6,bucurești,2
Staer 9,caporal gheroghe ion,sector 4,sector 4,bucurești,1
Staer 9,caporal grigore marin,sector 4,sector 4,bucurești,1
Staer 9,caporal ilina,sector 5,sector 5,bucurești,4
Staer 9,caporal ivan anghelache,sector 5,sector 5,bucurești,3
Staer 9,caporal misca petre,sector 5,sector 5,bucurești,6
Staer 9,caporal petre misca,sector 5,sector 5,bucurești,1
Staer 9,caporalului,bragadiru,—,ilfov,4
Staer 9,caporalului,bucurești neatribuit,bucurești neatribuit,bucurești,1
Staer 9,caporam ivan aghelache,sector 5,sector 5,bucurești,1
Staer 9,capral eftimie z croitoru,sector 6,sector 6,bucurești,1
Staer 9,caprioarei,pantelimon,—,ilfov,1
Staer 9,cara anghel,bucurești neatribuit,bucurești neatribuit,bucurești,1
Staer 9,cara anghel,sector 6,sector 6,bucurești,2
Staer 9,carabusului,sector 6,sector 6,bucurești,1
Staer 9,caracal,ștefăneștii de jos,—,ilfov,1
Staer 9,cararuia,domnești,—,ilfov,2
Staer 9,carciumareselor,chiajna–roșu–dudu,—,ilfov,2
Staer 9,carei,sector 2,sector 2,bucurești,1
Staer 9,carol davila,sector 5,sector 5,bucurești,3
Staer 9,carpati,otopeni,—,ilfov,1
Staer 9,carpati,sector 1,sector 1,bucurești,4
Staer 9,carpatilor],otopeni,—,ilfov,1
Staer 9,carpenului,periș,—,ilfov,1
Staer 9,cartier 21 garden,pantelimon,—,ilfov,1
Staer 9,cartojan,bucurești neatribuit,bucurești neatribuit,bucurești,1
Staer 9,cartonari,ciorogârla,—,ilfov,1
Staer 9,carul mic,sector 5,sector 5,bucurești,1
Staer 9,carului,sector 1,sector 1,bucurești,1
Staer 9,castanilor,chitila,—,ilfov,1
Staer 9,castanului,sector 1,sector 1,bucurești,1
Staer 9,castranova,bucurești neatribuit,bucurești neatribuit,bucurești,1
Staer 9,castranova,sector 6,sector 6,bucurești,1
Staer 9,catinei,sector 6,sector 6,bucurești,3
Staer 9,catrunesti,bucurești neatribuit,bucurești neatribuit,bucurești,1
Staer 9,cazanului,berceni (ilfov),—,ilfov,1
Staer 9,cazzavillan luiggi,bucurești neatribuit,bucurești neatribuit,bucurești,1
Staer 9,cd,sector 6,sector 6,bucurești,1
Staer 9,ceahlau,sector 6,sector 6,bucurești,10
Staer 9,ceahlaul,sector 6,sector 6,bucurești,12
Staer 9,ceair,tunari,—,ilfov,1
Staer 9,ceairului,sector 3,sector 3,bucurești,2
Staer 9,cecilia cutescu stork,sector 1,sector 1,bucurești,2
Staer 9,cehlau,sector 6,sector 6,bucurești,1
Staer 9,celofibrei,bragadiru,—,ilfov,2
Staer 9,celofibrei,bucurești neatribuit,bucurești neatribuit,bucurești,1
Staer 9,centrurii,bucurești neatribuit,bucurești neatribuit,bucurești,1
Staer 9,centurii,sector 6,sector 6,bucurești,3
Staer 9,ceptura,bucurești neatribuit,bucurești neatribuit,bucurești,2
Staer 9,cercetasilor,bucurești neatribuit,bucurești neatribuit,bucurești,1
Staer 9,cercului,sector 2,sector 2,bucurești,3
Staer 9,cerna,bucurești neatribuit,bucurești neatribuit,bucurești,1
Staer 9,cernauti,sector 2,sector 2,bucurești,8
Staer 9,cernisoara,sector 6,sector 6,bucurești,13
Staer 9,cernisoarei,corbeanca,—,ilfov,1
Staer 9,cetatea histria,sector 6,sector 6,bucurești,11
Staer 9,cezar bolliac,bucurești neatribuit,bucurești neatribuit,bucurești,1
Staer 9,cezarescu economu,sector 6,sector 6,bucurești,1
Staer 9,chibzuintei,bucurești neatribuit,bucurești neatribuit,bucurești,1
Staer 9,chilia veche,sector 6,sector 6,bucurești,5
Staer 9,chilioara,sector 3,sector 3,bucurești,1
Staer 9,chimirului,domnești,—,ilfov,2
Staer 9,chimirului,sector 5,sector 5,bucurești,3
Staer 9,chirca,măgurele,—,ilfov,1
Staer 9,chiristigiilor,sector 2,sector 2,bucurești,3
Staer 9,cimpul pipera,sector 2,sector 2,bucurești,1
Staer 9,ciocanesti,sector 4,sector 4,bucurești,2
Staer 9,ciocarliei,bragadiru,—,ilfov,1
Staer 9,ciocarliei,clinceni,—,ilfov,8
Staer 9,ciocarliei,corbeanca,—,ilfov,1
Staer 9,ciocarliei,domnești,—,ilfov,2
Staer 9,ciocarliei,sector 2,sector 2,bucurești,2
Staer 9,ciochina,sector 4,sector 4,bucurești,3
Staer 9,ciorogarlei,clinceni,—,ilfov,1
Staer 9,ciorolarlei,clinceni,—,ilfov,1
Staer 9,ciresar,bragadiru,—,ilfov,18
Staer 9,ciresar,cart latin,—,ilfov,1
Staer 9,ciresar,sector 6,sector 6,bucurești,1
Staer 9,ciresari,bragadiru,—,ilfov,4
Staer 9,ciresica,clinceni,—,ilfov,1
Staer 9,ciresoaia,sector 1,sector 1,bucurești,2
Staer 9,ciresului,sector 2,sector 2,bucurești,2
Staer 9,citaci,bucurești neatribuit,bucurești neatribuit,bucurești,1
Staer 9,ciurea,bucurești neatribuit,bucurești neatribuit,bucurești,1
Staer 9,ciutaci,domnești,—,ilfov,1
Staer 9,clabucet,voluntari–pipera,—,ilfov,4
Staer 9,clejani,sector 5,sector 5,bucurești,2
Staer 9,clinceni,bucurești neatribuit,bucurești neatribuit,bucurești,1
Staer 9,clucereasa elena,bucurești neatribuit,bucurești neatribuit,bucurești,1
Staer 9,cluceru udricani,sector 3,sector 3,bucurești,1
Staer 9,cluj,bucurești neatribuit,bucurești neatribuit,bucurești,3
Staer 9,coasta magurii,sector 6,sector 6,bucurești,1
Staer 9,cobadim,bucurești neatribuit,bucurești neatribuit,bucurești,1
Staer 9,cobadin,bucurești neatribuit,bucurești neatribuit,bucurești,3
Staer 9,cobadin,sector 5,sector 5,bucurești,1
Staer 9,cocorilor,voluntari–pipera,—,ilfov,2
Staer 9,cocorului,pantelimon,—,ilfov,1
Staer 9,codri cosminului,pantelimon,—,ilfov,1
Staer 9,codrii cosminului,snagov,—,ilfov,2
Staer 9,codrii neamtului,bucurești neatribuit,bucurești neatribuit,bucurești,1
Staer 9,codrului,bragadiru,—,ilfov,1
Staer 9,codrului,buftea,—,ilfov,1
Staer 9,codrului,măgurele,—,ilfov,1
Staer 9,codrului,tunari,—,ilfov,3
Staer 9,col infinitului,sector 6,sector 6,bucurești,1
Staer 9,col iosif albu,bucurești neatribuit,bucurești neatribuit,bucurești,1
Staer 9,col iosif albu,sector 3,sector 3,bucurești,2
Staer 9,col luca craioveanu,sector 5,sector 5,bucurești,1
Staer 9,col stefan stoika,sector 1,sector 1,bucurești,1
Staer 9,colinei,bragadiru,—,ilfov,2
Staer 9,colnicului,sector 4,sector 4,bucurești,1
Staer 9,colonel iosif albu,sector 3,sector 3,bucurești,1
Staer 9,comana,sector 1,sector 1,bucurești,1
Staer 9,comandor eugen botez,sector 2,sector 2,bucurești,1
Staer 9,comarnic,sector 2,sector 2,bucurești,1
Staer 9,combustibilului,vidra,—,ilfov,1
Staer 9,complex h,voluntari–pipera,—,ilfov,1
Staer 9,complex olimpic,ciolpani,—,ilfov,1
Staer 9,complex platani rezidence,dobroești,—,ilfov,1
Staer 9,complex rezid olteni,domnești,—,ilfov,1
Staer 9,concordiei,sector 4,sector 4,bucurești,1
Staer 9,condorului,bucurești neatribuit,bucurești neatribuit,bucurești,2
Staer 9,condorului,sector 5,sector 5,bucurești,1
Staer 9,consecventei,bucurești neatribuit,bucurești neatribuit,bucurești,1
Staer 9,const brancoveanu,otopeni,—,ilfov,2
Staer 9,const marinescu,sector 5,sector 5,bucurești,1
Staer 9,const radulescu motru,bucurești neatribuit,bucurești neatribuit,bucurești,2
Staer 9,const titel petrescu,bucurești neatribuit,bucurești neatribuit,bucurești,3
Staer 9,const titel petrescu,sector 6,sector 6,bucurești,1
Staer 9,constantin aricescu,sector 1,sector 1,bucurești,1
Staer 9,constantin brancoveanu,otopeni,—,ilfov,3
Staer 9,constantin brancoveanu,sector 4,sector 4,bucurești,5
Staer 9,constantin caracas,sector 1,sector 1,bucurești,1
Staer 9,constantin godeanu( trusesti 45),sector 1,sector 1,bucurești,1
Staer 9,constantin marinescu,sector 5,sector 5,bucurești,1
Staer 9,constantin mille,sector 1,sector 1,bucurești,1
Staer 9,constantin moise,sector 6,sector 6,bucurești,9
Staer 9,constantin musat,sector 5,sector 5,bucurești,1
Staer 9,constantin niculescu,sector 5,sector 5,bucurești,1
Staer 9,constantin radulescu motru,sector 4,sector 4,bucurești,3
Staer 9,constantin stere,bucurești neatribuit,bucurești neatribuit,bucurești,1
Staer 9,constantin stere,sector 1,sector 1,bucurești,1
Staer 9,constantin voda,bucurești neatribuit,bucurești neatribuit,bucurești,2
Staer 9,constantinmoise,sector 6,sector 6,bucurești,1
Staer 9,constructorului,crevedia darza,—,ilfov,1
Staer 9,contesti,sector 5,sector 5,bucurești,2
Staer 9,cooperatiei,sector 5,sector 5,bucurești,1
Staer 9,cooperativei,sector 5,sector 5,bucurești,5
Staer 9,cooperativei,sector 6,sector 6,bucurești,2
Staer 9,copacului,sector 6,sector 6,bucurești,3
Staer 9,copsa mica,bucurești neatribuit,bucurești neatribuit,bucurești,1
Staer 9,corabia,bucurești neatribuit,bucurești neatribuit,bucurești,1
Staer 9,coralilor,sector 1,sector 1,bucurești,1
Staer 9,coralului,bragadiru,—,ilfov,18
Staer 9,coralului,bucurești neatribuit,bucurești neatribuit,bucurești,1
Staer 9,corbilor,bucurești neatribuit,bucurești neatribuit,bucurești,1
Staer 9,corbita,bucurești neatribuit,bucurești neatribuit,bucurești,1
Staer 9,coriolan caius marcius,sector 1,sector 1,bucurești,1
Staer 9,cornatel,bucurești neatribuit,bucurești neatribuit,bucurești,1
Staer 9,corneliu coposu,pantelimon,—,ilfov,1
Staer 9,corneliu coposu,sector 3,sector 3,bucurești,4
Staer 9,cornetului,bucurești neatribuit,bucurești neatribuit,bucurești,1
Staer 9,cornului,bucurești neatribuit,bucurești neatribuit,bucurești,1
Staer 9,corvaris,popești-leordeni,—,ilfov,1
Staer 9,cosarnei,snagov,—,ilfov,1
Staer 9,cosmesti,sector 6,sector 6,bucurești,1
Staer 9,cosmopolis,ștefăneștii de jos,—,ilfov,2
Staer 9,cosntantin moise,sector 6,sector 6,bucurești,1
Staer 9,costache aristia,bucurești neatribuit,bucurești neatribuit,bucurești,1
Staer 9,costache aristia,sector 6,sector 6,bucurești,1
Staer 9,costache conachi,sector 2,sector 2,bucurești,3
Staer 9,costache negrii,sector 5,sector 5,bucurești,1
Staer 9,costache stamate,sector 4,sector 4,bucurești,1
Staer 9,costin nenitescu,sector 6,sector 6,bucurești,1
Staer 9,costisa,bucurești neatribuit,bucurești neatribuit,bucurești,1
Staer 9,cotesti,sector 1,sector 1,bucurești,4
Staer 9,cotnari,bucurești neatribuit,bucurești neatribuit,bucurești,1
Staer 9,cotofenei,pantelimon,—,ilfov,1
Staer 9,cozieni,bucurești neatribuit,bucurești neatribuit,bucurești,1
Staer 9,cozla,sector 3,sector 3,bucurești,3
Staer 9,cp garbea ion,bucurești neatribuit,bucurești neatribuit,bucurești,1
Staer 9,cpt garbea ion,bucurești neatribuit,bucurești neatribuit,bucurești,2
Staer 9,cpt ionescu ion,chiajna–roșu–dudu,—,ilfov,1
Staer 9,cpt nicolae licaret,sector 3,sector 3,bucurești,1
Staer 9,craisorului,sector 5,sector 5,bucurești,3
Staer 9,craitei,domnești,—,ilfov,2
Staer 9,craitelor,adunatii copacceni,—,ilfov,1
Staer 9,crangasi,sector 6,sector 6,bucurești,3
Staer 9,crangului,sat manolache,—,ilfov,1
Staer 9,crapului,sector 2,sector 2,bucurești,1
Staer 9,crasna,bucurești neatribuit,bucurești neatribuit,bucurești,1
Staer 9,cremenita,sector 2,sector 2,bucurești,8
Staer 9,crengutei,domnești,—,ilfov,5
Staer 9,cricov,sector 1,sector 1,bucurești,1
Staer 9,crinilor,balotești,—,ilfov,2
Staer 9,crinilor,bucurești neatribuit,bucurești neatribuit,bucurești,1
Staer 9,crintiesului,bucurești neatribuit,bucurești neatribuit,bucurești,1
Staer 9,crinului,bucurești neatribuit,bucurești neatribuit,bucurești,2
Staer 9,crinului,chiajna–roșu–dudu,—,ilfov,5
Staer 9,crinului,ciorogirla,—,ilfov,1
Staer 9,crinului,ciorogârla,—,ilfov,3
Staer 9,crinului,corbeanca,—,ilfov,1
Staer 9,crinului,cornetu,—,ilfov,4
Staer 9,crinului,mogoșoaia,—,ilfov,3
Staer 9,crinului,sector 1,sector 1,bucurești,1
Staer 9,crisan,buftea,—,ilfov,1
Staer 9,crisan,chitila,—,ilfov,1
Staer 9,crisana,sector 1,sector 1,bucurești,2
Staer 9,cristalului,bragadiru,—,ilfov,2
Staer 9,cristea mateescu,sector 2,sector 2,bucurești,5
Staer 9,cristescu dima,sector 2,sector 2,bucurești,2
Staer 9,cristian tell,bucurești neatribuit,bucurești neatribuit,bucurești,1
Staer 9,crisu repede,bragadiru,—,ilfov,6
Staer 9,crisul repede,bragdiru,—,ilfov,1
Staer 9,crisul repede,bucurești neatribuit,bucurești neatribuit,bucurești,1
Staer 9,crisul repede,sector 6,sector 6,bucurești,1
Staer 9,crisul repede;inters cu str plevnei,bragadiru,—,ilfov,1
Staer 9,crisului,bucurești neatribuit,bucurești neatribuit,bucurești,1
Staer 9,criszantemelor,cornetu,—,ilfov,1
Staer 9,crivatului,sector 3,sector 3,bucurești,1
Staer 9,crizantemelor,chiajna–roșu–dudu,—,ilfov,1
Staer 9,crizantemelor,clinceni,—,ilfov,1
Staer 9,crizantemelor,cornetu,—,ilfov,2
Staer 9,crizantemelor,domnești,—,ilfov,1
Staer 9,crizantemelor,dragomirești,—,ilfov,4
Staer 9,crizantemelor,măgurele,—,ilfov,2
Staer 9,crizantemelor,snagov,—,ilfov,1
Staer 9,croitoru vasile,bucurești neatribuit,bucurești neatribuit,bucurești,1
Staer 9,crusovat,sector 1,sector 1,bucurești,1
Staer 9,ctin titel petrescu,bucurești neatribuit,bucurești neatribuit,bucurești,1
Staer 9,cu russo,bucurești neatribuit,bucurești neatribuit,bucurești,1
Staer 9,cu russo,periș,—,ilfov,1
Staer 9,cuiului,sector 2,sector 2,bucurești,3
Staer 9,curmalilor,pantelimon,—,ilfov,1
Staer 9,curtea de arges,sector 5,sector 5,bucurești,1
Staer 9,curtea domneasca,bucurești neatribuit,bucurești neatribuit,bucurești,1
Staer 9,curtea domneasca,domnești,—,ilfov,1
Staer 9,curtisoara,sector 1,sector 1,bucurești,1
Staer 9,cutieru alexandru,sector 6,sector 6,bucurești,1
Staer 9,cuza voda,dobroești,—,ilfov,1
Staer 9,dacia,ciorogârla,—,ilfov,1
Staer 9,daeni,sector 1,sector 1,bucurești,1
Staer 9,daliei,chiajna–roșu–dudu,—,ilfov,1
Staer 9,daliei,dragomirești,—,ilfov,2
Staer 9,daliilor,pantelimon,—,ilfov,1
Staer 9,dambovita,sector 6,sector 6,bucurești,6
Staer 9,dambovita,voluntari–pipera,—,ilfov,1
Staer 9,dambovitei,bucurești neatribuit,bucurești neatribuit,bucurești,1
Staer 9,dambovitei,sector 6,sector 6,bucurești,1
Staer 9,daniel danielopolu,bucurești neatribuit,bucurești neatribuit,bucurești,1
Staer 9,dantelei,bragadiru,—,ilfov,2
Staer 9,dantelei,bucurești neatribuit,bucurești neatribuit,bucurești,2
Staer 9,dantelei,sector 5,sector 5,bucurești,5
Staer 9,dantelei,sector 6,sector 6,bucurești,1
Staer 9,danubiu,bucurești neatribuit,bucurești neatribuit,bucurești,2
Staer 9,danubiu,sector 3,sector 3,bucurești,2
Staer 9,danubiu,sector 6,sector 6,bucurești,1
Staer 9,dascalul gheorghe,dobroești,—,ilfov,1
Staer 9,dascalului,sector 2,sector 2,bucurești,1
Staer 9,de fermei,popești-leordeni,—,ilfov,1
Staer 9,deal,măgurele,—,ilfov,5
Staer 9,dealu bradului,sector 4,sector 4,bucurești,1
Staer 9,dealu tugulea,sector 6,sector 6,bucurești,1
Staer 9,dealul bradul?ui,sector 4,sector 4,bucurești,1
Staer 9,dealul negru,bucurești neatribuit,bucurești neatribuit,bucurești,1
Staer 9,dealul negru,sector 1,sector 1,bucurești,1
Staer 9,dealul tugulea,sector 6,sector 6,bucurești,11
Staer 9,dealului,sector 6,sector 6,bucurești,1
Staer 9,decebal,cernica,—,ilfov,1
Staer 9,declamarii,sector 2,sector 2,bucurești,1
Staer 9,dej,bucurești neatribuit,bucurești neatribuit,bucurești,1
Staer 9,dej,chitila,—,ilfov,1
Staer 9,dej,sector 1,sector 1,bucurești,1
Staer 9,delea noua,bucurești neatribuit,bucurești neatribuit,bucurești,1
Staer 9,delea noua,sector 3,sector 3,bucurești,1
Staer 9,delea veche,sector 2,sector 2,bucurești,2
Staer 9,delfinului,sector 2,sector 2,bucurești,6
Staer 9,delurei,bucurești neatribuit,bucurești neatribuit,bucurești,1
Staer 9,delureni,sector 5,sector 5,bucurești,2
Staer 9,demnitatii,bragadiru,—,ilfov,1
Staer 9,denta,sector 6,sector 6,bucurești,1
Staer 9,deszobirii,bucurești neatribuit,bucurești neatribuit,bucurești,1
Staer 9,dezdrobirii,bucurești neatribuit,bucurești neatribuit,bucurești,1
Staer 9,dezrobirii,bragadiru,—,ilfov,1
Staer 9,dezrobirii,sector 6,sector 6,bucurești,17
Staer 9,dezrobiriii,glina,—,ilfov,1
Staer 9,dg major cara anghel,sector 6,sector 6,bucurești,1
Staer 9,diamantului,bragadiru,—,ilfov,26
Staer 9,diamantului,domnești,—,ilfov,1
Staer 9,diamantului,sector 1,sector 1,bucurești,1
Staer 9,diana,domnești,—,ilfov,1
Staer 9,diditel,sector 4,sector 4,bucurești,1
Staer 9,digului,balotești,—,ilfov,1
Staer 9,dimieni,bucurești neatribuit,bucurești neatribuit,bucurești,1
Staer 9,dimitrie anghel,bucurești neatribuit,bucurești neatribuit,bucurești,2
Staer 9,dimitrie cantemir,ciofliceni,—,ilfov,1
Staer 9,dimitrie cantemir,pantelimon,—,ilfov,1
Staer 9,dimitrie gorgona,bucurești neatribuit,bucurești neatribuit,bucurești,1
Staer 9,dimitrie gorgona,sector 5,sector 5,bucurești,1
Staer 9,dimitrie grecescu,sector 5,sector 5,bucurești,1
Staer 9,dimitrie leonida,bucurești neatribuit,bucurești neatribuit,bucurești,1
Staer 9,dimitrie marinescu,bucurești neatribuit,bucurești neatribuit,bucurești,1
Staer 9,dimitrie marinescu,sector 2,sector 2,bucurești,1
Staer 9,dinionisie lupu,bucurești neatribuit,bucurești neatribuit,bucurești,1
Staer 9,dinu pestritu,voluntari–pipera,—,ilfov,1
Staer 9,dinu vintila,sector 2,sector 2,bucurești,4
Staer 9,dirijorului,sector 1,sector 1,bucurești,1
Staer 9,dna ghica,sector 2,sector 2,bucurești,4
Staer 9,doamnei,domnersti,—,ilfov,1
Staer 9,dobreni,sector 6,sector 6,bucurești,3
Staer 9,dobrogeanu gherea,pantelimon,—,ilfov,1
Staer 9,dobrun,sector 5,sector 5,bucurești,5
Staer 9,doctor lister,sector 5,sector 5,bucurești,1
Staer 9,doftaniei,sector 6,sector 6,bucurești,1
Staer 9,doicesti,voluntari–pipera,—,ilfov,1
Staer 9,doina,sector 5,sector 5,bucurești,2
Staer 9,doinei,bucurești neatribuit,bucurești neatribuit,bucurești,1
Staer 9,doinei,dobroești,—,ilfov,2
Staer 9,doinei,dobroioesti,—,ilfov,1
Staer 9,doinei,fundeni,—,ilfov,2
Staer 9,doinei,ștefăneștii de jos,—,ilfov,1
Staer 9,dold modoran ene,sector 5,sector 5,bucurești,1
Staer 9,doldat croitoru vasile,sector 5,sector 5,bucurești,1
Staer 9,dolomitului,sector 1,sector 1,bucurești,1
Staer 9,domnita balasa,afumați,—,ilfov,1
Staer 9,domnita ralu,afumați,—,ilfov,2
Staer 9,dorneasca,bucurești neatribuit,bucurești neatribuit,bucurești,2
Staer 9,dorneasca,sector 1,sector 1,bucurești,1
Staer 9,dorneasca,sector 5,sector 5,bucurești,11
Staer 9,dorobanti colt cu lisabona,bucurești neatribuit,bucurești neatribuit,bucurești,1
Staer 9,dorului,corbeanca,—,ilfov,1
Staer 9,dr bacriului,bucurești neatribuit,bucurești neatribuit,bucurești,2
Staer 9,dr bacriului,chiajna–roșu–dudu,—,ilfov,11
Staer 9,dr belsigului,sector 6,sector 6,bucurești,1
Staer 9,dr bercenarului,sector 4,sector 4,bucurești,1
Staer 9,dr binelui,sector 4,sector 4,bucurești,26
Staer 9,dr bisericii,voluntari–pipera,—,ilfov,2
Staer 9,dr buicliu cristea,bucurești neatribuit,bucurești neatribuit,bucurești,1
Staer 9,dr c-tin zlatescu,bucurești neatribuit,bucurești neatribuit,bucurești,1
Staer 9,dr calitei,sector 3,sector 3,bucurești,1
Staer 9,dr calmatuiului,sector 6,sector 6,bucurești,1
Staer 9,dr cheile turzii,sector 4,sector 4,bucurești,2
Staer 9,dr ciorogarla,sector 6,sector 6,bucurești,20
Staer 9,dr constantin istrati,sector 5,sector 5,bucurești,1
Staer 9,dr constantin moise,sector 6,sector 6,bucurești,1
Staer 9,dr cooperativei,bragadiru,—,ilfov,1
Staer 9,dr cooperativei,sector 5,sector 5,bucurești,5
Staer 9,dr cooperativei,sector 6,sector 6,bucurești,1
Staer 9,dr cretestilor,bucurești neatribuit,bucurești neatribuit,bucurești,1
Staer 9,dr cretestilor,sector 4,sector 4,bucurești,1
Staer 9,dr cricovului,bucurești neatribuit,bucurești neatribuit,bucurești,1
Staer 9,dr cricovului,sector 6,sector 6,bucurești,1
Staer 9,dr daraban,buftea,—,ilfov,1
Staer 9,dr de sonde,bragadiru,—,ilfov,1
Staer 9,dr dealul alunis,sector 4,sector 4,bucurești,1
Staer 9,dr dealul bradului,sector 4,sector 4,bucurești,4
Staer 9,dr eugen iosif,sector 5,sector 5,bucurești,1
Staer 9,dr fermei,bucurești neatribuit,bucurești neatribuit,bucurești,4
Staer 9,dr fermei,popești-leordeni,—,ilfov,37
Staer 9,dr frederic joliot-curie,sector 5,sector 5,bucurești,1
Staer 9,dr garii,dobroești,—,ilfov,2
Staer 9,dr garii,sector 2,sector 2,bucurești,1
Staer 9,dr garii odai,otopeni,—,ilfov,2
Staer 9,dr ghindari,sector 5,sector 5,bucurești,9
Staer 9,dr gilaului,sector 4,sector 4,bucurești,1
Staer 9,dr gr romniceanu,bucurești neatribuit,bucurești neatribuit,bucurești,1
Staer 9,dr grozovici,bucurești neatribuit,bucurești neatribuit,bucurești,1
Staer 9,dr gura ariesului,sector 3,sector 3,bucurești,2
Staer 9,dr gura calitei,sector 3,sector 3,bucurești,16
Staer 9,dr gura crivatului,sector 3,sector 3,bucurești,1
Staer 9,dr gura fagetului,sector 3,sector 3,bucurești,12
Staer 9,dr gura garlitei,sector 3,sector 3,bucurești,1
Staer 9,dr gura putnei,sector 3,sector 3,bucurești,5
Staer 9,dr gura siriului,sector 3,sector 3,bucurești,5
Staer 9,dr iacob felic,sector 1,sector 1,bucurești,1
Staer 9,dr iacob felix,sector 1,sector 1,bucurești,3
Staer 9,dr ion ghiulamila,sector 5,sector 5,bucurești,2
Staer 9,dr ion radovici,sector 5,sector 5,bucurești,1
Staer 9,dr jilavei,sector 4,sector 4,bucurești,20
Staer 9,dr julavei,sector 4,sector 4,bucurești,1
Staer 9,dr la chiajna,chiajna–roșu–dudu,—,ilfov,1
Staer 9,dr lister,sector 5,sector 5,bucurești,2
Staer 9,dr lunca jaristei,sector 3,sector 3,bucurești,2
Staer 9,dr manastirea varatec,sector 6,sector 6,bucurești,1
Staer 9,dr murgului,sector 3,sector 3,bucurești,1
Staer 9,dr nicolae turnescu,sector 1,sector 1,bucurești,1
Staer 9,dr opalului,bucurești neatribuit,bucurești neatribuit,bucurești,1
Staer 9,dr osiei,sector 6,sector 6,bucurești,5
Staer 9,dr padurea mogosoaia,sector 1,sector 1,bucurești,1
Staer 9,dr padurea neagra,baneasa,—,ilfov,1
Staer 9,dr padurea neagra,bucurești neatribuit,bucurești neatribuit,bucurești,1
Staer 9,dr padurea neagra,sector 1,sector 1,bucurești,2
Staer 9,dr petre herescu,sector 5,sector 5,bucurești,1
Staer 9,dr piata haralambie botescu,sector 1,sector 1,bucurești,1
Staer 9,dr piscul mosului,sector 1,sector 1,bucurești,3
Staer 9,dr postalionului,sector 4,sector 4,bucurești,1
Staer 9,dr sabareni,sector 6,sector 6,bucurești,1
Staer 9,dr sanpaul,sector 5,sector 5,bucurești,1
Staer 9,dr sarii,sector 6,sector 6,bucurești,5
Staer 9,dr taberei,sector 6,sector 6,bucurești,67
Staer 9,dr targului,domnești,—,ilfov,2
Staer 9,dr timonierului,sector 6,sector 6,bucurești,7
Staer 9,dr valea calmatuiuolui,sector 6,sector 6,bucurești,1
Staer 9,dr valea cricovului,sector 6,sector 6,bucurești,4
Staer 9,dr valea danului,bucurești neatribuit,bucurești neatribuit,bucurești,1
Staer 9,dr valea danului,sector 6,sector 6,bucurești,1
Staer 9,dr valea doftanei,sector 6,sector 6,bucurești,10
Staer 9,dr valea furcii,bucurești neatribuit,bucurești neatribuit,bucurești,1
Staer 9,dr valea furcii,sector 6,sector 6,bucurești,1
Staer 9,dr valea larga,sector 6,sector 6,bucurești,2
Staer 9,dr vallea cricovului,sector 6,sector 6,bucurești,1
Staer 9,dr vasile sion,sector 1,sector 1,bucurești,1
Staer 9,dr.fermei,popești-leordeni,—,ilfov,2
Staer 9,dr.valea furci,bucurești neatribuit,bucurești neatribuit,bucurești,1
Staer 9,dra.pogany,sector 6,sector 6,bucurești,1
Staer 9,drajna,sector 6,sector 6,bucurești,2
Staer 9,dreptati,sector 6,sector 6,bucurești,1
Staer 9,dreptatii,bragadiru,—,ilfov,2
Staer 9,dreptatii,sector 6,sector 6,bucurești,23
Staer 9,dristor,sector 3,sector 3,bucurești,1
Staer 9,dropiei,sector 2,sector 2,bucurești,1
Staer 9,"dru,ul gura calitei",sector 3,sector 3,bucurești,1
Staer 9,drumul bacliului,bucurești neatribuit,bucurești neatribuit,bucurești,1
Staer 9,drumul bacriului,chiajna–roșu–dudu,—,ilfov,15
Staer 9,drumul bacriului,sector 6,sector 6,bucurești,5
Staer 9,drumul becheanului,voluntari–pipera,—,ilfov,1
Staer 9,drumul belsugului,sector 6,sector 6,bucurești,25
Staer 9,drumul bimelui,sector 4,sector 4,bucurești,1
Staer 9,drumul binelui,sector 4,sector 4,bucurești,22
Staer 9,drumul bisericii,voluntari–pipera,—,ilfov,1
Staer 9,drumul calitei,sector 3,sector 3,bucurești,3
Staer 9,drumul campeni,bucurești neatribuit,bucurești neatribuit,bucurești,1
Staer 9,drumul cheile turzii,sector 4,sector 4,bucurești,1
Staer 9,drumul ciorogarlei,sector 6,sector 6,bucurești,1
Staer 9,drumul ciorogârla,sector 6,sector 6,bucurești,10
Staer 9,drumul coadelor,snagov,—,ilfov,1
Staer 9,drumul cooperativei,sector 5,sector 5,bucurești,4
Staer 9,drumul cretestilor,sector 4,sector 4,bucurești,2
Staer 9,drumul cu sonde,bragadiru,—,ilfov,1
Staer 9,drumul de sonde,bragadiru,—,ilfov,1
Staer 9,drumul dealu bradului,sector 4,sector 4,bucurești,1
Staer 9,drumul dealul alunis,sector 4,sector 4,bucurești,3
Staer 9,drumul dealul babii,sector 4,sector 4,bucurești,2
Staer 9,drumul dealul bradului,sector 4,sector 4,bucurești,4
Staer 9,drumul dealul calmatuiului,sector 6,sector 6,bucurești,1
Staer 9,drumul dealul cucului,sector 4,sector 4,bucurești,6
Staer 9,drumul fermei,dobroești,—,ilfov,2
Staer 9,drumul fermei,popești-leordeni,—,ilfov,25
Staer 9,drumul funigeilor,sector 5,sector 5,bucurești,6
Staer 9,drumul furcii,sector 6,sector 6,bucurești,1
Staer 9,drumul garii,dobroești,—,ilfov,4
Staer 9,drumul garii,sector 2,sector 2,bucurești,1
Staer 9,drumul garlitei,sector 3,sector 3,bucurești,1
Staer 9,drumul gazarului,sector 4,sector 4,bucurești,2
Staer 9,drumul ghindari,sector 5,sector 5,bucurești,12
Staer 9,drumul ghindarilor,bucurești neatribuit,bucurești neatribuit,bucurești,1
Staer 9,drumul gura ariesului,sector 3,sector 3,bucurești,9
Staer 9,drumul gura caliței,bucurești neatribuit,bucurești neatribuit,bucurești,2
Staer 9,drumul gura caliței,sector 3,sector 3,bucurești,21
Staer 9,drumul gura crivatului,sector 3,sector 3,bucurești,4
Staer 9,drumul gura fagetului,sector 3,sector 3,bucurești,14
Staer 9,drumul gura fagetului,sector 6,sector 6,bucurești,1
Staer 9,drumul gura garlitei,sector 3,sector 3,bucurești,4
Staer 9,drumul gura putnei,sector 3,sector 3,bucurești,14
Staer 9,drumul gura siriului,sector 3,sector 3,bucurești,4
Staer 9,drumul jilavei,sector 4,sector 4,bucurești,17
Staer 9,drumul judetean 200 b,tunari,—,ilfov,1
Staer 9,drumul la chiajna,chiajna–roșu–dudu,—,ilfov,1
Staer 9,drumul la rosu,sector 6,sector 6,bucurești,4
Staer 9,drumul lunca jaristei,sector 3,sector 3,bucurești,3
Staer 9,drumul lunca marcusului,sector 3,sector 3,bucurești,1
Staer 9,drumul lunca sateasca,sector 3,sector 3,bucurești,1
Staer 9,drumul lunca tarnavei,sector 3,sector 3,bucurești,1
Staer 9,drumul luptatorilor antifascisti,bucurești neatribuit,bucurești neatribuit,bucurești,1
Staer 9,drumul malu mierii,sector 3,sector 3,bucurești,1
Staer 9,drumul manastirea varatec,sector 6,sector 6,bucurești,13
Staer 9,drumul maracineni,bucurești neatribuit,bucurești neatribuit,bucurești,1
Staer 9,drumul maracineni,sector 5,sector 5,bucurești,2
Staer 9,drumul maracineni,sector 6,sector 6,bucurești,1
Staer 9,drumul mare,clinceni,—,ilfov,2
Staer 9,drumul mic intre vii,sector 5,sector 5,bucurești,1
Staer 9,drumul morii,mogoșoaia,—,ilfov,8
Staer 9,drumul morilor,sector 3,sector 3,bucurești,1
Staer 9,drumul murgului,sector 3,sector 3,bucurești,3
Staer 9,drumul nadlac,sector 1,sector 1,bucurești,1
Staer 9,drumul negru,voluntari–pipera,—,ilfov,1
Staer 9,drumul nisipoasa,sector 1,sector 1,bucurești,5
Staer 9,drumul nisipoasa,sector 1,—,ilfov,1
Staer 9,drumul odai,otopeni,—,ilfov,1
Staer 9,drumul opalului,sector 1,sector 1,bucurești,4
Staer 9,drumul osiei,sector 6,sector 6,bucurești,15
Staer 9,drumul padurea mogosoaia,sector 1,sector 1,bucurești,1
Staer 9,drumul padurea mogosoaia,sector 2,sector 2,bucurești,1
Staer 9,drumul padurea neagra,sector 1,sector 1,bucurești,9
Staer 9,drumul padurea pusnicu,sector 1,sector 1,bucurești,1
Staer 9,drumul piscul mosului,sector 1,sector 1,bucurești,3
Staer 9,drumul piscului,ciolpani,—,ilfov,2
Staer 9,drumul podul ilfovatului,sector 6,sector 6,bucurești,1
Staer 9,drumul podul pitarului,sector 6,sector 6,bucurești,1
Staer 9,drumul postalionului,sector 4,sector 4,bucurești,1
Staer 9,drumul potcoavei,voluntari–pipera,—,ilfov,1
Staer 9,drumul regimentului,sector 1,sector 1,bucurești,1
Staer 9,drumul sarii,sector 5,sector 5,bucurești,1
Staer 9,drumul taberei,sector 6,sector 6,bucurești,37
Staer 9,drumul taberei ( anl-uri noi ),sector 6,sector 6,bucurești,1
Staer 9,drumul targului,domnești,—,ilfov,2
Staer 9,drumul timonierului,bucurești neatribuit,bucurești neatribuit,bucurești,3
Staer 9,drumul timonierului,sector 5,sector 5,bucurești,1
Staer 9,drumul timonierului,sector 6,sector 6,bucurești,4
Staer 9,drumul valea argovei,sector 6,sector 6,bucurești,1
Staer 9,drumul valea calmatuiului,sector 6,sector 6,bucurești,10
Staer 9,drumul valea cricovului,sector 6,sector 6,bucurești,18
Staer 9,drumul valea danului,sector 6,sector 6,bucurești,3
Staer 9,drumul valea doftanei,sector 6,sector 6,bucurești,29
Staer 9,drumul valea furcii,sector 6,sector 6,bucurești,4
Staer 9,drumul valea larga,sector 6,sector 6,bucurești,3
Staer 9,drumul viilor,otopeni,—,ilfov,2
Staer 9,drumul vulturesti,sector 5,sector 5,bucurești,2
Staer 9,drumul între tarlale,sector 3,sector 3,bucurești,1
Staer 9,drunul gura garlitei,sector 3,sector 3,bucurești,1
Staer 9,drunul osiei,sector 6,sector 6,bucurești,1
Staer 9,druul osiei,sector 6,sector 6,bucurești,1
Staer 9,duculescu,domnești,—,ilfov,1
Staer 9,duetului,bucurești neatribuit,bucurești neatribuit,bucurești,1
Staer 9,duetului,sector 1,sector 1,bucurești,2
Staer 9,duetului,sector 2,sector 2,bucurești,1
Staer 9,dumbrava rosie,berceni (ilfov),—,ilfov,1
Staer 9,dumbravei,bragadiru,—,ilfov,2
Staer 9,dumbravei,bucurești neatribuit,bucurești neatribuit,bucurești,1
Staer 9,duminicii,sector 4,sector 4,bucurești,2
Staer 9,dumitru brumarescu,sector 4,sector 4,bucurești,5
Staer 9,dumitru cariagdi,sector 2,sector 2,bucurești,1
Staer 9,dumitru gaspar,sector 5,sector 5,bucurești,1
Staer 9,dumitru papazoglu,sector 3,sector 3,bucurești,1
Staer 9,dumitru pipercu,bucurești neatribuit,bucurești neatribuit,bucurești,1
Staer 9,dumitru pipercu,chiajna–roșu–dudu,—,ilfov,1
Staer 9,dumitru raducu durbac,sector 1,sector 1,bucurești,1
Staer 9,dumitru samoila,sector 4,sector 4,bucurești,1
Staer 9,dumitru zosimma,sector 1,sector 1,bucurești,1
Staer 9,dummbrava noua,bucurești neatribuit,bucurești neatribuit,bucurești,1
Staer 9,dumnbrava noua,bucurești neatribuit,bucurești neatribuit,bucurești,1
Staer 9,dunarii,bragadiru,—,ilfov,4
Staer 9,dunarii,sector 6,sector 6,bucurești,1
Staer 9,dunarii(adora urban),bragadiru,—,ilfov,1
Staer 9,dunavat,bucurești neatribuit,bucurești neatribuit,bucurești,9
Staer 9,dunavat,sector 5,sector 5,bucurești,5
Staer 9,dunavat,sector 6,sector 6,bucurești,1
Staer 9,durau,sector 1,sector 1,bucurești,1
Staer 9,duzilor,măgurele,—,ilfov,2
Staer 9,duzilor,pantelimon,—,ilfov,1
Staer 9,ea radulescu,sector 4,sector 4,bucurești,1
Staer 9,ealuncacernei,bucurești neatribuit,bucurești neatribuit,bucurești,1
Staer 9,eau giurgiului,jilava,—,ilfov,1
Staer 9,ec cezarescu,sector 6,sector 6,bucurești,1
Staer 9,ecaterina teodoroiu,pantelimon,—,ilfov,1
Staer 9,ecerii,sector 3,sector 3,bucurești,1
Staer 9,echinoctiului,popești-leordeni,—,ilfov,1
Staer 9,echinoctiului,sector 5,sector 5,bucurești,1
Staer 9,eclipsei,popești-leordeni,—,ilfov,4
Staer 9,econ. cezarescu,bucurești neatribuit,bucurești neatribuit,bucurești,1
Staer 9,econom cezarescu,bucurești neatribuit,bucurești neatribuit,bucurești,1
Staer 9,econom cezarescu,sector 6,sector 6,bucurești,1
Staer 9,economu cezarescu,sector 6,sector 6,bucurești,17
Staer 9,economul cezarescu,sector 6,sector 6,bucurești,1
Staer 9,edgar quinet,sector 1,sector 1,bucurești,1
Staer 9,elefterie,bucurești neatribuit,bucurești neatribuit,bucurești,1
Staer 9,elegiei,sector 5,sector 5,bucurești,1
Staer 9,elena cuza,berceni (ilfov),—,ilfov,1
Staer 9,elena doamna,bucurești neatribuit,bucurești neatribuit,bucurești,1
Staer 9,elena si vasile cojocaru,sector 5,sector 5,bucurești,1
Staer 9,elena vacarescu,sector 1,sector 1,bucurești,2
Staer 9,elev stefan stefanescu,sector 2,sector 2,bucurești,1
Staer 9,elev stefanescu,sector 2,sector 2,bucurești,2
Staer 9,elev stefanescu stefan,sector 2,sector 2,bucurești,2
Staer 9,eliberarii,bragadiru,—,ilfov,3
Staer 9,elizeu,bucurești neatribuit,bucurești neatribuit,bucurești,1
Staer 9,emanoil buteica aleea,bucurești neatribuit,bucurești neatribuit,bucurești,2
Staer 9,emanoil porumbaru,bucurești neatribuit,bucurești neatribuit,bucurești,2
Staer 9,emil racovita,voluntari–pipera,—,ilfov,2
Staer 9,emill racovita,voluntari–pipera,—,ilfov,1
Staer 9,emisferei,sector 2,sector 2,bucurești,1
Staer 9,ene morodan,sector 5,sector 5,bucurești,1
Staer 9,epigonelor,sector 5,sector 5,bucurești,1
Staer 9,epigonilor,sector 5,sector 5,bucurești,3
Staer 9,episcop radu,sector 2,sector 2,bucurești,1
Staer 9,episcop vulcan,bucurești neatribuit,bucurești neatribuit,bucurești,2
Staer 9,episcopul radu,sector 2,sector 2,bucurești,1
Staer 9,episcopul vulcan,sector 1,sector 1,bucurești,1
Staer 9,eremia grigorescu,chiajna–roșu–dudu,—,ilfov,1
Staer 9,ernest maftei,buftea,—,ilfov,1
Staer 9,eroilor,bragadiru,—,ilfov,2
Staer 9,eroilor,otopeni,—,ilfov,2
Staer 9,eroilor,pantelimon,—,ilfov,1
Staer 9,eroilor,tunari,—,ilfov,2
Staer 9,eroina de la jiu,sector 6,sector 6,bucurești,1
Staer 9,erou constantin bogorin,sector 2,sector 2,bucurești,1
Staer 9,erou gabriel pantazica,popești-leordeni,—,ilfov,1
Staer 9,erou iancu nicolae,voluntari–pipera,—,ilfov,1
Staer 9,erou ion calin,bucurești neatribuit,bucurești neatribuit,bucurești,1
Staer 9,erou ion scortan,sector 2,sector 2,bucurești,2
Staer 9,erou petre tataru,sector 5,sector 5,bucurești,1
Staer 9,erou pritopescu constantin,voluntari–pipera,—,ilfov,1
Staer 9,erou tataru petre,bucurești neatribuit,bucurești neatribuit,bucurești,1
Staer 9,eroul erie,sector 5,sector 5,bucurești,1
Staer 9,eroul martir,balotești,—,ilfov,1
Staer 9,eroului,bucurești neatribuit,bucurești neatribuit,bucurești,1
Staer 9,eroului,sector 6,sector 6,bucurești,1
Staer 9,escalei,sector 2,sector 2,bucurești,1
Staer 9,estacadei,sector 6,sector 6,bucurești,6
Staer 9,eucaliptului,bucurești neatribuit,bucurești neatribuit,bucurești,1
Staer 9,eugen brote,bucurești neatribuit,bucurești neatribuit,bucurești,1
Staer 9,eugen brote,sector 1,sector 1,bucurești,1
Staer 9,eugen jebeleanu,voluntari–pipera,—,ilfov,1
Staer 9,f chopin,bucurești neatribuit,bucurești neatribuit,bucurești,1
Staer 9,f regiei,sector 6,sector 6,bucurești,1
Staer 9,fabrica de caramida,sector 1,sector 1,bucurești,1
Staer 9,fabrica de gheata,sector 2,sector 2,bucurești,9
Staer 9,fabrica de glucoza,sector 2,sector 2,bucurești,11
Staer 9,fabrica de mobila,berceni (ilfov),—,ilfov,1
Staer 9,fabricii,bucurești neatribuit,bucurești neatribuit,bucurești,7
Staer 9,fabricii,sector 5,sector 5,bucurești,1
Staer 9,fabricii,sector 6,sector 6,bucurești,17
Staer 9,fagaras,buftea,—,ilfov,2
Staer 9,fagului,cornetu,—,ilfov,1
Staer 9,fagului,sector 1,sector 1,bucurești,1
Staer 9,fagului,sector 6,sector 6,bucurești,1
Staer 9,falticeni,sector 2,sector 2,bucurești,1
Staer 9,fat frumos,sector 5,sector 5,bucurești,4
Staer 9,faurei,sector 1,sector 1,bucurești,1
Staer 9,fecioarei,domnești,—,ilfov,1
Staer 9,fecioarei,măgurele,—,ilfov,1
Staer 9,feldioara,bucurești neatribuit,bucurești neatribuit,bucurești,1
Staer 9,feldisoara,sector 6,sector 6,bucurești,1
Staer 9,feleacu,sector 1,sector 1,bucurești,3
Staer 9,fericii,pantelimon,—,ilfov,1
Staer 9,fericirii,sector 2,sector 2,bucurești,1
Staer 9,fericirii,ștefăneștii de jos,—,ilfov,3
Staer 9,ferme,otopeni,—,ilfov,1
Staer 9,ferme j,otopeni,—,ilfov,1
Staer 9,fermei,ciolpani,—,ilfov,2
Staer 9,fermei,ciorogârla,—,ilfov,2
Staer 9,fermei,otopeni,—,ilfov,1
Staer 9,fermei,săftica,—,ilfov,1
Staer 9,fetesti,sector 3,sector 3,bucurești,8
Staer 9,fetitelor,bucurești neatribuit,bucurești neatribuit,bucurești,1
Staer 9,fetitelor,sector 3,sector 3,bucurești,1
Staer 9,ficusului,berceni (ilfov),—,ilfov,2
Staer 9,ficusului,zurbaua,—,ilfov,1
Staer 9,filip grigore lupu,moara vlăsiei,—,ilfov,1
Staer 9,filip grigore lupul,moara vlăsiei,—,ilfov,1
Staer 9,fiordului,sector 1,sector 1,bucurești,1
Staer 9,firidei,sector 3,sector 3,bucurești,2
Staer 9,floare de cais,otopeni,—,ilfov,4
Staer 9,floare de gheata,sector 5,sector 5,bucurești,1
Staer 9,floare de ghiata,sector 6,sector 6,bucurești,1
Staer 9,floare rosie,sector 6,sector 6,bucurești,5
Staer 9,floarea de cais,otopeni,—,ilfov,1
Staer 9,floarea rosie,sector 6,sector 6,bucurești,2
Staer 9,floarea soarelui,bucurești neatribuit,bucurești neatribuit,bucurești,1
Staer 9,floarea soarelui,domnești,—,ilfov,2
Staer 9,florarilor,sector 5,sector 5,bucurești,2
Staer 9,florescu nicolae,bucurești neatribuit,bucurești neatribuit,bucurești,1
Staer 9,floresti,domnești,—,ilfov,3
Staer 9,floretei,bucurești neatribuit,bucurești neatribuit,bucurești,1
Staer 9,flori de camp,pantelimon,—,ilfov,1
Staer 9,florica,bucurești neatribuit,bucurești neatribuit,bucurești,2
Staer 9,florilor,berceni (ilfov),—,ilfov,1
Staer 9,florilor,bragadiru,—,ilfov,4
Staer 9,florilor,măgurele,—,ilfov,1
Staer 9,florilor,ștefăneștii de jos,—,ilfov,1
Staer 9,focsani,sector 5,sector 5,bucurești,2
Staer 9,foisor,domnești,—,ilfov,1
Staer 9,foisorului,sector 3,sector 3,bucurești,6
Staer 9,fortului,clinceni,—,ilfov,3
Staer 9,fortului,domnești,—,ilfov,8
Staer 9,fortului,olteni,—,ilfov,1
Staer 9,fortului,rudeni,—,ilfov,1
Staer 9,fortuna,bucurești neatribuit,bucurești neatribuit,bucurești,1
Staer 9,fortunei,sector 1,sector 1,bucurești,5
Staer 9,forului,domnești,—,ilfov,1
Staer 9,foscani,sector 5,sector 5,bucurești,1
Staer 9,franarului,sector 5,sector 5,bucurești,1
Staer 9,franceza,sector 3,sector 3,bucurești,1
Staer 9,francisc munteanu,sector 1,sector 1,bucurești,1
Staer 9,franciza,sector 3,sector 3,bucurești,4
Staer 9,franciza 2-4,bucurești neatribuit,bucurești neatribuit,bucurești,5
Staer 9,frasinului,buftea,—,ilfov,1
Staer 9,frasinului,țegheș,—,ilfov,1
Staer 9,fratii fagarasanu,sector 4,sector 4,bucurești,1
Staer 9,fratilor,bucurești neatribuit,bucurești neatribuit,bucurești,1
Staer 9,fraului,sector 2,sector 2,bucurești,1
Staer 9,freamatului,bragadiru,—,ilfov,2
Staer 9,frederico chopin,sector 2,sector 2,bucurești,1
Staer 9,frigului,bucurești neatribuit,bucurești neatribuit,bucurești,2
Staer 9,frigului,sector 4,sector 4,bucurești,3
Staer 9,frigului,sector 5,sector 5,bucurești,1
Staer 9,frt ilie gurita,sector 5,sector 5,bucurești,1
Staer 9,frt. poenaru vasile,bucurești neatribuit,bucurești neatribuit,bucurești,1
Staer 9,frumoasa,balotești,—,ilfov,1
Staer 9,frumoasa,sector 1,sector 1,bucurești,2
Staer 9,fruntas vasile poenaru,bucurești neatribuit,bucurești neatribuit,bucurești,1
Staer 9,fruntasului,bucurești neatribuit,bucurești neatribuit,bucurești,1
Staer 9,frunte lata,bucurești neatribuit,bucurești neatribuit,bucurești,1
Staer 9,frunzei,măgurele,—,ilfov,1
Staer 9,fulger,măgurele,—,ilfov,1
Staer 9,funugeilor,sector 5,sector 5,bucurești,1
Staer 9,furtunei,sector 6,sector 6,bucurești,6
Staer 9,g m zamfirescu,sector 6,sector 6,bucurești,1
Staer 9,g-ral stefan burileanu,bucurești neatribuit,bucurești neatribuit,bucurești,1
Staer 9,g.dem.teodorescu,sector 3,sector 3,bucurești,1
Staer 9,gabriel cioran,sector 6,sector 6,bucurești,1
Staer 9,gala galaction,sector 1,sector 1,bucurești,2
Staer 9,galata,voluntari–pipera,—,ilfov,5
Staer 9,galiceni,bucurești neatribuit,bucurești neatribuit,bucurești,1
Staer 9,ganeasa,afumați,—,ilfov,1
Staer 9,garbea ion,sector 5,sector 5,bucurești,1
Staer 9,garian alexandru,popești-leordeni,—,ilfov,1
Staer 9,garii,buftea,—,ilfov,1
Staer 9,garii,jilava,—,ilfov,1
Staer 9,garii pantelimon,bucurești neatribuit,bucurești neatribuit,bucurești,1
Staer 9,garlei,bucurești neatribuit,bucurești neatribuit,bucurești,2
Staer 9,garnitei,sector 4,sector 4,bucurești,5
Staer 9,garoafei,cornetu,—,ilfov,1
Staer 9,garoafelor,buftea,—,ilfov,1
Staer 9,garoafelor,mogoșoaia,—,ilfov,2
Staer 9,garofitei,bragadiru,—,ilfov,2
Staer 9,garofitei,bucurești neatribuit,bucurești neatribuit,bucurești,1
Staer 9,garofitelor,otopeni,—,ilfov,1
Staer 9,gaterului,sector 2,sector 2,bucurești,1
Staer 9,gavanei 86m,buftea,—,ilfov,1
Staer 9,geamandurei,sector 2,sector 2,bucurești,1
Staer 9,gen berthelot,sector 1,sector 1,bucurești,1
Staer 9,gen culcer,sector 6,sector 6,bucurești,1
Staer 9,gen david praporgescu,chiajna–roșu–dudu,—,ilfov,1
Staer 9,gen ghe magheru,dobroești,—,ilfov,1
Staer 9,gen ioan culcer,sector 6,sector 6,bucurești,1
Staer 9,gen paul teodorescu,sector 6,sector 6,bucurești,1
Staer 9,gen popovat,sector 6,sector 6,bucurești,1
Staer 9,gen praporgescu,chiajna–roșu–dudu,—,ilfov,1
Staer 9,gen stefan burileanu,sector 1,sector 1,bucurești,1
Staer 9,gen vladoianu barbu,sector 1,sector 1,bucurești,1
Staer 9,gen. david praporgescu,chiajna–roșu–dudu,—,ilfov,1
Staer 9,general athanasie enescu,sector 1,sector 1,bucurești,1
Staer 9,general barbu vladoianu,sector 1,sector 1,bucurești,1
Staer 9,general constantin cristescu,bucurești neatribuit,bucurești neatribuit,bucurești,1
Staer 9,general praporgescu,chiajna–roșu–dudu,—,ilfov,1
Staer 9,generalului,bragadiru,—,ilfov,1
Staer 9,gentianei,chiajna–roșu–dudu,—,ilfov,3
Staer 9,geoagiu,sector 6,sector 6,bucurești,2
Staer 9,geoege vernescu,chitila,—,ilfov,1
Staer 9,george bacovia,voluntari–pipera,—,ilfov,1
Staer 9,george baritiu,sector 1,sector 1,bucurești,1
Staer 9,george bogdan tudor,bucurești neatribuit,bucurești neatribuit,bucurești,1
Staer 9,george calborean,sector 6,sector 6,bucurești,1
Staer 9,george calboreanu,sector 6,sector 6,bucurești,9
Staer 9,george calinescu,măgurele,—,ilfov,1
Staer 9,george calinescu,sector 1,sector 1,bucurești,2
Staer 9,george cosbuc,domnești,—,ilfov,1
Staer 9,george enescu,otopeni,—,ilfov,4
Staer 9,george mihai zamfirescu,sector 6,sector 6,bucurești,1
Staer 9,george missail,sector 1,sector 1,bucurești,1
Staer 9,george raneti,sector 6,sector 6,bucurești,1
Staer 9,george ranetti,sector 6,sector 6,bucurești,6
Staer 9,george valentin bibescu,sector 1,sector 1,bucurești,2
Staer 9,george valsan,sector 6,sector 6,bucurești,9
Staer 9,george vernescu,chitila,—,ilfov,1
Staer 9,gh donici,bucurești neatribuit,bucurești neatribuit,bucurești,1
Staer 9,gh. latea,bucurești neatribuit,bucurești neatribuit,bucurești,1
Staer 9,ghdigeni,bucurești neatribuit,bucurești neatribuit,bucurești,1
Staer 9,ghe cozorici,voluntari–pipera,—,ilfov,1
Staer 9,ghe doja,ciorogârla,—,ilfov,4
Staer 9,ghe latea,sector 6,sector 6,bucurești,5
Staer 9,ghe marinescu,sector 5,sector 5,bucurești,1
Staer 9,ghe petrascu,sector 3,sector 3,bucurești,1
Staer 9,ghe polizu,sector 1,sector 1,bucurești,1
Staer 9,ghe saidac,sector 6,sector 6,bucurești,1
Staer 9,ghencea,sector 6,sector 6,bucurești,11
Staer 9,gheorghe buciumat,sector 1,sector 1,bucurești,2
Staer 9,gheorghe doja,sector 3,sector 3,bucurești,1
Staer 9,gheorghe duca,otopeni,—,ilfov,1
Staer 9,gheorghe enescu,otopeni,—,ilfov,1
Staer 9,gheorghe ionescu sisesti,sector 1,sector 1,bucurești,5
Staer 9,gheorghe latea,sector 6,sector 6,bucurești,3
Staer 9,gheorghe lupu,sector 4,sector 4,bucurești,1
Staer 9,gheorghe magheru,bucurești neatribuit,bucurești neatribuit,bucurești,1
Staer 9,gheorghe n georgescu,voluntari–pipera,—,ilfov,1
Staer 9,gheorghe petrascu,sector 3,sector 3,bucurești,2
Staer 9,gheorghe ranitti,sector 6,sector 6,bucurești,1
Staer 9,gheorghe saidac,sector 6,sector 6,bucurești,1
Staer 9,gheorghe vistea,sector 5,sector 5,bucurești,1
Staer 9,gheorghieni,sector 5,sector 5,bucurești,4
Staer 9,gherghitei,sector 2,sector 2,bucurești,2
Staer 9,ghidiceni,bragadiru,—,ilfov,1
Staer 9,ghidigeni,bucurești neatribuit,bucurești neatribuit,bucurești,2
Staer 9,ghidigeni,sector 5,sector 5,bucurești,4
Staer 9,ghidigeni,sector 6,sector 6,bucurești,1
Staer 9,ghimpati,bucurești neatribuit,bucurești neatribuit,bucurești,1
Staer 9,ghioceilor,bragadiru,—,ilfov,2
Staer 9,ghioceilor,bucurești neatribuit,bucurești neatribuit,bucurești,1
Staer 9,ghioceilor,corbeanca,—,ilfov,3
Staer 9,ghioceilor,tunari,—,ilfov,1
Staer 9,ghiocel,gradistea ( moara vlasiei),—,ilfov,1
Staer 9,ghiocelului,bucurești neatribuit,bucurești neatribuit,bucurești,1
Staer 9,ghiozdanului,sector 1,sector 1,bucurești,1
Staer 9,ghirlandei,domnești,—,ilfov,1
Staer 9,giovanni boccaccio,sector 4,sector 4,bucurești,1
Staer 9,girnitei,bucurești neatribuit,bucurești neatribuit,bucurești,1
Staer 9,giulesti,bucurești neatribuit,bucurești neatribuit,bucurești,1
Staer 9,giulesti,sector 6,sector 6,bucurești,1
Staer 9,giurgiului,sat 1 decembrie,—,ilfov,2
Staer 9,giurgiului,sector 4,sector 4,bucurești,8
Staer 9,gladiolelor,bucurești neatribuit,bucurești neatribuit,bucurești,3
Staer 9,gladiolelor,chiajna–roșu–dudu,—,ilfov,3
Staer 9,gladiolelor,cornetu,—,ilfov,1
Staer 9,gladiolelor,sector 5,sector 5,bucurești,1
Staer 9,gladiolelor,sector 6,sector 6,bucurești,2
Staer 9,glavanei,buftea,—,ilfov,1
Staer 9,glicinelor,sector 5,sector 5,bucurești,8
Staer 9,glicinilor,sector 5,sector 5,bucurești,1
Staer 9,gliei,bragadiru,—,ilfov,6
Staer 9,glinka,sector 2,sector 2,bucurești,1
Staer 9,gloriei,bragadiru,—,ilfov,6
Staer 9,gorgan spataru,sector 2,sector 2,bucurești,1
Staer 9,gospodariei,sector 3,sector 3,bucurești,1
Staer 9,govora,sector 4,sector 4,bucurești,2
Staer 9,gozdea+baicului,sector 2,sector 2,bucurești,1
Staer 9,gradinarilor,sector 3,sector 3,bucurești,2
Staer 9,gradistea,sector 4,sector 4,bucurești,4
Staer 9,gradistei,bucurești neatribuit,bucurești neatribuit,bucurești,1
Staer 9,gradistei,sector 4,sector 4,bucurești,1
Staer 9,gramont,bucurești neatribuit,bucurești neatribuit,bucurești,3
Staer 9,granitului,sector 6,sector 6,bucurești,2
Staer 9,grauntelui,sector 1,sector 1,bucurești,1
Staer 9,grigore alexandrescu,sector 1,sector 1,bucurești,2
Staer 9,grigore cobalcescu,sector 1,sector 1,bucurești,1
Staer 9,grigore gafencu,bucurești neatribuit,bucurești neatribuit,bucurești,1
Staer 9,grigore gafencu,sector 1,sector 1,bucurești,1
Staer 9,grigore moisil,sector 2,sector 2,bucurești,8
Staer 9,grigore voda,sector 4,sector 4,bucurești,1
Staer 9,grigoreanu petre,sector 5,sector 5,bucurești,2
Staer 9,grindu,sector 5,sector 5,bucurești,2
Staer 9,grintesului,bucurești neatribuit,bucurești neatribuit,bucurești,1
Staer 9,grivita,otopeni,—,ilfov,1
Staer 9,grivitei,bragadiru,—,ilfov,2
Staer 9,grivitei,bucurești neatribuit,bucurești neatribuit,bucurești,4
Staer 9,gruiul argesului,sector 3,sector 3,bucurești,1
Staer 9,gura ialomitei,sector 3,sector 3,bucurești,3
Staer 9,gura leului,chiajna–roșu–dudu,—,ilfov,3
Staer 9,gura padinii,bucurești neatribuit,bucurești neatribuit,bucurești,1
Staer 9,gura vadului,sector 3,sector 3,bucurești,1
Staer 9,guraslau,ghermănești,—,ilfov,1
Staer 9,gutuiului,chitila,—,ilfov,1
Staer 9,haraboc,periș,—,ilfov,1
Staer 9,harghita,bucurești neatribuit,bucurești neatribuit,bucurești,1
Staer 9,harghita,voluntari–pipera,—,ilfov,1
Staer 9,harpei,sector 5,sector 5,bucurești,1
Staer 9,hatisului,sector 2,sector 2,bucurești,1
Staer 9,hatmanul arbore,sector 1,sector 1,bucurești,2
Staer 9,herta,sector 2,sector 2,bucurești,3
Staer 9,hipodromului,corbeanca,—,ilfov,7
Staer 9,hipodromului,ostratu,—,ilfov,1
Staer 9,horei,pantelimon,—,ilfov,1
Staer 9,horia,chitila,—,ilfov,1
Staer 9,horia closca si crisan,otopeni,—,ilfov,1
Staer 9,horoscopului,domnești,—,ilfov,1
Staer 9,hortensiei,ștefăneștii de jos,—,ilfov,2
Staer 9,hotarului,clinceni,—,ilfov,1
Staer 9,hotin,sector 1,sector 1,bucurești,1
Staer 9,hrisovului,sector 1,sector 1,bucurești,2
Staer 9,i ghe.duca,chitila,—,ilfov,1
Staer 9,i i c bratianu,otopeni,—,ilfov,1
Staer 9,i l caragiale,afumați,—,ilfov,1
Staer 9,i l caragiale,chiajna–roșu–dudu,—,ilfov,1
Staer 9,i.l.caragiale,tunari,—,ilfov,1
Staer 9,iacobeni,bucurești neatribuit,bucurești neatribuit,bucurești,1
Staer 9,iancu cojescu,sector 4,sector 4,bucurești,1
Staer 9,iancu jianu,sector 5,sector 5,bucurești,4
Staer 9,iarnii,bragadiru,—,ilfov,1
Staer 9,iasomiei,buftea,—,ilfov,1
Staer 9,iasomiei,chitila,—,ilfov,1
Staer 9,ic bratianul,bucurești neatribuit,bucurești neatribuit,bucurești,1
Staer 9,icoanei,glina,—,ilfov,2
Staer 9,icoanei,sector 2,sector 2,bucurești,1
Staer 9,idealului,bragadiru,—,ilfov,1
Staer 9,idilei,bucurești neatribuit,bucurești neatribuit,bucurești,1
Staer 9,iederei,bragadiru,—,ilfov,11
Staer 9,iedului,sector 6,sector 6,bucurești,2
Staer 9,ienuparului,sector 1,sector 1,bucurești,2
Staer 9,ierbei,sector 6,sector 6,bucurești,3
Staer 9,iernii,beagadiru,—,ilfov,1
Staer 9,iernii,bragadiru,—,ilfov,21
Staer 9,iernii,sector 6,sector 6,bucurești,4
Staer 9,ifarului,pantelimon,—,ilfov,1
Staer 9,iic bratianu,otopeni,—,ilfov,1
Staer 9,il caragiale,chiajna–roșu–dudu,—,ilfov,8
Staer 9,il caragiale,tunari,—,ilfov,2
Staer 9,il postalionului,sector 4,sector 4,bucurești,1
Staer 9,ileana cosanzeaana,bucurești neatribuit,bucurești neatribuit,bucurești,1
Staer 9,ileana cosinzeana,bucurești neatribuit,bucurești neatribuit,bucurești,1
Staer 9,ilie mihai,bucurești neatribuit,bucurești neatribuit,bucurești,1
Staer 9,ilie mihail,sector 5,sector 5,bucurești,1
Staer 9,ilie petre,chiajna–roșu–dudu,—,ilfov,4
Staer 9,ilie tulbureanu,pantelimon,—,ilfov,1
Staer 9,ilieana cosanzeana,sector 5,sector 5,bucurești,2
Staer 9,imasului,afumați,—,ilfov,1
Staer 9,imasului,măgurele,—,ilfov,4
Staer 9,imparatul traian,sector 4,sector 4,bucurești,2
Staer 9,inclinata,bucurești neatribuit,bucurești neatribuit,bucurești,1
Staer 9,independentei,buftea,—,ilfov,4
Staer 9,independentei,cernica,—,ilfov,1
Staer 9,independentei,domnești,—,ilfov,1
Staer 9,independentei,pantelimon,—,ilfov,2
Staer 9,independentiei,sector 3,sector 3,bucurești,1
Staer 9,industriilor,sector 3,sector 3,bucurești,2
Staer 9,ing zablovschi,sector 1,sector 1,bucurești,1
Staer 9,ing. nicolae teodorescu,sector 6,sector 6,bucurești,1
Staer 9,ingerasilor,periș,—,ilfov,1
Staer 9,inginer dumitru tacu,sector 5,sector 5,bucurești,1
Staer 9,inginer dumitru teodoru,sector 5,sector 5,bucurești,1
Staer 9,inginer iacovache,bucurești neatribuit,bucurești neatribuit,bucurești,1
Staer 9,inginer zablovschi,sector 1,sector 1,bucurești,1
Staer 9,inovatorilor,sector 1,sector 1,bucurești,1
Staer 9,inr tufanului,otopeni,—,ilfov,1
Staer 9,inrarea balantei,domnești,—,ilfov,1
Staer 9,inrarea dunarea,otopeni,—,ilfov,1
Staer 9,inrarea vorona,sector 6,sector 6,bucurești,1
Staer 9,inrearea guliver,sector 6,sector 6,bucurești,1
Staer 9,inspiratiei,sector 6,sector 6,bucurești,1
Staer 9,int badeni,sector 3,sector 3,bucurești,1
Staer 9,int drumul la rosu,bucurești neatribuit,bucurești neatribuit,bucurești,1
Staer 9,int evocarii,bucurești neatribuit,bucurești neatribuit,bucurești,1
Staer 9,int flotei,sector 6,sector 6,bucurești,1
Staer 9,int moldovenilor,bucurești neatribuit,bucurești neatribuit,bucurești,1
Staer 9,int nicolae iorga,chiajna–roșu–dudu,—,ilfov,1
Staer 9,int nuferilor,chiajna–roșu–dudu,—,ilfov,1
Staer 9,int primaverii,clinceni,—,ilfov,1
Staer 9,int viforului,bucurești neatribuit,bucurești neatribuit,bucurești,1
Staer 9,int. batasani,sector 5,sector 5,bucurești,1
Staer 9,int.pinului,bucurești neatribuit,bucurești neatribuit,bucurești,1
Staer 9,int.vacaresti,bucurești neatribuit,bucurești neatribuit,bucurești,1
Staer 9,intrarea albinari,bucurești neatribuit,bucurești neatribuit,bucurești,1
Staer 9,intrarea are podoleni,bucurești neatribuit,bucurești neatribuit,bucurești,1
Staer 9,intrarea are zamora,domnești,—,ilfov,1
Staer 9,intrarea area abnegatiei,sector 6,sector 6,bucurești,1
Staer 9,intrarea area amara,domnești,—,ilfov,1
Staer 9,intrarea area aniversarii,sector 3,sector 3,bucurești,1
Staer 9,intrarea area ariesi,voluntari–pipera,—,ilfov,1
Staer 9,intrarea area aromei,domnești,—,ilfov,1
Staer 9,intrarea area badeni,sector 3,sector 3,bucurești,1
Staer 9,intrarea area barsei,sector 3,sector 3,bucurești,3
Staer 9,intrarea area bihor,berceni (ilfov),—,ilfov,1
Staer 9,intrarea area bucuresti-targoviste,buftea,—,ilfov,1
Staer 9,intrarea area canalului,chiajna–roșu–dudu,—,ilfov,5
Staer 9,intrarea area carabus,domnești,—,ilfov,1
Staer 9,intrarea area catedrei,bucurești neatribuit,bucurești neatribuit,bucurești,1
Staer 9,intrarea area chefalului,sector 2,sector 2,bucurești,1
Staer 9,intrarea area ciorogarla,clinceni,—,ilfov,1
Staer 9,intrarea area ciresului,dobroești,—,ilfov,1
Staer 9,intrarea area ciubotica cucului,bucurești neatribuit,bucurești neatribuit,bucurești,1
Staer 9,intrarea area cooperativei,sector 5,sector 5,bucurești,1
Staer 9,intrarea area craiovei,sector 6,sector 6,bucurești,3
Staer 9,intrarea area diacului,sector 2,sector 2,bucurești,1
Staer 9,intrarea area domneasca,domnești,—,ilfov,1
Staer 9,intrarea area dorului,chiajna–roșu–dudu,—,ilfov,1
Staer 9,intrarea area dr taberei,sector 6,sector 6,bucurești,1
Staer 9,intrarea area draganul,bragadiru,—,ilfov,1
Staer 9,intrarea area dreptatii,sector 6,sector 6,bucurești,1
Staer 9,intrarea area dumitru lemnea,sector 1,sector 1,bucurești,1
Staer 9,intrarea area dunarea,otopeni,—,ilfov,1
Staer 9,intrarea area dusului,sector 6,sector 6,bucurești,2
Staer 9,intrarea area epigramei,sector 5,sector 5,bucurești,1
Staer 9,intrarea area fierbinti,bucurești neatribuit,bucurești neatribuit,bucurești,1
Staer 9,intrarea area furcii,sector 6,sector 6,bucurești,1
Staer 9,intrarea area giulesti sarindari,bucurești neatribuit,bucurești neatribuit,bucurești,1
Staer 9,intrarea area horbotei,bucurești neatribuit,bucurești neatribuit,bucurești,1
Staer 9,intrarea area horbotei,sector 3,sector 3,bucurești,3
Staer 9,intrarea area macilor,domnești,—,ilfov,1
Staer 9,intrarea area mesteacanului,otopeni,—,ilfov,4
Staer 9,intrarea area mihai eminescu 2,darăști-ilfov,—,ilfov,1
Staer 9,intrarea area nefliu,măgurele,—,ilfov,2
Staer 9,intrarea area ostroveni,bucurești neatribuit,bucurești neatribuit,bucurești,1
Staer 9,intrarea area pancota,bucurești neatribuit,bucurești neatribuit,bucurești,1
Staer 9,intrarea area panificatiei,sector 6,sector 6,bucurești,1
Staer 9,intrarea area paradisului,domnești,—,ilfov,1
Staer 9,intrarea area patinoarului,sector 3,sector 3,bucurești,1
Staer 9,intrarea area paulis,sector 6,sector 6,bucurești,1
Staer 9,intrarea area plopului,dragomirești,—,ilfov,1
Staer 9,intrarea area povernei,bragadiru,—,ilfov,2
Staer 9,intrarea area primaverii,clinceni,—,ilfov,1
Staer 9,intrarea area privighetorii,bucurești neatribuit,bucurești neatribuit,bucurești,1
Staer 9,intrarea area puntii,bucurești neatribuit,bucurești neatribuit,bucurești,1
Staer 9,intrarea area puntii,sector 6,sector 6,bucurești,1
Staer 9,intrarea area randunelelor,otopeni,—,ilfov,1
Staer 9,intrarea area rezervelor,bucurești neatribuit,bucurești neatribuit,bucurești,1
Staer 9,intrarea area rigas,sector 1,sector 1,bucurești,2
Staer 9,intrarea area romanitei,bucurești neatribuit,bucurești neatribuit,bucurești,1
Staer 9,intrarea area sectorului,sector 3,sector 3,bucurești,1
Staer 9,intrarea area soarelui,dragomirești,—,ilfov,1
Staer 9,intrarea area stadionului,domnești,—,ilfov,1
Staer 9,intrarea area stefanesti,voluntari–pipera,—,ilfov,1
Staer 9,intrarea area stelelor,sector 5,sector 5,bucurești,1
Staer 9,intrarea area straulesti,sector 1,sector 1,bucurești,6
Staer 9,intrarea area targul frumos,sector 6,sector 6,bucurești,1
Staer 9,intrarea area tocuului,sector 1,sector 1,bucurești,1
Staer 9,intrarea area ulmeni,sector 4,sector 4,bucurești,2
Staer 9,intrarea area urali,bucurești neatribuit,bucurești neatribuit,bucurești,1
Staer 9,intrarea area vrabiei,bucurești neatribuit,bucurești neatribuit,bucurești,3
Staer 9,intrarea armasului,sector 1,sector 1,bucurești,1
Staer 9,intrarea aurel ciurea,bucurești neatribuit,bucurești neatribuit,bucurești,1
Staer 9,intrarea aviator caranda,bucurești neatribuit,bucurești neatribuit,bucurești,1
Staer 9,intrarea berbecului,măgurele,—,ilfov,4
Staer 9,intrarea biruintei,sector 1,sector 1,bucurești,2
Staer 9,intrarea biruintei,sector 4,sector 4,bucurești,1
Staer 9,intrarea campina,ștefăneștii de jos,—,ilfov,1
Staer 9,intrarea canalului,bucurești neatribuit,bucurești neatribuit,bucurești,1
Staer 9,intrarea canalului,chiajna–roșu–dudu,—,ilfov,5
Staer 9,intrarea cantonului,balotești,—,ilfov,1
Staer 9,intrarea carnavalului24,sector 6,sector 6,bucurești,1
Staer 9,intrarea ciorogarlei,clinceni,—,ilfov,3
Staer 9,intrarea ciresului,dobroești,—,ilfov,1
Staer 9,intrarea ciulin,berceni (ilfov),—,ilfov,3
Staer 9,intrarea cobilitei,sector 2,sector 2,bucurești,1
Staer 9,intrarea condorului,domnești,—,ilfov,1
Staer 9,intrarea constructorului,buftea,—,ilfov,1
Staer 9,intrarea cosmina,sector 5,sector 5,bucurești,9
Staer 9,intrarea crainicului,bucurești neatribuit,bucurești neatribuit,bucurești,1
Staer 9,intrarea crainicului,sector 6,sector 6,bucurești,2
Staer 9,intrarea craitelor,otopeni,—,ilfov,5
Staer 9,intrarea crinului,chiajna–roșu–dudu,—,ilfov,6
Staer 9,intrarea crisul alb,sector 4,sector 4,bucurești,5
Staer 9,intrarea cucuruzului,sector 6,sector 6,bucurești,2
Staer 9,intrarea doctor felix,sector 1,sector 1,bucurești,1
Staer 9,intrarea doina,sector 5,sector 5,bucurești,2
Staer 9,intrarea doinei,dobroești,—,ilfov,9
Staer 9,intrarea dr belsugului,sector 6,sector 6,bucurești,15
Staer 9,intrarea dumbravei,clinceni,—,ilfov,1
Staer 9,intrarea dumbravei,olteni,—,ilfov,1
Staer 9,intrarea eroului,chiajna–roșu–dudu,—,ilfov,2
Staer 9,intrarea fabulei,domnești,—,ilfov,1
Staer 9,intrarea flotei,bucurești neatribuit,bucurești neatribuit,bucurești,1
Staer 9,intrarea foisorului,domnești,—,ilfov,2
Staer 9,intrarea fosnetului,sector 6,sector 6,bucurești,1
Staer 9,intrarea frasinului,sector 6,sector 6,bucurești,1
Staer 9,intrarea frumoasa,domnești,—,ilfov,2
Staer 9,intrarea ghioceilor,domnești,—,ilfov,6
Staer 9,intrarea ghioceilor,otopeni,—,ilfov,1
Staer 9,intrarea guliver,sector 6,sector 6,bucurești,4
Staer 9,intrarea hanul ancutei,sector 6,sector 6,bucurești,5
Staer 9,intrarea humulesti,bucurești neatribuit,bucurești neatribuit,bucurești,3
Staer 9,intrarea humulesti,sector 5,sector 5,bucurești,5
Staer 9,intrarea ierbii,sector 6,sector 6,bucurești,2
Staer 9,intrarea irisului,chiajna–roșu–dudu,—,ilfov,1
Staer 9,intrarea iuliu valaori,sector 3,sector 3,bucurești,1
Staer 9,intrarea izvoarelor,otopeni,—,ilfov,1
Staer 9,intrarea izvorani,sector 6,sector 6,bucurești,1
Staer 9,intrarea leordeni,bragadiru,—,ilfov,3
Staer 9,intrarea leordeni,popești-leordeni,—,ilfov,1
Staer 9,intrarea lunca barzesti,sector 4,sector 4,bucurești,3
Staer 9,intrarea luptatorilor antifascisti,bucurești neatribuit,bucurești neatribuit,bucurești,1
Staer 9,intrarea magnoliei,chiajna–roșu–dudu,—,ilfov,1
Staer 9,intrarea manganului,bucurești neatribuit,bucurești neatribuit,bucurești,1
Staer 9,intrarea maslinului,berceni (ilfov),—,ilfov,1
Staer 9,intrarea mecet,sector 2,sector 2,bucurești,2
Staer 9,intrarea mimozei,domnești,—,ilfov,2
Staer 9,intrarea morii,glina,—,ilfov,1
Staer 9,intrarea negru voda,brănești,—,ilfov,1
Staer 9,intrarea nicolae balcescu,voluntari–pipera,—,ilfov,1
Staer 9,intrarea nicolae iorga,chiajna–roșu–dudu,—,ilfov,9
Staer 9,intrarea nuferilor,chiajna–roșu–dudu,—,ilfov,1
Staer 9,intrarea odobesti,bucurești neatribuit,bucurești neatribuit,bucurești,3
Staer 9,intrarea odobesti,sector 3,sector 3,bucurești,2
Staer 9,intrarea odobesti,sector 6,sector 6,bucurești,1
Staer 9,intrarea ogradei,sector 5,sector 5,bucurești,1
Staer 9,intrarea padurii,tunari,—,ilfov,1
Staer 9,intrarea parfumului,sector 3,sector 3,bucurești,1
Staer 9,intrarea parului,sector 3,sector 3,bucurești,3
Staer 9,intrarea pinului,sector 6,sector 6,bucurești,1
Staer 9,intrarea poieni,mogoșoaia,—,ilfov,2
Staer 9,intrarea potcoavei,domnești,—,ilfov,2
Staer 9,intrarea privighetorii,clinceni,—,ilfov,5
Staer 9,intrarea putul olteni,clinceni,—,ilfov,5
Staer 9,intrarea rachitele,domnești,—,ilfov,1
Staer 9,intrarea razorului,chiajna–roșu–dudu,—,ilfov,2
Staer 9,intrarea recas,bucurești neatribuit,bucurești neatribuit,bucurești,1
Staer 9,intrarea recas,sector 5,sector 5,bucurești,1
Staer 9,intrarea reconstructiei,sector 3,sector 3,bucurești,4
Staer 9,intrarea salcamilor,bucurești neatribuit,bucurești neatribuit,bucurești,2
Staer 9,intrarea sergiu celibidache,otopeni,—,ilfov,1
Staer 9,intrarea silistraru,sector 6,sector 6,bucurești,1
Staer 9,intrarea slobozia,bucurești neatribuit,bucurești neatribuit,bucurești,1
Staer 9,intrarea slobozia,sector 4,sector 4,bucurești,1
Staer 9,intrarea stefan voda,bucurești neatribuit,bucurești neatribuit,bucurești,1
Staer 9,intrarea teodor iliescu,sector 1,sector 1,bucurești,1
Staer 9,intrarea teremia,sector 5,sector 5,bucurești,2
Staer 9,intrarea tg frumos,bucurești neatribuit,bucurești neatribuit,bucurești,1
Staer 9,intrarea tocului,sector 1,sector 1,bucurești,2
Staer 9,intrarea trandafiril;or,chiajna–roșu–dudu,—,ilfov,1
Staer 9,intrarea trandafirilor,chiajna–roșu–dudu,—,ilfov,1
Staer 9,intrarea urcusului,sector 4,sector 4,bucurești,1
Staer 9,intrarea uzinei,glina,—,ilfov,1
Staer 9,intrarea valea parcului,mogoșoaia,—,ilfov,2
Staer 9,intrarea viforului,sector 6,sector 6,bucurești,2
Staer 9,intrarea viitorului,bucurești neatribuit,bucurești neatribuit,bucurești,2
Staer 9,intrarea viitorului,sector 2,sector 2,bucurești,2
Staer 9,intrarea viitorului,sector 6,sector 6,bucurești,1
Staer 9,intrarea violetelor,otopeni,—,ilfov,2
Staer 9,intrarea zorilor,sector 5,sector 5,bucurești,1
Staer 9,inv sarbu constantin,chiajna–roșu–dudu,—,ilfov,1
Staer 9,invalid suliga ion,bucurești neatribuit,bucurești neatribuit,bucurești,1
Staer 9,invingatorilor,bragadiru,—,ilfov,1
Staer 9,invingatorilor,sector 3,sector 3,bucurești,1
Staer 9,invoirii,bucurești neatribuit,bucurești neatribuit,bucurești,1
Staer 9,ioachim gheorghe,bucurești neatribuit,bucurești neatribuit,bucurești,1
Staer 9,ioan c filitti,sector 3,sector 3,bucurești,1
Staer 9,ioan slavici,măgurele,—,ilfov,2
Staer 9,ioan slvici,periș,—,ilfov,1
Staer 9,ion baiulescu,sector 5,sector 5,bucurești,1
Staer 9,ion barbu,1 decembrie,—,ilfov,1
Staer 9,ion barbu,tancabesti,—,ilfov,1
Staer 9,ion berindei,sector 2,sector 2,bucurești,3
Staer 9,ion borcan,sector 5,sector 5,bucurești,1
Staer 9,ion brezoianu-parc cismigiu,bucurești neatribuit,bucurești neatribuit,bucurești,1
Staer 9,ion campineanu,bucurești neatribuit,bucurești neatribuit,bucurești,1
Staer 9,ion campineanu,chitila,—,ilfov,1
Staer 9,ion campineanu,sector 1,sector 1,bucurești,2
Staer 9,ion campineanu,sector 6,sector 6,bucurești,1
Staer 9,ion conea,bucurești neatribuit,bucurești neatribuit,bucurești,4
Staer 9,ion creanga,otopeni,—,ilfov,1
Staer 9,ion creanga,tunari,—,ilfov,1
Staer 9,ion garbea,sector 5,sector 5,bucurești,1
Staer 9,ion ghiul;amila,sector 5,sector 5,bucurești,1
Staer 9,ion ic bratianu,balotești,—,ilfov,1
Staer 9,ion iovan,sector 5,sector 5,bucurești,1
Staer 9,ion iriceanu,sector 4,sector 4,bucurești,2
Staer 9,ion lahovari,balotești,—,ilfov,1
Staer 9,ion luca caragiale,chiajna–roșu–dudu,—,ilfov,2
Staer 9,ion luca caragiale,chijana,—,ilfov,1
Staer 9,ion luca caragiale,sector 2,sector 2,bucurești,1
Staer 9,ion maiorescu,sector 2,sector 2,bucurești,3
Staer 9,ion manolescu,sector 6,sector 6,bucurești,8
Staer 9,ion nedeleanu,bucurești neatribuit,bucurești neatribuit,bucurești,2
Staer 9,ion nedeleanu,sector 5,sector 5,bucurești,3
Staer 9,ion nistor,sector 2,sector 2,bucurești,1
Staer 9,ion nonna otescu,sector 6,sector 6,bucurești,1
Staer 9,ion pilac,sector 3,sector 3,bucurești,1
Staer 9,ion ratiu,pantelimon,—,ilfov,1
Staer 9,ion urdareanu,sector 5,sector 5,bucurești,5
Staer 9,ion vlad,buftea,—,ilfov,3
Staer 9,ion voinescu,sector 3,sector 3,bucurești,1
Staer 9,ionel fernic,bucurești neatribuit,bucurești neatribuit,bucurești,1
Staer 9,ionescu baican,bucurești neatribuit,bucurești neatribuit,bucurești,1
Staer 9,ionescu gheorghe,sector 4,sector 4,bucurești,1
Staer 9,ionita cegan,sector 5,sector 5,bucurești,1
Staer 9,iosif sava,pantelimon,—,ilfov,1
Staer 9,iriceanu ion,bucurești neatribuit,bucurești neatribuit,bucurești,4
Staer 9,iriceanu ion,sector 4,sector 4,bucurești,1
Staer 9,irisului,sector 3,sector 3,bucurești,2
Staer 9,islaz,chitila,—,ilfov,1
Staer 9,islaz,mogoșoaia,—,ilfov,1
Staer 9,islaz,snagov,—,ilfov,1
Staer 9,islazului,afumați,—,ilfov,2
Staer 9,itr godeni,sector 6,sector 6,bucurești,1
Staer 9,iul independentei,sector 6,sector 6,bucurești,1
Staer 9,iulian mihi,sector 1,sector 1,bucurești,1
Staer 9,iuliu maniu,buftea,—,ilfov,1
Staer 9,iuliu nmaniu,sector 6,sector 6,bucurești,1
Staer 9,ivan anghelache,bucurești neatribuit,bucurești neatribuit,bucurești,3
Staer 9,ivan anghelache caporal,sector 5,sector 5,bucurești,1
Staer 9,ivan petrovici pavlov,bucurești neatribuit,bucurești neatribuit,bucurești,1
Staer 9,ivan petrovici pavlov,sector 1,sector 1,bucurești,1
Staer 9,izbandei,sector 6,sector 6,bucurești,1
Staer 9,izbiceni,sector 1,sector 1,bucurești,2
Staer 9,izlazului,dragomirești,—,ilfov,1
Staer 9,izvoarelor,ștefăneștii de jos,—,ilfov,1
Staer 9,izvorul crisului,sector 4,sector 4,bucurești,2
Staer 9,izvorul oltului,berceni (ilfov),—,ilfov,1
Staer 9,izvorul rece,sector 4,sector 4,bucurești,2
Staer 9,izvorului,bucurești neatribuit,bucurești neatribuit,bucurești,1
Staer 9,izvorului,ștefăneștii de jos,—,ilfov,1
Staer 9,jadului,bragadiru,—,ilfov,1
Staer 9,jandarmeriei,sector 1,sector 1,bucurești,1
Staer 9,jean alexandru steriade,bucurești neatribuit,bucurești neatribuit,bucurești,1
Staer 9,jiliste,sector 5,sector 5,bucurești,1
Staer 9,jimbolia,sector 1,sector 1,bucurești,6
Staer 9,jirlau,sector 5,sector 5,bucurești,2
Staer 9,jirului,sector 4,sector 4,bucurești,1
Staer 9,jiului,bragadiru,—,ilfov,1
Staer 9,judetului,sector 2,sector 2,bucurești,4
Staer 9,jugureni,bucurești neatribuit,bucurești neatribuit,bucurești,1
Staer 9,jules michelet,bucurești neatribuit,bucurești neatribuit,bucurești,1
Staer 9,labirint,bucurești neatribuit,bucurești neatribuit,bucurești,1
Staer 9,laborator,sector 3,sector 3,bucurești,4
Staer 9,laboratorul,sector 3,sector 3,bucurești,1
Staer 9,lacramioarei,berceni (ilfov),—,ilfov,4
Staer 9,lacul mare,bucurești neatribuit,bucurești neatribuit,bucurești,1
Staer 9,lacul plopului,bucurești neatribuit,bucurești neatribuit,bucurești,1
Staer 9,lacul plopului,sector 5,sector 5,bucurești,2
Staer 9,lacul vlasia,dumbrăveni,—,ilfov,1
Staer 9,laculet,sector 1,sector 1,bucurești,1
Staer 9,lacului,ciorogârla,—,ilfov,2
Staer 9,lacului,stefanesctii de jos,—,ilfov,1
Staer 9,lacului,ștefăneștii de jos,—,ilfov,2
Staer 9,lahovari,balotești,—,ilfov,3
Staer 9,lainici,bucurești neatribuit,bucurești neatribuit,bucurești,1
Staer 9,lalelelor,domnești,—,ilfov,1
Staer 9,lalelelor,dragomirești,—,ilfov,4
Staer 9,lalelor,bragadiru,—,ilfov,1
Staer 9,lalelor,cornetu,—,ilfov,1
Staer 9,lamaitei,bucurești neatribuit,bucurești neatribuit,bucurești,2
Staer 9,lanului,sector 2,sector 2,bucurești,1
Staer 9,laptari tei,sector 2,sector 2,bucurești,1
Staer 9,lastarisului,sector 1,sector 1,bucurești,2
Staer 9,latea,"moara vlasiei,caciulati",—,ilfov,1
Staer 9,latea gheorghe,sector 6,sector 6,bucurești,12
Staer 9,laurentiu raiciu,popești-leordeni,—,ilfov,1
Staer 9,laurului,bucurești neatribuit,bucurești neatribuit,bucurești,1
Staer 9,lavandei,bucurești neatribuit,bucurești neatribuit,bucurești,2
Staer 9,lavandei,sector 4,sector 4,bucurești,1
Staer 9,lavandei,sector 6,sector 6,bucurești,3
Staer 9,lct colonel dumitru papazoglu,sector 3,sector 3,bucurești,1
Staer 9,lct dumitru gaspar,sector 5,sector 5,bucurești,1
Staer 9,lct ghe saidac,sector 6,sector 6,bucurești,1
Staer 9,lct saidac gheorghe,sector 6,sector 6,bucurești,1
Staer 9,leandrului,sector 1,sector 1,bucurești,2
Staer 9,lecca constantin,bucurești neatribuit,bucurești neatribuit,bucurești,1
Staer 9,lectorului,sector 1,sector 1,bucurești,3
Staer 9,leonard murialdo,popești-leordeni,—,ilfov,1
Staer 9,leonardo murialdo,popești-leordeni,—,ilfov,1
Staer 9,leordeni,popești-leordeni,—,ilfov,2
Staer 9,lespezi,sector 5,sector 5,bucurești,1
Staer 9,lev tolstoi,bucurești neatribuit,bucurești neatribuit,bucurești,1
Staer 9,libelulei,măgurele,—,ilfov,1
Staer 9,libertatii,bragadiru,—,ilfov,9
Staer 9,libertatii,bucurești,—,ilfov,1
Staer 9,libertatii,glina,—,ilfov,1
Staer 9,libertatii,jilava,—,ilfov,1
Staer 9,libertatii,ștefăneștii de jos,—,ilfov,7
Staer 9,libertattii,bucurești neatribuit,bucurești neatribuit,bucurești,1
Staer 9,licurici,sector 3,sector 3,bucurești,1
Staer 9,liliacului,afumați,—,ilfov,1
Staer 9,liliacului,bucurești neatribuit,bucurești neatribuit,bucurești,1
Staer 9,liliacului,chitila,—,ilfov,1
Staer 9,liliacului,dragomirești,—,ilfov,1
Staer 9,liliacului,voluntari–pipera,—,ilfov,1
Staer 9,limanului,sector 1,sector 1,bucurești,6
Staer 9,linia de centura dreapta,afumați,—,ilfov,1
Staer 9,linia de centuta,ștefăneștii de jos,—,ilfov,1
Staer 9,linia garii,sintesti,—,ilfov,1
Staer 9,liniei,sector 6,sector 6,bucurești,8
Staer 9,linistei,sector 1,sector 1,bucurești,2
Staer 9,lipova,sector 1,sector 1,bucurești,1
Staer 9,liveni,bucurești neatribuit,bucurești neatribuit,bucurești,1
Staer 9,livezi,cornetu,—,ilfov,4
Staer 9,livezilor,mogoșoaia,—,ilfov,2
Staer 9,livezilor,pantelimon,—,ilfov,3
Staer 9,liviu rebleanu,sector 3,sector 3,bucurești,1
Staer 9,liviu rebreanu,bucurești neatribuit,bucurești neatribuit,bucurești,16
Staer 9,liviu rebreanu,moara vlăsiei,—,ilfov,1
Staer 9,liviu rebreanu,sector 3,sector 3,bucurești,8
Staer 9,liviu rebreanu 6,bucurești neatribuit,bucurești neatribuit,bucurești,1
Staer 9,liviu reebreanu,bucurești neatribuit,bucurești neatribuit,bucurești,1
Staer 9,lizierei,tamasi,—,ilfov,1
Staer 9,loc col constantin marinescu,sector 5,sector 5,bucurești,2
Staer 9,loc col marinescu constantin,bucurești neatribuit,bucurești neatribuit,bucurești,1
Staer 9,loc dumitru papazoglu,sector 3,sector 3,bucurești,1
Staer 9,loc ghe caranda,sector 6,sector 6,bucurești,1
Staer 9,loc ilie campeanu,sector 5,sector 5,bucurești,1
Staer 9,loc saidac gheorghe,sector 6,sector 6,bucurești,1
Staer 9,locot saidac gheorghe,sector 6,sector 6,bucurești,1
Staer 9,logofat luca stroici,bucurești neatribuit,bucurești neatribuit,bucurești,1
Staer 9,logofat udriste,bucurești neatribuit,bucurești neatribuit,bucurești,1
Staer 9,logofat udriste,sector 3,sector 3,bucurești,1
Staer 9,lonea,sector 1,sector 1,bucurești,1
Staer 9,lotioara,bucurești neatribuit,bucurești neatribuit,bucurești,3
Staer 9,lotrioara,sector 3,sector 3,bucurești,2
Staer 9,lotriuara,bucurești neatribuit,bucurești neatribuit,bucurești,1
Staer 9,lotrului,pantelimon,—,ilfov,1
Staer 9,lotusului,măgurele,—,ilfov,1
Staer 9,lt aurel botea,sector 3,sector 3,bucurești,3
Staer 9,lt av aurel botea,bucurești neatribuit,bucurești neatribuit,bucurești,1
Staer 9,lt av gheorghe stalpeanu,bucurești neatribuit,bucurești neatribuit,bucurești,1
Staer 9,lt campeanu,bucurești neatribuit,bucurești neatribuit,bucurești,2
Staer 9,lt col c-tin marinescu,sector 5,sector 5,bucurești,1
Staer 9,lt col constantin marinescu,sector 5,sector 5,bucurești,1
Staer 9,lt col ctin marinescu,sector 5,sector 5,bucurești,1
Staer 9,lt col dumitru raducu durbac,bucurești neatribuit,bucurești neatribuit,bucurești,2
Staer 9,lt col marinecsu constantin,sector 5,sector 5,bucurești,1
Staer 9,lt col papazoglu dumitru,bucurești neatribuit,bucurești neatribuit,bucurești,1
Staer 9,lt col raducu dumitru durbac,sector 1,sector 1,bucurești,1
Staer 9,lt col. c marinescu,sector 5,sector 5,bucurești,1
Staer 9,lt ghe .saidac,sector 6,sector 6,bucurești,1
Staer 9,lt ghe caranda,sector 6,sector 6,bucurești,1
Staer 9,lt ilie campeanu,sector 5,sector 5,bucurești,1
Staer 9,lt popescu alexandru,bucurești neatribuit,bucurești neatribuit,bucurești,1
Staer 9,lt popescu alexandru,sector 3,sector 3,bucurești,1
Staer 9,lt saidac gheorghe,bucurești neatribuit,bucurești neatribuit,bucurești,1
Staer 9,lt saidac gheorghe,sector 6,sector 6,bucurești,1
Staer 9,lt victor manu,sector 2,sector 2,bucurești,1
Staer 9,lt. gheorghe saidac,sector 6,sector 6,bucurești,4
Staer 9,luca craioveanu,sector 5,sector 5,bucurești,1
Staer 9,lucacesti,sector 6,sector 6,bucurești,1
Staer 9,lucaci,bucurești neatribuit,bucurești neatribuit,bucurești,1
Staer 9,luceafarului,chiajan,—,ilfov,1
Staer 9,luceafarului,chiajna–roșu–dudu,—,ilfov,7
Staer 9,luceafarului,domnești,—,ilfov,1
Staer 9,lucretiu patrascanu,sector 3,sector 3,bucurești,3
Staer 9,lucretu patrascanu,sector 3,sector 3,bucurești,1
Staer 9,lucretu patrascau,bucurești neatribuit,bucurești neatribuit,bucurești,1
Staer 9,ludus,sector 1,sector 1,bucurești,1
Staer 9,lugoj,sector 1,sector 1,bucurești,1
Staer 9,luigi cazzavillan,sector 1,sector 1,bucurești,1
Staer 9,luminisului,sector 4,sector 4,bucurești,1
Staer 9,lunca barzest,sector 4,sector 4,bucurești,1
Staer 9,lunca cerului,bucurești neatribuit,bucurești neatribuit,bucurești,1
Staer 9,lunca florilor,săftica,—,ilfov,1
Staer 9,luncii,sector 6,sector 6,bucurești,1
Staer 9,lunii,balotești,—,ilfov,2
Staer 9,luntrei,sector 2,sector 2,bucurești,2
Staer 9,luntreni,sector 5,sector 5,bucurești,1
Staer 9,m bravu,bucurești neatribuit,bucurești neatribuit,bucurești,1
Staer 9,m eminescu,buftea,—,ilfov,1
Staer 9,"m,arului",bucurești neatribuit,bucurești neatribuit,bucurești,1
Staer 9,macesului,balotești,—,ilfov,1
Staer 9,macesului,cornetu,—,ilfov,1
Staer 9,macesului,măgurele,—,ilfov,1
Staer 9,macin,bucurești neatribuit,bucurești neatribuit,bucurești,1
Staer 9,macrisului,bucurești neatribuit,bucurești neatribuit,bucurești,1
Staer 9,macului,berceni (ilfov),—,ilfov,2
Staer 9,macului,sector 1,sector 1,bucurești,1
Staer 9,magnetului,bucurești neatribuit,bucurești neatribuit,bucurești,1
Staer 9,magnoliei,bragadiru,—,ilfov,1
Staer 9,magnoliei,ciorogârla,—,ilfov,1
Staer 9,magnoliei,dragomirești,—,ilfov,1
Staer 9,magnoliei,măgurele,—,ilfov,1
Staer 9,magnoliei,pantelimon,—,ilfov,1
Staer 9,magura odobesti,sector 6,sector 6,bucurești,1
Staer 9,magura vaii,sector 2,sector 2,bucurești,1
Staer 9,maica domnului,sector 2,sector 2,bucurești,2
Staer 9,maica teofana,sector 1,sector 1,bucurești,2
Staer 9,maicanesti,sector 1,sector 1,bucurești,1
Staer 9,maineasca,petrachioaia,—,ilfov,1
Staer 9,maior alexandru campeanu,sector 1,sector 1,bucurești,2
Staer 9,maior bacila,sector 2,sector 2,bucurești,1
Staer 9,maior cara anghel,bucurești neatribuit,bucurești neatribuit,bucurești,1
Staer 9,maior coravu,sector 2,sector 2,bucurești,2
Staer 9,maior coravu ion,bucurești neatribuit,bucurești neatribuit,bucurești,1
Staer 9,maior ion porumbaru,sector 5,sector 5,bucurești,1
Staer 9,maior latea gheorghe,sector 6,sector 6,bucurești,1
Staer 9,malcoci,sector 5,sector 5,bucurești,3
Staer 9,malinului,sector 6,sector 6,bucurești,2
Staer 9,malu spart,bucurești neatribuit,bucurești neatribuit,bucurești,1
Staer 9,malul mare,sector 1,sector 1,bucurești,1
Staer 9,malul mic,sector 1,sector 1,bucurești,1
Staer 9,malureni,bucurești neatribuit,bucurești neatribuit,bucurești,1
Staer 9,manastirea caldarusani,gruiu,—,ilfov,1
Staer 9,manastirea vlad tepes,snagov,—,ilfov,1
Staer 9,manastirii,ciolpani,—,ilfov,1
Staer 9,mandresti,sector 5,sector 5,bucurești,1
Staer 9,manea serban,bucurești neatribuit,bucurești neatribuit,bucurești,1
Staer 9,manesti,buftea,—,ilfov,1
Staer 9,manzului,sector 1,sector 1,bucurești,3
Staer 9,maracineni,bragadiru,—,ilfov,3
Staer 9,maramures,otopeni,—,ilfov,4
Staer 9,marasesti,berceni (ilfov),—,ilfov,1
Staer 9,marasesti,bragadiru,—,ilfov,8
Staer 9,marasesti,brănești,—,ilfov,1
Staer 9,marasesti,sector 4,sector 4,bucurești,1
Staer 9,marasesti,sector 5,sector 5,bucurești,1
Staer 9,marasti,buftea,—,ilfov,1
Staer 9,marcu mihaela ruxandra,sector 6,sector 6,bucurești,1
Staer 9,marea neagra,pantelimon,—,ilfov,1
Staer 9,margaretelor,dragomirești,—,ilfov,1
Staer 9,margaritarului,corbeanca,—,ilfov,1
Staer 9,margaritarului,otopeni,—,ilfov,2
Staer 9,margeanului,balotești,—,ilfov,2
Staer 9,margeanului,sector 5,sector 5,bucurești,18
Staer 9,margeleleor,bragadiru,—,ilfov,1
Staer 9,margelelor,bragadiru,—,ilfov,16
Staer 9,margelelor,bragdiru,—,ilfov,1
Staer 9,margelelor,sector 6,sector 6,bucurești,20
Staer 9,marginei,gruiu,—,ilfov,1
Staer 9,maria cuntan,sector 5,sector 5,bucurești,5
Staer 9,maria ghiculeasa,sector 2,sector 2,bucurești,1
Staer 9,marin constantin,sector 5,sector 5,bucurești,1
Staer 9,marin sorescu,moara vlăsiei,—,ilfov,1
Staer 9,marin sorescu,odaile,—,ilfov,2
Staer 9,marin sorescu,otopeni,—,ilfov,2
Staer 9,marinarilor,sector 1,sector 1,bucurești,1
Staer 9,marinescu constantin,bucurești neatribuit,bucurești neatribuit,bucurești,1
Staer 9,marmurei,sector 1,sector 1,bucurești,1
Staer 9,martinesti,sector 3,sector 3,bucurești,1
Staer 9,martisor/ghidigeni,bragadiru,—,ilfov,1
Staer 9,marului,dobroești,—,ilfov,11
Staer 9,marului,"dobroiesri,fundeni",—,ilfov,1
Staer 9,marului,fundeni,—,ilfov,1
Staer 9,marului,sat fundeni,—,ilfov,1
Staer 9,marului,sector 3,sector 3,bucurești,5
Staer 9,masa tacerii 8,sector 6,sector 6,bucurești,1
Staer 9,masina de paine,sector 2,sector 2,bucurești,11
Staer 9,matache dobrescu,bucurești neatribuit,bucurești neatribuit,bucurești,1
Staer 9,matasei,domnești,—,ilfov,1
Staer 9,matei basarab,berceni (ilfov),—,ilfov,1
Staer 9,matei basarab,otopeni,—,ilfov,1
Staer 9,matei basarab,voluntari–pipera,—,ilfov,1
Staer 9,matei constantin,bucurești neatribuit,bucurești neatribuit,bucurești,1
Staer 9,matei milo,voluntari–pipera,—,ilfov,1
Staer 9,matei voievod,sector 2,sector 2,bucurești,1
Staer 9,matoiului,sector 6,sector 6,bucurești,1
Staer 9,maxim gheorki,bucurești neatribuit,bucurești neatribuit,bucurești,1
Staer 9,md timisoara,sector 6,sector 6,bucurești,1
Staer 9,mecanicilor,sector 6,sector 6,bucurești,1
Staer 9,medic const zlatescu,bucurești neatribuit,bucurești neatribuit,bucurești,1
Staer 9,medic ion tanasescu,bucurești neatribuit,bucurești neatribuit,bucurești,1
Staer 9,medodiei,dobroești,—,ilfov,1
Staer 9,mehadia,sector 6,sector 6,bucurești,4
Staer 9,melinesti,sector 4,sector 4,bucurești,1
Staer 9,melodiei,sector 2,sector 2,bucurești,4
Staer 9,merilor,balotești,—,ilfov,1
Staer 9,merilor,sector 4,sector 4,bucurești,1
Staer 9,mestecanis,sector 5,sector 5,bucurești,2
Staer 9,metro militari,bucurești neatribuit,bucurești neatribuit,bucurești,1
Staer 9,micsunelelor,dragomirești,—,ilfov,3
Staer 9,miercani,bucurești neatribuit,bucurești neatribuit,bucurești,2
Staer 9,mierlari,jilava,—,ilfov,1
Staer 9,mierlei,clinceni,—,ilfov,1
Staer 9,mierlei,măgurele,—,ilfov,1
Staer 9,mierlei,pantelimon,—,ilfov,1
Staer 9,mierlei,tunari,—,ilfov,1
Staer 9,migdalului,sector 6,sector 6,bucurești,1
Staer 9,mihaela ruxandra marcu,sector 6,sector 6,bucurești,4
Staer 9,mihai bravu,bucurești neatribuit,bucurești neatribuit,bucurești,4
Staer 9,mihai bravu,sector 2,sector 2,bucurești,4
Staer 9,mihai bravu,sector 3,sector 3,bucurești,9
Staer 9,mihai eminescu,brănești,—,ilfov,1
Staer 9,mihai eminescu,chiajna–roșu–dudu,—,ilfov,1
Staer 9,mihai eminescu,darasti,—,ilfov,1
Staer 9,mihai eminescu,măgurele,—,ilfov,1
Staer 9,mihai eminescu,otopeni,—,ilfov,1
Staer 9,mihai sebastian,sector 5,sector 5,bucurești,1
Staer 9,mihai viteazu,bucurești neatribuit,bucurești neatribuit,bucurești,1
Staer 9,mihai viteazu,pantelimon,—,ilfov,1
Staer 9,mihai viteazu,tunari,—,ilfov,2
Staer 9,mihai viteazu,voluntari–pipera,—,ilfov,2
Staer 9,mihai voda,sector 5,sector 5,bucurești,2
Staer 9,mihail cioran,sector 5,sector 5,bucurești,1
Staer 9,mihail cioranu,bucurești neatribuit,bucurești neatribuit,bucurești,1
Staer 9,mihail cioranu,sector 5,sector 5,bucurești,1
Staer 9,mihail eminescu,darăști-ilfov,—,ilfov,1
Staer 9,mihail eminescu,sector 1,sector 1,bucurești,1
Staer 9,mihail sadoveanu,ciorogârla,—,ilfov,1
Staer 9,mihail sadoveanu,tancabesti,—,ilfov,1
Staer 9,mihaileni,sector 1,sector 1,bucurești,1
Staer 9,mihaiu bravu,bucurești neatribuit,bucurești neatribuit,bucurești,1
Staer 9,milcov,bucurești neatribuit,bucurești neatribuit,bucurești,1
Staer 9,milcov,măgurele,—,ilfov,2
Staer 9,militari rezidence,chiajna–roșu–dudu,—,ilfov,1
Staer 9,mimozei,sector 1,sector 1,bucurești,1
Staer 9,minervei,sector 1,sector 1,bucurești,3
Staer 9,minis,sector 3,sector 3,bucurești,1
Staer 9,minulescu,sector 3,sector 3,bucurești,1
Staer 9,mioritei,berceni (ilfov),—,ilfov,1
Staer 9,miraslau,măgurele,—,ilfov,2
Staer 9,miraslau,popești-leordeni,—,ilfov,2
Staer 9,miraslau,snagov,—,ilfov,2
Staer 9,mircea cel batran,bucurești neatribuit,bucurești neatribuit,bucurești,1
Staer 9,mircea eliade,voluntari–pipera,—,ilfov,1
Staer 9,mircea voda,afumați,—,ilfov,1
Staer 9,mircea voda,sector 3,sector 3,bucurești,10
Staer 9,mircea vulcanescu,bucurești neatribuit,bucurești neatribuit,bucurești,1
Staer 9,mircea vulcanescu,sector 1,sector 1,bucurești,1
Staer 9,mircesti,bucurești neatribuit,bucurești neatribuit,bucurești,1
Staer 9,mirodeniei,bucurești neatribuit,bucurești neatribuit,bucurești,1
Staer 9,miron cristea,ciorogârla,—,ilfov,1
Staer 9,misca petre,bucurești neatribuit,bucurești neatribuit,bucurești,1
Staer 9,misca petre,sector 5,sector 5,bucurești,2
Staer 9,mistretului,sector 5,sector 5,bucurești,1
Staer 9,mitop andrei saguna,sector 1,sector 1,bucurești,1
Staer 9,mitropolit andrei saguna,sector 1,sector 1,bucurești,2
Staer 9,mitropolit dosfotei,sector 5,sector 5,bucurești,1
Staer 9,mitropolit dosoftei,sector 5,sector 5,bucurești,1
Staer 9,mitropolit iosif,bucurești neatribuit,bucurești neatribuit,bucurești,1
Staer 9,mitropolit nifon,sector 4,sector 4,bucurești,1
Staer 9,mitropolit varlaam,sector 1,sector 1,bucurești,1
Staer 9,mitropolit varlam,bucurești neatribuit,bucurești neatribuit,bucurești,1
Staer 9,mitropolit veniamin costache,bucurești neatribuit,bucurești neatribuit,bucurești,1
Staer 9,mitropolitul andrei saguna,sector 1,sector 1,bucurești,1
Staer 9,mitropolitul iosif,bucurești neatribuit,bucurești neatribuit,bucurești,1
Staer 9,mitropolitul nifon,bucurești neatribuit,bucurești neatribuit,bucurești,1
Staer 9,mitropolitul nifon,sector 4,sector 4,bucurești,1
Staer 9,mixandrei,sector 4,sector 4,bucurești,1
Staer 9,modestiei,sector 1,sector 1,bucurești,2
Staer 9,modoran ene,sector 5,sector 5,bucurești,2
Staer 9,mohorului,sector 6,sector 6,bucurești,14
Staer 9,moinesti,sector 6,sector 6,bucurești,21
Staer 9,moise constantin,sector 6,sector 6,bucurești,2
Staer 9,moldovei,bucurești neatribuit,bucurești neatribuit,bucurești,1
Staer 9,moldovei,sector 1,sector 1,bucurești,1
Staer 9,moldovita,sector 4,sector 4,bucurești,2
Staer 9,molidului,corbeanca,—,ilfov,1
Staer 9,monetariei,bucurești neatribuit,bucurești neatribuit,bucurești,1
Staer 9,monumentul eroilor,clinceni,—,ilfov,2
Staer 9,monumentul eroilor,mogoșoaia,—,ilfov,1
Staer 9,monumentului,bragadiru,—,ilfov,11
Staer 9,monumestului,bragadiru,—,ilfov,1
Staer 9,moreni,ștefăneștii de jos,—,ilfov,1
Staer 9,mosoaia,sector 4,sector 4,bucurești,1
Staer 9,motilor,sector 3,sector 3,bucurești,6
Staer 9,motoc,sector 5,sector 5,bucurești,6
Staer 9,movilei,bragadiru,—,ilfov,4
Staer 9,mr vasile bacila,sector 2,sector 2,bucurești,2
Staer 9,mralexandru campeanu,sector 1,sector 1,bucurești,1
Staer 9,mugurelui,bragadiru,—,ilfov,3
Staer 9,mugurelui,sector 6,sector 6,bucurești,1
Staer 9,munitiei,sector 6,sector 6,bucurești,1
Staer 9,munrtii carpati,sector 5,sector 5,bucurești,1
Staer 9,muntele lung,sector 4,sector 4,bucurești,1
Staer 9,muntele mare,sector 4,sector 4,bucurești,1
Staer 9,munteniei,sector 1,sector 1,bucurești,1
Staer 9,munti carpati,sector 5,sector 5,bucurești,1
Staer 9,muntii carpati,sector 5,sector 5,bucurești,16
Staer 9,muntii gurghiului,sector 6,sector 6,bucurești,2
Staer 9,muntii mehedinti,sector 3,sector 3,bucurești,1
Staer 9,mures,bucurești neatribuit,bucurești neatribuit,bucurești,1
Staer 9,muresana,sector 3,sector 3,bucurești,2
Staer 9,mureseni,bucurești neatribuit,bucurești neatribuit,bucurești,1
Staer 9,murgului,tunari,—,ilfov,1
Staer 9,murguta,bucurești neatribuit,bucurești neatribuit,bucurești,2
Staer 9,murguta,sector 5,sector 5,bucurești,1
Staer 9,murguta,sector 6,sector 6,bucurești,5
Staer 9,musat constantin,bucurești neatribuit,bucurești neatribuit,bucurești,1
Staer 9,musat radulescu,sector 5,sector 5,bucurești,1
Staer 9,musetelului,mogoșoaia,—,ilfov,1
Staer 9,n constantinescu,sector 1,sector 1,bucurești,1
Staer 9,n iorga,bucurești neatribuit,bucurești neatribuit,bucurești,4
Staer 9,n.grigorescu,sector 3,sector 3,bucurești,1
Staer 9,nada florilor,sector 2,sector 2,bucurești,2
Staer 9,nae caramfil,sector 1,sector 1,bucurești,1
Staer 9,nandru,sector 5,sector 5,bucurești,3
Staer 9,narciselor,bucurești neatribuit,bucurești neatribuit,bucurești,1
Staer 9,narciselor,chiajna–roșu–dudu,—,ilfov,2
Staer 9,narciselor,măgurele,—,ilfov,1
Staer 9,narciserlor,chiajna–roșu–dudu,—,ilfov,1
Staer 9,natatiei,sector 1,sector 1,bucurești,1
Staer 9,nazarcea,sector 1,sector 1,bucurești,1
Staer 9,nazuintei,bragadiru,—,ilfov,10
Staer 9,nd cocea,sector 5,sector 5,bucurești,1
Staer 9,neagoe voda,bucurești neatribuit,bucurești neatribuit,bucurești,2
Staer 9,neagoe voda,sector 1,sector 1,bucurești,2
Staer 9,neamului,bragadiru,—,ilfov,17
Staer 9,neatarnarii,sector 1,sector 1,bucurești,1
Staer 9,nedelcu ilie,sector 5,sector 5,bucurești,1
Staer 9,nedeleanu ion,sector 5,sector 5,bucurești,1
Staer 9,negostina,sector 3,sector 3,bucurești,2
Staer 9,negro pontes,afumați,—,ilfov,2
Staer 9,negustorilor,ciolpani,—,ilfov,1
Staer 9,nehoiasi,sector 5,sector 5,bucurești,1
Staer 9,nenitescu costin,sector 6,sector 6,bucurești,1
Staer 9,nera,sector 6,sector 6,bucurești,4
Staer 9,nerei,pantelimon,—,ilfov,2
Staer 9,nerva magazin,sector 3,sector 3,bucurești,1
Staer 9,nichita stanescu,mogosaia,—,ilfov,1
Staer 9,nichita stanescu,mogoșoaia,—,ilfov,1
Staer 9,nichita stanescu,otopeni,—,ilfov,1
Staer 9,nicolae balcescu,cernica,—,ilfov,1
Staer 9,nicolae balcescu,dobroești,—,ilfov,3
Staer 9,nicolae balcescu,moara domneasca,—,ilfov,1
Staer 9,nicolae balcescu,pantelimon,—,ilfov,1
Staer 9,nicolae belerciu,bucurești neatribuit,bucurești neatribuit,bucurești,1
Staer 9,nicolae caranfil,bucurești neatribuit,bucurești neatribuit,bucurești,1
Staer 9,nicolae caranfil,sector 1,sector 1,bucurești,1
Staer 9,nicolae constantinescu,sector 1,sector 1,bucurești,2
Staer 9,nicolae dobrin,bucurești neatribuit,bucurești neatribuit,bucurești,1
Staer 9,nicolae filimon,bucurești neatribuit,bucurești neatribuit,bucurești,3
Staer 9,nicolae filimon,sector 6,sector 6,bucurești,1
Staer 9,nicolae florescu,bucurești neatribuit,bucurești neatribuit,bucurești,1
Staer 9,nicolae golescu,sector 1,sector 1,bucurești,1
Staer 9,nicolae grigorescu,izvorani,—,ilfov,1
Staer 9,nicolae labis,comberceni,—,ilfov,1
Staer 9,nicolae licaret,sector 2,sector 2,bucurești,1
Staer 9,nicolae nicoleanu,sector 1,sector 1,bucurești,2
Staer 9,nicolae oncescu,sector 6,sector 6,bucurești,10
Staer 9,nicolae racota,sector 1,sector 1,bucurești,1
Staer 9,nicolae sebe,sector 3,sector 3,bucurești,1
Staer 9,nicolae titulescu,pantelimin,—,ilfov,1
Staer 9,nicolae titulescu,sector 1,sector 1,bucurești,13
Staer 9,nicole giulesteanu,sector 1,sector 1,bucurești,1
Staer 9,nicopole,bucurești neatribuit,bucurești neatribuit,bucurești,1
Staer 9,niculescu dorobantu,ciorogârla,—,ilfov,1
Staer 9,nifon mitropolitul,sector 4,sector 4,bucurești,1
Staer 9,nisipari,bucurești neatribuit,bucurești neatribuit,bucurești,1
Staer 9,niti vasile,sector 4,sector 4,bucurești,1
Staer 9,nord city pipera,voluntari–pipera,—,ilfov,1
Staer 9,novaci,sector 5,sector 5,bucurești,21
Staer 9,nucilor,cernica,—,ilfov,1
Staer 9,nucilor,dragomirești,—,ilfov,3
Staer 9,nucsoara,sector 6,sector 6,bucurești,10
Staer 9,nucului,chitila,—,ilfov,1
Staer 9,nufarul galben,bucurești neatribuit,bucurești neatribuit,bucurești,2
Staer 9,nuferilor,chiajna–roșu–dudu,—,ilfov,1
Staer 9,nuferilor,domnești,—,ilfov,1
Staer 9,nuferilor,jilava,—,ilfov,2
Staer 9,nuferilor,sector 1,sector 1,bucurești,2
Staer 9,nuvelei,sector 1,sector 1,bucurești,2
Staer 9,oaspetilor,bucurești neatribuit,bucurești neatribuit,bucurești,1
Staer 9,oastei,sector 1,sector 1,bucurești,1
Staer 9,obaie,bragadiru,—,ilfov,4
Staer 9,obcina mare,sector 6,sector 6,bucurești,8
Staer 9,oboga,sector 6,sector 6,bucurești,14
Staer 9,obolului,sector 4,sector 4,bucurești,2
Staer 9,oborului nou,sector 2,sector 2,bucurești,1
Staer 9,occidentului,bucurești neatribuit,bucurești neatribuit,bucurești,2
Staer 9,occidentului,sector 1,sector 1,bucurești,1
Staer 9,oct goga,bucurești neatribuit,bucurești neatribuit,bucurești,1
Staer 9,octav cocarascu,sector 1,sector 1,bucurești,2
Staer 9,octavian,sector 3,sector 3,bucurești,1
Staer 9,octavian goga,berceni (ilfov),—,ilfov,1
Staer 9,odai,bucurești,—,ilfov,1
Staer 9,odaii,jilava,—,ilfov,1
Staer 9,odgonului,bucurești neatribuit,bucurești neatribuit,bucurești,1
Staer 9,odgonului,sector 6,sector 6,bucurești,2
Staer 9,ofrandei,sector 5,sector 5,bucurești,2
Staer 9,ogorului,bucurești neatribuit,bucurești neatribuit,bucurești,1
Staer 9,oian,bucurești neatribuit,bucurești neatribuit,bucurești,1
Staer 9,oian judetul,bucurești neatribuit,bucurești neatribuit,bucurești,1
Staer 9,oinei,bucurești neatribuit,bucurești neatribuit,bucurești,1
Staer 9,oituz,berceni (ilfov),—,ilfov,1
Staer 9,oituz,bucurești neatribuit,bucurești neatribuit,bucurești,2
Staer 9,oituz,otopeni,—,ilfov,2
Staer 9,oituz( se intra prin amurgului),popești-leordeni,—,ilfov,1
Staer 9,olimp,măgurele,—,ilfov,1
Staer 9,olimp,pantelimon,—,ilfov,1
Staer 9,olimpului,sector 4,sector 4,bucurești,1
Staer 9,olteni 2,bucurești neatribuit,bucurești neatribuit,bucurești,1
Staer 9,"olteni, clinceni",domnești,—,ilfov,1
Staer 9,oltetului,bragadiru,—,ilfov,4
Staer 9,oltului,sector 6,sector 6,bucurești,1
Staer 9,oncescu nicolae,sector 6,sector 6,bucurești,1
Staer 9,opalului,bragadiru,—,ilfov,3
Staer 9,opanez,sector 2,sector 2,bucurești,4
Staer 9,opcina mare,bucurești neatribuit,bucurești neatribuit,bucurești,1
Staer 9,oradea,sector 2,sector 2,bucurești,2
Staer 9,ordoreanu,clinceni,—,ilfov,1
Staer 9,orhideei,clinceni,—,ilfov,2
Staer 9,orhideelor,chiajna–roșu–dudu,—,ilfov,18
Staer 9,orhideelor,clinceni,—,ilfov,1
Staer 9,orhideelor,domnești,—,ilfov,1
Staer 9,orhideelor casa 4,voluntari–pipera,—,ilfov,1
Staer 9,orientului,tunari,—,ilfov,2
Staer 9,orion,sector 5,sector 5,bucurești,1
Staer 9,orizonrului,bucurești neatribuit,bucurești neatribuit,bucurești,1
Staer 9,orizontului,bragadiru,—,ilfov,4
Staer 9,orsova,sector 6,sector 6,bucurești,3
Staer 9,ortansei,clinceni,—,ilfov,2
Staer 9,ortansei,domnești,—,ilfov,1
Staer 9,orzari,sector 2,sector 2,bucurești,2
Staer 9,osiris,sector 5,sector 5,bucurești,1
Staer 9,ostasilor,sector 1,sector 1,bucurești,3
Staer 9,ostrov,sector 5,sector 5,bucurești,1
Staer 9,otopeni,bucurești neatribuit,bucurești neatribuit,bucurești,1
Staer 9,ovazului,bucurești neatribuit,bucurești neatribuit,bucurești,1
Staer 9,p-ta mihail kogalniceanu,sector 5,sector 5,bucurești,1
Staer 9,pacii,chiajna–roșu–dudu,—,ilfov,1
Staer 9,pacii,chitila,—,ilfov,2
Staer 9,pacii,dragomirești,—,ilfov,1
Staer 9,padesu,sector 4,sector 4,bucurești,4
Staer 9,padesul,bucurești neatribuit,bucurești neatribuit,bucurești,1
Staer 9,padisu,sector 4,sector 4,bucurești,1
Staer 9,padurarilor,bucurești neatribuit,bucurești neatribuit,bucurești,1
Staer 9,padure,sector 6,sector 6,bucurești,1
Staer 9,padurea cu tei,sat gulia,—,ilfov,1
Staer 9,padurea neagra,voluntari–pipera,—,ilfov,1
Staer 9,paduretu,sector 6,sector 6,bucurești,3
Staer 9,padurii,chiajna–roșu–dudu,—,ilfov,3
Staer 9,padurii,copaceni,—,ilfov,2
Staer 9,padurii,sector 1,sector 1,bucurești,1
Staer 9,paduroiu,sector 4,sector 4,bucurești,2
Staer 9,paharnicului,bucurești neatribuit,bucurești neatribuit,bucurești,2
Staer 9,pajistei,sector 4,sector 4,bucurești,2
Staer 9,pajura,sector 1,sector 1,bucurești,1
Staer 9,pajurei,bucurești neatribuit,bucurești neatribuit,bucurești,1
Staer 9,pajurei,sector 1,sector 1,bucurești,2
Staer 9,pajurei,sector 6,sector 6,bucurești,1
Staer 9,pajustei,sector 4,sector 4,bucurești,1
Staer 9,palisandrului,bucurești neatribuit,bucurești neatribuit,bucurești,1
Staer 9,pamfil seicaru,bucurești neatribuit,bucurești neatribuit,bucurești,1
Staer 9,pamfil seicaru,ciorogârla,—,ilfov,1
Staer 9,panait cerna,sector 3,sector 3,bucurești,3
Staer 9,panciu,bucurești neatribuit,bucurești neatribuit,bucurești,1
Staer 9,panduri,bucurești neatribuit,bucurești neatribuit,bucurești,1
Staer 9,panduri,rudeni,—,ilfov,1
Staer 9,panduri,sector 5,sector 5,bucurești,2
Staer 9,panselelor,cornetu,—,ilfov,4
Staer 9,pantazica gabriel,popești-leordeni,—,ilfov,1
Staer 9,pantelimon,sector 2,sector 2,bucurești,9
Staer 9,papazoglu dumitru,bucurești neatribuit,bucurești neatribuit,bucurești,1
Staer 9,papiu ilarian,bucurești neatribuit,bucurești neatribuit,bucurești,1
Staer 9,paradisul verde,tunari,—,ilfov,1
Staer 9,parafinei,sector 6,sector 6,bucurești,1
Staer 9,paralutelor,sector 6,sector 6,bucurești,5
Staer 9,parangului,sector 1,sector 1,bucurești,1
Staer 9,parapetului,bucurești neatribuit,bucurești neatribuit,bucurești,2
Staer 9,pararutelor,sector 6,sector 6,bucurești,1
Staer 9,paraschiva gherghel,sector 6,sector 6,bucurești,1
Staer 9,parc industrial,dragomirești,—,ilfov,1
Staer 9,parcului,bragadiru,—,ilfov,1
Staer 9,parcului,corbeanca,—,ilfov,1
Staer 9,parcului,sector 1,sector 1,bucurești,2
Staer 9,parcului,snagov,—,ilfov,1
Staer 9,parcului,tamasi,—,ilfov,1
Staer 9,parcului,ștefăneștii de jos,—,ilfov,2
Staer 9,parfumului,bragadiru,—,ilfov,10
Staer 9,parfumului,domnești,—,ilfov,1
Staer 9,pargarilor,sector 2,sector 2,bucurești,2
Staer 9,partiturii,sector 6,sector 6,bucurești,2
Staer 9,partizabilor,sector 6,sector 6,bucurești,1
Staer 9,partizanilor,sector 6,sector 6,bucurești,4
Staer 9,parului,dobroești,—,ilfov,1
Staer 9,pasarea de aur,sector 6,sector 6,bucurești,1
Staer 9,pascani,voluntari–pipera,—,ilfov,1
Staer 9,pastorului,sector 2,sector 2,bucurești,1
Staer 9,patriotilor,sector 3,sector 3,bucurești,4
Staer 9,paunului,mogoșoaia,—,ilfov,1
Staer 9,pavlicheni,popești-leordeni,—,ilfov,6
Staer 9,pavlichieni,popești-leordeni,—,ilfov,1
Staer 9,pecetei,sector 1,sector 1,bucurești,2
Staer 9,pecineaga,sector 5,sector 5,bucurești,5
Staer 9,peciu nou,sector 5,sector 5,bucurești,1
Staer 9,peles,sector 3,sector 3,bucurești,1
Staer 9,pelicanului,tunari,—,ilfov,2
Staer 9,pelungirea ghencea,bucurești neatribuit,bucurești neatribuit,bucurești,1
Staer 9,peluzei,bucurești neatribuit,bucurești neatribuit,bucurești,1
Staer 9,pereni,sector 5,sector 5,bucurești,3
Staer 9,performantei,bucurești neatribuit,bucurești neatribuit,bucurești,1
Staer 9,performantei,sector 6,sector 6,bucurești,1
Staer 9,perinita,bucurești neatribuit,bucurești neatribuit,bucurești,1
Staer 9,peris,sector 2,sector 2,bucurești,1
Staer 9,perlelor,bragadiru,—,ilfov,1
Staer 9,pescarilor,sector 2,sector 2,bucurești,4
Staer 9,pescarusului,sector 2,sector 2,bucurești,2
Staer 9,pestera scarisoara,sector 6,sector 6,bucurești,3
Staer 9,pestilor,măgurele,—,ilfov,1
Staer 9,petre paun,bucurești neatribuit,bucurești neatribuit,bucurești,2
Staer 9,petre paun,sector 5,sector 5,bucurești,2
Staer 9,petru maior,bucurești neatribuit,bucurești neatribuit,bucurești,1
Staer 9,petru rares,sector 1,sector 1,bucurești,2
Staer 9,piata alba iulia,bucurești neatribuit,bucurești neatribuit,bucurești,1
Staer 9,piata amzei,sector 1,sector 1,bucurești,2
Staer 9,piata mihail kogalniceanu,bucurești neatribuit,bucurești neatribuit,bucurești,1
Staer 9,piata pache,bucurești neatribuit,bucurești neatribuit,bucurești,1
Staer 9,piata romana,sector 1,sector 1,bucurești,1
Staer 9,piata walter maracineanu,sector 1,sector 1,bucurești,1
Staer 9,piatra morii,bucurești neatribuit,bucurești neatribuit,bucurești,1
Staer 9,piatra rosie,bucurești neatribuit,bucurești neatribuit,bucurești,1
Staer 9,picopan,bucurești neatribuit,bucurești neatribuit,bucurești,1
Staer 9,pictor alexandru romano,sector 2,sector 2,bucurești,1
Staer 9,pictor stefan dumitrescu,sector 4,sector 4,bucurești,3
Staer 9,pictor victor brauner,sector 3,sector 3,bucurești,2
Staer 9,pictor victor braunner,sector 3,sector 3,bucurești,1
Staer 9,pictotr stefan dimitrescu,sector 4,sector 4,bucurești,1
Staer 9,piersicului,corbeanca,—,ilfov,1
Staer 9,pietei,sector 1,sector 1,bucurești,5
Staer 9,pietroselului,sector 3,sector 3,bucurești,1
Staer 9,pietrosita,sector 1,sector 1,bucurești,1
Staer 9,pinului,chitila,—,ilfov,1
Staer 9,pinului,ciolpani,—,ilfov,1
Staer 9,pinului,cornetu,—,ilfov,1
Staer 9,pipera,voluntari–pipera,—,ilfov,1
Staer 9,pipera tunari,voluntari–pipera,—,ilfov,1
Staer 9,piscul crasani,sector 6,sector 6,bucurești,18
Staer 9,piscului,corbeanca,—,ilfov,1
Staer 9,piscului,sector 4,sector 4,bucurești,3
Staer 9,piscului crasani,sector 6,sector 6,bucurești,1
Staer 9,pitar mos,sector 1,sector 1,bucurești,1
Staer 9,pl maj marin pazon,sector 3,sector 3,bucurești,1
Staer 9,pl major marin pazon,sector 3,sector 3,bucurești,1
Staer 9,pl petre ionescu,bucurești neatribuit,bucurești neatribuit,bucurești,1
Staer 9,pl petre ionescu,sector 3,sector 3,bucurești,2
Staer 9,plaiul muntelui,sector 1,sector 1,bucurești,6
Staer 9,plantelor,bucurești neatribuit,bucurești neatribuit,bucurești,1
Staer 9,plantelor,sector 2,sector 2,bucurești,1
Staer 9,plevnei,bragadiru,—,ilfov,2
Staer 9,plevnei,sector 6,sector 6,bucurești,2
Staer 9,plopilor,berceni (ilfov),—,ilfov,1
Staer 9,plopilor,darasti,—,ilfov,1
Staer 9,plopilor,snagov,—,ilfov,1
Staer 9,plt petre ionescu,sector 3,sector 3,bucurești,1
Staer 9,plt radu gheorghe,sector 3,sector 3,bucurești,1
Staer 9,plugusor,sector 2,sector 2,bucurești,1
Staer 9,plut ionescu d petre,bucurești neatribuit,bucurești neatribuit,bucurești,1
Staer 9,plutasilor,sector 1,sector 1,bucurești,2
Staer 9,plutonier nedelcu ion,sector 3,sector 3,bucurești,1
Staer 9,plutonier petre ionescu,bucurești neatribuit,bucurești neatribuit,bucurești,1
Staer 9,podgoriei,dascălu,—,ilfov,1
Staer 9,podisor,bragadiru,—,ilfov,1
Staer 9,podisor,buda,—,ilfov,1
Staer 9,podu cristinii,bucurești neatribuit,bucurești neatribuit,bucurești,1
Staer 9,podul de fier,caciulati,—,ilfov,1
Staer 9,podul neagului,bucurești neatribuit,bucurești neatribuit,bucurești,1
Staer 9,podului,sector 1,sector 1,bucurești,1
Staer 9,poenari,bucurești neatribuit,bucurești neatribuit,bucurești,1
Staer 9,poeni,mogoșoaia,—,ilfov,1
Staer 9,poenita,sector 5,sector 5,bucurești,1
Staer 9,poet george tarnea,pantelimon,—,ilfov,1
Staer 9,poet theodor neculuta,sector 2,sector 2,bucurești,1
Staer 9,poetului,sector 1,sector 1,bucurești,1
Staer 9,poiana cu aluni,bucurești neatribuit,bucurești neatribuit,bucurești,1
Staer 9,poiana cu aluni,sector 2,sector 2,bucurești,2
Staer 9,poiana narciselor,domnești,—,ilfov,1
Staer 9,poienita,bucurești neatribuit,bucurești neatribuit,bucurești,1
Staer 9,poienitei,gradistea,—,ilfov,1
Staer 9,policlinicii,ciorogârla,—,ilfov,1
Staer 9,poligonului,măgurele,—,ilfov,1
Staer 9,polona,otopeni,—,ilfov,1
Staer 9,polona,sector 1,sector 1,bucurești,1
Staer 9,pomarla,sector 4,sector 4,bucurești,1
Staer 9,pompiliu manoliu,sector 2,sector 2,bucurești,1
Staer 9,pompiliu stefu,voluntari–pipera,—,ilfov,1
Staer 9,pontonierilor,bucurești neatribuit,bucurești neatribuit,bucurești,1
Staer 9,popa florea,bucurești neatribuit,bucurești neatribuit,bucurești,1
Staer 9,popa nan,sector 2,sector 2,bucurești,3
Staer 9,popa nicolae,sector 2,sector 2,bucurești,1
Staer 9,popa sapca,voluntari–pipera,—,ilfov,1
Staer 9,popa savu,sector 1,sector 1,bucurești,1
Staer 9,popa stoica farcas,sector 3,sector 3,bucurești,2
Staer 9,popa tatu,sector 1,sector 1,bucurești,1
Staer 9,popasului,bucurești neatribuit,bucurești neatribuit,bucurești,4
Staer 9,popasului,voluntari–pipera,—,ilfov,2
Staer 9,popeia corneliu,sector 5,sector 5,bucurești,1
Staer 9,popesti romani,popești-leordeni,—,ilfov,1
Staer 9,popesti vest,popești-leordeni,—,ilfov,16
Staer 9,porumbacul,sector 6,sector 6,bucurești,1
Staer 9,porunmbacu,bucurești neatribuit,bucurești neatribuit,bucurești,1
Staer 9,postalionului,bucurești neatribuit,bucurești neatribuit,bucurești,1
Staer 9,postalionului,sector 4,sector 4,bucurești,18
Staer 9,postasului,bucurești neatribuit,bucurești neatribuit,bucurești,4
Staer 9,postasului,sector 3,sector 3,bucurești,13
Staer 9,poteras,bucurești neatribuit,bucurești neatribuit,bucurești,1
Staer 9,povernei,bucurești neatribuit,bucurești neatribuit,bucurești,1
Staer 9,povesti vest,popești-leordeni,—,ilfov,1
Staer 9,prahova,bucurești neatribuit,bucurești neatribuit,bucurești,1
Staer 9,prahova,sector 1,sector 1,bucurești,2
Staer 9,prasilei,sector 4,sector 4,bucurești,1
Staer 9,pravat,sector 6,sector 6,bucurești,18
Staer 9,preciziei,sector 6,sector 6,bucurești,10
Staer 9,preda buzescu,sector 4,sector 4,bucurești,1
Staer 9,prelungirea dealul verde,bucurești neatribuit,bucurești neatribuit,bucurești,1
Staer 9,prelungirea dealul verde,vidra,—,ilfov,2
Staer 9,prelungirea garii catelu,sector 3,sector 3,bucurești,1
Staer 9,prelungirea ghencea,bragadiru,—,ilfov,1
Staer 9,prelungirea ghencea,bragdiru,—,ilfov,1
Staer 9,prelungirea ghencea,cartierul latin,—,ilfov,2
Staer 9,prelungirea ungirea ferentari,sector 5,sector 5,bucurești,4
Staer 9,prelungirea ungirea fieni,balotești,—,ilfov,1
Staer 9,prelungirea ungirea ghencea,bragadiru,—,ilfov,49
Staer 9,prelungirea ungirea ghencea,domnești,—,ilfov,1
Staer 9,prelungirea ungirea ghencea,sector 6,sector 6,bucurești,139
Staer 9,prelungirea ungirea ghencea ( cartier latin ),sector 6,sector 6,bucurești,1
Staer 9,prelungirea ungirea ghncea,sector 6,sector 6,bucurești,1
Staer 9,preot sebe costin,chiajna–roșu–dudu,—,ilfov,7
Staer 9,presei,sector 1,sector 1,bucurești,1
Staer 9,pribeagului,sector 5,sector 5,bucurești,1
Staer 9,priboiului,bucurești neatribuit,bucurești neatribuit,bucurești,1
Staer 9,prieteniei,ciorogârla,—,ilfov,1
Staer 9,prieteniei,sector 3,sector 3,bucurești,1
Staer 9,primaverii,1 decembrie,—,ilfov,1
Staer 9,primaverii,balaceanca,—,ilfov,1
Staer 9,primaverii,bragadiru,—,ilfov,3
Staer 9,primaverii,bucurești neatribuit,bucurești neatribuit,bucurești,2
Staer 9,primaverii,corbeanca,—,ilfov,2
Staer 9,primaverii,malul spart,—,ilfov,1
Staer 9,primaverii,otopeni,—,ilfov,2
Staer 9,primaverii,periș,—,ilfov,1
Staer 9,primaverii,sat 1decembrie,—,ilfov,1
Staer 9,primaverii,tunari,—,ilfov,3
Staer 9,prinosului,sector 4,sector 4,bucurești,1
Staer 9,privighetorilor,balotești,—,ilfov,1
Staer 9,privighetorilor,domnești,—,ilfov,3
Staer 9,privighetorilor,măgurele,—,ilfov,1
Staer 9,privighetorilor,otopeni,—,ilfov,1
Staer 9,prl ghencea,bucurești neatribuit,bucurești neatribuit,bucurești,4
Staer 9,prl ghencea,sector 6,sector 6,bucurești,1
Staer 9,prof dr s nicolau,bucurești neatribuit,bucurești neatribuit,bucurești,1
Staer 9,prometeu,sector 1,sector 1,bucurești,2
Staer 9,prunaru,bucurești neatribuit,bucurești neatribuit,bucurești,2
Staer 9,prunilor,măgurele,—,ilfov,2
Staer 9,prunului,corbeanca,—,ilfov,1
Staer 9,pscani,sector 6,sector 6,bucurești,1
Staer 9,pta alba iulia,sector 3,sector 3,bucurești,1
Staer 9,pta romana,sector 1,sector 1,bucurești,1
Staer 9,puccini giaccomo,bucurești neatribuit,bucurești neatribuit,bucurești,1
Staer 9,pufulet,chiajna–roșu–dudu,—,ilfov,1
Staer 9,puietilor,bucurești neatribuit,bucurești neatribuit,bucurești,1
Staer 9,puscasului,sector 1,sector 1,bucurești,1
Staer 9,putna,otopeni,—,ilfov,2
Staer 9,putul cu tei,sector 4,sector 4,bucurești,1
Staer 9,putul de piatra,sector 1,sector 1,bucurești,1
Staer 9,putul lui zamfir,bucurești neatribuit,bucurești neatribuit,bucurești,1
Staer 9,puțul cu roată,sector 3,sector 3,bucurești,1
Staer 9,radna,bucurești neatribuit,bucurești neatribuit,bucurești,2
Staer 9,radna,sector 6,sector 6,bucurești,1
Staer 9,radovanu,sector 2,sector 2,bucurești,8
Staer 9,radu boiangiu,sector 1,sector 1,bucurești,2
Staer 9,radu constantin,sector 5,sector 5,bucurești,1
Staer 9,radu dudescu,bucurești neatribuit,bucurești neatribuit,bucurești,1
Staer 9,radu popescu,sector 1,sector 1,bucurești,1
Staer 9,radulescu musat,sector 5,sector 5,bucurești,1
Staer 9,radului,domnești,—,ilfov,3
Staer 9,radului,sector 4,sector 4,bucurești,4
Staer 9,rahmaninov,sector 1,sector 1,bucurești,1
Staer 9,rahovei,bragadiru,—,ilfov,1
Staer 9,ramnicu valcea,sector 3,sector 3,bucurești,3
Staer 9,ramura jiului,sector 6,sector 6,bucurești,2
Staer 9,rarau,bucurești neatribuit,bucurești neatribuit,bucurești,1
Staer 9,rarau,sector 3,sector 3,bucurești,1
Staer 9,rasadnitei,sector 6,sector 6,bucurești,1
Staer 9,rasaritului,chiajna–roșu–dudu,—,ilfov,3
Staer 9,rasaritului,ciorogârla,—,ilfov,1
Staer 9,rasaritului,pantelimon,—,ilfov,1
Staer 9,rasaritului,sector 6,sector 6,bucurești,11
Staer 9,rascoala,bucurești neatribuit,bucurești neatribuit,bucurești,1
Staer 9,rascoala 1907,sector 2,sector 2,bucurești,4
Staer 9,rascoalei 1907,pantilimon,—,ilfov,1
Staer 9,rasnov,sector 2,sector 2,bucurești,1
Staer 9,raspantiilor,bucurești neatribuit,bucurești neatribuit,bucurești,1
Staer 9,raspantiilor,sector 2,sector 2,bucurești,2
Staer 9,raul dorna,sector 6,sector 6,bucurești,7
Staer 9,raul soimului,sector 4,sector 4,bucurești,1
Staer 9,raul vedea,bragadiru,—,ilfov,8
Staer 9,raul vedea,sector 4,sector 4,bucurești,1
Staer 9,raului,măgurele,—,ilfov,2
Staer 9,rauseni,sector 2,sector 2,bucurești,1
Staer 9,razboieni,buftea,—,ilfov,1
Staer 9,razoare,sector 6,sector 6,bucurești,1
Staer 9,razoare,snagov,—,ilfov,1
Staer 9,rediu,bucurești neatribuit,bucurești neatribuit,bucurești,1
Staer 9,redutei,bucurești neatribuit,bucurești neatribuit,bucurești,1
Staer 9,referenului,sector 2,sector 2,bucurești,1
Staer 9,regina elena,1 decembrie,—,ilfov,1
Staer 9,regina elisabeta,decembrie,—,ilfov,1
Staer 9,renasterii,sector 1,sector 1,bucurești,1
Staer 9,republicii,dragomiressti deal,—,ilfov,1
Staer 9,republicii,dragomirești,—,ilfov,3
Staer 9,retortei,sector 1,sector 1,bucurești,2
Staer 9,revoluti,darăști-ilfov,—,ilfov,1
Staer 9,revolutiei,măgurele,—,ilfov,1
Staer 9,rezervelor,chiajna–roșu–dudu,—,ilfov,101
Staer 9,rezervelor,sector 6,sector 6,bucurești,27
Staer 9,rezonantei,sector 4,sector 4,bucurești,2
Staer 9,ricinului,sector 2,sector 2,bucurești,1
Staer 9,ripiceni,sector 2,sector 2,bucurești,8
Staer 9,ritmului,sector 2,sector 2,bucurești,2
Staer 9,rocadei,sector 1,sector 1,bucurești,1
Staer 9,roma,bucurești neatribuit,bucurești neatribuit,bucurești,1
Staer 9,roma,sector 1,sector 1,bucurești,2
Staer 9,roman,sector 5,sector 5,bucurești,1
Staer 9,romanitei,"dumitrana, pruni",—,ilfov,1
Staer 9,rombului,bucurești neatribuit,bucurești neatribuit,bucurești,1
Staer 9,rondului,domnești,—,ilfov,1
Staer 9,rosetu,bucurești neatribuit,bucurești neatribuit,bucurești,1
Staer 9,rosianu,bucurești neatribuit,bucurești neatribuit,bucurești,1
Staer 9,rosiori de vede,bucurești neatribuit,bucurești neatribuit,bucurești,1
Staer 9,rosiori de vede,sector 6,sector 6,bucurești,2
Staer 9,rosiori e vede,sector 6,sector 6,bucurești,1
Staer 9,rosiorii de vede,bucurești neatribuit,bucurești neatribuit,bucurești,1
Staer 9,rotasului,sector 1,sector 1,bucurești,8
Staer 9,rotasului,sector 6,sector 6,bucurești,1
Staer 9,rovina,măgurele,—,ilfov,1
Staer 9,rovine,măgurele,—,ilfov,1
Staer 9,rovine,sector 2,sector 2,bucurești,3
Staer 9,rozelor,periș,—,ilfov,1
Staer 9,rozetului,bucurești neatribuit,bucurești neatribuit,bucurești,1
Staer 9,rubinului,bragadiru,—,ilfov,8
Staer 9,rubinului,domnești,—,ilfov,1
Staer 9,rucar,sector 1,sector 1,bucurești,1
Staer 9,rumeoara,bucurești neatribuit,bucurești neatribuit,bucurești,1
Staer 9,runcu,sector 4,sector 4,bucurești,1
Staer 9,rusetu,bucurești neatribuit,bucurești neatribuit,bucurești,1
Staer 9,rusetu,sector 6,sector 6,bucurești,2
Staer 9,sabarului,măgurele,—,ilfov,2
Staer 9,sabinelor,sector 5,sector 5,bucurești,7
Staer 9,sacele,sector 1,sector 1,bucurești,2
Staer 9,sachelarie visarion,sector 2,sector 2,bucurești,1
Staer 9,safirului,bragadiru,—,ilfov,43
Staer 9,safirului,bragdiru,—,ilfov,1
Staer 9,safirului,bucurești neatribuit,bucurești neatribuit,bucurești,1
Staer 9,safirului,sector 6,sector 6,bucurești,1
Staer 9,sagetatorului,domnești,—,ilfov,1
Staer 9,saidac gheorghe,bucurești neatribuit,bucurești neatribuit,bucurești,1
Staer 9,saidac gheorghe,sector 6,sector 6,bucurești,1
Staer 9,salaj,sector 5,sector 5,bucurești,16
Staer 9,salcamilor,chiajna–roșu–dudu,—,ilfov,16
Staer 9,salcamilor,ciorogârla,—,ilfov,1
Staer 9,salcamilor,cornetu,—,ilfov,4
Staer 9,salcamilor,dragomirești,—,ilfov,1
Staer 9,salcamilor,jilava,—,ilfov,1
Staer 9,salcamului,dobroești,—,ilfov,1
Staer 9,salcamului,jilava,—,ilfov,1
Staer 9,salciei,bragadiru,—,ilfov,3
Staer 9,salciei,chitila,—,ilfov,1
Staer 9,salciei,domnești,—,ilfov,1
Staer 9,salciei,dragomirești,—,ilfov,1
Staer 9,salva,sector 1,sector 1,bucurești,1
Staer 9,salviei,bucurești neatribuit,bucurești neatribuit,bucurești,1
Staer 9,salviei,sector 5,sector 5,bucurești,1
Staer 9,samoila dumitru,sector 4,sector 4,bucurești,4
Staer 9,samoila risipitu,sector 5,sector 5,bucurești,1
Staer 9,sandulescu c ameilcar,sector 6,sector 6,bucurești,1
Staer 9,sandulesti,sector 6,sector 6,bucurești,4
Staer 9,sangerului,sector 6,sector 6,bucurești,1
Staer 9,santierului,buftea,—,ilfov,2
Staer 9,sanzienei,bucurești neatribuit,bucurești neatribuit,bucurești,1
Staer 9,sapatarului,sector 2,sector 2,bucurești,1
Staer 9,sapientei,bucurești neatribuit,bucurești neatribuit,bucurești,1
Staer 9,saradei,sector 1,sector 1,bucurești,4
Staer 9,sarbi,bucurești neatribuit,bucurești neatribuit,bucurești,1
Staer 9,sarbilor,măgurele,—,ilfov,1
Staer 9,sarbu constantin,chiajna–roșu–dudu,—,ilfov,1
Staer 9,sarmis,bragadiru,—,ilfov,1
Staer 9,sarmisegetuza,snagov,—,ilfov,2
Staer 9,sat cocani,crevedia,—,ilfov,1
Staer 9,"sat cretuleasca, str salcamului",ștefăneștii de jos,—,ilfov,1
Staer 9,sat dudu,chiajna–roșu–dudu,—,ilfov,1
Staer 9,sat rosu,bucurești neatribuit,bucurești neatribuit,bucurești,1
Staer 9,satelitului,bucurești neatribuit,bucurești neatribuit,bucurești,1
Staer 9,saturn,bucurești neatribuit,bucurești neatribuit,bucurești,1
Staer 9,saturn,pantelimon,—,ilfov,1
Staer 9,saveni,sector 1,sector 1,bucurești,1
Staer 9,savinesti,sector 4,sector 4,bucurești,1
Staer 9,sbl ionescu ghe,bucurești neatribuit,bucurești neatribuit,bucurești,1
Staer 9,scarisoara,bucurești neatribuit,bucurești neatribuit,bucurești,1
Staer 9,scarlat lambrino,voluntari–pipera,—,ilfov,1
Staer 9,scarlat otulescu,sector 5,sector 5,bucurești,1
Staer 9,schiorilor,bucurești neatribuit,bucurești neatribuit,bucurești,1
Staer 9,schitul magureanu,sector 1,sector 1,bucurești,1
Staer 9,schitului,sector 3,sector 3,bucurești,6
Staer 9,scolii,chitila,—,ilfov,1
Staer 9,scolii,ciorogârla,—,ilfov,1
Staer 9,scolii,corbeanca,—,ilfov,2
Staer 9,scolii,"sat piteasca, com ganeasa",—,ilfov,1
Staer 9,sculptorilor,sector 6,sector 6,bucurești,1
Staer 9,secuilor,sector 4,sector 4,bucurești,8
Staer 9,seg cutieru alexandru,sector 6,sector 6,bucurești,1
Staer 9,seg maj dumitru samoila,bucurești neatribuit,bucurești neatribuit,bucurești,1
Staer 9,segarcea,sector 6,sector 6,bucurești,7
Staer 9,semanaorului,sector 5,sector 5,bucurești,1
Staer 9,senatorilor,mogoșoaia,—,ilfov,1
Staer 9,ser.ilie petre,chiajna–roșu–dudu,—,ilfov,1
Staer 9,serban bogdan,bucurești neatribuit,bucurești neatribuit,bucurești,1
Staer 9,serban bogdan stan,sector 5,sector 5,bucurești,1
Staer 9,serban cantacuzino,voluntari–pipera,—,ilfov,1
Staer 9,serbesti,sector 5,sector 5,bucurești,1
Staer 9,serbota,bucurești neatribuit,bucurești neatribuit,bucurești,2
Staer 9,serbota,sector 5,sector 5,bucurești,2
Staer 9,serbota,sector 6,sector 6,bucurești,1
Staer 9,serelor,berceni (ilfov),—,ilfov,2
Staer 9,serg alex cutieru,sector 6,sector 6,bucurești,1
Staer 9,serg alex cutierul,sector 6,sector 6,bucurești,4
Staer 9,serg alexandru cutieru,sector 6,sector 6,bucurești,5
Staer 9,serg alexandru cutierul,sector 6,sector 6,bucurești,3
Staer 9,serg apostol comstantin,sector 6,sector 6,bucurești,1
Staer 9,serg apostol constantin,sector 6,sector 6,bucurești,11
Staer 9,serg const apostol,sector 6,sector 6,bucurești,1
Staer 9,serg constantin apostol,sector 6,sector 6,bucurești,1
Staer 9,serg cutieru alexandru,sector 6,sector 6,bucurești,1
Staer 9,serg cutierul alexandru,sector 6,sector 6,bucurești,1
Staer 9,serg dumitru tablan,sector 5,sector 5,bucurești,1
Staer 9,serg ghe iorga,bucurești neatribuit,bucurești neatribuit,bucurești,1
Staer 9,serg gheorghe latea,sector 6,sector 6,bucurești,1
Staer 9,serg ilie patre,chiajna–roșu–dudu,—,ilfov,1
Staer 9,serg ilie petre,chiajna–roșu–dudu,—,ilfov,15
Staer 9,serg ilie petre,chijna,—,ilfov,1
Staer 9,serg ilie petre,sector 6,sector 6,bucurești,1
Staer 9,serg ion nutu,sector 5,sector 5,bucurești,1
Staer 9,serg ion pechiu,sector 4,sector 4,bucurești,1
Staer 9,serg iriceanu ion,bucurești neatribuit,bucurești neatribuit,bucurești,2
Staer 9,serg maj c-tin musat,bucurești neatribuit,bucurești neatribuit,bucurești,1
Staer 9,serg maj gheorghe iorga,sector 5,sector 5,bucurești,1
Staer 9,serg maj ion nedeleanu,sector 5,sector 5,bucurești,1
Staer 9,serg major vasile topliceanu,sector 5,sector 5,bucurești,1
Staer 9,serg moise constantin,sector 6,sector 6,bucurești,1
Staer 9,serg nutu ion,sector 5,sector 5,bucurești,2
Staer 9,serg turturica,sector 5,sector 5,bucurești,1
Staer 9,sergent apostol constantin,sector 6,sector 6,bucurești,1
Staer 9,sergent cutieru alexandru,sector 6,sector 6,bucurești,2
Staer 9,sergent cutierul alexandru,sector 6,sector 6,bucurești,1
Staer 9,sergent ilie petre,chiajna–roșu–dudu,—,ilfov,5
Staer 9,sergent ion nutu,sector 5,sector 5,bucurești,1
Staer 9,sergent major gheorge iorga,bucurești neatribuit,bucurești neatribuit,bucurești,1
Staer 9,sergent nutu ion,sector 5,sector 5,bucurești,1
Staer 9,sergent scarlat,sector 5,sector 5,bucurești,1
Staer 9,sergent turturica,bucurești neatribuit,bucurești neatribuit,bucurești,1
Staer 9,sergent turturica,sector 5,sector 5,bucurești,1
Staer 9,serii,sector 2,sector 2,bucurești,1
Staer 9,serobota,bucurești neatribuit,bucurești neatribuit,bucurești,1
Staer 9,sf andrei,domnești,—,ilfov,1
Staer 9,sf const si elena,bucurești neatribuit,bucurești neatribuit,bucurești,1
Staer 9,sf gheorghe,glina,—,ilfov,1
Staer 9,sf gheorghe,popești-leordeni,—,ilfov,2
Staer 9,sf gheorghe,sector 1,sector 1,bucurești,1
Staer 9,sf gheorghe,sector 2,sector 2,bucurești,1
Staer 9,sf ioan,copaceni,—,ilfov,1
Staer 9,sf maria,sector 1,sector 1,bucurești,1
Staer 9,sf niceta,sector 2,sector 2,bucurești,1
Staer 9,sf nicolae,chiajna–roșu–dudu,—,ilfov,1
Staer 9,sf petru,glina,—,ilfov,2
Staer 9,sf.nicolaie,chiajna–roșu–dudu,—,ilfov,1
Staer 9,sfanta agnes,popești-leordeni,—,ilfov,2
Staer 9,sfantul constantin,sector 1,sector 1,bucurești,1
Staer 9,sfantul elefterie,bucurești neatribuit,bucurești neatribuit,bucurești,1
Staer 9,sfantul nicolae,popești-leordeni,—,ilfov,1
Staer 9,sfintii const si elena,domnești,—,ilfov,2
Staer 9,sfintii constantin si elena,domnești,—,ilfov,1
Staer 9,sg al cutieru,sector 6,sector 6,bucurești,1
Staer 9,sg alex cutieru,sector 6,sector 6,bucurești,5
Staer 9,sg alex cuttieru,sector 6,sector 6,bucurești,1
Staer 9,sg alexandru cutieru,sector 6,sector 6,bucurești,4
Staer 9,sg alexandruu cutieru,sector 6,sector 6,bucurești,1
Staer 9,sg apostol,bucurești neatribuit,bucurești neatribuit,bucurești,1
Staer 9,sg apostol c tin,bucurești neatribuit,bucurești neatribuit,bucurești,2
Staer 9,sg apostol constantin,sector 6,sector 6,bucurești,11
Staer 9,sg const apostol,bucurești neatribuit,bucurești neatribuit,bucurești,1
Staer 9,sg constantin apostol,bucurești neatribuit,bucurești neatribuit,bucurești,1
Staer 9,sg constantin apostol,sector 6,sector 6,bucurești,2
Staer 9,sg constantin musat,bucurești neatribuit,bucurești neatribuit,bucurești,1
Staer 9,sg constantin musat,sector 5,sector 5,bucurești,1
Staer 9,sg constantin somoiog,bucurești neatribuit,bucurești neatribuit,bucurești,1
Staer 9,sg cutieru,sector 6,sector 6,bucurești,2
Staer 9,sg cutieru alexandru,sector 6,sector 6,bucurești,4
Staer 9,sg cutieru apostol,sector 6,sector 6,bucurești,1
Staer 9,sg david ilie,bucurești neatribuit,bucurești neatribuit,bucurești,1
Staer 9,sg dumitru pene,bucurești neatribuit,bucurești neatribuit,bucurești,1
Staer 9,sg ghe donici,bucurești neatribuit,bucurești neatribuit,bucurești,1
Staer 9,sg gheorghe donici,bucurești neatribuit,bucurești neatribuit,bucurești,1
Staer 9,sg ilie petre,chiajna–roșu–dudu,—,ilfov,5
Staer 9,sg ilie petre,militari,—,ilfov,1
Staer 9,sg ilie petre,sector 6,sector 6,bucurești,3
Staer 9,sg latea gheorge,sector 6,sector 6,bucurești,1
Staer 9,sg latea gheorghe,bucurești neatribuit,bucurești neatribuit,bucurești,2
Staer 9,sg latea gheorghe,sector 6,sector 6,bucurești,1
Staer 9,sg maj cara anghel,bucurești neatribuit,bucurești neatribuit,bucurești,3
Staer 9,sg maj ion nedeleanu,bucurești neatribuit,bucurești neatribuit,bucurești,1
Staer 9,sg maj nedeleanu ion,bucurești neatribuit,bucurești neatribuit,bucurești,1
Staer 9,sg maj vasile topliceanu,bucurești neatribuit,bucurești neatribuit,bucurești,2
Staer 9,sg major,sector 6,sector 6,bucurești,1
Staer 9,sg major topliceanu vasile,sector 5,sector 5,bucurești,1
Staer 9,sg manea serban,bucurești neatribuit,bucurești neatribuit,bucurești,1
Staer 9,sg marcu ion,sector 6,sector 6,bucurești,1
Staer 9,sg mj cara anghel,sector 6,sector 6,bucurești,1
Staer 9,sg mj nedeleanu ion,sector 5,sector 5,bucurești,2
Staer 9,sg musat constantin,sector 5,sector 5,bucurești,1
Staer 9,sg nutu ioan,sector 5,sector 5,bucurești,1
Staer 9,sg nutu ion,sector 5,sector 5,bucurești,1
Staer 9,sg simion busuioc,sector 2,sector 2,bucurești,1
Staer 9,sg stefan crisan,bucurești neatribuit,bucurești neatribuit,bucurești,1
Staer 9,sg stefan moraru,bucurești neatribuit,bucurești neatribuit,bucurești,1
Staer 9,sg stefan moraru,sector 5,sector 5,bucurești,1
Staer 9,sg tache gheorghe,bucurești neatribuit,bucurești neatribuit,bucurești,2
Staer 9,sg turturica,sector 5,sector 5,bucurești,1
Staer 9,sg. ilie petre,chiajna–roșu–dudu,—,ilfov,10
Staer 9,sg. ion iriceanu,bucurești neatribuit,bucurești neatribuit,bucurești,2
Staer 9,sg. maj. ioan carpen,sector 5,sector 5,bucurești,1
Staer 9,sibiel,sector 4,sector 4,bucurești,1
Staer 9,sicului,măgurele,—,ilfov,1
Staer 9,sidefului,bragadiru,—,ilfov,1
Staer 9,sighisoara,sector 2,sector 2,bucurești,1
Staer 9,sigurantei,măgurele,—,ilfov,1
Staer 9,sihlea,voluntari–pipera,—,ilfov,3
Staer 9,silistei,snagov,—,ilfov,1
Staer 9,simeria,sector 1,sector 1,bucurești,1
Staer 9,simion busuioc,sector 2,sector 2,bucurești,1
Staer 9,simion mehedinti,sector 6,sector 6,bucurești,6
Staer 9,simionescu gheorghe,bucurești neatribuit,bucurești neatribuit,bucurești,1
Staer 9,sinaia,sector 2,sector 2,bucurești,1
Staer 9,sinca,bucurești neatribuit,bucurești neatribuit,bucurești,1
Staer 9,sinca (str),bucurești neatribuit,bucurești neatribuit,bucurești,1
Staer 9,sion,voluntari–pipera,—,ilfov,1
Staer 9,sirbi,darasti,—,ilfov,1
Staer 9,siret,sector 1,sector 1,bucurești,1
Staer 9,slaiul unirii,sector 4,sector 4,bucurești,1
Staer 9,slb popa,sector 5,sector 5,bucurești,1
Staer 9,sldt vasile croitoru,bucurești neatribuit,bucurești neatribuit,bucurești,1
Staer 9,slocozia,sector 4,sector 4,bucurești,1
Staer 9,slt cristescu dima,sector 2,sector 2,bucurești,1
Staer 9,slt pompiliu manoliu,bucurești neatribuit,bucurești neatribuit,bucurești,1
Staer 9,slt pompiliu manoliu,sector 2,sector 2,bucurești,1
Staer 9,slt. croitoru vasile,bucurești neatribuit,bucurești neatribuit,bucurești,1
Staer 9,slt. sebe nicolaie,bucurești neatribuit,bucurești neatribuit,bucurești,1
Staer 9,slt. zambila ionita,bucurești neatribuit,bucurești neatribuit,bucurești,1
Staer 9,slt.nicolae sebe,bucurești neatribuit,bucurești neatribuit,bucurești,1
Staer 9,smaraldului,bragadiru,—,ilfov,8
Staer 9,smaraldului,bucurești neatribuit,bucurești neatribuit,bucurești,1
Staer 9,smaraldului,domnești,—,ilfov,1
Staer 9,smaranda braescu,sector 1,sector 1,bucurești,2
Staer 9,smardan,bragadiru,—,ilfov,2
Staer 9,smardan,sector 5,sector 5,bucurești,1
Staer 9,smardan 1,bragadiru,—,ilfov,1
Staer 9,soarelui,brănești,—,ilfov,1
Staer 9,soarelui,chiajna–roșu–dudu,—,ilfov,7
Staer 9,soarelui,chijna,—,ilfov,1
Staer 9,soarelui,sector 6,sector 6,bucurești,2
Staer 9,socului,berceni (ilfov),—,ilfov,1
Staer 9,socului,corbeanca,—,ilfov,1
Staer 9,socului,petrachioaia,—,ilfov,1
Staer 9,soimului,pantelimon,—,ilfov,1
Staer 9,soimului,sector 1,sector 1,bucurești,1
Staer 9,solariilor,clinceni,—,ilfov,1
Staer 9,sold croitoru vasile,sector 5,sector 5,bucurești,1
Staer 9,sold ene moldovan,bucurești neatribuit,bucurești neatribuit,bucurești,1
Staer 9,sold ghe buciumat,sector 1,sector 1,bucurești,1
Staer 9,sold gheorghe buciumat,sector 1,sector 1,bucurești,1
Staer 9,sold ghita serban,sector 3,sector 3,bucurești,1
Staer 9,sold ilie mihai,sector 5,sector 5,bucurești,2
Staer 9,sold ion tudor,sector 3,sector 3,bucurești,1
Staer 9,sold marin savu,sector 2,sector 2,bucurești,1
Staer 9,sold modoran ene,sector 5,sector 5,bucurești,6
Staer 9,sold neagu florea,sector 2,sector 2,bucurești,1
Staer 9,sold nicolae gheorghe,dobroești,—,ilfov,1
Staer 9,sold nicolae t. sebe,sector 3,sector 3,bucurești,1
Staer 9,sold niculae sebe,sector 3,sector 3,bucurești,1
Staer 9,sold niculae t sebe,sector 3,sector 3,bucurești,1
Staer 9,sold petre m tina,sector 3,sector 3,bucurești,1
Staer 9,sold petre tina,bucurești neatribuit,bucurești neatribuit,bucurești,1
Staer 9,sold radu tina,bucurești neatribuit,bucurești neatribuit,bucurești,1
Staer 9,sold teodorescu constantin,sector 3,sector 3,bucurești,1
Staer 9,sold tina petre,sector 3,sector 3,bucurești,1
Staer 9,sold v croitoru,bucurești neatribuit,bucurești neatribuit,bucurești,2
Staer 9,sold vasile croitoru,bucurești neatribuit,bucurești neatribuit,bucurești,2
Staer 9,sold vasile croitoru,sector 5,sector 5,bucurești,2
Staer 9,sold velicu stefan,bucurești neatribuit,bucurești neatribuit,bucurești,1
Staer 9,sold zambila ionita,bucurești neatribuit,bucurești neatribuit,bucurești,1
Staer 9,sold. ilie mihail,sector 5,sector 5,bucurești,1
Staer 9,sold. stelian mihale,sector 3,sector 3,bucurești,1
Staer 9,soldanului,bucurești neatribuit,bucurești neatribuit,bucurești,1
Staer 9,soldanului,sector 4,sector 4,bucurești,4
Staer 9,soldat adrian patru,sector 1,sector 1,bucurești,1
Staer 9,soldat cutieru alexandru,sector 6,sector 6,bucurești,1
Staer 9,soldat ene modoran,sector 5,sector 5,bucurești,1
Staer 9,soldat ilie mihai,bucurești neatribuit,bucurești neatribuit,bucurești,1
Staer 9,soldat ilie mihail,bucurești neatribuit,bucurești neatribuit,bucurești,1
Staer 9,soldat ilie mihail,sector 5,sector 5,bucurești,1
Staer 9,soldat marin nicolae,sector 3,sector 3,bucurești,1
Staer 9,soldat modoran ene,sector 5,sector 5,bucurești,2
Staer 9,soldat moldovan ene,sector 5,sector 5,bucurești,1
Staer 9,soldat petre,bucurești neatribuit,bucurești neatribuit,bucurești,1
Staer 9,soldat porojan nicolae,sector 5,sector 5,bucurești,1
Staer 9,soldat sebe niculae,bucurești neatribuit,bucurești neatribuit,bucurești,1
Staer 9,soldat stefan constantin,bucurești neatribuit,bucurești neatribuit,bucurești,1
Staer 9,soldat t niculae sebe,sector 3,sector 3,bucurești,1
Staer 9,soldat tunsu petre,sector 5,sector 5,bucurești,2
Staer 9,soldat vasile croitoru,sector 5,sector 5,bucurești,1
Staer 9,soldat zambila ionita,sector 2,sector 2,bucurești,1
Staer 9,soldattudor ion,bucurești neatribuit,bucurești neatribuit,bucurești,1
Staer 9,soldatului,bragadiru,—,ilfov,3
Staer 9,solstitiului,popești-leordeni,—,ilfov,9
Staer 9,solstitiului,sector 4,sector 4,bucurești,2
Staer 9,solstitiului,sos berceni,—,ilfov,1
Staer 9,somesul rece,sector 1,sector 1,bucurești,1
Staer 9,soreni,bucurești neatribuit,bucurești neatribuit,bucurești,1
Staer 9,soreni,sector 5,sector 5,bucurești,1
Staer 9,soveja,sector 1,sector 1,bucurești,3
Staer 9,spaliul unirii,bucurești neatribuit,bucurești neatribuit,bucurești,1
Staer 9,spartachiadei,bucurești neatribuit,bucurești neatribuit,bucurești,1
Staer 9,spatar preda buzescu,bucurești neatribuit,bucurești neatribuit,bucurești,1
Staer 9,spataru preda,sector 5,sector 5,bucurești,1
Staer 9,spatarul gorgan,sector 2,sector 2,bucurești,1
Staer 9,spatarul mihai,sector 2,sector 2,bucurești,1
Staer 9,spatarul preda,sector 5,sector 5,bucurești,1
Staer 9,spatarului,sector 2,sector 2,bucurești,1
Staer 9,spatarului 2,bucurești neatribuit,bucurești neatribuit,bucurești,1
Staer 9,spatiului,sector 5,sector 5,bucurești,1
Staer 9,sperantei,chiajna–roșu–dudu,—,ilfov,7
Staer 9,sperantei,popești-leordeni,—,ilfov,4
Staer 9,spicului,măgurele,—,ilfov,1
Staer 9,spilcutei,sector 6,sector 6,bucurești,1
Staer 9,spineni,sector 4,sector 4,bucurești,2
Staer 9,spinis,sector 4,sector 4,bucurești,3
Staer 9,spinului,măgurele,—,ilfov,2
Staer 9,splaiul aiul independetei,sector 6,sector 6,bucurești,1
Staer 9,splaiul aiul uniri,popești-leordeni,—,ilfov,1
Staer 9,splaiul aiul unirii,bucurești neatribuit,bucurești neatribuit,bucurești,4
Staer 9,splaiul aiul unirii,sector 3,sector 3,bucurești,6
Staer 9,splaiul independenței,bucurești neatribuit,bucurești neatribuit,bucurești,8
Staer 9,splaiul independenței,sector 5,sector 5,bucurești,1
Staer 9,splaiul independenței,sector 6,sector 6,bucurești,44
Staer 9,splaiul unirii,popești-leordeni,—,ilfov,7
Staer 9,sportului,corbeanca,—,ilfov,1
Staer 9,sportului,glina,—,ilfov,1
Staer 9,sportului,tamasi,—,ilfov,1
Staer 9,srg apostol constantin,bucurești neatribuit,bucurești neatribuit,bucurești,1
Staer 9,srg gheorghe latea,sector 6,sector 6,bucurești,1
Staer 9,srg ilie petre,chiajna–roșu–dudu,—,ilfov,2
Staer 9,srg latea gheorghe,bucurești neatribuit,bucurești neatribuit,bucurești,2
Staer 9,srg maj vasile topliceanu,sector 5,sector 5,bucurești,1
Staer 9,srg. mj. sorescu stefan,bucurești neatribuit,bucurești neatribuit,bucurești,1
Staer 9,srumul mare,clinceni,—,ilfov,1
Staer 9,staduintei,sector 4,sector 4,bucurești,1
Staer 9,stanislav cihoschi 10,sector 1,sector 1,bucurești,1
Staer 9,stanjeneilor,sector 4,sector 4,bucurești,2
Staer 9,staruintei,moara vlăsiei,—,ilfov,1
Staer 9,stavilarului,buftea,—,ilfov,1
Staer 9,steaua rosia,otopeni,—,ilfov,1
Staer 9,stefan cel mare,bucurești neatribuit,bucurești neatribuit,bucurești,5
Staer 9,stefan cel mare,chiajna–roșu–dudu,—,ilfov,1
Staer 9,stefan cel mare,otopeni,—,ilfov,4
Staer 9,stefan cel mare,sat berceni,—,ilfov,1
Staer 9,stefan cel mare,sector 1,sector 1,bucurești,1
Staer 9,stefan cel mare,sector 2,sector 2,bucurești,6
Staer 9,stefan cel mare,tunari,—,ilfov,2
Staer 9,stefan ciuca,sector 2,sector 2,bucurești,1
Staer 9,stefan cluceru,popești-leordeni,—,ilfov,1
Staer 9,stefan holban,sector 1,sector 1,bucurești,1
Staer 9,stefan negulescu,sector 1,sector 1,bucurești,2
Staer 9,stefan protopopescu,bucurești neatribuit,bucurești neatribuit,bucurești,1
Staer 9,stefan stoica,bucurești neatribuit,bucurești neatribuit,bucurești,2
Staer 9,stefaqn cel mare,bucurești neatribuit,bucurești neatribuit,bucurești,1
Staer 9,stejarului,chiajna–roșu–dudu,—,ilfov,1
Staer 9,stejarului,dobroești,—,ilfov,5
Staer 9,stejarului,domnești,—,ilfov,2
Staer 9,stejarului,voluntari–pipera,—,ilfov,3
Staer 9,stelea spataru,bucurești neatribuit,bucurești neatribuit,bucurești,1
Staer 9,stelelor,chiajna–roșu–dudu,—,ilfov,1
Staer 9,stelian mihai,bucurești neatribuit,bucurești neatribuit,bucurești,1
Staer 9,stelian mihale,sector 3,sector 3,bucurești,1
Staer 9,stelutei,sector 1,sector 1,bucurești,3
Staer 9,stenjeneilor,sector 4,sector 4,bucurești,1
Staer 9,stiintei,sector 5,sector 5,bucurești,1
Staer 9,stiubei,bucurești neatribuit,bucurești neatribuit,bucurești,1
Staer 9,stiubeiului,bucurești neatribuit,bucurești neatribuit,bucurești,1
Staer 9,stoian popescu,sector 6,sector 6,bucurești,2
Staer 9,stoica ludescu,bucurești neatribuit,bucurești neatribuit,bucurești,2
Staer 9,stoica ludescu,sector 1,sector 1,bucurești,2
Staer 9,stolnici,sector 4,sector 4,bucurești,1
Staer 9,stolnicu vasile,sector 2,sector 2,bucurești,1
Staer 9,stolnicul vasile,sector 2,sector 2,bucurești,4
Staer 9,strada ada pravat,sector 6,sector 6,bucurești,1
Staer 9,strada ada trestiana,bucurești neatribuit,bucurești neatribuit,bucurești,1
Staer 9,strada agricultori,sector 3,sector 3,bucurești,1
Staer 9,strada almașu mare,sector 4,sector 4,bucurești,1
Staer 9,strada alunișului,sector 4,sector 4,bucurești,4
Staer 9,strada amintirii,sector 1,sector 1,bucurești,2
Staer 9,strada amurgului,bucurești neatribuit,bucurești neatribuit,bucurești,5
Staer 9,strada amurgului,popești-leordeni,—,ilfov,35
Staer 9,strada amurgului,sector 5,sector 5,bucurești,2
Staer 9,strada anghel moldoveanu,sector 4,sector 4,bucurești,2
Staer 9,strada ardeleni,sector 2,sector 2,bucurești,1
Staer 9,strada aurel florescu,sector 5,sector 5,bucurești,1
Staer 9,strada aurel perșu,bucurești neatribuit,bucurești neatribuit,bucurești,3
Staer 9,strada aurel perșu,sector 4,sector 4,bucurești,1
Staer 9,strada aviator popișteanu,sector 1,sector 1,bucurești,1
Staer 9,strada avicola,pantelimon,—,ilfov,1
Staer 9,strada baia sprie,sector 1,sector 1,bucurești,1
Staer 9,strada barca,sector 5,sector 5,bucurești,30
Staer 9,strada biruinței,popești-leordeni,—,ilfov,39
Staer 9,strada biserica mărcuța,sector 2,sector 2,bucurești,3
Staer 9,strada botorca,sector 5,sector 5,bucurești,4
Staer 9,strada brasov,sector 6,sector 6,bucurești,56
Staer 9,strada bratarii,sector 3,sector 3,bucurești,1
Staer 9,strada busolei,bucurești neatribuit,bucurești neatribuit,bucurești,1
Staer 9,strada buzești,sector 1,sector 1,bucurești,1
Staer 9,strada buzoeni,bucurești neatribuit,bucurești neatribuit,bucurești,2
Staer 9,strada buzoeni,sector 5,sector 5,bucurești,1
Staer 9,strada buzoieni,bucurești neatribuit,bucurești neatribuit,bucurești,5
Staer 9,strada buzoieni,sector 5,sector 5,bucurești,10
Staer 9,strada buzoieni,sector 6,sector 6,bucurești,1
Staer 9,strada bârnova,sector 5,sector 5,bucurești,15
Staer 9,strada campia libertatii,bucurești neatribuit,bucurești neatribuit,bucurești,8
Staer 9,strada campia libertatii,sector 3,sector 3,bucurești,3
Staer 9,strada ceahlaul,sector 6,sector 6,bucurești,1
Staer 9,strada ceahlău,sector 6,sector 6,bucurești,1
Staer 9,strada cercetatorilor,sector 4,sector 4,bucurești,1
Staer 9,strada cetatea de balta,bucurești neatribuit,bucurești neatribuit,bucurești,9
Staer 9,strada cetatea de balta,sector 3,sector 3,bucurești,1
Staer 9,strada cetatea de balta,sector 6,sector 6,bucurești,14
Staer 9,strada cezar boliac,sector 3,sector 3,bucurești,1
Staer 9,strada cheiul dâmboviței,popești-leordeni,—,ilfov,3
Staer 9,strada ciprian porumbescu,otopeni,—,ilfov,1
Staer 9,strada ciresului,dobroești,—,ilfov,4
Staer 9,strada cireșica,olteni,—,ilfov,1
Staer 9,strada cireșului,fundeni,—,ilfov,1
Staer 9,strada clucerului,sector 1,sector 1,bucurești,2
Staer 9,strada complexului,sector 3,sector 3,bucurești,2
Staer 9,strada constantin brâncuși,sector 3,sector 3,bucurești,1
Staer 9,strada constantin dobrogeanu gherea,sector 1,sector 1,bucurești,1
Staer 9,strada constantin titel petrescu,sector 6,sector 6,bucurești,9
Staer 9,strada copaceni,sector 3,sector 3,bucurești,1
Staer 9,strada cornești,sector 4,sector 4,bucurești,1
Staer 9,strada crișul repede,bragadiru,—,ilfov,32
Staer 9,strada cupolei,sector 6,sector 6,bucurești,30
Staer 9,strada căminului,sector 2,sector 2,bucurești,1
Staer 9,strada căpriorilor,sector 1,sector 1,bucurești,1
Staer 9,strada d-na ghica,sector 2,sector 2,bucurești,1
Staer 9,strada delinesti,sector 6,sector 6,bucurești,6
Staer 9,strada diocheti,sector 1,sector 1,bucurești,3
Staer 9,strada dreptatii,bucurești neatribuit,bucurești neatribuit,bucurești,1
Staer 9,strada dristorului,sector 3,sector 3,bucurești,3
Staer 9,strada drumul gării odăi,otopeni,—,ilfov,2
Staer 9,strada drumul taberei,sector 6,sector 6,bucurești,1
Staer 9,strada dumbrăveni,sector 4,sector 4,bucurești,2
Staer 9,strada ecaterina varga,sector 6,sector 6,bucurești,1
Staer 9,strada elena,sector 2,sector 2,bucurești,1
Staer 9,strada elena caragiani,bucurești neatribuit,bucurești neatribuit,bucurești,1
Staer 9,strada elena caragiani,sector 1,sector 1,bucurești,5
Staer 9,strada elena caragiani,sector 6,sector 6,bucurești,1
Staer 9,strada elena cuza,sector 4,sector 4,bucurești,1
Staer 9,strada emil gârleanu,sector 3,sector 3,bucurești,5
Staer 9,strada eroilor,berceni (ilfov),—,ilfov,3
Staer 9,strada eufrosina popescu,sector 3,sector 3,bucurești,3
Staer 9,strada europa,ștefăneștii de jos,—,ilfov,4
Staer 9,strada fantanica,sector 2,sector 2,bucurești,1
Staer 9,strada fizicienilor,măgurele,—,ilfov,3
Staer 9,strada frumusani,sector 4,sector 4,bucurești,5
Staer 9,strada fruntas poenaru vasile,sector 5,sector 5,bucurești,1
Staer 9,strada g. calinescu,sector 1,sector 1,bucurești,1
Staer 9,strada garoafei,sector 5,sector 5,bucurești,1
Staer 9,strada george georgescu,bucurești neatribuit,bucurești neatribuit,bucurești,1
Staer 9,strada grigore c moisil,sector 2,sector 2,bucurești,2
Staer 9,strada grigore ionescu,sector 2,sector 2,bucurești,7
Staer 9,strada grota lacurilor,sector 3,sector 3,bucurești,1
Staer 9,strada gârleni,sector 6,sector 6,bucurești,11
Staer 9,strada hrisovului,sector 1,sector 1,bucurești,1
Staer 9,strada iacob andrei,sector 5,sector 5,bucurești,2
Staer 9,strada iarba cimpului,sector 4,sector 4,bucurești,1
Staer 9,strada ileana cosânzeana,bucurești neatribuit,bucurești neatribuit,bucurești,6
Staer 9,strada ileana cosânzeana,sector 5,sector 5,bucurești,3
Staer 9,strada ilioara,sector 3,sector 3,bucurești,1
Staer 9,strada ion țuculescu,sector 3,sector 3,bucurești,2
Staer 9,strada istriei,sector 3,sector 3,bucurești,5
Staer 9,strada izvorul crișului,sector 4,sector 4,bucurești,1
Staer 9,strada izvorul muresului,bucurești neatribuit,bucurești neatribuit,bucurești,2
Staer 9,strada izvorul muresului,sector 4,sector 4,bucurești,3
Staer 9,strada jean steriadi,sector 3,sector 3,bucurești,7
Staer 9,strada jiului,sector 1,sector 1,bucurești,1
Staer 9,strada lemnisorului,sector 3,sector 3,bucurești,3
Staer 9,strada libertatii,berceni (ilfov),—,ilfov,1
Staer 9,strada liliacului,dascălu,—,ilfov,1
Staer 9,strada litografiei,sector 5,sector 5,bucurești,1
Staer 9,strada lt petre negulescu,sector 2,sector 2,bucurești,1
Staer 9,strada lt. stefan marinescu,sector 6,sector 6,bucurești,1
Staer 9,strada lugojana,sector 3,sector 3,bucurești,2
Staer 9,strada luica,sector 4,sector 4,bucurești,13
Staer 9,strada lujerului,sector 6,sector 6,bucurești,18
Staer 9,strada macesului,dragomirești,—,ilfov,1
Staer 9,strada maior ion coravu,sector 2,sector 2,bucurești,2
Staer 9,strada maior vasile bacila,bucurești neatribuit,bucurești neatribuit,bucurești,1
Staer 9,strada maior vasile bacila,sector 2,sector 2,bucurești,5
Staer 9,strada matei basarab,sector 3,sector 3,bucurești,4
Staer 9,strada matei millo,voluntari–pipera,—,ilfov,4
Staer 9,strada merișori,buftea,—,ilfov,1
Staer 9,strada mihai eminescu,sector 1,sector 1,bucurești,2
Staer 9,strada mihail sebastian,sector 5,sector 5,bucurești,20
Staer 9,strada moeciu,sector 1,sector 1,bucurești,1
Staer 9,strada moldoveni,sector 4,sector 4,bucurești,3
Staer 9,strada morii,jilava,—,ilfov,1
Staer 9,strada murgeni,sector 3,sector 3,bucurești,1
Staer 9,strada muzelor,sector 4,sector 4,bucurești,1
Staer 9,strada măriuca,sector 4,sector 4,bucurești,2
Staer 9,strada mărășești,măgurele,—,ilfov,1
Staer 9,strada mărțișor,bragadiru,—,ilfov,2
Staer 9,strada narciselor,bragadiru,—,ilfov,1
Staer 9,strada nasaud,sector 5,sector 5,bucurești,27
Staer 9,strada neptun,sector 5,sector 5,bucurești,1
Staer 9,strada nerva traian,bucurești neatribuit,bucurești neatribuit,bucurești,3
Staer 9,strada nerva traian,sector 3,sector 3,bucurești,5
Staer 9,strada nicolae g. caramfil,sector 1,sector 1,bucurești,1
Staer 9,strada nicolae giulesteanu,sector 1,sector 1,bucurești,1
Staer 9,strada nicolae iorga,sector 1,sector 1,bucurești,1
Staer 9,strada nucului,sector 3,sector 3,bucurești,4
Staer 9,strada occidentului,popești-leordeni,—,ilfov,2
Staer 9,strada odai,jilava,—,ilfov,3
Staer 9,strada odei,sector 4,sector 4,bucurești,4
Staer 9,strada ogorului,corbeanca,—,ilfov,4
Staer 9,strada oituz,popești-leordeni,—,ilfov,4
Staer 9,strada olimpiadei,sector 2,sector 2,bucurești,2
Staer 9,strada oltina,sector 5,sector 5,bucurești,3
Staer 9,strada olănești,sector 6,sector 6,bucurești,7
Staer 9,strada orastie,sector 4,sector 4,bucurești,1
Staer 9,strada ordoreanu,ordoreanu,—,ilfov,1
Staer 9,strada panselelor,sector 4,sector 4,bucurești,3
Staer 9,strada parîncea,sector 4,sector 4,bucurești,2
Staer 9,strada paul greceanu,sector 2,sector 2,bucurești,2
Staer 9,strada peneș curcanul,bucurești neatribuit,bucurești neatribuit,bucurești,1
Staer 9,strada peneș curcanul,sector 3,sector 3,bucurești,4
Staer 9,strada petre ispirescu,bucurești neatribuit,bucurești neatribuit,bucurești,8
Staer 9,strada petre ispirescu,sector 5,sector 5,bucurești,13
Staer 9,strada petre ispirescu,sector 6,sector 6,bucurești,1
Staer 9,strada picturii,bucurești neatribuit,bucurești neatribuit,bucurești,2
Staer 9,strada plopilor,cornetu,—,ilfov,1
Staer 9,strada porumbacu,sector 6,sector 6,bucurești,7
Staer 9,strada poștalionului,sector 4,sector 4,bucurești,1
Staer 9,strada pridvorului,sector 4,sector 4,bucurești,2
Staer 9,strada primăverii,ștefăneștii de jos,—,ilfov,2
Staer 9,strada principala,berceni (ilfov),—,ilfov,1
Staer 9,strada principala,periș,—,ilfov,3
Staer 9,strada prisaca dornei,sector 3,sector 3,bucurești,1
Staer 9,strada producției,sector 1,sector 1,bucurești,1
Staer 9,strada pârâul rece,popești-leordeni,—,ilfov,3
Staer 9,strada rezervelor,chiajna–roșu–dudu,—,ilfov,7
Staer 9,strada ritoride,sector 5,sector 5,bucurești,1
Staer 9,strada rosia montana,sector 6,sector 6,bucurești,13
Staer 9,strada răcari,sector 3,sector 3,bucurești,5
Staer 9,strada samuil vulcan,sector 5,sector 5,bucurești,2
Staer 9,strada sandulesti,bucurești neatribuit,bucurești neatribuit,bucurești,1
Staer 9,strada scolii,cornetu,—,ilfov,1
Staer 9,strada scolii,voluntari–pipera,—,ilfov,2
Staer 9,strada serg maj cara anghel,sector 6,sector 6,bucurești,4
Staer 9,strada sf agnes,popești-leordeni,—,ilfov,8
Staer 9,strada sfânta vineri,bucurești neatribuit,bucurești neatribuit,bucurești,1
Staer 9,strada sfântul dumitru,sector 3,sector 3,bucurești,1
Staer 9,strada sg. nițu vasile,sector 4,sector 4,bucurești,1
Staer 9,strada sibiu,sector 6,sector 6,bucurești,38
Staer 9,strada sinaia,sector 2,sector 2,bucurești,1
Staer 9,strada sirenelor,sector 5,sector 5,bucurești,6
Staer 9,strada siriului,sector 1,sector 1,bucurești,3
Staer 9,strada slt popa,sector 5,sector 5,bucurești,2
Staer 9,strada slt. p.m. dragoș mladinovici,sector 4,sector 4,bucurești,1
Staer 9,strada soarelui,ștefăneștii de jos,—,ilfov,1
Staer 9,strada sold ene modoran,bucurești neatribuit,bucurești neatribuit,bucurești,7
Staer 9,strada sold ene modoran,sector 5,sector 5,bucurești,1
Staer 9,strada sold.ion iosif,sector 3,sector 3,bucurești,1
Staer 9,strada speranței,bragadiru,—,ilfov,4
Staer 9,strada steaua roșie,otopeni,—,ilfov,4
Staer 9,strada stoian militaru,sector 4,sector 4,bucurești,2
Staer 9,strada sulina,berceni (ilfov),—,ilfov,1
Staer 9,strada teofil,sector 2,sector 2,bucurești,1
Staer 9,strada theodor d. speranția,sector 3,sector 3,bucurești,1
Staer 9,strada toamnei,bragadiru,—,ilfov,9
Staer 9,strada toamnei,sector 2,sector 2,bucurești,1
Staer 9,strada traian,bucurești neatribuit,bucurești neatribuit,bucurești,1
Staer 9,strada traian,sector 2,sector 2,bucurești,1
Staer 9,strada traian popovici,sector 3,sector 3,bucurești,1
Staer 9,strada trapezului,sector 3,sector 3,bucurești,6
Staer 9,strada tudor vladimirescu,ciorogârla,—,ilfov,1
Staer 9,strada turnu măgurele,sector 4,sector 4,bucurești,10
Staer 9,strada turturelelor,măgurele,—,ilfov,1
Staer 9,strada ugareni,măgurele,—,ilfov,5
Staer 9,strada unitatii,balotești,—,ilfov,2
Staer 9,strada valea argeșului,bucurești neatribuit,bucurești neatribuit,bucurești,3
Staer 9,strada valea argeșului,sector 6,sector 6,bucurești,7
Staer 9,strada valea cascadelor,sector 6,sector 6,bucurești,9
Staer 9,strada vasile lascăr,sector 2,sector 2,bucurești,2
Staer 9,strada vașcău,sector 3,sector 3,bucurești,1
Staer 9,strada vedea,sector 5,sector 5,bucurești,13
Staer 9,strada verigei,sector 4,sector 4,bucurești,1
Staer 9,strada verigei,sector 5,sector 5,bucurești,1
Staer 9,strada victor ion popa,sector 6,sector 6,bucurești,1
Staer 9,strada vidin,sector 2,sector 2,bucurești,2
Staer 9,strada vigoniei,sector 5,sector 5,bucurești,3
Staer 9,strada violetelor,brănești,—,ilfov,1
Staer 9,strada viscolului,sector 6,sector 6,bucurești,10
Staer 9,strada vlad tepes,chiajna–roșu–dudu,—,ilfov,4
Staer 9,strada vlaicu vodă,sector 3,sector 3,bucurești,3
Staer 9,strada volga,popești-leordeni,—,ilfov,1
Staer 9,strada vrăjitorului,berceni (ilfov),—,ilfov,1
Staer 9,strada xandru cel bun,bucurești neatribuit,bucurești neatribuit,bucurești,1
Staer 9,strada xandru cel bun,sector 1,sector 1,bucurești,1
Staer 9,strada xandru cel bun,sector 2,sector 2,bucurești,4
Staer 9,strada zagazului,sector 1,sector 1,bucurești,1
Staer 9,strada zanelor,berceni (ilfov),—,ilfov,5
Staer 9,strada zboina neagră,sector 6,sector 6,bucurești,7
Staer 9,strada ziduri intre vii,sector 2,sector 2,bucurești,3
Staer 9,strada știrbei vodă,sector 1,sector 1,bucurești,10
Staer 9,stuca,sector 6,sector 6,bucurești,1
Staer 9,studioului,buftea,—,ilfov,2
Staer 9,stupca,sector 6,sector 6,bucurești,8
Staer 9,sub cetate,bucurești neatribuit,bucurești neatribuit,bucurești,1
Staer 9,subcetate,sector 1,sector 1,bucurești,5
Staer 9,sublc popa,bucurești neatribuit,bucurești neatribuit,bucurești,1
Staer 9,sublocot popa,sector 5,sector 5,bucurești,1
Staer 9,sublocotenent popa,sector 5,sector 5,bucurești,1
Staer 9,sulfinei,măgurele,—,ilfov,1
Staer 9,sura mare,bucurești neatribuit,bucurești neatribuit,bucurești,1
Staer 9,surlei,sector 5,sector 5,bucurești,1
Staer 9,surorilor,sector 1,sector 1,bucurești,1
Staer 9,suvita,sector 5,sector 5,bucurești,1
Staer 9,suzana,sector 5,sector 5,bucurești,2
Staer 9,taiga,bucurești neatribuit,bucurești neatribuit,bucurești,1
Staer 9,tampa,sector 2,sector 2,bucurești,2
Staer 9,tanase orgu,sector 4,sector 4,bucurești,1
Staer 9,tangunului,sector 6,sector 6,bucurești,1
Staer 9,tarcaus,sector 2,sector 2,bucurești,2
Staer 9,targu neamt,sector 6,sector 6,bucurești,8
Staer 9,targul neamt,bucurești neatribuit,bucurești neatribuit,bucurești,1
Staer 9,targul neamt,sector 6,sector 6,bucurești,1
Staer 9,targului,bragadiru,—,ilfov,1
Staer 9,targului,bucurești neatribuit,bucurești neatribuit,bucurești,1
Staer 9,tarnava,voluntari–pipera,—,ilfov,1
Staer 9,tarnaveni,corbeanca,—,ilfov,1
Staer 9,tataru petre,bucurești neatribuit,bucurești neatribuit,bucurești,1
Staer 9,teheodor sperantia,sector 3,sector 3,bucurești,1
Staer 9,teilor,bucurești neatribuit,bucurești neatribuit,bucurești,1
Staer 9,teilor,dragomirești,—,ilfov,3
Staer 9,teiul doamnei,sector 2,sector 2,bucurești,10
Staer 9,teiului,bucurești neatribuit,bucurești neatribuit,bucurești,1
Staer 9,teiului,domnești,—,ilfov,2
Staer 9,teiului,"gradistea,sat sitaru",—,ilfov,1
Staer 9,teius,bucurești neatribuit,bucurești neatribuit,bucurești,1
Staer 9,teius,sector 4,sector 4,bucurești,1
Staer 9,teius,sector 5,sector 5,bucurești,5
Staer 9,teleajen,sector 2,sector 2,bucurești,1
Staer 9,telega,sector 1,sector 1,bucurești,4
Staer 9,telia,bucurești neatribuit,bucurești neatribuit,bucurești,1
Staer 9,telita,sector 5,sector 5,bucurești,15
Staer 9,teliu,bucurești neatribuit,bucurești neatribuit,bucurești,1
Staer 9,teodosie rudeanu,sector 1,sector 1,bucurești,3
Staer 9,tepes voda,sector 2,sector 2,bucurești,4
Staer 9,tesatoarelor,sector 2,sector 2,bucurești,1
Staer 9,tg carbunesti,sector 5,sector 5,bucurești,1
Staer 9,tg jiu,bucurești neatribuit,bucurești neatribuit,bucurești,1
Staer 9,tg neamt,bragadiru,—,ilfov,1
Staer 9,tg neamt,bucurești neatribuit,bucurești neatribuit,bucurești,3
Staer 9,tg neamt,sector 5,sector 5,bucurești,1
Staer 9,tg neamt,sector 6,sector 6,bucurești,15
Staer 9,tg nramt,sector 6,sector 6,bucurești,1
Staer 9,th sperantia,bucurești neatribuit,bucurești neatribuit,bucurești,1
Staer 9,theodor burada,voluntari–pipera,—,ilfov,1
Staer 9,theodor sperantia,sector 3,sector 3,bucurești,2
Staer 9,timisul de jos1,bucurești neatribuit,bucurești neatribuit,bucurești,1
Staer 9,timocului,popești-leordeni,—,ilfov,2
Staer 9,timpului,bucurești neatribuit,bucurești neatribuit,bucurești,1
Staer 9,tina petre,sector 3,sector 3,bucurești,1
Staer 9,tineretului,bacu,—,ilfov,1
Staer 9,tineretului,chiajna–roșu–dudu,—,ilfov,127
Staer 9,tineretului,ciorogârla,—,ilfov,2
Staer 9,tineretului,ilfov,—,ilfov,1
Staer 9,tineretului,jilava,—,ilfov,1
Staer 9,tintasului,bucurești neatribuit,bucurești neatribuit,bucurești,1
Staer 9,tintasului,sector 1,sector 1,bucurești,1
Staer 9,tintea,bucurești neatribuit,bucurești neatribuit,bucurești,1
Staer 9,tintea,sector 1,sector 1,bucurești,1
Staer 9,tiparnitei,sector 5,sector 5,bucurești,1
Staer 9,titel petrescu,bucurești neatribuit,bucurești neatribuit,bucurești,1
Staer 9,tmisoara,bucurești neatribuit,bucurești neatribuit,bucurești,1
Staer 9,toamnei,cart latin,—,ilfov,1
Staer 9,toamnei,cartierul latin,—,ilfov,2
Staer 9,toamnei,chiajna–roșu–dudu,—,ilfov,3
Staer 9,toamnei,clinceni,—,ilfov,2
Staer 9,toamnei,domnești,—,ilfov,2
Staer 9,toamnei,măgurele,—,ilfov,1
Staer 9,tobosari,sector 5,sector 5,bucurești,1
Staer 9,tohan,sector 4,sector 4,bucurești,1
Staer 9,tolbei,bucurești neatribuit,bucurești neatribuit,bucurești,3
Staer 9,tolbei,sector 6,sector 6,bucurești,1
Staer 9,tolstoi,sector 1,sector 1,bucurești,1
Staer 9,toma caragiu,voluntari–pipera,—,ilfov,1
Staer 9,tomis,sector 3,sector 3,bucurești,1
Staer 9,tomisioara,sector 6,sector 6,bucurești,1
Staer 9,topaz,bragadiru,—,ilfov,11
Staer 9,topaz,bucurești neatribuit,bucurești neatribuit,bucurești,1
Staer 9,topliceanu vasile,sector 5,sector 5,bucurești,2
Staer 9,topolnita,bucurești neatribuit,bucurești neatribuit,bucurești,1
Staer 9,topolovat,sector 6,sector 6,bucurești,7
Staer 9,toporasi,sector 5,sector 5,bucurești,1
Staer 9,toporasi (din stada verii),bragadiru,—,ilfov,1
Staer 9,topororasi,bucurești neatribuit,bucurești neatribuit,bucurești,1
Staer 9,topraisar,sector 1,sector 1,bucurești,2
Staer 9,torcatoarelor,bucurești neatribuit,bucurești neatribuit,bucurești,3
Staer 9,traian,chitila,—,ilfov,1
Staer 9,traian,otopeni,—,ilfov,2
Staer 9,traian,tunari,—,ilfov,1
Staer 9,trancioveanu iosif,popești-leordeni,—,ilfov,1
Staer 9,trandafiri;or,voluntari–pipera,—,ilfov,1
Staer 9,trandafirilor,bragadiru,—,ilfov,1
Staer 9,trandafirilor,bucurești neatribuit,bucurești neatribuit,bucurești,1
Staer 9,trandafirilor,buftea,—,ilfov,1
Staer 9,trandafirilor,cornetu,—,ilfov,1
Staer 9,trandafirilor,domnești,—,ilfov,2
Staer 9,trandafirilor,pantelimon,—,ilfov,1
Staer 9,trandafirului,brănești,—,ilfov,1
Staer 9,trandafirului,bucurești neatribuit,bucurești neatribuit,bucurești,1
Staer 9,trei brazi,sector 4,sector 4,bucurești,2
Staer 9,trestiana,sector 4,sector 4,bucurești,2
Staer 9,trifesti,sector 1,sector 1,bucurești,1
Staer 9,trifoistei,balotești,—,ilfov,1
Staer 9,triumfului,popești-leordeni,—,ilfov,3
Staer 9,triumfului,sector 1,sector 1,bucurești,3
Staer 9,triunghiului,sector 5,sector 5,bucurești,1
Staer 9,troitei,chitila,—,ilfov,1
Staer 9,trstiana,sector 4,sector 4,bucurești,1
Staer 9,tuberozei,brănești,—,ilfov,1
Staer 9,tuberozelor,berceni (ilfov),—,ilfov,2
Staer 9,tudor arghezi,tunari,—,ilfov,1
Staer 9,tudor vladimirescu,clinceni,—,ilfov,1
Staer 9,tudor vladimirescu,darasti,—,ilfov,1
Staer 9,tudor vladimirescu,otopeni,—,ilfov,1
Staer 9,tufanelelor,sector 6,sector 6,bucurești,5
Staer 9,tufanilor,sector 5,sector 5,bucurești,1
Staer 9,tufelor,bucurești neatribuit,bucurești neatribuit,bucurești,1
Staer 9,tufelor,sector 5,sector 5,bucurești,1
Staer 9,tugomir voievod,sector 2,sector 2,bucurești,2
Staer 9,tulnici,sector 4,sector 4,bucurești,4
Staer 9,tunari,sector 2,sector 2,bucurești,1
Staer 9,tunari balotesti,tunari,—,ilfov,2
Staer 9,tunsu petre,bucurești neatribuit,bucurești neatribuit,bucurești,1
Staer 9,tunsu petre,sector 5,sector 5,bucurești,1
Staer 9,tunului,bragadiru,—,ilfov,1
Staer 9,turda,sector 1,sector 1,bucurești,19
Staer 9,turdor arghezi,tunari,—,ilfov,1
Staer 9,turnatorilor,sector 2,sector 2,bucurești,1
Staer 9,turnu rosu,sector 1,sector 1,bucurești,1
Staer 9,turnul chindiei,sector 6,sector 6,bucurești,1
Staer 9,turnul magurele,sector 4,sector 4,bucurești,1
Staer 9,turturele,sector 3,sector 3,bucurești,1
Staer 9,turturelelor,sector 3,sector 3,bucurești,1
Staer 9,turturelelor,varteju,—,ilfov,1
Staer 9,tusnad,sector 2,sector 2,bucurești,3
Staer 9,tutunari,sector 5,sector 5,bucurești,8
Staer 9,tuzla,sector 2,sector 2,bucurești,4
Staer 9,u theodor pallady,bucurești neatribuit,bucurești neatribuit,bucurești,1
Staer 9,u/ghencea(cart latin),bragadiru,—,ilfov,1
Staer 9,ugea,bucurești neatribuit,bucurești neatribuit,bucurești,1
Staer 9,ui binelui,sector 4,sector 4,bucurești,1
Staer 9,uioara,sector 4,sector 4,bucurești,5
Staer 9,ul ghencea,sector 6,sector 6,bucurești,1
Staer 9,ul iuliu maniu,sector 6,sector 6,bucurești,1
Staer 9,ul taberei,bucurești neatribuit,bucurești neatribuit,bucurești,1
Staer 9,ul uverturii,sector 6,sector 6,bucurești,1
Staer 9,ulita bubica,domnești,—,ilfov,1
Staer 9,ulmului,dragomirești,—,ilfov,1
Staer 9,ung ghencea,bucurești neatribuit,bucurești neatribuit,bucurești,1
Staer 9,ungireas ghencea,bucurești neatribuit,bucurești neatribuit,bucurești,1
Staer 9,ungureni,jilava,—,ilfov,1
Staer 9,unirii,balotești,—,ilfov,3
Staer 9,unirii,bragadiru,—,ilfov,2
Staer 9,unirii,bucurești neatribuit,bucurești neatribuit,bucurești,2
Staer 9,unirii,buftea,—,ilfov,1
Staer 9,unirii,corbeanca,—,ilfov,2
Staer 9,unirii,măgurele,—,ilfov,2
Staer 9,unirii,sector 3,sector 3,bucurești,2
Staer 9,unirii,sector 6,sector 6,bucurești,1
Staer 9,uranus,măgurele,—,ilfov,3
Staer 9,uranus,sector 5,sector 5,bucurești,4
Staer 9,ursa mica,bucurești neatribuit,bucurești neatribuit,bucurești,1
Staer 9,uruguay,bucurești neatribuit,bucurești neatribuit,bucurești,1
Staer 9,uruguay,sector 1,sector 1,bucurești,1
Staer 9,urzari,bucurești neatribuit,bucurești neatribuit,bucurești,1
Staer 9,urziceni,sector 4,sector 4,bucurești,1
Staer 9,usarilor,bucurești neatribuit,bucurești neatribuit,bucurești,1
Staer 9,usei,sector 2,sector 2,bucurești,2
Staer 9,useni,sector 2,sector 2,bucurești,1
Staer 9,uverturii,domnești,—,ilfov,2
Staer 9,vadul mosului,berceni (ilfov),—,ilfov,1
Staer 9,vailor,bragadiru,—,ilfov,1
Staer 9,vailor,bucurești neatribuit,bucurești neatribuit,bucurești,1
Staer 9,val alba,bucurești neatribuit,bucurești neatribuit,bucurești,1
Staer 9,val argesului,bucurești neatribuit,bucurești neatribuit,bucurești,1
Staer 9,val calugareasca,bucurești neatribuit,bucurești neatribuit,bucurești,2
Staer 9,val calugareasca,sector 6,sector 6,bucurești,1
Staer 9,val mare,sector 6,sector 6,bucurești,1
Staer 9,valdemar lascarescu,sector 5,sector 5,bucurești,1
Staer 9,valea,sector 6,sector 6,bucurești,1
Staer 9,valea buzaului,sector 3,sector 3,bucurești,1
Staer 9,valea cerbului,sector 6,sector 6,bucurești,1
Staer 9,valea cricovului,domnești,—,ilfov,1
Staer 9,valea furcii,sector 6,sector 6,bucurești,8
Staer 9,valea furnicii,bucurești neatribuit,bucurești neatribuit,bucurești,1
Staer 9,valea ialomiotei,sector 6,sector 6,bucurești,1
Staer 9,valea ialomitei,sector 6,sector 6,bucurești,13
Staer 9,valea lunga,sector 6,sector 6,bucurești,19
Staer 9,valea oltului,sector 6,sector 6,bucurești,19
Staer 9,valea prahovei,domnești,—,ilfov,1
Staer 9,valea timisului,bucurești neatribuit,bucurești neatribuit,bucurești,2
Staer 9,valeriu braniste,sector 3,sector 3,bucurești,3
Staer 9,valsanesti,sector 3,sector 3,bucurești,1
Staer 9,valsului,bucurești neatribuit,bucurești neatribuit,bucurești,1
Staer 9,vanatori,sector 5,sector 5,bucurești,1
Staer 9,vanatorilor,mogoșoaia,—,ilfov,2
Staer 9,vanatorului,ciorogârla,—,ilfov,1
Staer 9,vantului,sector 3,sector 3,bucurești,2
Staer 9,varasti,sector 3,sector 3,bucurești,1
Staer 9,varciorova,sector 6,sector 6,bucurești,1
Staer 9,varful cu dor,domnești,—,ilfov,1
Staer 9,varful inalt,sector 1,sector 1,bucurești,2
Staer 9,vartejului,voluntari–pipera,—,ilfov,1
Staer 9,vaselor,sector 2,sector 2,bucurești,3
Staer 9,vasile,sector 2,sector 2,bucurești,1
Staer 9,vasile adam,sector 6,sector 6,bucurești,2
Staer 9,vasile alecsandri,voluntari–pipera,—,ilfov,1
Staer 9,vasile alecsandrri,tunari,—,ilfov,1
Staer 9,vasile alexandri,dobroești,—,ilfov,1
Staer 9,vasile dumitrescu,bucurești neatribuit,bucurești neatribuit,bucurești,1
Staer 9,vasile gherghel,sector 1,sector 1,bucurești,1
Staer 9,vasile golcea,bucurești neatribuit,bucurești neatribuit,bucurești,2
Staer 9,vasile goldis,berceni (ilfov),—,ilfov,1
Staer 9,vasile lucaci,sector 3,sector 3,bucurești,1
Staer 9,vasile lucaciu,sector 3,sector 3,bucurești,1
Staer 9,vasile parvan,sector 5,sector 5,bucurești,1
Staer 9,vasile sion,sector 1,sector 1,bucurești,1
Staer 9,vasile topliceanu,bucurești neatribuit,bucurești neatribuit,bucurești,2
Staer 9,vasile topliceanu,sector 5,sector 5,bucurești,1
Staer 9,vasilew sebe,chiajna–roșu–dudu,—,ilfov,1
Staer 9,vaslui,sector 5,sector 5,bucurești,1
Staer 9,vatra dornei,sector 4,sector 4,bucurești,1
Staer 9,vatra luminoasa,sector 2,sector 2,bucurești,1
Staer 9,vd timipoata,sector 6,sector 6,bucurești,1
Staer 9,veche,cernica,—,ilfov,1
Staer 9,vecina,sector 5,sector 5,bucurești,1
Staer 9,velei,pantelimon,—,ilfov,1
Staer 9,veniamin costache,sector 4,sector 4,bucurești,1
Staer 9,vergului,sector 2,sector 2,bucurești,3
Staer 9,verii,bragadiru,—,ilfov,11
Staer 9,verii,bucurești neatribuit,bucurești neatribuit,bucurești,2
Staer 9,verii,cartierul latin,—,ilfov,1
Staer 9,verii,clinceni,—,ilfov,1
Staer 9,veronica micle,sector 1,sector 1,bucurești,1
Staer 9,verzisori,sector 4,sector 4,bucurești,2
Staer 9,veseliei,domnești,—,ilfov,1
Staer 9,vespasian,bucurești neatribuit,bucurești neatribuit,bucurești,2
Staer 9,vespasian,sector 1,sector 1,bucurești,2
Staer 9,vestei,sector 1,sector 1,bucurești,1
Staer 9,veteranilor,sector 6,sector 6,bucurești,20
Staer 9,veveritei,pantelimon,—,ilfov,1
Staer 9,vicina,sector 5,sector 5,bucurești,5
Staer 9,victor brauner,sector 3,sector 3,bucurești,16
Staer 9,victor brawner,sector 3,sector 3,bucurești,1
Staer 9,victor broauner,sector 3,sector 3,bucurești,1
Staer 9,victoriei,1 decembrie,—,ilfov,1
Staer 9,victoriei,bragadiru,—,ilfov,1
Staer 9,victoriei,darasti,—,ilfov,1
Staer 9,victoriei,darăști-ilfov,—,ilfov,2
Staer 9,victoriei,dascălu,—,ilfov,1
Staer 9,victoriei,glina,—,ilfov,1
Staer 9,vidului,sector 5,sector 5,bucurești,1
Staer 9,viena,corbeanca,—,ilfov,1
Staer 9,viesparilor,bucurești neatribuit,bucurești neatribuit,bucurești,1
Staer 9,vigilentei,sector 5,sector 5,bucurești,1
Staer 9,viilor,bragadiru,—,ilfov,2
Staer 9,viilor,bucurești neatribuit,bucurești neatribuit,bucurești,2
Staer 9,viilor,buftea,—,ilfov,1
Staer 9,viilor,chiajna–roșu–dudu,—,ilfov,5
Staer 9,viilor,tunari,—,ilfov,1
Staer 9,viilor ii,pantelimon,—,ilfov,1
Staer 9,viitorului,1 decembrie,—,ilfov,1
Staer 9,viitorului,chiajna–roșu–dudu,—,ilfov,6
Staer 9,viitorului,ciorogârla,—,ilfov,1
Staer 9,viitorului,domnești,—,ilfov,1
Staer 9,vijeliei,bucurești neatribuit,bucurești neatribuit,bucurești,1
Staer 9,vijeliei,sector 6,sector 6,bucurești,1
Staer 9,vintila mihailescu,sector 6,sector 6,bucurești,23
Staer 9,viorele,sector 4,sector 4,bucurești,2
Staer 9,viorele,voluntari–pipera,—,ilfov,2
Staer 9,virgil madgearu,sector 1,sector 1,bucurești,1
Staer 9,virgil plesoianu,bucurești neatribuit,bucurești neatribuit,bucurești,1
Staer 9,virturtii,bucurești neatribuit,bucurești neatribuit,bucurești,1
Staer 9,visana,sector 4,sector 4,bucurești,2
Staer 9,visarion,sector 1,sector 1,bucurești,1
Staer 9,visinilor,dragomirești,—,ilfov,2
Staer 9,visinilor,sector 2,sector 2,bucurești,1
Staer 9,visinului,corbeanca,—,ilfov,1
Staer 9,vistiernic stavrinos,bucurești neatribuit,bucurești neatribuit,bucurești,1
Staer 9,vistiernicul stavrinos,sector 6,sector 6,bucurești,9
Staer 9,vistiernicul stravrinos,sector 6,sector 6,bucurești,1
Staer 9,vistiernicului stavrinos,bucurești neatribuit,bucurești neatribuit,bucurești,1
Staer 9,vitejiei,bragadiru,—,ilfov,1
Staer 9,vitioara,sector 3,sector 3,bucurești,2
Staer 9,vlad dracu,sector 3,sector 3,bucurești,2
Staer 9,vlad dracul,sector 3,sector 3,bucurești,2
Staer 9,vlad tepes,bucurești neatribuit,bucurești neatribuit,bucurești,1
Staer 9,vladeasa,sector 6,sector 6,bucurești,16
Staer 9,vlasiei,chitila,—,ilfov,1
Staer 9,voda cuza,gruiu,—,ilfov,1
Staer 9,voila,sector 4,sector 4,bucurești,2
Staer 9,vointei,bucurești neatribuit,bucurești neatribuit,bucurești,3
Staer 9,vointei,domnești,—,ilfov,2
Staer 9,voiosiei,sector 3,sector 3,bucurești,1
Staer 9,voronet,sector 3,sector 3,bucurești,3
Staer 9,vrancioaia,sector 2,sector 2,bucurești,2
Staer 9,vredniciei,sector 5,sector 5,bucurești,1
Staer 9,vulturilor,sector 3,sector 3,bucurești,4
Staer 9,wainer palada,chiajna–roșu–dudu,—,ilfov,1
Staer 9,walter maracineanu,pantelimon,—,ilfov,1
Staer 9,weiner palada,chiajna–roșu–dudu,—,ilfov,19
Staer 9,weiner pallada,chiajna–roșu–dudu,—,ilfov,3
Staer 9,weinner palada,chiajna–roșu–dudu,—,ilfov,2
Staer 9,weriner palada,chiajna–roșu–dudu,—,ilfov,1
Staer 9,wiener palada,chiajna–roșu–dudu,—,ilfov,2
Staer 9,winer palada,sector 6,sector 6,bucurești,1
Staer 9,x,vidra,—,ilfov,1
Staer 9,x,voluntari–pipera,—,ilfov,1
Staer 9,x cutieru,sector 6,sector 6,bucurești,2
Staer 9,x cutierul,sector 6,sector 6,bucurești,2
Staer 9,x donici,sector 1,sector 1,bucurești,1
Staer 9,x donici,sector 2,sector 2,bucurești,1
Staer 9,x ioan cuza,domnești,—,ilfov,2
Staer 9,x. borneanu,bucurești neatribuit,bucurești neatribuit,bucurești,1
Staer 9,xadru iacobescu,sector 6,sector 6,bucurești,1
Staer 9,xander von humboldt,sector 3,sector 3,bucurești,1
Staer 9,xandru conduratu,popești-leordeni,—,ilfov,2
Staer 9,xandru constantinescu,sector 1,sector 1,bucurești,1
Staer 9,xandru cutierru,sector 6,sector 6,bucurești,1
Staer 9,xandru cutieru,sector 6,sector 6,bucurești,1
Staer 9,xandru garian,popești-leordeni,—,ilfov,1
Staer 9,xandru iacobescu,sector 6,sector 6,bucurești,3
Staer 9,xandru ioacobescu,sector 6,sector 6,bucurești,1
Staer 9,xandru ioan cuza,bragadiru,—,ilfov,1
Staer 9,xandru ioan cuza,chitila,—,ilfov,1
Staer 9,xandru ioan cuza,domnești,—,ilfov,2
Staer 9,xandru ioan cuza,tunari,—,ilfov,1
Staer 9,xandru ipsilanti,bucurești neatribuit,bucurești neatribuit,bucurești,2
Staer 9,xandru ivansuc,bucurești neatribuit,bucurești neatribuit,bucurești,1
Staer 9,xandru ivasiuc,sector 6,sector 6,bucurești,1
Staer 9,xandru lapusneanu,sector 1,sector 1,bucurești,4
Staer 9,xandru obreja,bucurești neatribuit,bucurești neatribuit,bucurești,2
Staer 9,xandru obrejia,sector 4,sector 4,bucurești,1
Staer 9,xandru papiu ilarian,bucurești neatribuit,bucurești neatribuit,bucurești,3
Staer 9,xandru serbanescu,sector 1,sector 1,bucurești,1
Staer 9,xandru vlahuta,voluntari–pipera,—,ilfov,1
Staer 9,xndru serbanescu,sector 1,sector 1,bucurești,1
Staer 9,zabrautului,sector 5,sector 5,bucurești,1
Staer 9,zambilei,bucurești neatribuit,bucurești neatribuit,bucurești,1
Staer 9,zambilelor,pantelimon,—,ilfov,1
Staer 9,zambilelor,sector 2,sector 2,bucurești,1
Staer 9,zamfir olaru,sector 5,sector 5,bucurești,6
Staer 9,zarnesti,sector 4,sector 4,bucurești,1
Staer 9,zarzarilor,bucurești neatribuit,bucurești neatribuit,bucurești,1
Staer 9,zefirului,bragadiru,—,ilfov,1
Staer 9,zemes,sector 3,sector 3,bucurești,3
Staer 9,zidurilor,sector 2,sector 2,bucurești,1
Staer 9,ziduru intre vii,bucurești neatribuit,bucurești neatribuit,bucurești,1
Staer 9,zimnicea,bucurești neatribuit,bucurești neatribuit,bucurești,2
Staer 9,zimnicea,voluntari–pipera,—,ilfov,1
Staer 9,zinca golescu,sector 6,sector 6,bucurești,1
Staer 9,zizin,sector 3,sector 3,bucurești,5
Staer 9,zoe samorcas,ciorogârla,—,ilfov,1
Staer 9,zorelelor,măgurele,—,ilfov,1
Staer 9,zorelelor,snagov,—,ilfov,1
Staer 9,zori de zi,balotești,—,ilfov,3
Staer 9,zori de zi,sector 5,sector 5,bucurești,1
Staer 9,zorilor,buftea,—,ilfov,2
Staer 9,zorilor,dobroești,—,ilfov,2
Staer 9,zorilor,popești-leordeni,—,ilfov,1
Staer 9,zorilor,ștefăneștii de jos,—,ilfov,2
Staer 9,șoseaua afumati,afumați,—,ilfov,1
Staer 9,șoseaua afumati,petrachioaia,—,ilfov,1
Staer 9,șoseaua aleaxandria,sector 5,sector 5,bucurești,1
Staer 9,șoseaua alexandria,sector 5,sector 5,bucurești,13
Staer 9,șoseaua alexandriei,bragadiru,—,ilfov,17
Staer 9,șoseaua alexandriei,buda,—,ilfov,1
Staer 9,șoseaua alexandriei,cornetu,—,ilfov,3
Staer 9,șoseaua alexandriei,sector 5,sector 5,bucurești,18
Staer 9,șoseaua andronache,sector 2,sector 2,bucurești,2
Staer 9,șoseaua antiaeriana,bucurești neatribuit,bucurești neatribuit,bucurești,8
Staer 9,șoseaua antiaeriana,sector 5,sector 5,bucurești,8
Staer 9,șoseaua antiaeriana,sector 6,sector 6,bucurești,1
Staer 9,șoseaua balteni,periș,—,ilfov,1
Staer 9,șoseaua banatului,bucurești neatribuit,bucurești neatribuit,bucurești,2
Staer 9,șoseaua banatului,chitila,—,ilfov,4
Staer 9,șoseaua banatului,sector 1,sector 1,bucurești,1
Staer 9,șoseaua berceni,popești-leordeni,—,ilfov,2
Staer 9,șoseaua berceni,sector 4,sector 4,bucurești,13
Staer 9,șoseaua buc nord,voluntari–pipera,—,ilfov,1
Staer 9,șoseaua buc-targoviste,sector 1,sector 1,bucurești,2
Staer 9,șoseaua bucuresti,ciorogârla,—,ilfov,6
Staer 9,șoseaua bucuresti domnesti,clinceni,—,ilfov,2
Staer 9,șoseaua bucuresti magurele,sector 5,sector 5,bucurești,4
Staer 9,șoseaua bucuresti nord,voluntari–pipera,—,ilfov,3
Staer 9,șoseaua bucuresti ploiesti,ciolpani,—,ilfov,1
Staer 9,șoseaua bucuresti targoviste,buftea,—,ilfov,1
Staer 9,șoseaua bucuresti-domnesti,clinceni,—,ilfov,2
Staer 9,șoseaua bucuresti-domnesti,domnești,—,ilfov,5
Staer 9,șoseaua bucuresti-pipera,sector 2,sector 2,bucurești,1
Staer 9,șoseaua bucuresti-ploiesti,snagov,—,ilfov,1
Staer 9,șoseaua bucuresti-taragoviste,sector 1,sector 1,bucurești,1
Staer 9,șoseaua bucuresti-targoviste,mogoșoaia,—,ilfov,4
Staer 9,șoseaua bucuresti-targoviste,sector 1,sector 1,bucurești,6
Staer 9,șoseaua bucuresti-urziceni,bucurești neatribuit,bucurești neatribuit,bucurești,1
Staer 9,șoseaua bucurești-ploiești,sector 1,sector 1,bucurești,1
Staer 9,șoseaua caragea voda,domnești,—,ilfov,1
Staer 9,șoseaua centura,bucurești neatribuit,bucurești neatribuit,bucurești,1
Staer 9,șoseaua centura,jilava,—,ilfov,1
Staer 9,șoseaua centura,ștefăneștii de jos,—,ilfov,1
Staer 9,șoseaua chitilei,bucurești neatribuit,bucurești neatribuit,bucurești,7
Staer 9,șoseaua chitilei,sector 1,sector 1,bucurești,17
Staer 9,șoseaua chitilei,sector 2,sector 2,bucurești,1
Staer 9,șoseaua chitiliei,sector 1,sector 1,bucurești,2
Staer 9,șoseaua chitillei,sector 1,sector 1,bucurești,1
Staer 9,șoseaua ciofliceni,ciofliceni,—,ilfov,1
Staer 9,șoseaua ciofliceni,snagov,—,ilfov,1
Staer 9,șoseaua clinceni,bragadiru,—,ilfov,4
Staer 9,șoseaua clinceni ordoreanu,clinceni,—,ilfov,1
Staer 9,șoseaua colentina,bucurești neatribuit,bucurești neatribuit,bucurești,15
Staer 9,șoseaua colentina,sector 2,sector 2,bucurești,28
Staer 9,șoseaua de centura,ștefăneștii de jos,—,ilfov,2
Staer 9,șoseaua dobroiesti,sector 2,sector 2,bucurești,1
Staer 9,șoseaua dudesti-pantelimon,sector 3,sector 3,bucurești,1
Staer 9,șoseaua eaua banatului ( se intra prin lalelelor ),bucurești neatribuit,bucurești neatribuit,bucurești,1
Staer 9,șoseaua eaua virtutiei,sector 6,sector 6,bucurești,1
Staer 9,șoseaua eroilor,moara vlăsiei,—,ilfov,3
Staer 9,șoseaua fabrica de chibrituri,sector 5,sector 5,bucurești,7
Staer 9,șoseaua fabrica de glucoză,sector 2,sector 2,bucurești,5
Staer 9,șoseaua fabvrica de glucoza,sector 2,sector 2,bucurești,1
Staer 9,șoseaua fundeni,fundeni,—,ilfov,1
Staer 9,șoseaua fundeni,sector 2,sector 2,bucurești,8
Staer 9,șoseaua garii catelu,bucurești neatribuit,bucurești neatribuit,bucurești,1
Staer 9,șoseaua ghe ionescu sisesti,sector 1,sector 1,bucurești,10
Staer 9,șoseaua gheorghe ionescu sisesti,sector 1,sector 1,bucurești,3
Staer 9,șoseaua gherasei,sector 2,sector 2,bucurești,1
Staer 9,șoseaua ghermanesti,ghermănești,—,ilfov,1
Staer 9,șoseaua giurgiului,1 decembrie,—,ilfov,3
Staer 9,șoseaua giurgiului,bucurești,—,ilfov,1
Staer 9,șoseaua giurgiului,bucurești neatribuit,bucurești neatribuit,bucurești,10
Staer 9,șoseaua giurgiului,jilava,—,ilfov,2
Staer 9,șoseaua giurgiului,sector 4,sector 4,bucurești,17
Staer 9,șoseaua giurgului,bucurești neatribuit,bucurești neatribuit,bucurești,1
Staer 9,șoseaua grozavesti,sector 6,sector 6,bucurești,2
Staer 9,șoseaua gruiu snagov,gruiu,—,ilfov,1
Staer 9,șoseaua iancului,bucurești neatribuit,bucurești neatribuit,bucurești,1
Staer 9,șoseaua iancului,sector 2,sector 2,bucurești,4
Staer 9,șoseaua leordeni,popești-leordeni,—,ilfov,2
Staer 9,șoseaua libertatii,sat catelul,—,ilfov,1
Staer 9,șoseaua linia de centura,ștefăneștii de jos,—,ilfov,6
Staer 9,șoseaua mihai bravu,bucurești neatribuit,bucurești neatribuit,bucurești,3
Staer 9,șoseaua mihai bravu,sector 2,sector 2,bucurești,7
Staer 9,șoseaua mihai bravu,sector 3,sector 3,bucurești,8
Staer 9,șoseaua morarilor,sector 2,sector 2,bucurești,2
Staer 9,șoseaua nicolae titulescu,sector 1,sector 1,bucurești,7
Staer 9,șoseaua nordului,sector 1,sector 1,bucurești,2
Staer 9,șoseaua nordului,voluntari–pipera,—,ilfov,1
Staer 9,șoseaua odai,otopeni,—,ilfov,2
Staer 9,șoseaua odai,sector 1,sector 1,bucurești,2
Staer 9,șoseaua odaii,sector 1,sector 1,bucurești,2
Staer 9,șoseaua oltenitei,popești-leordeni,—,ilfov,18
Staer 9,șoseaua olteniței,sector 4,sector 4,bucurești,43
Staer 9,șoseaua oltului,buftea,—,ilfov,7
Staer 9,șoseaua orhideelor,bucurești neatribuit,bucurești neatribuit,bucurești,4
Staer 9,șoseaua orhideelor,sector 3,sector 3,bucurești,1
Staer 9,șoseaua orhideelor,sector 6,sector 6,bucurești,6
Staer 9,șoseaua panduri,sector 5,sector 5,bucurești,7
Staer 9,șoseaua pandurilor,sector 5,sector 5,bucurești,2
Staer 9,șoseaua pantelimon,bucurești neatribuit,bucurești neatribuit,bucurești,9
Staer 9,șoseaua pantelimon,sector 2,sector 2,bucurești,31
Staer 9,șoseaua pipera,bucurești neatribuit,bucurești neatribuit,bucurești,1
Staer 9,șoseaua pipera,sector 2,sector 2,bucurești,6
Staer 9,șoseaua pipera,voluntari–pipera,—,ilfov,2
Staer 9,șoseaua pipera-tunari,voluntari–pipera,—,ilfov,1
Staer 9,șoseaua principala,bucurești neatribuit,bucurești neatribuit,bucurești,1
Staer 9,șoseaua principala,clinceni,—,ilfov,2
Staer 9,șoseaua principala,copaceni,—,ilfov,1
Staer 9,șoseaua principala,varasti,—,ilfov,1
Staer 9,șoseaua progresului,sector 5,sector 5,bucurești,5
Staer 9,șoseaua salaj,bucurești neatribuit,bucurești neatribuit,bucurești,10
Staer 9,șoseaua salaj,sector 5,sector 5,bucurești,61
Staer 9,șoseaua sf ion,copaceni,—,ilfov,1
Staer 9,șoseaua silistea ciolpani,snagov,—,ilfov,1
Staer 9,șoseaua silstea,bucurești neatribuit,bucurești neatribuit,bucurești,1
Staer 9,șoseaua snagov,snagov,—,ilfov,2
Staer 9,șoseaua st cel mare,bucurești neatribuit,bucurești neatribuit,bucurești,1
Staer 9,șoseaua stefanesti,ștefăneștii de jos,—,ilfov,1
Staer 9,șoseaua straulesti,sector 1,sector 1,bucurești,4
Staer 9,șoseaua tudor vladimirescu,domnești,—,ilfov,5
Staer 9,șoseaua tunari-balotesti,tunari,—,ilfov,1
Staer 9,șoseaua unirii,balotești,—,ilfov,4
Staer 9,șoseaua unirii,corbeanca,—,ilfov,2
Staer 9,șoseaua vergului,sector 2,sector 2,bucurești,9
Staer 9,șoseaua victoriei,"adunatii copaceni,sat varlaam",—,ilfov,1
Staer 9,șoseaua viilor,sector 5,sector 5,bucurești,16
Staer 9,șoseaua virtuții,sector 6,sector 6,bucurești,24
Staer 9,șoseaua vitan barzesti,bucurești neatribuit,bucurești neatribuit,bucurești,3
Staer 9,șoseaua vitan barzesti,sector 3,sector 3,bucurești,2
Staer 9,șoseaua ștefan cel mare,sector 1,sector 1,bucurești,2
Staer 9,șoseaua ștefan cel mare,sector 2,sector 2,bucurești,3
