Magazin original,Magazin standard,Stradă standard,Localitate standard,Sector atribuit,Județ,Bazin comercial,Nr. clienți
Staer 23,Staer 23,Drumul Binelui,Sector 4,Sector 4,București,Sud,230
Staer 9,Staer 9,Bulevardul Timișoara,Sector 6,Sector 6,București,Vest,201
Staer 23,Staer 23,Strada Biruinței,Popești-Leordeni,—,Ilfov,Sud,192
Staer 9,Staer 9,Bulevardul Iuliu Maniu,Sector 6,Sector 6,București,Vest,182
Staer 23,Staer 23,Bulevardul Metalurgiei,Sector 4,Sector 4,București,Sud,130
Staer 23,Staer 23,Drumul Jilavei,Sector 4,Sector 4,București,Sud,124
Staer 23,Staer 23,Drumul Fermei,Popești-Leordeni,—,Ilfov,Sud,119
Staer 23,Staer 23,Strada Odei,Sector 4,Sector 4,București,Sud,118
Staer 7,Staer 7,NECUNOSCUTĂ,București neatribuit,București neatribuit,București,București neatribuit,117
Staer 23,Staer 23,Șoseaua Olteniței,Sector 4,Sector 4,București,Sud,98
Staer 9,Staer 9,Prelungirea Ungirea Ghencea,Sector 6,Sector 6,București,Vest,90
Staer 23,Staer 23,Strada Amurgului,Popești-Leordeni,—,Ilfov,Sud,85
Staer 23,Staer 23,Drumul Gura Caliței,Sector 3,Sector 3,București,Est,84
Staer 23,Staer 23,Strada Turnu Măgurele,Sector 4,Sector 4,București,Sud,83
Staer 9,Staer 9,Tineretului,Chiajna–Roșu–Dudu,—,Ilfov,Vest,80
Staer 23,Staer 23,Postalionului,Sector 4,Sector 4,București,Sud,79
Staer 23,Staer 23,Strada Luica,Sector 4,Sector 4,București,Sud,72
Staer 23,Staer 23,Șoseaua Berceni,Sector 4,Sector 4,București,Sud,69
Staer 7,Staer 7,Șoseaua Colentina,București neatribuit,București neatribuit,București,București neatribuit,64
Staer 23,Staer 23,Drumul Gura Putnei,Sector 3,Sector 3,București,Est,61
Staer 9,Staer 9,Șoseaua Salaj,Sector 5,Sector 5,București,Sud-Vest,61
Staer 23,Staer 23,Șoseaua Olteniței,Sector 4,Sector 4,București,Sud,60
Staer 23,Staer 23,Șoseaua Giurgiului,Sector 4,Sector 4,București,Sud,55
Staer 9,Staer 9,Strada Brasov,Sector 6,Sector 6,București,Vest,50
Staer 23,Staer 23,X,București neatribuit,București neatribuit,București,București neatribuit,48
Staer 7,Staer 7,Șoseaua Colentina,Sector 2,Sector 2,București,Nord-Est,47
Staer 23,Staer 23,Strada Luica,Sector 4,Sector 4,București,Sud,45
Staer 23,Staer 23,Șoseaua Pantelimon,Sector 2,Sector 2,București,Nord-Est,44
Staer 23,Staer 23,Strada Aurel Perșu,Sector 4,Sector 4,București,Sud,44
Staer 9,Staer 9,Dr Taberei,Sector 6,Sector 6,București,Vest,44
Staer 9,Staer 9,Splaiul Independenței,Sector 6,Sector 6,București,Vest,44
Staer 9,Staer 9,Safirului,Bragadiru,—,Ilfov,Sud-Vest,43
Staer 23,Staer 23,Solstitiului,Popești-Leordeni,—,Ilfov,Sud,42
Staer 23,Staer 23,Șoseaua Oltenitei,Popești-Leordeni,—,Ilfov,Sud,41
Staer 9,Staer 9,Rezervelor,Chiajna–Roșu–Dudu,—,Ilfov,Vest,40
Alis Ecomob SRL,Staer 9,Prelungirea Ungirea Ghencea,Sector 6,Sector 6,București,Vest,39
Staer 23,Staer 23,Drumul Dealu Bradului,Sector 4,Sector 4,București,Sud,39
Staer 9,Staer 9,Strada Biruinței,Popești-Leordeni,—,Ilfov,Sud,39
Staer 23,Staer 23,Bulevardul Camil Ressu,Sector 3,Sector 3,București,Est,37
Staer 23,Staer 23,Amurgului,Popești-Leordeni,—,Ilfov,Sud,37
Staer 23,Staer 23,Bulevardul Metalurgiei,Sector 4,Sector 4,București,Sud,36
Staer 23,Staer 23,Aleea Huedin,Sector 4,Sector 4,București,Sud,36
Staer 23,Staer 23,Aleea Resita,Sector 4,Sector 4,București,Sud,36
Staer 7,Staer 7,Bulevardul Pipera,Voluntari–Pipera,—,Ilfov,Nord,35
Staer 23,Staer 23,Aleea Lamotesti,Sector 4,Sector 4,București,Sud,34
Staer 9,Staer 9,Prelungirea Ungirea Ghencea,Bragadiru,—,Ilfov,Sud-Vest,34
Staer 23,Staer 23,Șoseaua Giurgiului,București neatribuit,București neatribuit,București,București neatribuit,33
Staer 23,Staer 23,Aleea Covasna,Sector 4,Sector 4,București,Sud,33
Staer 23,Staer 23,Constantin Brancoveanu,Sector 4,Sector 4,București,Sud,33
Staer 23,Staer 23,Popesti Vest,Popești-Leordeni,—,Ilfov,Sud,33
Staer 9,Staer 9,Calea Ea Giulesti,Sector 6,Sector 6,București,Vest,33
Staer 23,Staer 23,Drumul Fermei,Popești-Leordeni,—,Ilfov,Sud,32
Staer 9,Staer 9,Șoseaua Pantelimon,Sector 2,Sector 2,București,Nord-Est,31
Alis Ecomob SRL,Staer 9,Bulevardul Iuliu Maniu,Sector 6,Sector 6,București,Vest,30
Alis Ecomob SRL,Staer 9,Dr Fermei,Popești-Leordeni,—,Ilfov,Sud,30
Staer 9,Staer 9,Ajustorului,Sector 6,Sector 6,București,Vest,30
Staer 7,Staer 7,Șoseaua Pantelimon,Sector 2,Sector 2,București,Nord-Est,29
Staer 9,Staer 9,Calea Ea Crângași,Sector 6,Sector 6,București,Vest,29
Staer 23,Staer 23,Bulevardul Al. Obregia,Sector 4,Sector 4,București,Sud,28
Staer 9,Staer 9,Șoseaua Colentina,Sector 2,Sector 2,București,Nord-Est,28
Staer 9,Staer 9,Șoseaua Olteniței,Sector 4,Sector 4,București,Sud,28
Staer 9,Staer 9,Bulevardul Ghencea,Sector 6,Sector 6,București,Vest,28
Staer 9,Staer 9,Drumul Taberei,Sector 6,Sector 6,București,Vest,28
Staer 9,Staer 9,Strada Sibiu,Sector 6,Sector 6,București,Vest,28
Staer 9,Staer 9,Strada Crișul Repede,Bragadiru,—,Ilfov,Sud-Vest,28
Staer 23,Staer 23,Aleea Izvorul Oltului,Sector 4,Sector 4,București,Sud,27
Staer 23,Staer 23,Calea Văcărești,Sector 4,Sector 4,București,Sud,27
Staer 23,Staer 23,Uioara,Sector 4,Sector 4,București,Sud,27
Staer 23,Staer 23,Șoseaua Salaj,Sector 5,Sector 5,București,Sud-Vest,27
Staer 9,Staer 9,Drumul Valea Doftanei,Sector 6,Sector 6,București,Vest,27
Staer 9,Staer 9,Tineretului,Chiajna–Roșu–Dudu,—,Ilfov,Vest,27
Staer 23,Staer 23,Drumul Binelui,Sector 4,Sector 4,București,Sud,26
Staer 23,Staer 23,Drumul Gura Fagetului,Sector 3,Sector 3,București,Est,26
Staer 23,Staer 23,Bulevardul Alexandru Obregia,Sector 4,Sector 4,București,Sud,26
Staer 7,Staer 7,Șoseaua Pantelimon,București neatribuit,București neatribuit,București,București neatribuit,26
Staer 9,Staer 9,Bulevardul Ion Mihalache,Sector 1,Sector 1,București,Nord,26
Staer 9,Staer 9,Bulevardul Metalurgiei,Sector 4,Sector 4,București,Sud,26
Staer 23,Staer 23,Postasului,Sector 3,Sector 3,București,Est,25
Staer 23,Staer 23,Victor Brauner,Sector 3,Sector 3,București,Est,25
Staer 23,Staer 23,Aleea Cetatea Veche,Sector 4,Sector 4,București,Sud,25
Staer 23,Staer 23,Bulevardul Constantin Brâncoveanu,Sector 4,Sector 4,București,Sud,25
Staer 23,Staer 23,Drumul Dealul Cucului,Sector 4,Sector 4,București,Sud,25
Staer 9,Staer 9,Diamantului,Bragadiru,—,Ilfov,Sud-Vest,25
Staer 23,Staer 23,Bulevardul C Brancoveanu,Sector 4,Sector 4,București,Sud,24
Staer 23,Staer 23,Bulevardul Ctin Brancoveanu,Sector 4,Sector 4,București,Sud,24
Staer 23,Staer 23,Drumul Cretestilor,Sector 4,Sector 4,București,Sud,24
Staer 23,Staer 23,Strada Sf Agnes,Popești-Leordeni,—,Ilfov,Sud,24
Staer 9,Staer 9,Bulevardul Pucheni,Sector 5,Sector 5,București,Sud-Vest,24
Staer 9,Staer 9,Calea Ea Rahovei,Sector 5,Sector 5,București,Sud-Vest,24
Staer 23,Staer 23,Șoseaua Pantelimon,București neatribuit,București neatribuit,București,București neatribuit,23
Staer 23,Staer 23,Calea Ea Vitan,Sector 3,Sector 3,București,Est,23
Staer 23,Staer 23,Drumul Gura Ariesului,Sector 3,Sector 3,București,Est,23
Staer 23,Staer 23,Strada Oituz,Popești-Leordeni,—,Ilfov,Sud,23
Staer 9,Staer 9,Dr Binelui,Sector 4,Sector 4,București,Sud,23
Alis Ecomob SRL,Staer 9,Strada Amurgului,Popești-Leordeni,—,Ilfov,Sud,22
Staer 23,Staer 23,Strada Turnu Măgurele,Sector 4,Sector 4,București,Sud,22
Staer 23,Staer 23,Liviu Rebreanu,Sector 3,Sector 3,București,Est,22
Staer 23,Staer 23,Aleea Ea Tomesti,Sector 4,Sector 4,București,Sud,22
Staer 23,Staer 23,Drumul Dealu Cucului,Sector 4,Sector 4,București,Sud,22
Staer 23,Staer 23,Biruintei,Popești-Leordeni,—,Ilfov,Sud,22
Staer 9,Staer 9,Calea Ea Griviței,Sector 1,Sector 1,București,Nord,22
Staer 9,Staer 9,Strada Barca,Sector 5,Sector 5,București,Sud-Vest,22
Alis Ecomob SRL,Staer 9,Dr Taberei,Sector 6,Sector 6,București,Vest,21
Staer 23,Staer 23,Bulevardul Alexandru Obregia,București neatribuit,București neatribuit,București,București neatribuit,21
Staer 23,Staer 23,Uioara,Sector 4,Sector 4,București,Sud,21
Staer 23,Staer 23,Șoseaua Colentina,Sector 2,Sector 2,București,Nord-Est,21
Staer 23,Staer 23,Aleea Ea Mizil,Sector 3,Sector 3,București,Est,21
Staer 23,Staer 23,Aleea Emil Racovita,Sector 4,Sector 4,București,Sud,21
Staer 7,Staer 7,Liviu Rebreanu,București neatribuit,București neatribuit,București,București neatribuit,21
Staer 7,Staer 7,Șoseaua Olteniței,Sector 4,Sector 4,București,Sud,21
Staer 9,Staer 9,Drumul Gura Caliței,Sector 3,Sector 3,București,Est,21
Staer 23,Staer 23,Dumitru Brumarescu,Sector 4,Sector 4,București,Sud,20
Staer 23,Staer 23,Izvorul Crisului,Sector 4,Sector 4,București,Sud,20
Staer 23,Staer 23,Moldovita,Sector 4,Sector 4,București,Sud,20
Staer 23,Staer 23,Secuilor,Sector 4,Sector 4,București,Sud,20
Staer 7,Staer 7,Mihai Bravu,București neatribuit,București neatribuit,București,București neatribuit,20
Staer 9,Staer 9,Strada Nasaud,Sector 5,Sector 5,București,Sud-Vest,20
Staer 9,Staer 9,Bulevardul Constructorilor,Sector 6,Sector 6,București,Vest,20
Staer 9,Staer 9,Dr Ciorogarla,Sector 6,Sector 6,București,Vest,20
Staer 9,Staer 9,Drumul Belsugului,Sector 6,Sector 6,București,Vest,20
Staer 9,Staer 9,Șoseaua Virtuții,Sector 6,Sector 6,București,Vest,20
Staer 9,Staer 9,Alunului,Bragadiru,—,Ilfov,Sud-Vest,20
Alis Ecomob SRL,Staer 9,Bulevardul Timișoara,Sector 6,Sector 6,București,Vest,19
Staer 23,Staer 23,Fetesti,Sector 3,Sector 3,București,Est,19
Staer 23,Staer 23,Aleea Ea Resita D,Sector 4,Sector 4,București,Sud,19
Staer 23,Staer 23,Splaiul Unirii,Popești-Leordeni,—,Ilfov,Sud,19
Staer 9,Staer 9,Drumul Binelui,Sector 4,Sector 4,București,Sud,19
Staer 23,Staer 23,Strada Aurel Perșu,București neatribuit,București neatribuit,București,București neatribuit,18
Staer 23,Staer 23,Bulevardul 1 Decembrie 1918,Sector 3,Sector 3,București,Est,18
Staer 23,Staer 23,Bulevardul Nicolae Grigorescu,Sector 3,Sector 3,București,Est,18
Staer 23,Staer 23,Bulevardul Theodor Pallady,Sector 3,Sector 3,București,Est,18
Staer 23,Staer 23,Șoseaua Mihai Bravu,Sector 3,Sector 3,București,Est,18
Staer 23,Staer 23,Drumul Cheile Turzii,Sector 4,Sector 4,București,Sud,18
Staer 23,Staer 23,Strada Alunișului,Sector 4,Sector 4,București,Sud,18
Staer 23,Staer 23,Șoseaua Oltenitei,Popești-Leordeni,—,Ilfov,Sud,18
Staer 7,Staer 7,Galata,Voluntari–Pipera,—,Ilfov,Nord,18
Staer 9,Staer 9,Postalionului,Sector 4,Sector 4,București,Sud,18
Staer 9,Staer 9,Calea 13 Septembrie,Sector 5,Sector 5,București,Sud-Vest,18
Staer 9,Staer 9,Aleea Ghirlandei,Sector 6,Sector 6,București,Vest,18
Staer 9,Staer 9,Dreptatii,Sector 6,Sector 6,București,Vest,18
Staer 9,Staer 9,Piscul Crasani,Sector 6,Sector 6,București,Vest,18
Staer 9,Staer 9,Iernii,Bragadiru,—,Ilfov,Sud-Vest,18
Staer 9,Staer 9,Rezervelor,Chiajna–Roșu–Dudu,—,Ilfov,Vest,18
Staer 23,Staer 23,Bulevardul Camil Ressu,București neatribuit,București neatribuit,București,București neatribuit,17
Staer 23,Staer 23,Bulevardul Basarabia,Sector 2,Sector 2,București,Nord-Est,17
Staer 23,Staer 23,Marului,Sector 3,Sector 3,București,Est,17
Staer 23,Staer 23,Drumul Dealul Bradului,Sector 4,Sector 4,București,Sud,17
Staer 23,Staer 23,Drumul Gilaului,Sector 4,Sector 4,București,Sud,17
Staer 23,Staer 23,Strada Cercetatorilor,Sector 4,Sector 4,București,Sud,17
Staer 23,Staer 23,Bulevardul Timișoara,Sector 6,Sector 6,București,Vest,17
Staer 23,Staer 23,Șoseaua Giurgiului,Jilava,—,Ilfov,Sud,17
Staer 7,Staer 7,Bulevardul Lacul Tei,București neatribuit,București neatribuit,București,București neatribuit,17
Staer 7,Staer 7,Teiul Doamnei,Sector 2,Sector 2,București,Nord-Est,17
Staer 9,Staer 9,Șoseaua Chitilei,Sector 1,Sector 1,București,Nord,17
Staer 9,Staer 9,Șoseaua Giurgiului,Sector 4,Sector 4,București,Sud,17
Staer 9,Staer 9,Calea Ea Ferentari,Sector 5,Sector 5,București,Sud-Vest,17
Staer 9,Staer 9,Economu Cezarescu,Sector 6,Sector 6,București,Vest,17
Staer 9,Staer 9,Fabricii,Sector 6,Sector 6,București,Vest,17
Staer 9,Staer 9,Strada Lujerului,Sector 6,Sector 6,București,Vest,17
Staer 9,Staer 9,Vintila Mihailescu,Sector 6,Sector 6,București,Vest,17
Staer 9,Staer 9,Neamului,Bragadiru,—,Ilfov,Sud-Vest,17
Alis Ecomob SRL,Staer 9,Calea Ea Rahovei,Sector 5,Sector 5,București,Sud-Vest,16
Alis Ecomob SRL,Staer 9,Rezervelor,Chiajna–Roșu–Dudu,—,Ilfov,Vest,16
Staer 23,Staer 23,Aleea Covasna,Sector 4,Sector 4,București,Sud,16
Staer 23,Staer 23,Aleea Fizicienilor,Sector 3,Sector 3,București,Est,16
Staer 23,Staer 23,Aleea Prevederii,Sector 3,Sector 3,București,Est,16
Staer 23,Staer 23,Strada Istriei,Sector 3,Sector 3,București,Est,16
Staer 23,Staer 23,Aleea Gornesti,Sector 4,Sector 4,București,Sud,16
Staer 23,Staer 23,Anton Bacalbasa,Sector 4,Sector 4,București,Sud,16
Staer 23,Staer 23,Strada Izvorul Muresului,Sector 4,Sector 4,București,Sud,16
Staer 23,Staer 23,Strada Panselelor,Sector 4,Sector 4,București,Sud,16
Staer 7,Staer 7,Bulevardul Timișoara,Sector 6,Sector 6,București,Vest,16
Staer 7,Staer 7,Pantelimon,Sector 2,Sector 2,București,Nord-Est,16
Staer 7,Staer 7,Splaiul Unirii,Popești-Leordeni,—,Ilfov,Sud,16
Staer 9,Staer 9,Bulevardul Theodor Pallady,Sector 3,Sector 3,București,Est,16
Staer 9,Staer 9,Dr Gura Calitei,Sector 3,Sector 3,București,Est,16
Staer 9,Staer 9,Dr Jilavei,Sector 4,Sector 4,București,Sud,16
Staer 9,Staer 9,Drumul Jilavei,Sector 4,Sector 4,București,Sud,16
Staer 9,Staer 9,Aleea Dumbrava Noua,Sector 5,Sector 5,București,Sud-Vest,16
Staer 9,Staer 9,Muntii Carpati,Sector 5,Sector 5,București,Sud-Vest,16
Staer 9,Staer 9,Bulevardul 1 Mai,Sector 6,Sector 6,București,Vest,16
Staer 9,Staer 9,Bulevardul Uverturii,Sector 6,Sector 6,București,Vest,16
Staer 9,Staer 9,Margelelor,Bragadiru,—,Ilfov,Sud-Vest,16
Alis Ecomob SRL,Staer 9,Rezervelor,Sector 6,Sector 6,București,Vest,15
Alis Ecomob SRL,Staer 9,Prelungirea Ungirea Ghencea,Bragadiru,—,Ilfov,Sud-Vest,15
Staer 23,Staer 23,Aleea Resita,București neatribuit,București neatribuit,București,București neatribuit,15
Staer 23,Staer 23,Bulevardul Brancoveanu,Sector 4,Sector 4,București,Sud,15
Staer 23,Staer 23,Aleea Dorohoi,Sector 4,Sector 4,București,Sud,15
Staer 23,Staer 23,Aleea Terasei,Sector 4,Sector 4,București,Sud,15
Staer 23,Staer 23,Bulevardul Tineretului,Sector 4,Sector 4,București,Sud,15
Staer 23,Staer 23,Bulevardul 1 Mai,Berceni (Ilfov),—,Ilfov,Sud,15
Staer 23,Staer 23,Bulevardul Pipera,Voluntari–Pipera,—,Ilfov,Nord,15
Staer 7,Staer 7,Stefan cel Mare,București neatribuit,București neatribuit,București,București neatribuit,15
Staer 9,Staer 9,Bulevardul Iuliu Maniu,Sector 6,Sector 6,București,Vest,15
Staer 9,Staer 9,Drumul Osiei,Sector 6,Sector 6,București,Vest,15
Staer 9,Staer 9,Drumul Valea Cricovului,Sector 6,Sector 6,București,Vest,15
Staer 9,Staer 9,Moinesti,Sector 6,Sector 6,București,Vest,15
Staer 9,Staer 9,Tg Neamt,Sector 6,Sector 6,București,Vest,15
Staer 9,Staer 9,Șoseaua Alexandriei,Bragadiru,—,Ilfov,Sud-Vest,15
Alis Ecomob SRL,Staer 9,Bulevardul Tineretului,București neatribuit,București neatribuit,București,București neatribuit,14
Alis Ecomob SRL,Staer 9,Șoseaua Colentina,București neatribuit,București neatribuit,București,București neatribuit,14
Staer 23,Staer 23,Aleea Lamotesti,Sector 4,Sector 4,București,Sud,14
Staer 23,Staer 23,Drumul Jilavei,Sector 4,Sector 4,București,Sud,14
Staer 23,Staer 23,Șoseaua Berceni,Sector 4,Sector 4,București,Sud,14
Staer 23,Staer 23,Șoseaua Colentina,București neatribuit,București neatribuit,București,București neatribuit,14
Staer 23,Staer 23,Calea Ea Mosilor,Sector 2,Sector 2,București,Nord-Est,14
Staer 23,Staer 23,Aleea Niculitel,Sector 4,Sector 4,București,Sud,14
Staer 23,Staer 23,Izvorul Rece,Sector 4,Sector 4,București,Sud,14
Staer 23,Staer 23,Solstitiului,Popești-Leordeni,—,Ilfov,Sud,14
Staer 23,Staer 23,Echinoctiului,Popești-Leordeni,—,Ilfov,Sud,14
Staer 7,Staer 7,Șoseaua Mihai Bravu,București neatribuit,București neatribuit,București,București neatribuit,14
Staer 7,Staer 7,Șoseaua Fundeni,Sector 2,Sector 2,București,Nord-Est,14
Staer 9,Staer 9,Turda,Sector 1,Sector 1,București,Nord,14
Staer 9,Staer 9,Drumul Gura Fagetului,Sector 3,Sector 3,București,Est,14
Staer 9,Staer 9,Drumul Gura Putnei,Sector 3,Sector 3,București,Est,14
Staer 9,Staer 9,Victor Brauner,Sector 3,Sector 3,București,Est,14
Staer 9,Staer 9,Novaci,Sector 5,Sector 5,București,Sud-Vest,14
Staer 9,Staer 9,Aleea Tincani,Sector 6,Sector 6,București,Vest,14
Staer 9,Staer 9,Aleea Valea Calugareasca,Sector 6,Sector 6,București,Vest,14
Staer 9,Staer 9,Oboga,Sector 6,Sector 6,București,Vest,14
Staer 9,Staer 9,Pravat,Sector 6,Sector 6,București,Vest,14
Staer 9,Staer 9,Strada Cetatea de Balta,Sector 6,Sector 6,București,Vest,14
Staer 9,Staer 9,Strada Cupolei,Sector 6,Sector 6,București,Vest,14
Staer 9,Staer 9,Serg Ilie Petre,Chiajna–Roșu–Dudu,—,Ilfov,Vest,14
Alis Ecomob SRL,Staer 9,Liviu Rebreanu,București neatribuit,București neatribuit,București,București neatribuit,13
Alis Ecomob SRL,Staer 9,Strada Cupolei,Sector 6,Sector 6,București,Vest,13
Alis Ecomob SRL,Staer 9,Șoseaua Oltenitei,Popești-Leordeni,—,Ilfov,Sud,13
Staer 23,Staer 23,Constantin Brancoveanu,Sector 4,Sector 4,București,Sud,13
Staer 23,Staer 23,Drumul Gazarului,Sector 4,Sector 4,București,Sud,13
Staer 23,Staer 23,Liviu Rebreanu,București neatribuit,București neatribuit,București,București neatribuit,13
Staer 23,Staer 23,Bulevardul Chișinău,Sector 2,Sector 2,București,Nord-Est,13
Staer 23,Staer 23,Șoseaua Ștefan cel Mare,Sector 2,Sector 2,București,Nord-Est,13
Staer 23,Staer 23,Aleea Ciucea,Sector 3,Sector 3,București,Est,13
Staer 23,Staer 23,Strada Răcari,Sector 3,Sector 3,București,Est,13
Staer 23,Staer 23,Aleea Ea Ciceu,Sector 4,Sector 4,București,Sud,13
Staer 23,Staer 23,Binelui,Sector 4,Sector 4,București,Sud,13
Staer 23,Staer 23,Drumul Dealu Alunis,Sector 4,Sector 4,București,Sud,13
Staer 23,Staer 23,Garnitei,Sector 4,Sector 4,București,Sud,13
Staer 23,Staer 23,Gradistea,Sector 4,Sector 4,București,Sud,13
Staer 23,Staer 23,Paduroiu,Sector 4,Sector 4,București,Sud,13
Staer 23,Staer 23,Strada Anghel Moldoveanu,Sector 4,Sector 4,București,Sud,13
Staer 23,Staer 23,Bulevardul Iuliu Maniu,Sector 6,Sector 6,București,Vest,13
Staer 23,Staer 23,Campului,Berceni (Ilfov),—,Ilfov,Sud,13
Staer 23,Staer 23,Fluturilor,Berceni (Ilfov),—,Ilfov,Sud,13
Staer 23,Staer 23,Lacramioarei,Berceni (Ilfov),—,Ilfov,Sud,13
Staer 23,Staer 23,Miorita,Berceni (Ilfov),—,Ilfov,Sud,13
Staer 23,Staer 23,Strada Zanelor,Berceni (Ilfov),—,Ilfov,Sud,13
Staer 23,Staer 23,Tuberozelor,Berceni (Ilfov),—,Ilfov,Sud,13
Staer 23,Staer 23,Sperantei,Popești-Leordeni,—,Ilfov,Sud,13
Staer 7,Staer 7,Bulevardul Camil Ressu,București neatribuit,București neatribuit,București,București neatribuit,13
Staer 7,Staer 7,Șoseaua Iancului,București neatribuit,București neatribuit,București,București neatribuit,13
Staer 7,Staer 7,NECUNOSCUTĂ,București neatribuit,București neatribuit,București,București neatribuit,13
Staer 7,Staer 7,Bulevardul Camil Ressu,Sector 3,Sector 3,București,Est,13
Staer 7,Staer 7,Liviu Rebreanu,Sector 3,Sector 3,București,Est,13
Staer 9,Staer 9,Bulevardul Bucureștii Noi,Sector 1,Sector 1,București,Nord,13
Staer 9,Staer 9,Bulevardul Camil Ressu,Sector 3,Sector 3,București,Est,13
Staer 9,Staer 9,Postasului,Sector 3,Sector 3,București,Est,13
Staer 9,Staer 9,Strada Petre Ispirescu,Sector 5,Sector 5,București,Sud-Vest,13
Staer 9,Staer 9,Aleea Dealul Macinului,Sector 6,Sector 6,București,Vest,13
Staer 9,Staer 9,Ciresar,Bragadiru,—,Ilfov,Sud-Vest,13
Staer 9,Staer 9,Weiner Palada,Chiajna–Roșu–Dudu,—,Ilfov,Vest,13
Alis Ecomob SRL,Staer 9,Aleea Dumbrava Noua,Sector 5,Sector 5,București,Sud-Vest,12
Alis Ecomob SRL,Staer 9,Calea Ea Ferentari,Sector 5,Sector 5,București,Sud-Vest,12
Alis Ecomob SRL,Staer 9,Drumul Fermei,Popești-Leordeni,—,Ilfov,Sud,12
Staer 23,Staer 23,Aleea Prevederii,Sector 3,Sector 3,București,Est,12
Staer 23,Staer 23,Bulevardul Doamna Ghica,Sector 2,Sector 2,București,Nord-Est,12
Staer 23,Staer 23,Șoseaua Mihai Bravu,Sector 2,Sector 2,București,Nord-Est,12
Staer 23,Staer 23,Baba Novac,Sector 3,Sector 3,București,Est,12
Staer 23,Staer 23,Drumul Gura Siriului,Sector 3,Sector 3,București,Est,12
Staer 23,Staer 23,Strada Vlaicu Vodă,Sector 3,Sector 3,București,Est,12
Staer 23,Staer 23,Aleea Aduintei,Sector 4,Sector 4,București,Sud,12
Staer 23,Staer 23,Strada Frumusani,Sector 4,Sector 4,București,Sud,12
Staer 23,Staer 23,Strada Nitu Vasile,Sector 4,Sector 4,București,Sud,12
Staer 23,Staer 23,Stupilor,Sector 4,Sector 4,București,Sud,12
Staer 23,Staer 23,Tulnici,Sector 4,Sector 4,București,Sud,12
Staer 23,Staer 23,Aleea Garii,Jilava,—,Ilfov,Sud,12
Staer 23,Staer 23,Ungureni,Jilava,—,Ilfov,Sud,12
Staer 23,Staer 23,Eclipsei,Popești-Leordeni,—,Ilfov,Sud,12
Staer 23,Staer 23,Leordeni,Popești-Leordeni,—,Ilfov,Sud,12
Staer 23,Staer 23,Sfanta Agnes,Popești-Leordeni,—,Ilfov,Sud,12
Staer 7,Staer 7,Șoseaua Pantelimon,Sector 2,Sector 2,București,Nord-Est,12
Staer 7,Staer 7,Calea Ea Griviței,Sector 1,Sector 1,București,Nord,12
Staer 9,Staer 9,Dr Gura Fagetului,Sector 3,Sector 3,București,Est,12
Staer 9,Staer 9,Calea Văcărești,Sector 4,Sector 4,București,Sud,12
Staer 9,Staer 9,Salaj,Sector 5,Sector 5,București,Sud-Vest,12
Staer 9,Staer 9,Aleea Ea Campul cu Flori,Sector 6,Sector 6,București,Vest,12
Staer 9,Staer 9,Aleea Ea Istru,Sector 6,Sector 6,București,Vest,12
Staer 9,Staer 9,Dezrobirii,Sector 6,Sector 6,București,Vest,12
Staer 9,Staer 9,Margelelor,Sector 6,Sector 6,București,Vest,12
Staer 9,Staer 9,Valea Lunga,Sector 6,Sector 6,București,Vest,12
Staer 9,Staer 9,Valea Oltului,Sector 6,Sector 6,București,Vest,12
Staer 9,Staer 9,Coralului,Bragadiru,—,Ilfov,Sud-Vest,12
Staer 9,Staer 9,Drumul Fermei,Popești-Leordeni,—,Ilfov,Sud,12
Staer 9,Staer 9,Strada Amurgului,Popești-Leordeni,—,Ilfov,Sud,12
Staer 9,Staer 9,Bulevardul Pipera,Voluntari–Pipera,—,Ilfov,Nord,12
Alis Ecomob SRL,Staer 9,Șoseaua Olteniței,Sector 4,Sector 4,București,Sud,11
Alis Ecomob SRL,Staer 9,Telita,Sector 5,Sector 5,București,Sud-Vest,11
Staer 23,Staer 23,Aleea Emil Racovita,Sector 4,Sector 4,București,Sud,11
Staer 23,Staer 23,Almasu MIC,Sector 4,Sector 4,București,Sud,11
Staer 23,Staer 23,Baba Novac,București neatribuit,București neatribuit,București,București neatribuit,11
Staer 23,Staer 23,Bulevardul Theodor Pallady,Sector 3,Sector 3,București,Est,11
Staer 23,Staer 23,Drumul Cretestilor,Sector 4,Sector 4,București,Sud,11
Staer 23,Staer 23,Postalionului,București neatribuit,București neatribuit,București,București neatribuit,11
Staer 23,Staer 23,Cozla,Sector 3,Sector 3,București,Est,11
Staer 23,Staer 23,Strada Campia Libertatii,Sector 3,Sector 3,București,Est,11
Staer 23,Staer 23,Calea Serban Voda,Sector 4,Sector 4,București,Sud,11
Staer 23,Staer 23,Drumul Gazarului,Sector 4,Sector 4,București,Sud,11
Staer 23,Staer 23,Padesu,Sector 4,Sector 4,București,Sud,11
Staer 23,Staer 23,Șoseaua Vitan Barzesti,Sector 4,Sector 4,București,Sud,11
Staer 23,Staer 23,Vatra Dornei,Sector 4,Sector 4,București,Sud,11
Staer 23,Staer 23,Calea Ea Ferentari,Sector 5,Sector 5,București,Sud-Vest,11
Staer 23,Staer 23,Toporasi,Sector 5,Sector 5,București,Sud-Vest,11
Staer 23,Staer 23,Oituz,Popești-Leordeni,—,Ilfov,Sud,11
Staer 23,Staer 23,Popesti Vest,Popești-Leordeni,—,Ilfov,Sud,11
Staer 7,Staer 7,Bulevardul Basarabia,București neatribuit,București neatribuit,București,București neatribuit,11
Staer 7,Staer 7,Bulevardul Doamna Ghica,Sector 2,Sector 2,București,Nord-Est,11
Staer 7,Staer 7,Bulevardul Iuliu Maniu,Sector 6,Sector 6,București,Vest,11
Staer 7,Staer 7,Calea Ea Mosilor,București neatribuit,București neatribuit,București,București neatribuit,11
Staer 7,Staer 7,Drumul Taberei,Sector 6,Sector 6,București,Vest,11
Staer 7,Staer 7,Șoseaua Colentina,Sector 2,Sector 2,București,Nord-Est,11
Staer 7,Staer 7,Bulevardul Timișoara,Sector 6,Sector 6,București,Vest,11
Staer 7,Staer 7,Prelungirea Ungirea Ghencea,Sector 6,Sector 6,București,Vest,11
Staer 7,Staer 7,Drumul Fermei,Popești-Leordeni,—,Ilfov,Sud,11
Staer 9,Staer 9,Fabrica de Glucoza,Sector 2,Sector 2,București,Nord-Est,11
Staer 9,Staer 9,Bulevardul 1 Decembrie 1918,Sector 3,Sector 3,București,Est,11
Staer 9,Staer 9,Calea Ea Călărași,Sector 3,Sector 3,București,Est,11
Staer 9,Staer 9,Șoseaua Berceni,Sector 4,Sector 4,București,Sud,11
Staer 9,Staer 9,Dorneasca,Sector 5,Sector 5,București,Sud-Vest,11
Staer 9,Staer 9,Margeanului,Sector 5,Sector 5,București,Sud-Vest,11
Staer 9,Staer 9,Strada Vedea,Sector 5,Sector 5,București,Sud-Vest,11
Staer 9,Staer 9,Șoseaua Alexandriei,Sector 5,Sector 5,București,Sud-Vest,11
Staer 9,Staer 9,Șoseaua Viilor,Sector 5,Sector 5,București,Sud-Vest,11
Staer 9,Staer 9,Aleea Ea Compozitorilor,Sector 6,Sector 6,București,Vest,11
Staer 9,Staer 9,Aleea Ea Lacul Morii,Sector 6,Sector 6,București,Vest,11
Staer 9,Staer 9,Drumul Manastirea Varatec,Sector 6,Sector 6,București,Vest,11
Staer 9,Staer 9,Intrarea Dr Belsugului,Sector 6,Sector 6,București,Vest,11
Staer 9,Staer 9,NECUNOSCUTĂ,Sector 6,Sector 6,București,Vest,11
Staer 9,Staer 9,Sg Apostol Constantin,Sector 6,Sector 6,București,Vest,11
Staer 9,Staer 9,Veteranilor,Sector 6,Sector 6,București,Vest,11
Staer 9,Staer 9,Rezervelor,Chiajna–Roșu–Dudu,—,Ilfov,Vest,11
Staer 9,Staer 9,Popesti Vest,Popești-Leordeni,—,Ilfov,Sud,11
Alis Ecomob SRL,Staer 9,Bulevardul 1 Mai,Sector 6,Sector 6,București,Vest,10
Alis Ecomob SRL,Staer 9,Bulevardul Constructorilor,Sector 6,Sector 6,București,Vest,10
Alis Ecomob SRL,Staer 9,Bulevardul Pucheni,București neatribuit,București neatribuit,București,București neatribuit,10
Alis Ecomob SRL,Staer 9,Șoseaua Giurgiului,București neatribuit,București neatribuit,București,București neatribuit,10
Alis Ecomob SRL,Staer 9,Șoseaua Salaj,București neatribuit,București neatribuit,București,București neatribuit,10
Staer 23,Staer 23,Aleea Izvorul Oltului,Sector 4,Sector 4,București,Sud,10
Staer 23,Staer 23,Calea Ea Vitan,București neatribuit,București neatribuit,București,București neatribuit,10
Staer 23,Staer 23,Șoseaua Fundeni,Sector 2,Sector 2,București,Nord-Est,10
Staer 23,Staer 23,Vatra Dornei,Sector 4,Sector 4,București,Sud,10
Staer 23,Staer 23,Aleea Avrig,Sector 2,Sector 2,București,Nord-Est,10
Staer 23,Staer 23,Aleea Codrii Neamtului,Sector 3,Sector 3,București,Est,10
Staer 23,Staer 23,Bulevardul Ramnicu Sarat,Sector 3,Sector 3,București,Est,10
Staer 23,Staer 23,Foisorului,Sector 3,Sector 3,București,Est,10
Staer 23,Staer 23,Lotrioara,Sector 3,Sector 3,București,Est,10
Staer 23,Staer 23,Ramnicu Valcea,Sector 3,Sector 3,București,Est,10
Staer 23,Staer 23,Strada Dristorului,Sector 3,Sector 3,București,Est,10
Staer 23,Staer 23,Strada Jean Steriadi,Sector 3,Sector 3,București,Est,10
Staer 23,Staer 23,Aleea Ea Calinesti,Sector 4,Sector 4,București,Sud,10
Staer 23,Staer 23,Aleea Ea Ucea,Sector 4,Sector 4,București,Sud,10
Staer 23,Staer 23,Aleea Mirea Mioara Luiza,Sector 4,Sector 4,București,Sud,10
Staer 23,Staer 23,Spinis,Sector 4,Sector 4,București,Sud,10
Staer 23,Staer 23,Strada Almașu Mare,Sector 4,Sector 4,București,Sud,10
Staer 23,Staer 23,Tatulesti,Sector 4,Sector 4,București,Sud,10
Staer 23,Staer 23,Strada Padurea Craiului,Berceni (Ilfov),—,Ilfov,Sud,10
Staer 23,Staer 23,Sf. Agnes,Popești-Leordeni,—,Ilfov,Sud,10
Staer 7,Staer 7,Aleea Ea Dobrina,Sector 2,Sector 2,București,Nord-Est,10
Staer 7,Staer 7,Bulevardul Nicolae Grigorescu,București neatribuit,București neatribuit,București,București neatribuit,10
Staer 7,Staer 7,Prelungirea Ungirea Ghencea,Sector 6,Sector 6,București,Vest,10
Staer 7,Staer 7,Șoseaua Berceni,Sector 4,Sector 4,București,Sud,10
Staer 7,Staer 7,Șoseaua Fundeni,Sector 2,Sector 2,București,Nord-Est,10
Staer 7,Staer 7,Calea Ea Mosilor,Sector 2,Sector 2,București,Nord-Est,10
Staer 7,Staer 7,Pantelimon,Sector 2,Sector 2,București,Nord-Est,10
Staer 7,Staer 7,Șoseaua Ștefan cel Mare,Sector 2,Sector 2,București,Nord-Est,10
Staer 7,Staer 7,Strada Dristorului,Sector 3,Sector 3,București,Est,10
Staer 7,Staer 7,Șoseaua Colentina,Sector 2,Sector 2,București,Nord-Est,10
Staer 7,Staer 7,Strada Scolii,Voluntari–Pipera,—,Ilfov,Nord,10
Staer 9,Staer 9,Aleea Ea Mizil,Sector 3,Sector 3,București,Est,10
Staer 9,Staer 9,Strada Bârnova,Sector 5,Sector 5,București,Sud-Vest,10
Staer 9,Staer 9,Strada Buzoieni,Sector 5,Sector 5,București,Sud-Vest,10
Staer 9,Staer 9,Strada Mihail Sebastian,Sector 5,Sector 5,București,Sud-Vest,10
Staer 9,Staer 9,Aleea Pascani,Sector 6,Sector 6,București,Vest,10
Staer 9,Staer 9,Ceahlaul,Sector 6,Sector 6,București,Vest,10
Staer 9,Staer 9,Dr Valea Doftanei,Sector 6,Sector 6,București,Vest,10
Staer 9,Staer 9,Drumul Ciorogârla,Sector 6,Sector 6,București,Vest,10
Staer 9,Staer 9,Drumul Valea Calmatuiului,Sector 6,Sector 6,București,Vest,10
Staer 9,Staer 9,Serg Apostol Constantin,Sector 6,Sector 6,București,Vest,10
Staer 9,Staer 9,Strada Rosia Montana,Sector 6,Sector 6,București,Vest,10
Staer 9,Staer 9,Monumentului,Bragadiru,—,Ilfov,Sud-Vest,10
Staer 9,Staer 9,Nazuintei,Bragadiru,—,Ilfov,Sud-Vest,10
Staer 9,Staer 9,Parfumului,Bragadiru,—,Ilfov,Sud-Vest,10
Staer 9,Staer 9,Topaz,Bragadiru,—,Ilfov,Sud-Vest,10
Staer 9,Staer 9,Verii,Bragadiru,—,Ilfov,Sud-Vest,10
Staer 9,Staer 9,Sg. Ilie Petre,Chiajna–Roșu–Dudu,—,Ilfov,Vest,10
Alis Ecomob SRL,Staer 9,Aleea Dealul Macinului,Sector 6,Sector 6,București,Vest,9
Alis Ecomob SRL,Staer 9,Bulevardul Camil Ressu,București neatribuit,București neatribuit,București,București neatribuit,9
Staer 23,Staer 23,Aleea Cetatea Veche,Sector 4,Sector 4,București,Sud,9
Staer 23,Staer 23,Aleea Ea Ciceu,Sector 4,Sector 4,București,Sud,9
Staer 23,Staer 23,Bulevardul Constantin Brâncoveanu,Sector 4,Sector 4,București,Sud,9
Staer 23,Staer 23,Drumul Cheile Turzii,Sector 4,Sector 4,București,Sud,9
Staer 23,Staer 23,Mihai Bravu,București neatribuit,București neatribuit,București,București neatribuit,9
Staer 23,Staer 23,Strada Istriei,Sector 3,Sector 3,București,Est,9
Staer 23,Staer 23,Strada Măriuca,Sector 4,Sector 4,București,Sud,9
Staer 23,Staer 23,Strada Panselelor,Sector 4,Sector 4,București,Sud,9
Staer 23,Staer 23,Aleea Magura Vulturului,Sector 2,Sector 2,București,Nord-Est,9
Staer 23,Staer 23,Strada Maior Vasile Bacila,Sector 2,Sector 2,București,Nord-Est,9
Staer 23,Staer 23,Șoseaua Fundeni,Sector 2,Sector 2,București,Nord-Est,9
Staer 23,Staer 23,Șoseaua Morarilor,Sector 2,Sector 2,București,Nord-Est,9
Staer 23,Staer 23,Drumul Gura Garlitei,Sector 3,Sector 3,București,Est,9
Staer 23,Staer 23,Mihai Bravu,Sector 3,Sector 3,București,Est,9
Staer 23,Staer 23,Patriotilor,Sector 3,Sector 3,București,Est,9
Staer 23,Staer 23,Strada Nerva Traian,Sector 3,Sector 3,București,Est,9
Staer 23,Staer 23,Strada Trapezului,Sector 3,Sector 3,București,Est,9
Staer 23,Staer 23,Aleea Ea Ornamentului,Sector 4,Sector 4,București,Sud,9
Staer 23,Staer 23,Aleea Ea Uioara,Sector 4,Sector 4,București,Sud,9
Staer 23,Staer 23,Bulevardul Dimitrie Cantemir,Sector 4,Sector 4,București,Sud,9
Staer 23,Staer 23,Giurgiului,Sector 4,Sector 4,București,Sud,9
Staer 23,Staer 23,Calea Ea Rahovei,Sector 5,Sector 5,București,Sud-Vest,9
Staer 23,Staer 23,Muntii Carpati,Sector 5,Sector 5,București,Sud-Vest,9
Staer 23,Staer 23,Independentei,Berceni (Ilfov),—,Ilfov,Sud,9
Staer 23,Staer 23,Strada Crișul Repede,Bragadiru,—,Ilfov,Sud-Vest,9
Staer 23,Staer 23,Șoseaua Principala,Copaceni,—,Ilfov,Ilfov neatribuit,9
Staer 23,Staer 23,Rasaritului,Popești-Leordeni,—,Ilfov,Sud,9
Staer 23,Staer 23,Sfintii Voievozi,Popești-Leordeni,—,Ilfov,Sud,9
Staer 23,Staer 23,Strada Cheiul Dâmboviței,Popești-Leordeni,—,Ilfov,Sud,9
Staer 7,Staer 7,Aleea Avrig,București neatribuit,București neatribuit,București,București neatribuit,9
Staer 7,Staer 7,Aleea Diham,Sector 2,Sector 2,București,Nord-Est,9
Staer 7,Staer 7,Baicului,Sector 2,Sector 2,București,Nord-Est,9
Staer 7,Staer 7,Calea Ea Vitan,București neatribuit,București neatribuit,București,București neatribuit,9
Staer 7,Staer 7,Melodiei,Sector 2,Sector 2,București,Nord-Est,9
Staer 7,Staer 7,Rascoala 1907,Sector 2,Sector 2,București,Nord-Est,9
Staer 7,Staer 7,Mihai Bravu,Sector 2,Sector 2,București,Nord-Est,9
Staer 7,Staer 7,Șoseaua Iancului,Sector 2,Sector 2,București,Nord-Est,9
Staer 7,Staer 7,Aleea Garii,Jilava,—,Ilfov,Sud,9
Staer 7,Staer 7,Bucuresti Nord,Voluntari–Pipera,—,Ilfov,Nord,9
Staer 9,Staer 9,Bulevardul Basarabia,Sector 2,Sector 2,București,Nord-Est,9
Staer 9,Staer 9,Baba Novac,Sector 3,Sector 3,București,Est,9
Staer 9,Staer 9,Drumul Gura Ariesului,Sector 3,Sector 3,București,Est,9
Staer 9,Staer 9,Mihai Bravu,Sector 3,Sector 3,București,Est,9
Staer 9,Staer 9,Aleea Barsanesti,Sector 6,Sector 6,București,Vest,9
Staer 9,Staer 9,Aleea Ea Cetatuia,Sector 6,Sector 6,București,Vest,9
Staer 9,Staer 9,Aleea Ea Parva,Sector 6,Sector 6,București,Vest,9
Staer 9,Staer 9,Basmului,Sector 6,Sector 6,București,Vest,9
Staer 9,Staer 9,Cernisoara,Sector 6,Sector 6,București,Vest,9
Staer 9,Staer 9,Constantin Moise,Sector 6,Sector 6,București,Vest,9
Staer 9,Staer 9,Strada Valea Cascadelor,Sector 6,Sector 6,București,Vest,9
Staer 9,Staer 9,Valea Ialomitei,Sector 6,Sector 6,București,Vest,9
Staer 9,Staer 9,Acvilei,Chiajna–Roșu–Dudu,—,Ilfov,Vest,9
Alis Ecomob SRL,Staer 9,Calea Ea Giulesti,București neatribuit,București neatribuit,București,București neatribuit,8
Alis Ecomob SRL,Staer 9,Strada Barca,Sector 5,Sector 5,București,Sud-Vest,8
Alis Ecomob SRL,Staer 9,Strada Mihail Sebastian,Sector 5,Sector 5,București,Sud-Vest,8
Alis Ecomob SRL,Staer 9,Strada Sibiu,Sector 6,Sector 6,București,Vest,8
Alis Ecomob SRL,Staer 9,Șoseaua Antiaeriana,București neatribuit,București neatribuit,București,București neatribuit,8
Alis Ecomob SRL,Staer 9,Șoseaua Pantelimon,București neatribuit,București neatribuit,București,București neatribuit,8
Staer 23,Staer 23,Aleea Dorohoi,Sector 4,Sector 4,București,Sud,8
Staer 23,Staer 23,Aleea Huedin,Sector 4,Sector 4,București,Sud,8
Staer 23,Staer 23,Bulevardul Chișinău,Sector 2,Sector 2,București,Nord-Est,8
Staer 23,Staer 23,Bulevardul Nicolae Grigorescu,București neatribuit,București neatribuit,București,București neatribuit,8
Staer 23,Staer 23,Dr Binelui,Sector 4,Sector 4,București,Sud,8
Staer 23,Staer 23,Izvorul Crisului,Sector 4,Sector 4,București,Sud,8
Staer 23,Staer 23,Pomarla,Sector 4,Sector 4,București,Sud,8
Staer 23,Staer 23,Strada Amurgului,București neatribuit,București neatribuit,București,București neatribuit,8
Staer 23,Staer 23,Șoseaua Chitilei,Sector 1,Sector 1,București,Nord,8
Staer 23,Staer 23,Aleea Ea Lunguletu,Sector 2,Sector 2,București,Nord-Est,8
Staer 23,Staer 23,Aleea Lunca Bradului,Sector 3,Sector 3,București,Est,8
Staer 23,Staer 23,Intrarea Reconstructiei,Sector 3,Sector 3,București,Est,8
Staer 23,Staer 23,Strada Prisaca Dornei,Sector 3,Sector 3,București,Est,8
Staer 23,Staer 23,Aleea Aliorului,Sector 4,Sector 4,București,Sud,8
Staer 23,Staer 23,Aleea Donea Diana Alexandra,Sector 4,Sector 4,București,Sud,8
Staer 23,Staer 23,Baladei,Sector 4,Sector 4,București,Sud,8
Staer 23,Staer 23,Caporal Grigore Marin,Sector 4,Sector 4,București,Sud,8
Staer 23,Staer 23,Ghimpati,Sector 4,Sector 4,București,Sud,8
Staer 23,Staer 23,Ionescu Gheorghe,Sector 4,Sector 4,București,Sud,8
Staer 23,Staer 23,Izvorul Trotusului,Sector 4,Sector 4,București,Sud,8
Staer 23,Staer 23,Pomarla,Sector 4,Sector 4,București,Sud,8
Staer 23,Staer 23,Splaiul Aiul Unirii,Sector 4,Sector 4,București,Sud,8
Staer 23,Staer 23,Strada Pridvorului,Sector 4,Sector 4,București,Sud,8
Staer 23,Staer 23,Baciului,Sector 5,Sector 5,București,Sud-Vest,8
Staer 23,Staer 23,Tiparnitei,Sector 5,Sector 5,București,Sud-Vest,8
Staer 23,Staer 23,Bistrita,Berceni (Ilfov),—,Ilfov,Sud,8
Staer 23,Staer 23,Cazanului,Berceni (Ilfov),—,Ilfov,Sud,8
Staer 23,Staer 23,Ugareni,Berceni (Ilfov),—,Ilfov,Sud,8
Staer 23,Staer 23,Apusului,Popești-Leordeni,—,Ilfov,Sud,8
Staer 23,Staer 23,Pavlicheni,Popești-Leordeni,—,Ilfov,Sud,8
Staer 23,Staer 23,Șoseaua Berceni,Popești-Leordeni,—,Ilfov,Sud,8
Staer 23,Staer 23,Principala,Vidra,—,Ilfov,Sud,8
Staer 7,Staer 7,Aleea Prevederii,Sector 3,Sector 3,București,Est,8
Staer 7,Staer 7,Fabrica de Gheata,Sector 2,Sector 2,București,Nord-Est,8
Staer 7,Staer 7,Maior Bacila,Sector 2,Sector 2,București,Nord-Est,8
Staer 7,Staer 7,Pincota,Sector 2,Sector 2,București,Nord-Est,8
Staer 7,Staer 7,Radovanu,Sector 2,Sector 2,București,Nord-Est,8
Staer 7,Staer 7,Ripiceni,Sector 2,Sector 2,București,Nord-Est,8
Staer 7,Staer 7,Bulevardul Basarabia,Sector 2,Sector 2,București,Nord-Est,8
Staer 7,Staer 7,Fabrica de Gheata,Sector 2,Sector 2,București,Nord-Est,8
Staer 7,Staer 7,Fabrica de Glucoza,Sector 2,Sector 2,București,Nord-Est,8
Staer 7,Staer 7,Radovanu,Sector 2,Sector 2,București,Nord-Est,8
Staer 7,Staer 7,Stefan cel Mare,Sector 2,Sector 2,București,Nord-Est,8
Staer 7,Staer 7,Teiul Doamnei,Sector 2,Sector 2,București,Nord-Est,8
Staer 7,Staer 7,Șoseaua Olteniței,Sector 4,Sector 4,București,Sud,8
Staer 7,Staer 7,Bulevardul Voluntari,Voluntari–Pipera,—,Ilfov,Nord,8
Staer 9,Staer 9,Aleea Ea Teisani,Sector 1,Sector 1,București,Nord,8
Staer 9,Staer 9,Drumul Padurea Neagra,Sector 1,Sector 1,București,Nord,8
Staer 9,Staer 9,Rotasului,Sector 1,Sector 1,București,Nord,8
Staer 9,Staer 9,Șoseaua Ghe Ionescu Sisesti,Sector 1,Sector 1,București,Nord,8
Staer 9,Staer 9,Calea Ea Mosilor,Sector 2,Sector 2,București,Nord-Est,8
Staer 9,Staer 9,Cremenita,Sector 2,Sector 2,București,Nord-Est,8
Staer 9,Staer 9,Bulevardul Nicolae Grigorescu,Sector 3,Sector 3,București,Est,8
Staer 9,Staer 9,Liviu Rebreanu,Sector 3,Sector 3,București,Est,8
Staer 9,Staer 9,Șoseaua Mihai Bravu,Sector 3,Sector 3,București,Est,8
Staer 9,Staer 9,Strada Luica,Sector 4,Sector 4,București,Sud,8
Staer 9,Staer 9,Aleea Ea Botorani,Sector 5,Sector 5,București,Sud-Vest,8
Staer 9,Staer 9,Șoseaua Antiaeriana,Sector 5,Sector 5,București,Sud-Vest,8
Staer 9,Staer 9,Aleea Ea Zorelelor,Sector 6,Sector 6,București,Vest,8
Staer 9,Staer 9,Latea Gheorghe,Sector 6,Sector 6,București,Vest,8
Staer 9,Staer 9,Mohorului,Sector 6,Sector 6,București,Vest,8
Staer 9,Staer 9,Strada Gârleni,Sector 6,Sector 6,București,Vest,8
Staer 9,Staer 9,Strada Viscolului,Sector 6,Sector 6,București,Vest,8
Staer 9,Staer 9,Vistiernicul Stavrinos,Sector 6,Sector 6,București,Vest,8
Staer 9,Staer 9,Vladeasa,Sector 6,Sector 6,București,Vest,8
Staer 9,Staer 9,Libertatii,Bragadiru,—,Ilfov,Sud-Vest,8
Staer 9,Staer 9,Rubinului,Bragadiru,—,Ilfov,Sud-Vest,8
Staer 9,Staer 9,Apeductului,Chiajna–Roșu–Dudu,—,Ilfov,Vest,8
Staer 9,Staer 9,Intrarea Nicolae Iorga,Chiajna–Roșu–Dudu,—,Ilfov,Vest,8
Staer 9,Staer 9,Intrarea Doinei,Dobroești,—,Ilfov,Nord-Est,8
Staer 9,Staer 9,Fortului,Domnești,—,Ilfov,Sud-Vest,8
Staer 9,Staer 9,23 August,Otopeni,—,Ilfov,Nord,8
Alis Ecomob SRL,Staer 9,Bulevardul Theodor Pallady,Sector 3,Sector 3,București,Est,7
Alis Ecomob SRL,Staer 9,Dunavat,București neatribuit,București neatribuit,București,București neatribuit,7
Alis Ecomob SRL,Staer 9,Margeanului,Sector 5,Sector 5,București,Sud-Vest,7
Alis Ecomob SRL,Staer 9,Șoseaua Alexandriei,Sector 5,Sector 5,București,Sud-Vest,7
Alis Ecomob SRL,Staer 9,Veteranilor,Sector 6,Sector 6,București,Vest,7
Alis Ecomob SRL,Staer 9,Vladeasa,Sector 6,Sector 6,București,Vest,7
Staer 23,Staer 23,Aja,Sector 4,Sector 4,București,Sud,7
Staer 23,Staer 23,Aleea Codrii Neamtului,București neatribuit,București neatribuit,București,București neatribuit,7
Staer 23,Staer 23,Aleea Gornesti,Sector 4,Sector 4,București,Sud,7
Staer 23,Staer 23,Anton Bacalbasa,Sector 4,Sector 4,București,Sud,7
Staer 23,Staer 23,Bulevardul C Brancoveanu,Sector 4,Sector 4,București,Sud,7
Staer 23,Staer 23,Bulevardul Tineretului,București neatribuit,București neatribuit,București,București neatribuit,7
Staer 23,Staer 23,Calea Ea Ferentari,Sector 5,Sector 5,București,Sud-Vest,7
Staer 23,Staer 23,Drumul Fermei,București neatribuit,București neatribuit,București,București neatribuit,7
Staer 23,Staer 23,Marului,Sector 3,Sector 3,București,Est,7
Staer 23,Staer 23,Secuilor,Sector 4,Sector 4,București,Sud,7
Staer 23,Staer 23,Splaiul Aiul Unirii,București neatribuit,București neatribuit,București,București neatribuit,7
Staer 23,Staer 23,Strada Frumusani,Sector 4,Sector 4,București,Sud,7
Staer 23,Staer 23,Strada Nitu Vasile,Sector 4,Sector 4,București,Sud,7
Staer 23,Staer 23,Strada Odei,București neatribuit,București neatribuit,București,București neatribuit,7
Staer 23,Staer 23,Strada Verigei,București neatribuit,București neatribuit,București,București neatribuit,7
Staer 23,Staer 23,Strada Ziduri Intre VII,Sector 2,Sector 2,București,Nord-Est,7
Staer 23,Staer 23,Aleea Ea Barajul Dunarii,Sector 3,Sector 3,București,Est,7
Staer 23,Staer 23,Aleea Ea Fetesti,Sector 3,Sector 3,București,Est,7
Staer 23,Staer 23,Bulevardul Decebal,Sector 3,Sector 3,București,Est,7
Staer 23,Staer 23,Bulevardul Octavian Goga,Sector 3,Sector 3,București,Est,7
Staer 23,Staer 23,Bulevardul Theodor Palady,Sector 3,Sector 3,București,Est,7
Staer 23,Staer 23,Strada Emil Gârleanu,Sector 3,Sector 3,București,Est,7
Staer 23,Staer 23,Strada Eufrosina Popescu,Sector 3,Sector 3,București,Est,7
Staer 23,Staer 23,Aleea Ea Stupilor,Sector 4,Sector 4,București,Sud,7
Staer 23,Staer 23,Baltita,Sector 4,Sector 4,București,Sud,7
Staer 23,Staer 23,Bulevardul Brancoveanu,Sector 4,Sector 4,București,Sud,7
Staer 23,Staer 23,Bulevardul X Obregia,Sector 4,Sector 4,București,Sud,7
Staer 23,Staer 23,Ciocanesti,Sector 4,Sector 4,București,Sud,7
Staer 23,Staer 23,Imparatul Traian,Sector 4,Sector 4,București,Sud,7
Staer 23,Staer 23,Raul Soimului,Sector 4,Sector 4,București,Sud,7
Staer 23,Staer 23,Soldanului,Sector 4,Sector 4,București,Sud,7
Staer 23,Staer 23,Strada Mărțișor,Sector 4,Sector 4,București,Sud,7
Staer 23,Staer 23,Trestiana,Sector 4,Sector 4,București,Sud,7
Staer 23,Staer 23,Tudor Gociu,Sector 4,Sector 4,București,Sud,7
Staer 23,Staer 23,Verzisori,Sector 4,Sector 4,București,Sud,7
Staer 23,Staer 23,Strada Iacob Andrei,Sector 5,Sector 5,București,Sud-Vest,7
Staer 23,Staer 23,Strada Nasaud,Sector 5,Sector 5,București,Sud-Vest,7
Staer 23,Staer 23,Strada Trandafirilor,Berceni (Ilfov),—,Ilfov,Sud,7
Staer 23,Staer 23,Tineretului,Chiajna–Roșu–Dudu,—,Ilfov,Vest,7
Staer 23,Staer 23,Intrarea Doinei,Dobroești,—,Ilfov,Nord-Est,7
Staer 23,Staer 23,Dr.fermei,Popești-Leordeni,—,Ilfov,Sud,7
Staer 23,Staer 23,Șoseaua Leordeni,Popești-Leordeni,—,Ilfov,Sud,7
Staer 7,Staer 7,Bulevardul Chișinău,Sector 2,Sector 2,București,Nord-Est,7
Staer 7,Staer 7,Bulevardul Ion Mihalache,Sector 1,Sector 1,București,Nord,7
Staer 7,Staer 7,Calea Ea Plevnei,București neatribuit,București neatribuit,București,București neatribuit,7
Staer 7,Staer 7,Foisorului,Sector 3,Sector 3,București,Est,7
Staer 7,Staer 7,Plugusor,Sector 2,Sector 2,București,Nord-Est,7
Staer 7,Staer 7,Strada Dristorului,Sector 3,Sector 3,București,Est,7
Staer 7,Staer 7,Turda,Sector 1,Sector 1,București,Nord,7
Staer 7,Staer 7,Bulevardul Ion Mihalache,Sector 1,Sector 1,București,Nord,7
Staer 7,Staer 7,Bulevardul Doamna Ghica,Sector 2,Sector 2,București,Nord-Est,7
Staer 7,Staer 7,Bulevardul Lacul Tei,Sector 2,Sector 2,București,Nord-Est,7
Staer 7,Staer 7,Ion Berindei,Sector 2,Sector 2,București,Nord-Est,7
Staer 7,Staer 7,Marcu Armasu,Sector 2,Sector 2,București,Nord-Est,7
Staer 7,Staer 7,Strada Maior Vasile Bacila,Sector 2,Sector 2,București,Nord-Est,7
Staer 7,Staer 7,Calea Ea Vitan,Sector 3,Sector 3,București,Est,7
Staer 7,Staer 7,Șoseaua Berceni,Sector 4,Sector 4,București,Sud,7
Staer 7,Staer 7,Bulevardul Iuliu Maniu,Sector 6,Sector 6,București,Vest,7
Staer 7,Staer 7,Bvd Timisoara,Sector 6,Sector 6,București,Vest,7
Staer 7,Staer 7,Liviu Rebreanu,Sector 3,Sector 3,București,Est,7
Staer 7,Staer 7,Liviu Rebreanu,Sector 3,Sector 3,București,Est,7
Staer 7,Staer 7,Stejarului,Dobroești,—,Ilfov,Nord-Est,7
Staer 7,Staer 7,NECUNOSCUTĂ,Voluntari–Pipera,—,Ilfov,Nord,7
Staer 7,Staer 7,Șoseaua Bucuresti Nord,Voluntari–Pipera,—,Ilfov,Nord,7
Staer 7,Staer 7,Șoseaua Stefanesti,Voluntari–Pipera,—,Ilfov,Nord,7
Staer 9,Staer 9,Prelungirea Ungirea Ghencea,Sector 6,Sector 6,București,Vest,7
Staer 9,Staer 9,Aviatiei,Sector 1,Sector 1,București,Nord,7
Staer 9,Staer 9,Bulevardul Chișinău,Sector 2,Sector 2,București,Nord-Est,7
Staer 9,Staer 9,Bulevardul Lacul Tei,Sector 2,Sector 2,București,Nord-Est,7
Staer 9,Staer 9,Fabrica de Gheata,Sector 2,Sector 2,București,Nord-Est,7
Staer 9,Staer 9,Șoseaua Mihai Bravu,Sector 2,Sector 2,București,Nord-Est,7
Staer 9,Staer 9,Teiul Doamnei,Sector 2,Sector 2,București,Nord-Est,7
Staer 9,Staer 9,Aleea Fizicienilor,Sector 3,Sector 3,București,Est,7
Staer 9,Staer 9,Aleea Prevederii,Sector 3,Sector 3,București,Est,7
Staer 9,Staer 9,Mircea Voda,Sector 3,Sector 3,București,Est,7
Staer 9,Staer 9,Bulevardul Unirii,Sector 4,Sector 4,București,Sud,7
Staer 9,Staer 9,Drumul Ghindari,Sector 5,Sector 5,București,Sud-Vest,7
Staer 9,Staer 9,Sabinelor,Sector 5,Sector 5,București,Sud-Vest,7
Staer 9,Staer 9,Șoseaua Alexandria,Sector 5,Sector 5,București,Sud-Vest,7
Staer 9,Staer 9,Șoseaua Panduri,Sector 5,Sector 5,București,Sud-Vest,7
Staer 9,Staer 9,Aleea Ea Pravat,Sector 6,Sector 6,București,Vest,7
Staer 9,Staer 9,Apusului,Sector 6,Sector 6,București,Vest,7
Staer 9,Staer 9,Bozieni,Sector 6,Sector 6,București,Vest,7
Staer 9,Staer 9,Calea Apeductului,Sector 6,Sector 6,București,Vest,7
Staer 9,Staer 9,Ceahlau,Sector 6,Sector 6,București,Vest,7
Staer 9,Staer 9,Cetatea Histria,Sector 6,Sector 6,București,Vest,7
Staer 9,Staer 9,George Calboreanu,Sector 6,Sector 6,București,Vest,7
Staer 9,Staer 9,Ion Manolescu,Sector 6,Sector 6,București,Vest,7
Staer 9,Staer 9,Nicolae Oncescu,Sector 6,Sector 6,București,Vest,7
Staer 9,Staer 9,Obcina Mare,Sector 6,Sector 6,București,Vest,7
Staer 9,Staer 9,Preciziei,Sector 6,Sector 6,București,Vest,7
Staer 9,Staer 9,Strada Constantin Titel Petrescu,Sector 6,Sector 6,București,Vest,7
Staer 9,Staer 9,Strada Valea Argeșului,Sector 6,Sector 6,București,Vest,7
Staer 9,Staer 9,Stupca,Sector 6,Sector 6,București,Vest,7
Staer 9,Staer 9,Valea Furcii,Sector 6,Sector 6,București,Vest,7
Staer 9,Staer 9,Iederei,Bragadiru,—,Ilfov,Sud-Vest,7
Staer 9,Staer 9,Marasesti,Bragadiru,—,Ilfov,Sud-Vest,7
Staer 9,Staer 9,Strada Toamnei,Bragadiru,—,Ilfov,Sud-Vest,7
Staer 9,Staer 9,Ciocarliei,Clinceni,—,Ilfov,Sud-Vest,7
Staer 9,Staer 9,Drumul Morii,Mogoșoaia,—,Ilfov,Nord,7
Staer 9,Staer 9,Dr Fermei,Popești-Leordeni,—,Ilfov,Sud,7
Staer 9,Staer 9,1 Decembrie,Tunari,—,Ilfov,Nord,7
Alis Ecomob SRL,Staer 9,Aleea Ea Ciceu,Sector 4,Sector 4,București,Sud,6
Alis Ecomob SRL,Staer 9,Aleea Ghirlandei,Sector 6,Sector 6,București,Vest,6
Alis Ecomob SRL,Staer 9,Drumul Taberei,Sector 6,Sector 6,București,Vest,6
Alis Ecomob SRL,Staer 9,Ghencea,Sector 6,Sector 6,București,Vest,6
Alis Ecomob SRL,Staer 9,Margelelor,Sector 6,Sector 6,București,Vest,6
Alis Ecomob SRL,Staer 9,Nicolae Titulescu,Sector 1,Sector 1,București,Nord,6
Alis Ecomob SRL,Staer 9,Novaci,Sector 5,Sector 5,București,Sud-Vest,6
Alis Ecomob SRL,Staer 9,Strada Brasov,Sector 6,Sector 6,București,Vest,6
Alis Ecomob SRL,Staer 9,Strada Cetatea de Balta,București neatribuit,București neatribuit,București,București neatribuit,6
Alis Ecomob SRL,Staer 9,Strada Ileana Cosânzeana,București neatribuit,București neatribuit,București,București neatribuit,6
Alis Ecomob SRL,Staer 9,Strada Nasaud,Sector 5,Sector 5,București,Sud-Vest,6
Alis Ecomob SRL,Staer 9,Strada Sold Ene Modoran,București neatribuit,București neatribuit,București,București neatribuit,6
Alis Ecomob SRL,Staer 9,Valea Oltului,Sector 6,Sector 6,București,Vest,6
Alis Ecomob SRL,Staer 9,Coralului,Bragadiru,—,Ilfov,Sud-Vest,6
Alis Ecomob SRL,Staer 9,Tineretului,Chiajna–Roșu–Dudu,—,Ilfov,Vest,6
Staer 23,Staer 23,Aleea Aliorului,Sector 4,Sector 4,București,Sud,6
Staer 23,Staer 23,Aleea Ea Tomesti,Sector 4,Sector 4,București,Sud,6
Staer 23,Staer 23,Aleea Terasei,Sector 4,Sector 4,București,Sud,6
Staer 23,Staer 23,Baltita,Sector 4,Sector 4,București,Sud,6
Staer 23,Staer 23,Bulevardul Dimitrie Cantemir,București neatribuit,București neatribuit,București,București neatribuit,6
Staer 23,Staer 23,Bulevardul Ramnicu Sarat,Sector 3,Sector 3,București,Est,6
Staer 23,Staer 23,Calea Serban Voda,București neatribuit,București neatribuit,București,București neatribuit,6
Staer 23,Staer 23,Calea Văcărești,București neatribuit,București neatribuit,București,București neatribuit,6
Staer 23,Staer 23,Drumul Gura Caliței,București neatribuit,București neatribuit,București,București neatribuit,6
Staer 23,Staer 23,Gradistea,Sector 4,Sector 4,București,Sud,6
Staer 23,Staer 23,Laborator,Sector 3,Sector 3,București,Est,6
Staer 23,Staer 23,Moldovita,Sector 4,Sector 4,București,Sud,6
Staer 23,Staer 23,Padesu,Sector 4,Sector 4,București,Sud,6
Staer 23,Staer 23,Strada Stoian Militaru,Sector 4,Sector 4,București,Sud,6
Staer 23,Staer 23,Drumul Nisipoasa,Sector 1,Sector 1,București,Nord,6
Staer 23,Staer 23,Aleea Ea Ilia,Sector 2,Sector 2,București,Nord-Est,6
Staer 23,Staer 23,Bodesti,Sector 2,Sector 2,București,Nord-Est,6
Staer 23,Staer 23,Fabrica de Glucoza,Sector 2,Sector 2,București,Nord-Est,6
Staer 23,Staer 23,Pescarusului,Sector 2,Sector 2,București,Nord-Est,6
Staer 23,Staer 23,Rascoala 1907,Sector 2,Sector 2,București,Nord-Est,6
Staer 23,Staer 23,Șoseaua Iancului,Sector 2,Sector 2,București,Nord-Est,6
Staer 23,Staer 23,Aleea Ea Eprubetei,Sector 3,Sector 3,București,Est,6
Staer 23,Staer 23,Aleea Ea Ion Agarbiceanu,Sector 3,Sector 3,București,Est,6
Staer 23,Staer 23,Banul Udrea,Sector 3,Sector 3,București,Est,6
Staer 23,Staer 23,Bulevardul Unirii,Sector 3,Sector 3,București,Est,6
Staer 23,Staer 23,Drumul Lunca Jaristei,Sector 3,Sector 3,București,Est,6
Staer 23,Staer 23,Intrarea Odobesti,Sector 3,Sector 3,București,Est,6
Staer 23,Staer 23,Laborator,Sector 3,Sector 3,București,Est,6
Staer 23,Staer 23,Motilor,Sector 3,Sector 3,București,Est,6
Staer 23,Staer 23,Șoseaua Dudesti-Pantelimon,Sector 3,Sector 3,București,Est,6
Staer 23,Staer 23,Zizin,Sector 3,Sector 3,București,Est,6
Staer 23,Staer 23,Aleea Ea Crevedia,Sector 4,Sector 4,București,Sud,6
Staer 23,Staer 23,Aleea Ea Cricovul Sarat,Sector 4,Sector 4,București,Sud,6
Staer 23,Staer 23,Aleea Ea Izvorul Crisului,Sector 4,Sector 4,București,Sud,6
Staer 23,Staer 23,Aleea Ea Tebea,Sector 4,Sector 4,București,Sud,6
Staer 23,Staer 23,Aleea Somesul Cald,Sector 4,Sector 4,București,Sud,6
Staer 23,Staer 23,Almasu MIC,Sector 4,Sector 4,București,Sud,6
Staer 23,Staer 23,Almasul Mare,Sector 4,Sector 4,București,Sud,6
Staer 23,Staer 23,Bulevardul Alx Obregia,Sector 4,Sector 4,București,Sud,6
Staer 23,Staer 23,Drumul Dealu Babii,Sector 4,Sector 4,București,Sud,6
Staer 23,Staer 23,Stanjeneilor,Sector 4,Sector 4,București,Sud,6
Staer 23,Staer 23,Strada Democrației,Sector 4,Sector 4,București,Sud,6
Staer 23,Staer 23,Strada Măriuca,Sector 4,Sector 4,București,Sud,6
Staer 23,Staer 23,Voila,Sector 4,Sector 4,București,Sud,6
Staer 23,Staer 23,Aleea Podul Giurgiului,Sector 5,Sector 5,București,Sud-Vest,6
Staer 23,Staer 23,Bulevardul Pucheni,Sector 5,Sector 5,București,Sud-Vest,6
Staer 23,Staer 23,Strada Verigei,Sector 5,Sector 5,București,Sud-Vest,6
Staer 23,Staer 23,Strada Vigoniei,Sector 5,Sector 5,București,Sud-Vest,6
Staer 23,Staer 23,Ion Barbu,1 Decembrie,—,Ilfov,Sud,6
Staer 23,Staer 23,Oituz,Berceni (Ilfov),—,Ilfov,Sud,6
Staer 23,Staer 23,Vasile Goldis,Berceni (Ilfov),—,Ilfov,Sud,6
Staer 23,Staer 23,Diamantului,Bragadiru,—,Ilfov,Sud-Vest,6
Staer 23,Staer 23,Safirului,Bragadiru,—,Ilfov,Sud-Vest,6
Staer 23,Staer 23,Doinei,Dobroești,—,Ilfov,Nord-Est,6
Staer 23,Staer 23,Libertatii,Jilava,—,Ilfov,Sud,6
Staer 23,Staer 23,Șoseaua Cernica,Pantelimon,—,Ilfov,Nord-Est,6
Staer 23,Staer 23,Tineretului,Pantelimon,—,Ilfov,Nord-Est,6
Staer 23,Staer 23,Bateriei,Popești-Leordeni,—,Ilfov,Sud,6
Staer 23,Staer 23,Laurentiu Raiciu,Popești-Leordeni,—,Ilfov,Sud,6
Staer 23,Staer 23,Strada Pârâul Rece,Popești-Leordeni,—,Ilfov,Sud,6
Staer 7,Staer 7,Aleea Covasna,Sector 4,Sector 4,București,Sud,6
Staer 7,Staer 7,Aleea Brasoveni,Sector 2,Sector 2,București,Nord-Est,6
Staer 7,Staer 7,Aleea Ea Sinaia,Sector 2,Sector 2,București,Nord-Est,6
Staer 7,Staer 7,Baba Novac,București neatribuit,București neatribuit,București,București neatribuit,6
Staer 7,Staer 7,Bulevardul 1 Decembrie 1918,București neatribuit,București neatribuit,București,București neatribuit,6
Staer 7,Staer 7,Calea Ea Griviței,București neatribuit,București neatribuit,București,București neatribuit,6
Staer 7,Staer 7,Masina de Paine,Sector 2,Sector 2,București,Nord-Est,6
Staer 7,Staer 7,Pescarusului,București neatribuit,București neatribuit,București,București neatribuit,6
Staer 7,Staer 7,Popa Nicolae,Sector 2,Sector 2,București,Nord-Est,6
Staer 7,Staer 7,Predescu Vasile,București neatribuit,București neatribuit,București,București neatribuit,6
Staer 7,Staer 7,Strada Rascoala din 1907,Sector 2,Sector 2,București,Nord-Est,6
Staer 7,Staer 7,Șoseaua Andronache,Sector 2,Sector 2,București,Nord-Est,6
Staer 7,Staer 7,Șoseaua Principala,București neatribuit,București neatribuit,București,București neatribuit,6
Staer 7,Staer 7,Aleea Avrig,Sector 2,Sector 2,București,Nord-Est,6
Staer 7,Staer 7,Aleea Otesani,Sector 2,Sector 2,București,Nord-Est,6
Staer 7,Staer 7,Cristea Mateescu,Sector 2,Sector 2,București,Nord-Est,6
Staer 7,Staer 7,Herta,Sector 2,Sector 2,București,Nord-Est,6
Staer 7,Staer 7,Maior Bacila,Sector 2,Sector 2,București,Nord-Est,6
Staer 7,Staer 7,Ripiceni,Sector 2,Sector 2,București,Nord-Est,6
Staer 7,Staer 7,Strada Grigore Ionescu,Sector 2,Sector 2,București,Nord-Est,6
Staer 7,Staer 7,Aleea Ea Ion Agarbiceanu,Sector 3,Sector 3,București,Est,6
Staer 7,Staer 7,Baba Novac,Sector 3,Sector 3,București,Est,6
Staer 7,Staer 7,Bulevardul 1 Decembrie 1918,Sector 3,Sector 3,București,Est,6
Staer 7,Staer 7,Calea Ea Calarasilor,Sector 3,Sector 3,București,Est,6
Staer 7,Staer 7,Drumul Gura Caliței,Sector 3,Sector 3,București,Est,6
Staer 7,Staer 7,Strada Jean Steriadi,Sector 3,Sector 3,București,Est,6
Staer 7,Staer 7,Șoseaua Mihai Bravu,Sector 3,Sector 3,București,Est,6
Staer 7,Staer 7,Victor Brauner,Sector 3,Sector 3,București,Est,6
Staer 7,Staer 7,Calea Văcărești,Sector 4,Sector 4,București,Sud,6
Staer 7,Staer 7,Șoseaua București-Urziceni,Afumați,—,Ilfov,Nord-Est,6
Staer 7,Staer 7,Arasi,Voluntari–Pipera,—,Ilfov,Nord,6
Staer 7,Staer 7,Bulevardul Tudor Vladimirescu,Voluntari–Pipera,—,Ilfov,Nord,6
Staer 7,Staer 7,Emil Racovita,Voluntari–Pipera,—,Ilfov,Nord,6
Staer 7,Staer 7,Erou Iancu Nicolae,Voluntari–Pipera,—,Ilfov,Nord,6
Staer 7,Staer 7,Popasului,Voluntari–Pipera,—,Ilfov,Nord,6
Staer 9,Staer 9,Bulevardul Dinicu Golescu,Sector 1,Sector 1,București,Nord,6
Staer 9,Staer 9,Bulevardul Laminorului,Sector 1,Sector 1,București,Nord,6
Staer 9,Staer 9,Intrarea Area Straulesti,Sector 1,Sector 1,București,Nord,6
Staer 9,Staer 9,Nicolae Titulescu,Sector 1,Sector 1,București,Nord,6
Staer 9,Staer 9,Plaiul Muntelui,Sector 1,Sector 1,București,Nord,6
Staer 9,Staer 9,Strada Știrbei Vodă,Sector 1,Sector 1,București,Nord,6
Staer 9,Staer 9,Șoseaua Nicolae Titulescu,Sector 1,Sector 1,București,Nord,6
Staer 9,Staer 9,Aleea Avrig,Sector 2,Sector 2,București,Nord-Est,6
Staer 9,Staer 9,Masina de Paine,Sector 2,Sector 2,București,Nord-Est,6
Staer 9,Staer 9,Stefan cel Mare,Sector 2,Sector 2,București,Nord-Est,6
Staer 9,Staer 9,Șoseaua Pipera,Sector 2,Sector 2,București,Nord-Est,6
Staer 9,Staer 9,Aleea Ea Ninsorii,Sector 3,Sector 3,București,Est,6
Staer 9,Staer 9,Fetesti,Sector 3,Sector 3,București,Est,6
Staer 9,Staer 9,Splaiul Aiul Unirii,Sector 3,Sector 3,București,Est,6
Staer 9,Staer 9,Aleea Ea Tomesti,Sector 4,Sector 4,București,Sud,6
Staer 9,Staer 9,Bulevardul Dimitrie Cantemir,Sector 4,Sector 4,București,Sud,6
Staer 9,Staer 9,Drumul Dealul Cucului,Sector 4,Sector 4,București,Sud,6
Staer 9,Staer 9,Strada Turnu Măgurele,Sector 4,Sector 4,București,Sud,6
Staer 9,Staer 9,Drumul Funigeilor,Sector 5,Sector 5,București,Sud-Vest,6
Staer 9,Staer 9,Intrarea Cosmina,Sector 5,Sector 5,București,Sud-Vest,6
Staer 9,Staer 9,Șoseaua Fabrica de Chibrituri,Sector 5,Sector 5,București,Sud-Vest,6
Staer 9,Staer 9,Aleea Ea Ghencea,Sector 6,Sector 6,București,Vest,6
Staer 9,Staer 9,Aleea Raul Doamnei,Sector 6,Sector 6,București,Vest,6
Staer 9,Staer 9,Aleea Valea lui Mihai,Sector 6,Sector 6,București,Vest,6
Staer 9,Staer 9,Dambovita,Sector 6,Sector 6,București,Vest,6
Staer 9,Staer 9,Dealul Tugulea,Sector 6,Sector 6,București,Vest,6
Staer 9,Staer 9,George Valsan,Sector 6,Sector 6,București,Vest,6
Staer 9,Staer 9,Liniei,Sector 6,Sector 6,București,Vest,6
Staer 9,Staer 9,Segarcea,Sector 6,Sector 6,București,Vest,6
Staer 9,Staer 9,Simion Mehedinti,Sector 6,Sector 6,București,Vest,6
Staer 9,Staer 9,Strada Zboina Neagră,Sector 6,Sector 6,București,Vest,6
Staer 9,Staer 9,Șoseaua Orhideelor,Sector 6,Sector 6,București,Vest,6
Staer 9,Staer 9,Crisu Repede,Bragadiru,—,Ilfov,Sud-Vest,6
Staer 9,Staer 9,Orhideelor,Chiajna–Roșu–Dudu,—,Ilfov,Vest,6
Staer 9,Staer 9,Intrarea Crinului,Chiajna–Roșu–Dudu,—,Ilfov,Vest,6
Staer 9,Staer 9,Solstitiului,Popești-Leordeni,—,Ilfov,Sud,6
Staer 9,Staer 9,Libertatii,Ștefăneștii de Jos,—,Ilfov,Nord-Est,6
Staer 9,Staer 9,Șoseaua Linia de Centura,Ștefăneștii de Jos,—,Ilfov,Nord-Est,6
Alis Ecomob SRL,Staer 9,Aleea Codrii Neamtului,București neatribuit,București neatribuit,București,București neatribuit,5
Alis Ecomob SRL,Staer 9,Aleea Covasna,Sector 4,Sector 4,București,Sud,5
Alis Ecomob SRL,Staer 9,Aleea Ea Botorani,Sector 5,Sector 5,București,Sud-Vest,5
Alis Ecomob SRL,Staer 9,Aleea Ea Compozitorilor,Sector 6,Sector 6,București,Vest,5
Alis Ecomob SRL,Staer 9,Aleea Prevederii,Sector 3,Sector 3,București,Est,5
Alis Ecomob SRL,Staer 9,Aleea Resita,București neatribuit,București neatribuit,București,București neatribuit,5
Alis Ecomob SRL,Staer 9,Aleea Valea Rosie,Sector 6,Sector 6,București,Vest,5
Alis Ecomob SRL,Staer 9,Apusului,Sector 6,Sector 6,București,Vest,5
Alis Ecomob SRL,Staer 9,Bulevardul Const Brancoveanu,Sector 4,Sector 4,București,Sud,5
Alis Ecomob SRL,Staer 9,Bulevardul Ghencea,București neatribuit,București neatribuit,București,București neatribuit,5
Alis Ecomob SRL,Staer 9,Bulevardul Uverturii,Sector 6,Sector 6,București,Vest,5
Alis Ecomob SRL,Staer 9,Calea 13 Septembrie,București neatribuit,București neatribuit,București,București neatribuit,5
Alis Ecomob SRL,Staer 9,Calea Ea Plevnei,București neatribuit,București neatribuit,București,București neatribuit,5
Alis Ecomob SRL,Staer 9,Cernauti,Sector 2,Sector 2,București,Nord-Est,5
Alis Ecomob SRL,Staer 9,Dealul Tugulea,Sector 6,Sector 6,București,Vest,5
Alis Ecomob SRL,Staer 9,Dezrobirii,Sector 6,Sector 6,București,Vest,5
Alis Ecomob SRL,Staer 9,Dreptatii,Sector 6,Sector 6,București,Vest,5
Alis Ecomob SRL,Staer 9,Mohorului,Sector 6,Sector 6,București,Vest,5
Alis Ecomob SRL,Staer 9,Rasaritului,Sector 6,Sector 6,București,Vest,5
Alis Ecomob SRL,Staer 9,Splaiul Independenței,București neatribuit,București neatribuit,București,București neatribuit,5
Alis Ecomob SRL,Staer 9,Strada Bârnova,Sector 5,Sector 5,București,Sud-Vest,5
Alis Ecomob SRL,Staer 9,Strada Buzoieni,București neatribuit,București neatribuit,București,București neatribuit,5
Alis Ecomob SRL,Staer 9,Strada Luica,Sector 4,Sector 4,București,Sud,5
Alis Ecomob SRL,Staer 9,Strada Petre Ispirescu,București neatribuit,București neatribuit,București,București neatribuit,5
Alis Ecomob SRL,Staer 9,Șoseaua Viilor,Sector 5,Sector 5,București,Sud-Vest,5
Alis Ecomob SRL,Staer 9,Valea Lunga,Sector 6,Sector 6,București,Vest,5
Alis Ecomob SRL,Staer 9,Smaraldului,Bragadiru,—,Ilfov,Sud-Vest,5
Alis Ecomob SRL,Staer 9,Tineretului,Chiajna–Roșu–Dudu,—,Ilfov,Vest,5
Alis Ecomob SRL,Staer 9,Marului,Dobroești,—,Ilfov,Nord-Est,5
Alis Ecomob SRL,Staer 9,Intrarea Ghioceilor,Domnești,—,Ilfov,Sud-Vest,5
Staer 23,Staer 23,Bulevardul Metalurgiei,Sector 4,Sector 4,București,Sud,5
Staer 23,Staer 23,Aleea Ea Ramnicu Valcea,Sector 3,Sector 3,București,Est,5
Staer 23,Staer 23,Aleea Ea Tebea,Sector 4,Sector 4,București,Sud,5
Staer 23,Staer 23,Aleea Fizicienilor,Sector 3,Sector 3,București,Est,5
Staer 23,Staer 23,Aleea Niculitel,Sector 4,Sector 4,București,Sud,5
Staer 23,Staer 23,Bulevardul Decebal,Sector 3,Sector 3,București,Est,5
Staer 23,Staer 23,Bulevardul Iuliu Maniu,Sector 6,Sector 6,București,Vest,5
Staer 23,Staer 23,Bv.brancoveanu,București neatribuit,București neatribuit,București,București neatribuit,5
Staer 23,Staer 23,Calea Ea Calarasilor,Sector 3,Sector 3,București,Est,5
Staer 23,Staer 23,Calea Ea Mosilor,București neatribuit,București neatribuit,București,București neatribuit,5
Staer 23,Staer 23,Garnitei,Sector 4,Sector 4,București,Sud,5
Staer 23,Staer 23,Giurgiului,Sector 4,Sector 4,București,Sud,5
Staer 23,Staer 23,Izvorul Rece,Sector 4,Sector 4,București,Sud,5
Staer 23,Staer 23,Moinesti,Sector 6,Sector 6,București,Vest,5
Staer 23,Staer 23,Pantelimon,Sector 2,Sector 2,București,Nord-Est,5
Staer 23,Staer 23,Patriotilor,Sector 3,Sector 3,București,Est,5
Staer 23,Staer 23,Prelungirea Ungirea Ghencea,Sector 6,Sector 6,București,Vest,5
Staer 23,Staer 23,Ramnicu Valcea,Sector 3,Sector 3,București,Est,5
Staer 23,Staer 23,Raul Soimului,Sector 4,Sector 4,București,Sud,5
Staer 23,Staer 23,Schitului,Sector 3,Sector 3,București,Est,5
Staer 23,Staer 23,Sg. Ion Iriceanu,București neatribuit,București neatribuit,București,București neatribuit,5
Staer 23,Staer 23,Strada Ada Constantin Nacu,București neatribuit,București neatribuit,București,București neatribuit,5
Staer 23,Staer 23,Strada Almașu Mare,Sector 4,Sector 4,București,Sud,5
Staer 23,Staer 23,Strada Alunișului,Sector 4,Sector 4,București,Sud,5
Staer 23,Staer 23,Strada Constantin Brâncuși,Sector 3,Sector 3,București,Est,5
Staer 23,Staer 23,Strada Cupolei,Sector 6,Sector 6,București,Vest,5
Staer 23,Staer 23,Strada Izvorul Muresului,București neatribuit,București neatribuit,București,București neatribuit,5
Staer 23,Staer 23,Șoseaua Salaj,București neatribuit,București neatribuit,București,București neatribuit,5
Staer 23,Staer 23,Viorele,Sector 4,Sector 4,București,Sud,5
Staer 23,Staer 23,Aleea Ea Teisani,Sector 1,Sector 1,București,Nord,5
Staer 23,Staer 23,Ciocarliei,Sector 2,Sector 2,București,Nord-Est,5
Staer 23,Staer 23,Costache Conachi,Sector 2,Sector 2,București,Nord-Est,5
Staer 23,Staer 23,Popa Nicolae,Sector 2,Sector 2,București,Nord-Est,5
Staer 23,Staer 23,Șoseaua Dobroesti,Sector 2,Sector 2,București,Nord-Est,5
Staer 23,Staer 23,Șoseaua Vergului,Sector 2,Sector 2,București,Nord-Est,5
Staer 23,Staer 23,Aleea Ea Giurgeni,Sector 3,Sector 3,București,Est,5
Staer 23,Staer 23,Aleea Ea Ilioara,Sector 3,Sector 3,București,Est,5
Staer 23,Staer 23,Aleea Ea Marius Emanoil Buteica,Sector 3,Sector 3,București,Est,5
Staer 23,Staer 23,Aleea Fuiorului,Sector 3,Sector 3,București,Est,5
Staer 23,Staer 23,Aleea Lacramioarei,Sector 3,Sector 3,București,Est,5
Staer 23,Staer 23,Aleea Ramnicul Valcea,Sector 3,Sector 3,București,Est,5
Staer 23,Staer 23,Calea Ea Călărași,Sector 3,Sector 3,București,Est,5
Staer 23,Staer 23,Calea Ea Dudesti,Sector 3,Sector 3,București,Est,5
Staer 23,Staer 23,Drumul Gura Crivatului,Sector 3,Sector 3,București,Est,5
Staer 23,Staer 23,Gradinarilor,Sector 3,Sector 3,București,Est,5
Staer 23,Staer 23,Minis,Sector 3,Sector 3,București,Est,5
Staer 23,Staer 23,Aja,Sector 4,Sector 4,București,Sud,5
Staer 23,Staer 23,Aleea Dolina,Sector 4,Sector 4,București,Sud,5
Staer 23,Staer 23,Aleea Ea Somesul Mare,Sector 4,Sector 4,București,Sud,5
Staer 23,Staer 23,Argeselu,Sector 4,Sector 4,București,Sud,5
Staer 23,Staer 23,Boltei,Sector 4,Sector 4,București,Sud,5
Staer 23,Staer 23,Bulevardul Xandru Obregea,Sector 4,Sector 4,București,Sud,5
Staer 23,Staer 23,Caporal Gheorghe Ion,Sector 4,Sector 4,București,Sud,5
Staer 23,Staer 23,Caporal Marin Grigore,Sector 4,Sector 4,București,Sud,5
Staer 23,Staer 23,Caramidarii de Jos,Sector 4,Sector 4,București,Sud,5
Staer 23,Staer 23,Drumul Postalionului,Sector 4,Sector 4,București,Sud,5
Staer 23,Staer 23,Govora,Sector 4,Sector 4,București,Sud,5
Staer 23,Staer 23,Orgu Tanase,Sector 4,Sector 4,București,Sud,5
Staer 23,Staer 23,Pictor Stefan Dimitrescu,Sector 4,Sector 4,București,Sud,5
Staer 23,Staer 23,Prinosului,Sector 4,Sector 4,București,Sud,5
Staer 23,Staer 23,Raul Mara,Sector 4,Sector 4,București,Sud,5
Staer 23,Staer 23,Strada Moldoveni,Sector 4,Sector 4,București,Sud,5
Staer 23,Staer 23,Strada Orastie,Sector 4,Sector 4,București,Sud,5
Staer 23,Staer 23,Strada Stoian Militaru,Sector 4,Sector 4,București,Sud,5
Staer 23,Staer 23,Urziceni,Sector 4,Sector 4,București,Sud,5
Staer 23,Staer 23,Viorele,Sector 4,Sector 4,București,Sud,5
Staer 23,Staer 23,Visana,Sector 4,Sector 4,București,Sud,5
Staer 23,Staer 23,Radu Constantin,Sector 5,Sector 5,București,Sud-Vest,5
Staer 23,Staer 23,Strada Petre Ispirescu,Sector 5,Sector 5,București,Sud-Vest,5
Staer 23,Staer 23,Șoseaua Viilor,Sector 5,Sector 5,București,Sud-Vest,5
Staer 23,Staer 23,Drumul Manastirea Varatec,Sector 6,Sector 6,București,Vest,5
Staer 23,Staer 23,Șoseaua Giurgiului,1 Decembrie,—,Ilfov,Sud,5
Staer 23,Staer 23,Aviatorilor,Berceni (Ilfov),—,Ilfov,Sud,5
Staer 23,Staer 23,Azurului,Berceni (Ilfov),—,Ilfov,Sud,5
Staer 23,Staer 23,E VII,Berceni (Ilfov),—,Ilfov,Sud,5
Staer 23,Staer 23,Ion Agarbiceanu,Berceni (Ilfov),—,Ilfov,Sud,5
Staer 23,Staer 23,Primaverii,Berceni (Ilfov),—,Ilfov,Sud,5
Staer 23,Staer 23,Sperantei,Berceni (Ilfov),—,Ilfov,Sud,5
Staer 23,Staer 23,Stefan cel Mare,Berceni (Ilfov),—,Ilfov,Sud,5
Staer 23,Staer 23,Strada Eroilor,Berceni (Ilfov),—,Ilfov,Sud,5
Staer 23,Staer 23,Celofibrei,Bragadiru,—,Ilfov,Sud-Vest,5
Staer 23,Staer 23,Monumentului,Bragadiru,—,Ilfov,Sud-Vest,5
Staer 23,Staer 23,Nazuintei,Bragadiru,—,Ilfov,Sud-Vest,5
Staer 23,Staer 23,Rezervelor,Chiajna–Roșu–Dudu,—,Ilfov,Vest,5
Staer 23,Staer 23,Sergent Ilie Petre,Chiajna–Roșu–Dudu,—,Ilfov,Vest,5
Staer 23,Staer 23,Marului,Dobroești,—,Ilfov,Nord-Est,5
Staer 23,Staer 23,Stejarului,Dobroești,—,Ilfov,Nord-Est,5
Staer 23,Staer 23,Aleea Ea Dumbravei,Jilava,—,Ilfov,Sud,5
Staer 23,Staer 23,Strada Odai,Jilava,—,Ilfov,Sud,5
Staer 23,Staer 23,23 August,Otopeni,—,Ilfov,Nord,5
Staer 23,Staer 23,Astrelor,Popești-Leordeni,—,Ilfov,Sud,5
Staer 23,Staer 23,Prelungirea Garii,Vidra,—,Ilfov,Sud,5
Staer 23,Staer 23,Șoseaua Bucuresti Nord,Voluntari–Pipera,—,Ilfov,Nord,5
Staer 7,Staer 7,Aleea Ea Mizil,Sector 3,Sector 3,București,Est,5
Staer 7,Staer 7,Arh Ion Berindei,Sector 2,Sector 2,București,Nord-Est,5
Staer 7,Staer 7,Banu Nicolae,București neatribuit,București neatribuit,București,București neatribuit,5
Staer 7,Staer 7,Bulevardul Decebal,Sector 3,Sector 3,București,Est,5
Staer 7,Staer 7,Calea 13 Septembrie,București neatribuit,București neatribuit,București,București neatribuit,5
Staer 7,Staer 7,Calea Ea Giulesti,București neatribuit,București neatribuit,București,București neatribuit,5
Staer 7,Staer 7,Escalei,Sector 2,Sector 2,București,Nord-Est,5
Staer 7,Staer 7,Fetesti,Sector 3,Sector 3,București,Est,5
Staer 7,Staer 7,Lotrioara,Sector 3,Sector 3,București,Est,5
Staer 7,Staer 7,Luntrei,Sector 2,Sector 2,București,Nord-Est,5
Staer 7,Staer 7,Splaiul Aiul Unirii,București neatribuit,București neatribuit,București,București neatribuit,5
Staer 7,Staer 7,Strada Campia Libertatii,București neatribuit,București neatribuit,București,București neatribuit,5
Staer 7,Staer 7,Strada D-Na Ghica,Sector 2,Sector 2,București,Nord-Est,5
Staer 7,Staer 7,Strada Grigore Ionescu,Sector 2,Sector 2,București,Nord-Est,5
Staer 7,Staer 7,Strada Ion Țuculescu,Sector 3,Sector 3,București,Est,5
Staer 7,Staer 7,Strada Luica,Sector 4,Sector 4,București,Sud,5
Staer 7,Staer 7,Strada Maior Vasile Bacila,București neatribuit,București neatribuit,București,București neatribuit,5
Staer 7,Staer 7,Strada Matei Basarab,Sector 3,Sector 3,București,Est,5
Staer 7,Staer 7,Strada Răcari,Sector 3,Sector 3,București,Est,5
Staer 7,Staer 7,Șoseaua Dobroiesti,Sector 2,Sector 2,București,Nord-Est,5
Staer 7,Staer 7,Șoseaua Ștefan cel Mare,București neatribuit,București neatribuit,București,București neatribuit,5
Staer 7,Staer 7,Șoseaua Vitan Barzesti,București neatribuit,București neatribuit,București,București neatribuit,5
Staer 7,Staer 7,Valea Ialomitei,Sector 6,Sector 6,București,Vest,5
Staer 7,Staer 7,Simion Busuioc,Sector 2,Sector 2,București,Nord-Est,5
Staer 7,Staer 7,Strada Maior Vasile Bacila,Sector 2,Sector 2,București,Nord-Est,5
Staer 7,Staer 7,Baiculesti,Sector 1,Sector 1,București,Nord,5
Staer 7,Staer 7,Smaranda Braescu,Sector 1,Sector 1,București,Nord,5
Staer 7,Staer 7,Aleea Petre Antonescu,Sector 2,Sector 2,București,Nord-Est,5
Staer 7,Staer 7,Pancota,Sector 2,Sector 2,București,Nord-Est,5
Staer 7,Staer 7,Rascoala 1907,Sector 2,Sector 2,București,Nord-Est,5
Staer 7,Staer 7,Ritmului,Sector 2,Sector 2,București,Nord-Est,5
Staer 7,Staer 7,Strada D-Na Ghica,Sector 2,Sector 2,București,Nord-Est,5
Staer 7,Staer 7,Aleea Fizicienilor,Sector 3,Sector 3,București,Est,5
Staer 7,Staer 7,Drumul Gura Crivatului,Sector 3,Sector 3,București,Est,5
Staer 7,Staer 7,Intrarea Area Horbotei,Sector 3,Sector 3,București,Est,5
Staer 7,Staer 7,Strada Istriei,Sector 3,Sector 3,București,Est,5
Staer 7,Staer 7,Bulevardul Alexandru Obregia,Sector 4,Sector 4,București,Sud,5
Staer 7,Staer 7,Bulevardul Dimitrie Cantemir,Sector 4,Sector 4,București,Sud,5
Staer 7,Staer 7,Constantin Brancoveanu,Sector 4,Sector 4,București,Sud,5
Staer 7,Staer 7,Calea Ea Rahovei,Sector 5,Sector 5,București,Sud-Vest,5
Staer 7,Staer 7,Șoseaua Salaj,Sector 5,Sector 5,București,Sud-Vest,5
Staer 7,Staer 7,Galata,București neatribuit,București neatribuit,București,București neatribuit,5
Staer 7,Staer 7,Șoseaua Pantelimon,Sector 2,Sector 2,București,Nord-Est,5
Staer 7,Staer 7,Stefan cel Mare,Afumați,—,Ilfov,Nord-Est,5
Staer 7,Staer 7,Șoseaua Stefanesti,Afumați,—,Ilfov,Nord-Est,5
Staer 7,Staer 7,Strada Amurgului,Popești-Leordeni,—,Ilfov,Sud,5
Staer 7,Staer 7,1 Decembrie,Tunari,—,Ilfov,Nord,5
Staer 7,Staer 7,Aleea Ardealului,Voluntari–Pipera,—,Ilfov,Nord,5
Staer 7,Staer 7,Intrarea Nicolae Balcescu,Voluntari–Pipera,—,Ilfov,Nord,5
Staer 7,Staer 7,Popa Sapca,Voluntari–Pipera,—,Ilfov,Nord,5
Staer 7,Staer 7,Strada Prutului,Voluntari–Pipera,—,Ilfov,Nord,5
Staer 7,Staer 7,Șoseaua Afumati,Voluntari–Pipera,—,Ilfov,Nord,5
Staer 7,Staer 7,Vasile Vasilache,Voluntari–Pipera,—,Ilfov,Nord,5
Staer 9,Staer 9,Franciza 2-4,București neatribuit,București neatribuit,București,București neatribuit,5
Staer 9,Staer 9,Rezervelor,Sector 6,Sector 6,București,Vest,5
Staer 9,Staer 9,Bulevardul Horia Macelariu,Sector 1,Sector 1,București,Nord,5
Staer 9,Staer 9,Drumul Nisipoasa,Sector 1,Sector 1,București,Nord,5
Staer 9,Staer 9,Jimbolia,Sector 1,Sector 1,București,Nord,5
Staer 9,Staer 9,Strada Elena Caragiani,Sector 1,Sector 1,București,Nord,5
Staer 9,Staer 9,Baicului,Sector 2,Sector 2,București,Nord-Est,5
Staer 9,Staer 9,Grigore Moisil,Sector 2,Sector 2,București,Nord-Est,5
Staer 9,Staer 9,Strada Grigore Ionescu,Sector 2,Sector 2,București,Nord-Est,5
Staer 9,Staer 9,Strada Maior Vasile Bacila,Sector 2,Sector 2,București,Nord-Est,5
Staer 9,Staer 9,Șoseaua Fabrica de Glucoză,Sector 2,Sector 2,București,Nord-Est,5
Staer 9,Staer 9,Șoseaua Fundeni,Sector 2,Sector 2,București,Nord-Est,5
Staer 9,Staer 9,Șoseaua Vergului,Sector 2,Sector 2,București,Nord-Est,5
Staer 9,Staer 9,Aleea Lunca Bradului,Sector 3,Sector 3,București,Est,5
Staer 9,Staer 9,Aleea Postavarul,Sector 3,Sector 3,București,Est,5
Staer 9,Staer 9,Calea Ea Vitan,Sector 3,Sector 3,București,Est,5
Staer 9,Staer 9,Dr Gura Putnei,Sector 3,Sector 3,București,Est,5
Staer 9,Staer 9,Dr Gura Siriului,Sector 3,Sector 3,București,Est,5
Staer 9,Staer 9,Strada Nerva Traian,Sector 3,Sector 3,București,Est,5
Staer 9,Staer 9,Aleea Covasna,Sector 4,Sector 4,București,Sud,5
Staer 9,Staer 9,Dumitru Brumarescu,Sector 4,Sector 4,București,Sud,5
Staer 9,Staer 9,Aleea Ea Livezilor,Sector 5,Sector 5,București,Sud-Vest,5
Staer 9,Staer 9,Aleea Ea Salaj,Sector 5,Sector 5,București,Sud-Vest,5
Staer 9,Staer 9,Caporal Misca Petre,Sector 5,Sector 5,București,Sud-Vest,5
Staer 9,Staer 9,Cooperativei,Sector 5,Sector 5,București,Sud-Vest,5
Staer 9,Staer 9,Dantelei,Sector 5,Sector 5,București,Sud-Vest,5
Staer 9,Staer 9,Dr Cooperativei,Sector 5,Sector 5,București,Sud-Vest,5
Staer 9,Staer 9,Dr Ghindari,Sector 5,Sector 5,București,Sud-Vest,5
Staer 9,Staer 9,Dunavat,Sector 5,Sector 5,București,Sud-Vest,5
Staer 9,Staer 9,Glicinelor,Sector 5,Sector 5,București,Sud-Vest,5
Staer 9,Staer 9,Intrarea Humulesti,Sector 5,Sector 5,București,Sud-Vest,5
Staer 9,Staer 9,Motoc,Sector 5,Sector 5,București,Sud-Vest,5
Staer 9,Staer 9,Teius,Sector 5,Sector 5,București,Sud-Vest,5
Staer 9,Staer 9,Vicina,Sector 5,Sector 5,București,Sud-Vest,5
Staer 9,Staer 9,Aleea Baiut,Sector 6,Sector 6,București,Vest,5
Staer 9,Staer 9,Aleea Ea Craiesti,Sector 6,Sector 6,București,Vest,5
Staer 9,Staer 9,Aleea Ea Cumintenia Pamantului,Sector 6,Sector 6,București,Vest,5
Staer 9,Staer 9,Aleea Ea Dumbravita,Sector 6,Sector 6,București,Vest,5
Staer 9,Staer 9,Aleea Ea Potaisa,Sector 6,Sector 6,București,Vest,5
Staer 9,Staer 9,Aleea Ea Valea Florilor,Sector 6,Sector 6,București,Vest,5
Staer 9,Staer 9,Aleea Ea Valea Prahovei,Sector 6,Sector 6,București,Vest,5
Staer 9,Staer 9,Aleea Ea Valea Viilor,Sector 6,Sector 6,București,Vest,5
Staer 9,Staer 9,Aleea Obcina Mica,Sector 6,Sector 6,București,Vest,5
Staer 9,Staer 9,Aleea Romancierilor,Sector 6,Sector 6,București,Vest,5
Staer 9,Staer 9,Aleea Timisul de Jos,Sector 6,Sector 6,București,Vest,5
Staer 9,Staer 9,Dr Osiei,Sector 6,Sector 6,București,Vest,5
Staer 9,Staer 9,George Ranetti,Sector 6,Sector 6,București,Vest,5
Staer 9,Staer 9,Murguta,Sector 6,Sector 6,București,Vest,5
Staer 9,Staer 9,Nucsoara,Sector 6,Sector 6,București,Vest,5
Staer 9,Staer 9,Rasaritului,Sector 6,Sector 6,București,Vest,5
Staer 9,Staer 9,Raul Dorna,Sector 6,Sector 6,București,Vest,5
Staer 9,Staer 9,Serg Alexandru Cutieru,Sector 6,Sector 6,București,Vest,5
Staer 9,Staer 9,Sg Alex Cutieru,Sector 6,Sector 6,București,Vest,5
Staer 9,Staer 9,Strada Delinesti,Sector 6,Sector 6,București,Vest,5
Staer 9,Staer 9,Strada Olănești,Sector 6,Sector 6,București,Vest,5
Staer 9,Staer 9,Topolovat,Sector 6,Sector 6,București,Vest,5
Staer 9,Staer 9,Campului,Berceni (Ilfov),—,Ilfov,Sud,5
Staer 9,Staer 9,Strada Zanelor,Berceni (Ilfov),—,Ilfov,Sud,5
Staer 9,Staer 9,Drumul Bacriului,Chiajna–Roșu–Dudu,—,Ilfov,Vest,5
Staer 9,Staer 9,IL Caragiale,Chiajna–Roșu–Dudu,—,Ilfov,Vest,5
Staer 9,Staer 9,Luceafarului,Chiajna–Roșu–Dudu,—,Ilfov,Vest,5
Staer 9,Staer 9,Salcamilor,Chiajna–Roșu–Dudu,—,Ilfov,Vest,5
Staer 9,Staer 9,Sergent Ilie Petre,Chiajna–Roșu–Dudu,—,Ilfov,Vest,5
Staer 9,Staer 9,Soarelui,Chiajna–Roșu–Dudu,—,Ilfov,Vest,5
Staer 9,Staer 9,Orhideelor,Chiajna–Roșu–Dudu,—,Ilfov,Vest,5
Staer 9,Staer 9,Sperantei,Chiajna–Roșu–Dudu,—,Ilfov,Vest,5
Staer 9,Staer 9,Acvilei,Chiajna–Roșu–Dudu,—,Ilfov,Vest,5
Staer 9,Staer 9,Dr Bacriului,Chiajna–Roșu–Dudu,—,Ilfov,Vest,5
Staer 9,Staer 9,Șoseaua Bucuresti,Ciorogârla,—,Ilfov,Vest,5
Staer 9,Staer 9,Intrarea Privighetorii,Clinceni,—,Ilfov,Sud-Vest,5
Staer 9,Staer 9,Stejarului,Dobroești,—,Ilfov,Nord-Est,5
Staer 9,Staer 9,1 Mai,Otopeni,—,Ilfov,Nord,5
Staer 9,Staer 9,Calea Ea Bucurestilor,Otopeni,—,Ilfov,Nord,5
Staer 9,Staer 9,Strada Sf Agnes,Popești-Leordeni,—,Ilfov,Sud,5
Staer 9,Staer 9,Rezervelor,Chiajna–Roșu–Dudu,—,Ilfov,Vest,5
Staer 9,Staer 9,Galata,Voluntari–Pipera,—,Ilfov,Nord,5
Alis Ecomob SRL,Staer 9,Aleea Barajul Rovinari,Sector 3,Sector 3,București,Est,4
Alis Ecomob SRL,Staer 9,Aleea Ciucea,Sector 3,Sector 3,București,Est,4
Alis Ecomob SRL,Staer 9,Aleea Ea Campul cu Flori,Sector 6,Sector 6,București,Vest,4
Alis Ecomob SRL,Staer 9,Aleea Ea Pravat,Sector 6,Sector 6,București,Vest,4
Alis Ecomob SRL,Staer 9,Aleea Huedin,Sector 4,Sector 4,București,Sud,4
Alis Ecomob SRL,Staer 9,Aleea Pascani,Sector 6,Sector 6,București,Vest,4
Alis Ecomob SRL,Staer 9,Aleea Patulului,Sector 3,Sector 3,București,Est,4
Alis Ecomob SRL,Staer 9,Aleea Raul Doamnei,Sector 6,Sector 6,București,Vest,4
Alis Ecomob SRL,Staer 9,Anastasie Panu,Sector 3,Sector 3,București,Est,4
Alis Ecomob SRL,Staer 9,Baba Novac,București neatribuit,București neatribuit,București,București neatribuit,4
Alis Ecomob SRL,Staer 9,Bozieni,Sector 6,Sector 6,București,Vest,4
Alis Ecomob SRL,Staer 9,Bulevardul Alexandru Obregia,București neatribuit,București neatribuit,București,București neatribuit,4
Alis Ecomob SRL,Staer 9,Bulevardul Chișinău,Sector 2,Sector 2,București,Nord-Est,4
Alis Ecomob SRL,Staer 9,Bulevardul Dinicu Golescu,Sector 1,Sector 1,București,Nord,4
Alis Ecomob SRL,Staer 9,Bulevardul Metalurgiei,Sector 4,Sector 4,București,Sud,4
Alis Ecomob SRL,Staer 9,Calea Ea Crângași,Sector 6,Sector 6,București,Vest,4
Alis Ecomob SRL,Staer 9,Calea Serban Voda,București neatribuit,București neatribuit,București,București neatribuit,4
Alis Ecomob SRL,Staer 9,Dobrun,Sector 5,Sector 5,București,Sud-Vest,4
Alis Ecomob SRL,Staer 9,Drumul Ghindari,Sector 5,Sector 5,București,Sud-Vest,4
Alis Ecomob SRL,Staer 9,Laborator,Sector 3,Sector 3,București,Est,4
Alis Ecomob SRL,Staer 9,Masina de Paine,Sector 2,Sector 2,București,Nord-Est,4
Alis Ecomob SRL,Staer 9,Motilor,Sector 3,Sector 3,București,Est,4
Alis Ecomob SRL,Staer 9,Nucsoara,Sector 6,Sector 6,București,Vest,4
Alis Ecomob SRL,Staer 9,Pantelimon,Sector 2,Sector 2,București,Nord-Est,4
Alis Ecomob SRL,Staer 9,Postasului,București neatribuit,București neatribuit,București,București neatribuit,4
Alis Ecomob SRL,Staer 9,Radovanu,Sector 2,Sector 2,București,Nord-Est,4
Alis Ecomob SRL,Staer 9,Secuilor,Sector 4,Sector 4,București,Sud,4
Alis Ecomob SRL,Staer 9,Splaiul Aiul Unirii,București neatribuit,București neatribuit,București,București neatribuit,4
Alis Ecomob SRL,Staer 9,Stefan cel Mare,București neatribuit,București neatribuit,București,București neatribuit,4
Alis Ecomob SRL,Staer 9,Strada Amurgului,București neatribuit,București neatribuit,București,București neatribuit,4
Alis Ecomob SRL,Staer 9,Strada Campia Libertatii,București neatribuit,București neatribuit,București,București neatribuit,4
Alis Ecomob SRL,Staer 9,Șoseaua Alexandria,Sector 5,Sector 5,București,Sud-Vest,4
Alis Ecomob SRL,Staer 9,Șoseaua Chitilei,București neatribuit,București neatribuit,București,București neatribuit,4
Alis Ecomob SRL,Staer 9,Șoseaua Vergului,Sector 2,Sector 2,București,Nord-Est,4
Alis Ecomob SRL,Staer 9,Șoseaua Virtuții,Sector 6,Sector 6,București,Vest,4
Alis Ecomob SRL,Staer 9,Ciresar,Bragadiru,—,Ilfov,Sud-Vest,4
Alis Ecomob SRL,Staer 9,Iederei,Bragadiru,—,Ilfov,Sud-Vest,4
Alis Ecomob SRL,Staer 9,Raul Vedea,Bragadiru,—,Ilfov,Sud-Vest,4
Alis Ecomob SRL,Staer 9,Strada Crișul Repede,Bragadiru,—,Ilfov,Sud-Vest,4
Alis Ecomob SRL,Staer 9,Strada Rezervelor,Chiajna–Roșu–Dudu,—,Ilfov,Vest,4
Alis Ecomob SRL,Staer 9,Popesti Vest,Popești-Leordeni,—,Ilfov,Sud,4
Staer 23,Staer 23,Aleea Ea Barajul Sadului,Sector 3,Sector 3,București,Est,4
Staer 23,Staer 23,Aleea Ea Cricovul Sarat,Sector 4,Sector 4,București,Sud,4
Staer 23,Staer 23,Aleea Ea Lunguletu,Sector 2,Sector 2,București,Nord-Est,4
Staer 23,Staer 23,Aleea Ea Mizil,Sector 3,Sector 3,București,Est,4
Staer 23,Staer 23,Aleea Ea Resita D,Sector 4,Sector 4,București,Sud,4
Staer 23,Staer 23,Aleea Ea Secuilor,București neatribuit,București neatribuit,București,București neatribuit,4
Staer 23,Staer 23,Aleea Ea Ucea,Sector 4,Sector 4,București,Sud,4
Staer 23,Staer 23,Aleea Rotunda,Sector 3,Sector 3,București,Est,4
Staer 23,Staer 23,Bulevardul 1 Decembrie,Sector 3,Sector 3,București,Est,4
Staer 23,Staer 23,Bulevardul Alx Obregia,Sector 4,Sector 4,București,Sud,4
Staer 23,Staer 23,Bulevardul Basarabia,București neatribuit,București neatribuit,București,București neatribuit,4
Staer 23,Staer 23,Bulevardul Pucheni,București neatribuit,București neatribuit,București,București neatribuit,4
Staer 23,Staer 23,Bulevardul Timișoara,Sector 6,Sector 6,București,Vest,4
Staer 23,Staer 23,Burnitei,Sector 3,Sector 3,București,Est,4
Staer 23,Staer 23,Delea Veche,Sector 2,Sector 2,București,Nord-Est,4
Staer 23,Staer 23,Dorneasca,București neatribuit,București neatribuit,București,București neatribuit,4
Staer 23,Staer 23,Drumul Gilaului,Sector 4,Sector 4,București,Sud,4
Staer 23,Staer 23,Drumul Malu Mierii,Sector 3,Sector 3,București,Est,4
Staer 23,Staer 23,Drumul Postalionului,Sector 4,Sector 4,București,Sud,4
Staer 23,Staer 23,Earovinari,București neatribuit,București neatribuit,București,București neatribuit,4
Staer 23,Staer 23,Foisorului,Sector 3,Sector 3,București,Est,4
Staer 23,Staer 23,Imparatul Traian,Sector 4,Sector 4,București,Sud,4
Staer 23,Staer 23,Mosoaia,Sector 4,Sector 4,București,Sud,4
Staer 23,Staer 23,Paduroiu,Sector 4,Sector 4,București,Sud,4
Staer 23,Staer 23,Pancota,Sector 2,Sector 2,București,Nord-Est,4
Staer 23,Staer 23,Pictor Stefan Dimitrescu,Sector 4,Sector 4,București,Sud,4
Staer 23,Staer 23,Pictor Stefan Dumitrescu,Sector 4,Sector 4,București,Sud,4
Staer 23,Staer 23,Piscului,Sector 4,Sector 4,București,Sud,4
Staer 23,Staer 23,Semenic,Sector 4,Sector 4,București,Sud,4
Staer 23,Staer 23,Soldanului,București neatribuit,București neatribuit,București,București neatribuit,4
Staer 23,Staer 23,Strada Campia Libertatii,București neatribuit,București neatribuit,București,București neatribuit,4
Staer 23,Staer 23,Strada Democrației,Sector 4,Sector 4,București,Sud,4
Staer 23,Staer 23,Strada Dristorului,Sector 3,Sector 3,București,Est,4
Staer 23,Staer 23,Strada Matei Basarab,Sector 3,Sector 3,București,Est,4
Staer 23,Staer 23,Strada Nasaud,Sector 5,Sector 5,București,Sud-Vest,4
Staer 23,Staer 23,Strada Sirenelor,Sector 5,Sector 5,București,Sud-Vest,4
Staer 23,Staer 23,Strada Vigoniei,Sector 5,Sector 5,București,Sud-Vest,4
Staer 23,Staer 23,Șoseaua Mihai Bravu,București neatribuit,București neatribuit,București,București neatribuit,4
Staer 23,Staer 23,Aviatiei,Sector 1,Sector 1,București,Nord,4
Staer 23,Staer 23,Calea Ea Victoriei,Sector 1,Sector 1,București,Nord,4
Staer 23,Staer 23,Baia de Arama,Sector 2,Sector 2,București,Nord-Est,4
Staer 23,Staer 23,Cernauti,Sector 2,Sector 2,București,Nord-Est,4
Staer 23,Staer 23,Cristea Mateescu,Sector 2,Sector 2,București,Nord-Est,4
Staer 23,Staer 23,Fabrica de Gheata,Sector 2,Sector 2,București,Nord-Est,4
Staer 23,Staer 23,Maica Domnului,Sector 2,Sector 2,București,Nord-Est,4
Staer 23,Staer 23,Pancota,Sector 2,Sector 2,București,Nord-Est,4
Staer 23,Staer 23,Pantelimon,Sector 2,Sector 2,București,Nord-Est,4
Staer 23,Staer 23,Radovanu,Sector 2,Sector 2,București,Nord-Est,4
Staer 23,Staer 23,Stefan cel Mare,Sector 2,Sector 2,București,Nord-Est,4
Staer 23,Staer 23,Strada Vasile Lascăr,Sector 2,Sector 2,București,Nord-Est,4
Staer 23,Staer 23,Vatra Luminoasa,Sector 2,Sector 2,București,Nord-Est,4
Staer 23,Staer 23,Aleea Adrian Carstea,Sector 3,Sector 3,București,Est,4
Staer 23,Staer 23,Aleea Banu Udrea,Sector 3,Sector 3,București,Est,4
Staer 23,Staer 23,Aleea Barajul Bicaz,Sector 3,Sector 3,București,Est,4
Staer 23,Staer 23,Aleea Buhusi,Sector 3,Sector 3,București,Est,4
Staer 23,Staer 23,Aleea Ea Barajul Sadului,Sector 3,Sector 3,București,Est,4
Staer 23,Staer 23,Aleea Ea Ianca,Sector 3,Sector 3,București,Est,4
Staer 23,Staer 23,Aleea Ea Ninsorii,Sector 3,Sector 3,București,Est,4
Staer 23,Staer 23,Aleea Ea Postavarului,Sector 3,Sector 3,București,Est,4
Staer 23,Staer 23,Aleea Ea Ramnicu Valcea,Sector 3,Sector 3,București,Est,4
Staer 23,Staer 23,Aleea Ea Scolarilor,Sector 3,Sector 3,București,Est,4
Staer 23,Staer 23,Aleea Postavarul,Sector 3,Sector 3,București,Est,4
Staer 23,Staer 23,Aleea Rasinari,Sector 3,Sector 3,București,Est,4
Staer 23,Staer 23,Anastasie Panu,Sector 3,Sector 3,București,Est,4
Staer 23,Staer 23,Baia Mare,Sector 3,Sector 3,București,Est,4
Staer 23,Staer 23,Bulevardul 1 Decembrie,Sector 3,Sector 3,București,Est,4
Staer 23,Staer 23,Bulevardul Basarabia,Sector 3,Sector 3,București,Est,4
Staer 23,Staer 23,Firidei,Sector 3,Sector 3,București,Est,4
Staer 23,Staer 23,Ghita Serban,Sector 3,Sector 3,București,Est,4
Staer 23,Staer 23,Gura Ialomitei,Sector 3,Sector 3,București,Est,4
Staer 23,Staer 23,Intrarea Area Horbotei,Sector 3,Sector 3,București,Est,4
Staer 23,Staer 23,Mircea Voda,Sector 3,Sector 3,București,Est,4
Staer 23,Staer 23,Octavian,Sector 3,Sector 3,București,Est,4
Staer 23,Staer 23,Schitului,Sector 3,Sector 3,București,Est,4
Staer 23,Staer 23,Splaiul Aiul Unirii,Sector 3,Sector 3,București,Est,4
Staer 23,Staer 23,Strada Bratarii,Sector 3,Sector 3,București,Est,4
Staer 23,Staer 23,Strada Lugojana,Sector 3,Sector 3,București,Est,4
Staer 23,Staer 23,Strada Murgeni,Sector 3,Sector 3,București,Est,4
Staer 23,Staer 23,Strada Nucului,Sector 3,Sector 3,București,Est,4
Staer 23,Staer 23,Strada Peneș Curcanul,Sector 3,Sector 3,București,Est,4
Staer 23,Staer 23,Strada Traian Popovici,Sector 3,Sector 3,București,Est,4
Staer 23,Staer 23,Aleea Cricovul Dulce,Sector 4,Sector 4,București,Sud,4
Staer 23,Staer 23,Aleea Dragos Mladinovici,Sector 4,Sector 4,București,Sud,4
Staer 23,Staer 23,Bradetului,Sector 4,Sector 4,București,Sud,4
Staer 23,Staer 23,Cap Gheorghe Ion,Sector 4,Sector 4,București,Sud,4
Staer 23,Staer 23,Drumul Dealul Alunis,Sector 4,Sector 4,București,Sud,4
Staer 23,Staer 23,Husi,Sector 4,Sector 4,București,Sud,4
Staer 23,Staer 23,Intrarea Crisul Alb,Sector 4,Sector 4,București,Sud,4
Staer 23,Staer 23,Intrarea Lunca Barzesti,Sector 4,Sector 4,București,Sud,4
Staer 23,Staer 23,Melinesti,Sector 4,Sector 4,București,Sud,4
Staer 23,Staer 23,Mosoaia,Sector 4,Sector 4,București,Sud,4
Staer 23,Staer 23,Pictor Stefan Dumitrescu,Sector 4,Sector 4,București,Sud,4
Staer 23,Staer 23,Piscului,Sector 4,Sector 4,București,Sud,4
Staer 23,Staer 23,Ramasagului,Sector 4,Sector 4,București,Sud,4
Staer 23,Staer 23,Sacasel,Sector 4,Sector 4,București,Sud,4
Staer 23,Staer 23,Samoila Dumitru,Sector 4,Sector 4,București,Sud,4
Staer 23,Staer 23,Semenic,Sector 4,Sector 4,București,Sud,4
Staer 23,Staer 23,Strada Dumbrăveni,Sector 4,Sector 4,București,Sud,4
Staer 23,Staer 23,Strada Parîncea,Sector 4,Sector 4,București,Sud,4
Staer 23,Staer 23,Strada Sg. Nițu Vasile,Sector 4,Sector 4,București,Sud,4
Staer 23,Staer 23,Turnul Magurele,Sector 4,Sector 4,București,Sud,4
Staer 23,Staer 23,U Dealu Bradului,Sector 4,Sector 4,București,Sud,4
Staer 23,Staer 23,Doina,Sector 5,Sector 5,București,Sud-Vest,4
Staer 23,Staer 23,Eternitatii,Sector 5,Sector 5,București,Sud-Vest,4
Staer 23,Staer 23,Malcoci,Sector 5,Sector 5,București,Sud-Vest,4
Staer 23,Staer 23,Motoc,Sector 5,Sector 5,București,Sud-Vest,4
Staer 23,Staer 23,Sabinelor,Sector 5,Sector 5,București,Sud-Vest,4
Staer 23,Staer 23,Calea Ea Giulesti,Sector 6,Sector 6,București,Vest,4
Staer 23,Staer 23,Drumul Osiei,Sector 6,Sector 6,București,Vest,4
Staer 23,Staer 23,Drumul Taberei,Sector 6,Sector 6,București,Vest,4
Staer 23,Staer 23,Loc Stefan Marinescu,Sector 6,Sector 6,București,Vest,4
Staer 23,Staer 23,Piscul Crasani,Sector 6,Sector 6,București,Vest,4
Staer 23,Staer 23,Splaiul Independenței,Sector 6,Sector 6,București,Vest,4
Staer 23,Staer 23,20,1 Decembrie,—,Ilfov,Sud,4
Staer 23,Staer 23,Victoriei,1 Decembrie,—,Ilfov,Sud,4
Staer 23,Staer 23,Șoseaua București-Urziceni,Afumați,—,Ilfov,Nord-Est,4
Staer 23,Staer 23,Cetatea Alba,Berceni (Ilfov),—,Ilfov,Sud,4
Staer 23,Staer 23,Crinilor,Berceni (Ilfov),—,Ilfov,Sud,4
Staer 23,Staer 23,Dumbrava Rosie,Berceni (Ilfov),—,Ilfov,Sud,4
Staer 23,Staer 23,Fabrica de Mobila,Berceni (Ilfov),—,Ilfov,Sud,4
Staer 23,Staer 23,Infratirii,Berceni (Ilfov),—,Ilfov,Sud,4
Staer 23,Staer 23,Intrarea Ciulin,Berceni (Ilfov),—,Ilfov,Sud,4
Staer 23,Staer 23,Lebedelor,Berceni (Ilfov),—,Ilfov,Sud,4
Staer 23,Staer 23,Macului,Berceni (Ilfov),—,Ilfov,Sud,4
Staer 23,Staer 23,Alunului,Bragadiru,—,Ilfov,Sud-Vest,4
Staer 23,Staer 23,Iederei,Bragadiru,—,Ilfov,Sud-Vest,4
Staer 23,Staer 23,Ilfov,Brănești,—,Ilfov,Est,4
Staer 23,Staer 23,Stejarului,Dobroești,—,Ilfov,Nord-Est,4
Staer 23,Staer 23,Marului,Dobroești,—,Ilfov,Nord-Est,4
Staer 23,Staer 23,Victoriei,Glina,—,Ilfov,Est,4
Staer 23,Staer 23,Strada Morii,Jilava,—,Ilfov,Sud,4
Staer 23,Staer 23,Sperantei,Popești-Leordeni,—,Ilfov,Sud,4
Staer 23,Staer 23,Splaiul Aiul Unirii,Popești-Leordeni,—,Ilfov,Sud,4
Staer 23,Staer 23,Astrelor,Popești-Leordeni,—,Ilfov,Sud,4
Staer 23,Staer 23,Baraganului,Popești-Leordeni,—,Ilfov,Sud,4
Staer 23,Staer 23,Intrarea Area Viilor,Popești-Leordeni,—,Ilfov,Sud,4
Staer 23,Staer 23,Timocului,Popești-Leordeni,—,Ilfov,Sud,4
Staer 23,Staer 23,1 Decembrie,Tunari,—,Ilfov,Nord,4
Staer 23,Staer 23,Calea Ea Bucuresti,Vidra,—,Ilfov,Sud,4
Staer 23,Staer 23,Salcamilor,Vidra,—,Ilfov,Sud,4
Staer 23,Staer 23,Oltului,Voluntari–Pipera,—,Ilfov,Nord,4
Staer 7,Staer 7,Strada Zagazului,Sector 1,Sector 1,București,Nord,4
Staer 7,Staer 7,Liviu Rebreanu,Sector 3,Sector 3,București,Est,4
Staer 7,Staer 7,Aleea Arh. Petre Antonescu,Sector 2,Sector 2,București,Nord-Est,4
Staer 7,Staer 7,Aleea Ea Barajul Sadului,Sector 3,Sector 3,București,Est,4
Staer 7,Staer 7,Aleea Ea Cislau,Sector 2,Sector 2,București,Nord-Est,4
Staer 7,Staer 7,Aleea Fizicienilor,Sector 3,Sector 3,București,Est,4
Staer 7,Staer 7,Aleea Huedin,Sector 4,Sector 4,București,Sud,4
Staer 7,Staer 7,Aleea Piatra Mare,Sector 2,Sector 2,București,Nord-Est,4
Staer 7,Staer 7,Arh.ionescu Grigore,Sector 2,Sector 2,București,Nord-Est,4
Staer 7,Staer 7,Bulevardul Ferdinand,Sector 2,Sector 2,București,Nord-Est,4
Staer 7,Staer 7,Bulevardul Ramnicu Sarat,Sector 3,Sector 3,București,Est,4
Staer 7,Staer 7,Ciresului,Sector 2,Sector 2,București,Nord-Est,4
Staer 7,Staer 7,Ciuca Stefan,Sector 2,Sector 2,București,Nord-Est,4
Staer 7,Staer 7,Constantin Brancoveanu,Sector 4,Sector 4,București,Sud,4
Staer 7,Staer 7,Cristea Mateescu,Sector 2,Sector 2,București,Nord-Est,4
Staer 7,Staer 7,Hrisovului,Sector 1,Sector 1,București,Nord,4
Staer 7,Staer 7,Ion Berindei,Sector 2,Sector 2,București,Nord-Est,4
Staer 7,Staer 7,Laborator,Sector 3,Sector 3,București,Est,4
Staer 7,Staer 7,Nada Florilor,Sector 2,Sector 2,București,Nord-Est,4
Staer 7,Staer 7,Simetriei,Sector 2,Sector 2,București,Nord-Est,4
Staer 7,Staer 7,Strada Constantin Brâncuși,Sector 3,Sector 3,București,Est,4
Staer 7,Staer 7,Strada Dimitrie Grozdea,Sector 2,Sector 2,București,Nord-Est,4
Staer 7,Staer 7,Strada Istriei,Sector 3,Sector 3,București,Est,4
Staer 7,Staer 7,Strada Vidin,Sector 2,Sector 2,București,Nord-Est,4
Staer 7,Staer 7,Strada Xandru cel Bun,București neatribuit,București neatribuit,București,București neatribuit,4
Staer 7,Staer 7,Trestiana,Sector 4,Sector 4,București,Sud,4
Staer 7,Staer 7,Șoseaua Fundeni,Sector 2,Sector 2,București,Nord-Est,4
Staer 7,Staer 7,Splaiul Aiul Unirii,București neatribuit,București neatribuit,București,București neatribuit,4
Staer 7,Staer 7,Bulevardul Bucureștii Noi,Sector 1,Sector 1,București,Nord,4
Staer 7,Staer 7,Calea Ea Dorobanti,Sector 1,Sector 1,București,Nord,4
Staer 7,Staer 7,Drumul Padurea Neagra,Sector 1,Sector 1,București,Nord,4
Staer 7,Staer 7,Aleea Brasoveni,Sector 2,Sector 2,București,Nord-Est,4
Staer 7,Staer 7,Aleea Luncsoara,Sector 2,Sector 2,București,Nord-Est,4
Staer 7,Staer 7,Aleea Magura Vulturului,Sector 2,Sector 2,București,Nord-Est,4
Staer 7,Staer 7,Aurului,Sector 2,Sector 2,București,Nord-Est,4
Staer 7,Staer 7,Baicului,Sector 2,Sector 2,București,Nord-Est,4
Staer 7,Staer 7,Bulevardul Chișinău,Sector 2,Sector 2,București,Nord-Est,4
Staer 7,Staer 7,Dascalului,Sector 2,Sector 2,București,Nord-Est,4
Staer 7,Staer 7,Deleni,Sector 2,Sector 2,București,Nord-Est,4
Staer 7,Staer 7,Dna Ghica,Sector 2,Sector 2,București,Nord-Est,4
Staer 7,Staer 7,Grigore Moisil,Sector 2,Sector 2,București,Nord-Est,4
Staer 7,Staer 7,Luntrei,Sector 2,Sector 2,București,Nord-Est,4
Staer 7,Staer 7,Masina de Paine,Sector 2,Sector 2,București,Nord-Est,4
Staer 7,Staer 7,Opanez,Sector 2,Sector 2,București,Nord-Est,4
Staer 7,Staer 7,Peris,Sector 2,Sector 2,București,Nord-Est,4
Staer 7,Staer 7,Popa Nicolae,Sector 2,Sector 2,București,Nord-Est,4
Staer 7,Staer 7,Strada Rascoala din 1907,Sector 2,Sector 2,București,Nord-Est,4
Staer 7,Staer 7,Strada Vidin,Sector 2,Sector 2,București,Nord-Est,4
Staer 7,Staer 7,Strada Xandru cel Bun,Sector 2,Sector 2,București,Nord-Est,4
Staer 7,Staer 7,Șoseaua Fabrica de Glucoză,Sector 2,Sector 2,București,Nord-Est,4
Staer 7,Staer 7,Șoseaua Mihai Bravu,Sector 2,Sector 2,București,Nord-Est,4
Staer 7,Staer 7,Șoseaua Pipera,Sector 2,Sector 2,București,Nord-Est,4
Staer 7,Staer 7,Vrancioaia,Sector 2,Sector 2,București,Nord-Est,4
Staer 7,Staer 7,Aleea Ciucea,Sector 3,Sector 3,București,Est,4
Staer 7,Staer 7,Aleea Ea Barajul Lotru,Sector 3,Sector 3,București,Est,4
Staer 7,Staer 7,Aleea Ea Mizil,Sector 3,Sector 3,București,Est,4
Staer 7,Staer 7,Aleea Rotunda,Sector 3,Sector 3,București,Est,4
Staer 7,Staer 7,Bulevardul Ramnicu Sarat,Sector 3,Sector 3,București,Est,4
Staer 7,Staer 7,Drumul Gura Putnei,Sector 3,Sector 3,București,Est,4
Staer 7,Staer 7,Fetesti,Sector 3,Sector 3,București,Est,4
Staer 7,Staer 7,Foisorului,Sector 3,Sector 3,București,Est,4
Staer 7,Staer 7,Ramnicu Valcea,Sector 3,Sector 3,București,Est,4
Staer 7,Staer 7,Splaiul Aiul Unirii,Sector 3,Sector 3,București,Est,4
Staer 7,Staer 7,Șoseaua Giurgiului,Sector 4,Sector 4,București,Sud,4
Staer 7,Staer 7,Calea Ea Giulesti,Sector 6,Sector 6,București,Vest,4
Staer 7,Staer 7,Laborator,Sector 3,Sector 3,București,Est,4
Staer 7,Staer 7,Prelungirea Ungirea Ghencea,Bragadiru,—,Ilfov,Sud-Vest,4
Staer 7,Staer 7,Smardan,Bragadiru,—,Ilfov,Sud-Vest,4
Staer 7,Staer 7,Decebal,Cernica,—,Ilfov,Est,4
Staer 7,Staer 7,Rezervelor,Chiajna–Roșu–Dudu,—,Ilfov,Vest,4
Staer 7,Staer 7,Intrarea Doinei,Dobroești,—,Ilfov,Nord-Est,4
Staer 7,Staer 7,Stejarului,Dobroești,—,Ilfov,Nord-Est,4
Staer 7,Staer 7,Lamaitei,Petrachioaia,—,Ilfov,Ilfov neatribuit,4
Staer 7,Staer 7,Popesti Vest,Popești-Leordeni,—,Ilfov,Sud,4
Staer 7,Staer 7,Sperantei,Popești-Leordeni,—,Ilfov,Sud,4
Staer 7,Staer 7,Șoseaua Oltenitei,Popești-Leordeni,—,Ilfov,Sud,4
Staer 7,Staer 7,Zorilor,Ștefăneștii de Jos,—,Ilfov,Nord-Est,4
Staer 7,Staer 7,Ceair,Tunari,—,Ilfov,Nord,4
Staer 7,Staer 7,Mihai Eminescu,Tunari,—,Ilfov,Nord,4
Staer 7,Staer 7,Ana Ipatescu,Voluntari–Pipera,—,Ilfov,Nord,4
Staer 7,Staer 7,Bulevardul Dunarii,Voluntari–Pipera,—,Ilfov,Nord,4
Staer 7,Staer 7,Bvd Pipera,Voluntari–Pipera,—,Ilfov,Nord,4
Staer 7,Staer 7,Bvd Voluntari,Voluntari–Pipera,—,Ilfov,Nord,4
Staer 7,Staer 7,Crizantemelor,Voluntari–Pipera,—,Ilfov,Nord,4
Staer 7,Staer 7,Gheorghe Doja,Voluntari–Pipera,—,Ilfov,Nord,4
Staer 7,Staer 7,I L Caragiale,Voluntari–Pipera,—,Ilfov,Nord,4
Staer 7,Staer 7,Nicolae Leonard,Voluntari–Pipera,—,Ilfov,Nord,4
Staer 7,Staer 7,Pipera,Voluntari–Pipera,—,Ilfov,Nord,4
Staer 7,Staer 7,Strada Matei Millo,Voluntari–Pipera,—,Ilfov,Nord,4
Staer 7,Staer 7,Șoseaua Pipera-Tunari,Voluntari–Pipera,—,Ilfov,Nord,4
Staer 9,Staer 9,Fabricii,București neatribuit,București neatribuit,București,București neatribuit,4
Staer 9,Staer 9,Franciza,Sector 3,Sector 3,București,Est,4
Staer 9,Staer 9,Abuna,Sector 1,Sector 1,București,Nord,4
Staer 9,Staer 9,Aleea Ea Privighetorilor,Sector 1,Sector 1,București,Nord,4
Staer 9,Staer 9,Baiculesti,Sector 1,Sector 1,București,Nord,4
Staer 9,Staer 9,Gheorghe Ionescu Sisesti,Sector 1,Sector 1,București,Nord,4
Staer 9,Staer 9,Limanului,Sector 1,Sector 1,București,Nord,4
Staer 9,Staer 9,NECUNOSCUTĂ,Sector 1,Sector 1,București,Nord,4
Staer 9,Staer 9,Saradei,Sector 1,Sector 1,București,Nord,4
Staer 9,Staer 9,Subcetate,Sector 1,Sector 1,București,Nord,4
Staer 9,Staer 9,Șoseaua Bucuresti-Targoviste,Sector 1,Sector 1,București,Nord,4
Staer 9,Staer 9,Judetului,Sector 2,Sector 2,București,Nord-Est,4
Staer 9,Staer 9,Ripiceni,Sector 2,Sector 2,București,Nord-Est,4
Staer 9,Staer 9,Strada Xandru cel Bun,Sector 2,Sector 2,București,Nord-Est,4
Staer 9,Staer 9,Șoseaua Iancului,Sector 2,Sector 2,București,Nord-Est,4
Staer 9,Staer 9,Tepes Voda,Sector 2,Sector 2,București,Nord-Est,4
Staer 9,Staer 9,Aleea Ea Barajul Dunarii,Sector 3,Sector 3,București,Est,4
Staer 9,Staer 9,Aleea Fuiorului,Sector 3,Sector 3,București,Est,4
Staer 9,Staer 9,Drumul Gura Garlitei,Sector 3,Sector 3,București,Est,4
Staer 9,Staer 9,Drumul Gura Siriului,Sector 3,Sector 3,București,Est,4
Staer 9,Staer 9,Intrarea Reconstructiei,Sector 3,Sector 3,București,Est,4
Staer 9,Staer 9,Strada Emil Gârleanu,Sector 3,Sector 3,București,Est,4
Staer 9,Staer 9,Strada Peneș Curcanul,Sector 3,Sector 3,București,Est,4
Staer 9,Staer 9,Almasul Mare,Sector 4,Sector 4,București,Sud,4
Staer 9,Staer 9,Calea Serban Voda,Sector 4,Sector 4,București,Sud,4
Staer 9,Staer 9,Constantin Brancoveanu,Sector 4,Sector 4,București,Sud,4
Staer 9,Staer 9,Dr Dealul Bradului,Sector 4,Sector 4,București,Sud,4
Staer 9,Staer 9,Drumul Dealul Bradului,Sector 4,Sector 4,București,Sud,4
Staer 9,Staer 9,Giurgiului,Sector 4,Sector 4,București,Sud,4
Staer 9,Staer 9,Radului,Sector 4,Sector 4,București,Sud,4
Staer 9,Staer 9,Soldanului,Sector 4,Sector 4,București,Sud,4
Staer 9,Staer 9,Strada Alunișului,Sector 4,Sector 4,București,Sud,4
Staer 9,Staer 9,Strada Odei,Sector 4,Sector 4,București,Sud,4
Staer 9,Staer 9,Aleea Ea Bacau,Sector 5,Sector 5,București,Sud-Vest,4
Staer 9,Staer 9,Arefu,Sector 5,Sector 5,București,Sud-Vest,4
Staer 9,Staer 9,Baciului,Sector 5,Sector 5,București,Sud-Vest,4
Staer 9,Staer 9,Caporal Ilina,Sector 5,Sector 5,București,Sud-Vest,4
Staer 9,Staer 9,Ghidigeni,Sector 5,Sector 5,București,Sud-Vest,4
Staer 9,Staer 9,Maria Cuntan,Sector 5,Sector 5,București,Sud-Vest,4
Staer 9,Staer 9,Prelungirea Ungirea Ferentari,Sector 5,Sector 5,București,Sud-Vest,4
Staer 9,Staer 9,Sold Modoran Ene,Sector 5,Sector 5,București,Sud-Vest,4
Staer 9,Staer 9,Șoseaua Bucuresti Magurele,Sector 5,Sector 5,București,Sud-Vest,4
Staer 9,Staer 9,Telita,Sector 5,Sector 5,București,Sud-Vest,4
Staer 9,Staer 9,Tutunari,Sector 5,Sector 5,București,Sud-Vest,4
Staer 9,Staer 9,9 Mai,Sector 6,Sector 6,București,Vest,4
Staer 9,Staer 9,Aleea Baia de Aries,Sector 6,Sector 6,București,Vest,4
Staer 9,Staer 9,Aleea Ea Calatis,Sector 6,Sector 6,București,Vest,4
Staer 9,Staer 9,Aleea Ea Callatis,Sector 6,Sector 6,București,Vest,4
Staer 9,Staer 9,Aleea Ea Lunca Cernei,Sector 6,Sector 6,București,Vest,4
Staer 9,Staer 9,Aleea Meseriasilor,Sector 6,Sector 6,București,Vest,4
Staer 9,Staer 9,Aleea Politehnicii,Sector 6,Sector 6,București,Vest,4
Staer 9,Staer 9,Amosilor,Sector 6,Sector 6,București,Vest,4
Staer 9,Staer 9,Babesti,Sector 6,Sector 6,București,Vest,4
Staer 9,Staer 9,Bulevardul Vasile Milea,Sector 6,Sector 6,București,Vest,4
Staer 9,Staer 9,Dr Sarii,Sector 6,Sector 6,București,Vest,4
Staer 9,Staer 9,Dr Timonierului,Sector 6,Sector 6,București,Vest,4
Staer 9,Staer 9,Drumul Timonierului,Sector 6,Sector 6,București,Vest,4
Staer 9,Staer 9,Drumul Valea Furcii,Sector 6,Sector 6,București,Vest,4
Staer 9,Staer 9,Floare Rosie,Sector 6,Sector 6,București,Vest,4
Staer 9,Staer 9,Furtunei,Sector 6,Sector 6,București,Vest,4
Staer 9,Staer 9,Ghencea,Sector 6,Sector 6,București,Vest,4
Staer 9,Staer 9,Intrarea Guliver,Sector 6,Sector 6,București,Vest,4
Staer 9,Staer 9,Intrarea Hanul Ancutei,Sector 6,Sector 6,București,Vest,4
Staer 9,Staer 9,Mehadia,Sector 6,Sector 6,București,Vest,4
Staer 9,Staer 9,Paralutelor,Sector 6,Sector 6,București,Vest,4
Staer 9,Staer 9,Rezervelor,Sector 6,Sector 6,București,Vest,4
Staer 9,Staer 9,Serg Alex Cutierul,Sector 6,Sector 6,București,Vest,4
Staer 9,Staer 9,Sg Alexandru Cutieru,Sector 6,Sector 6,București,Vest,4
Staer 9,Staer 9,Sg Cutieru Alexandru,Sector 6,Sector 6,București,Vest,4
Staer 9,Staer 9,Strada Serg Maj Cara Anghel,Sector 6,Sector 6,București,Vest,4
Staer 9,Staer 9,Tufanelelor,Sector 6,Sector 6,București,Vest,4
Staer 9,Staer 9,Șoseaua Unirii,Balotești,—,Ilfov,Nord,4
Staer 9,Staer 9,Lacramioarei,Berceni (Ilfov),—,Ilfov,Sud,4
Staer 9,Staer 9,Caporalului,Bragadiru,—,Ilfov,Sud-Vest,4
Staer 9,Staer 9,Dunarii,Bragadiru,—,Ilfov,Sud-Vest,4
Staer 9,Staer 9,Florilor,Bragadiru,—,Ilfov,Sud-Vest,4
Staer 9,Staer 9,Gliei,Bragadiru,—,Ilfov,Sud-Vest,4
Staer 9,Staer 9,Gloriei,Bragadiru,—,Ilfov,Sud-Vest,4
Staer 9,Staer 9,Oltetului,Bragadiru,—,Ilfov,Sud-Vest,4
Staer 9,Staer 9,Raul Vedea,Bragadiru,—,Ilfov,Sud-Vest,4
Staer 9,Staer 9,Strada Speranței,Bragadiru,—,Ilfov,Sud-Vest,4
Staer 9,Staer 9,Șoseaua Oltului,Buftea,—,Ilfov,Nord,4
Staer 9,Staer 9,Ilie Petre,Chiajna–Roșu–Dudu,—,Ilfov,Vest,4
Staer 9,Staer 9,Preot Sebe Costin,Chiajna–Roșu–Dudu,—,Ilfov,Vest,4
Staer 9,Staer 9,Salcamilor,Chiajna–Roșu–Dudu,—,Ilfov,Vest,4
Staer 9,Staer 9,Apeductului,Chiajna–Roșu–Dudu,—,Ilfov,Vest,4
Staer 9,Staer 9,Drumul Bacriului,Chiajna–Roșu–Dudu,—,Ilfov,Vest,4
Staer 9,Staer 9,Weiner Palada,Chiajna–Roșu–Dudu,—,Ilfov,Vest,4
Staer 9,Staer 9,Banatului,Chitila,—,Ilfov,Vest,4
Staer 9,Staer 9,Ana Ipatescu,Ciorogârla,—,Ilfov,Vest,4
Staer 9,Staer 9,Ghe Doja,Ciorogârla,—,Ilfov,Vest,4
Staer 9,Staer 9,Hipodromului,Corbeanca,—,Ilfov,Nord,4
Staer 9,Staer 9,Strada Ciresului,Dobroești,—,Ilfov,Nord-Est,4
Staer 9,Staer 9,Crizantemelor,Dragomirești,—,Ilfov,Vest,4
Staer 9,Staer 9,Lalelelor,Dragomirești,—,Ilfov,Vest,4
Staer 9,Staer 9,Aleea Garii,Jilava,—,Ilfov,Sud,4
Staer 9,Staer 9,Imasului,Măgurele,—,Ilfov,Sud-Vest,4
Staer 9,Staer 9,Strada Ugareni,Măgurele,—,Ilfov,Sud-Vest,4
Staer 9,Staer 9,George Enescu,Otopeni,—,Ilfov,Nord,4
Staer 9,Staer 9,Intrarea Area Mesteacanului,Otopeni,—,Ilfov,Nord,4
Staer 9,Staer 9,Maramures,Otopeni,—,Ilfov,Nord,4
Staer 9,Staer 9,Stefan cel Mare,Otopeni,—,Ilfov,Nord,4
Staer 9,Staer 9,Strada Steaua Roșie,Otopeni,—,Ilfov,Nord,4
Staer 9,Staer 9,Bulevardul Pipera,Voluntari–Pipera,—,Ilfov,Nord,4
Staer 9,Staer 9,Pavlicheni,Popești-Leordeni,—,Ilfov,Sud,4
Staer 9,Staer 9,Splaiul Unirii,Popești-Leordeni,—,Ilfov,Sud,4
Staer 9,Staer 9,Șoseaua Oltenitei,Popești-Leordeni,—,Ilfov,Sud,4
Staer 9,Staer 9,Acvilei,Chiajna–Roșu–Dudu,—,Ilfov,Vest,4
Staer 9,Staer 9,Clabucet,Voluntari–Pipera,—,Ilfov,Nord,4
Alis Ecomob SRL,Staer 9,N Iorga,București neatribuit,București neatribuit,București,București neatribuit,3
Alis Ecomob SRL,Staer 9,Bulevardul Libertatii,București neatribuit,București neatribuit,București,București neatribuit,3
Alis Ecomob SRL,Staer 9,Aleea Baiut,Sector 6,Sector 6,București,Vest,3
Alis Ecomob SRL,Staer 9,Aleea Barajul Bicaz,Sector 3,Sector 3,București,Est,3
Alis Ecomob SRL,Staer 9,Aleea Ea Cetatuia,București neatribuit,București neatribuit,București,București neatribuit,3
Alis Ecomob SRL,Staer 9,Aleea Ea Istru,București neatribuit,București neatribuit,București,București neatribuit,3
Alis Ecomob SRL,Staer 9,Aleea Ea Parva,Sector 6,Sector 6,București,Vest,3
Alis Ecomob SRL,Staer 9,Aleea Ea Poarta Alba,Sector 6,Sector 6,București,Vest,3
Alis Ecomob SRL,Staer 9,Aleea Imasului,Sector 5,Sector 5,București,Sud-Vest,3
Alis Ecomob SRL,Staer 9,Aleea Lamotesti,Sector 4,Sector 4,București,Sud,3
Alis Ecomob SRL,Staer 9,Aleea Meseriasilor,Sector 6,Sector 6,București,Vest,3
Alis Ecomob SRL,Staer 9,Aleea Obcina Mica,Sector 6,Sector 6,București,Vest,3
Alis Ecomob SRL,Staer 9,Aleea Otesani,Sector 2,Sector 2,București,Nord-Est,3
Alis Ecomob SRL,Staer 9,Aleea Postavarul,Sector 3,Sector 3,București,Est,3
Alis Ecomob SRL,Staer 9,Aleea Romancierilor,Sector 6,Sector 6,București,Vest,3
Alis Ecomob SRL,Staer 9,Aleea Sandulesti,Sector 6,Sector 6,București,Vest,3
Alis Ecomob SRL,Staer 9,Aleea Valea Calugareasca,Sector 6,Sector 6,București,Vest,3
Alis Ecomob SRL,Staer 9,Aleea Vlahita,Sector 3,Sector 3,București,Est,3
Alis Ecomob SRL,Staer 9,Azurului,Sector 6,Sector 6,București,Vest,3
Alis Ecomob SRL,Staer 9,Belizarie,Sector 1,Sector 1,București,Nord,3
Alis Ecomob SRL,Staer 9,Bulevardul Decebal,Sector 3,Sector 3,București,Est,3
Alis Ecomob SRL,Staer 9,Bulevardul Dimitrie Cantemir,București neatribuit,București neatribuit,București,București neatribuit,3
Alis Ecomob SRL,Staer 9,Bulevardul Gheorghe Sincai,București neatribuit,București neatribuit,București,București neatribuit,3
Alis Ecomob SRL,Staer 9,Bulevardul Ion Mihalache,Sector 1,Sector 1,București,Nord,3
Alis Ecomob SRL,Staer 9,Bulevardul Luptatorilor,Sector 1,Sector 1,București,Nord,3
Alis Ecomob SRL,Staer 9,Bulevardul Octavian Goga,Sector 3,Sector 3,București,Est,3
Alis Ecomob SRL,Staer 9,Bulevardul Unirii,București neatribuit,București neatribuit,București,București neatribuit,3
Alis Ecomob SRL,Staer 9,Calea Ea Griviței,București neatribuit,București neatribuit,București,București neatribuit,3
Alis Ecomob SRL,Staer 9,Calea Ea Victoriei,București neatribuit,București neatribuit,București,București neatribuit,3
Alis Ecomob SRL,Staer 9,Calea Sebastian,București neatribuit,București neatribuit,București,București neatribuit,3
Alis Ecomob SRL,Staer 9,Cap Ilina,București neatribuit,București neatribuit,București,București neatribuit,3
Alis Ecomob SRL,Staer 9,Cap Ivan Anghelache,Sector 5,Sector 5,București,Sud-Vest,3
Alis Ecomob SRL,Staer 9,Cernisoara,Sector 6,Sector 6,București,Vest,3
Alis Ecomob SRL,Staer 9,Cobadin,București neatribuit,București neatribuit,București,București neatribuit,3
Alis Ecomob SRL,Staer 9,Const Titel Petrescu,București neatribuit,București neatribuit,București,București neatribuit,3
Alis Ecomob SRL,Staer 9,Cristea Mateescu,Sector 2,Sector 2,București,Nord-Est,3
Alis Ecomob SRL,Staer 9,Dinu Vintila,Sector 2,Sector 2,București,Nord-Est,3
Alis Ecomob SRL,Staer 9,Dr Binelui,Sector 4,Sector 4,București,Sud,3
Alis Ecomob SRL,Staer 9,Dr Ghindari,Sector 5,Sector 5,București,Sud-Vest,3
Alis Ecomob SRL,Staer 9,Dr Jilavei,Sector 4,Sector 4,București,Sud,3
Alis Ecomob SRL,Staer 9,Drumul Belsugului,Sector 6,Sector 6,București,Vest,3
Alis Ecomob SRL,Staer 9,Drumul Timonierului,București neatribuit,București neatribuit,București,București neatribuit,3
Alis Ecomob SRL,Staer 9,Drumul Valea Cricovului,Sector 6,Sector 6,București,Vest,3
Alis Ecomob SRL,Staer 9,Estacadei,Sector 6,Sector 6,București,Vest,3
Alis Ecomob SRL,Staer 9,Fabricii,București neatribuit,București neatribuit,București,București neatribuit,3
Alis Ecomob SRL,Staer 9,Foisorului,Sector 3,Sector 3,București,Est,3
Alis Ecomob SRL,Staer 9,Garnitei,Sector 4,Sector 4,București,Sud,3
Alis Ecomob SRL,Staer 9,Glicinelor,Sector 5,Sector 5,București,Sud-Vest,3
Alis Ecomob SRL,Staer 9,Gradistea,Sector 4,Sector 4,București,Sud,3
Alis Ecomob SRL,Staer 9,Gramont,București neatribuit,București neatribuit,București,București neatribuit,3
Alis Ecomob SRL,Staer 9,Grivitei,București neatribuit,București neatribuit,București,București neatribuit,3
Alis Ecomob SRL,Staer 9,Intrarea Area Vrabiei,București neatribuit,București neatribuit,București,București neatribuit,3
Alis Ecomob SRL,Staer 9,Intrarea Cosmina,Sector 5,Sector 5,București,Sud-Vest,3
Alis Ecomob SRL,Staer 9,Intrarea Crisul Alb,Sector 4,Sector 4,București,Sud,3
Alis Ecomob SRL,Staer 9,Intrarea Dr Belsugului,Sector 6,Sector 6,București,Vest,3
Alis Ecomob SRL,Staer 9,Intrarea Humulesti,București neatribuit,București neatribuit,București,București neatribuit,3
Alis Ecomob SRL,Staer 9,Ion Conea,București neatribuit,București neatribuit,București,București neatribuit,3
Alis Ecomob SRL,Staer 9,Iriceanu Ion,București neatribuit,București neatribuit,București,București neatribuit,3
Alis Ecomob SRL,Staer 9,Ivan Anghelache,București neatribuit,București neatribuit,București,București neatribuit,3
Alis Ecomob SRL,Staer 9,Lt. Gheorghe Saidac,Sector 6,Sector 6,București,Vest,3
Alis Ecomob SRL,Staer 9,Marului,Sector 3,Sector 3,București,Est,3
Alis Ecomob SRL,Staer 9,Mihai Bravu,București neatribuit,București neatribuit,București,București neatribuit,3
Alis Ecomob SRL,Staer 9,Mircea Voda,Sector 3,Sector 3,București,Est,3
Alis Ecomob SRL,Staer 9,Moinesti,Sector 6,Sector 6,București,Vest,3
Alis Ecomob SRL,Staer 9,Nicolae Oncescu,Sector 6,Sector 6,București,Vest,3
Alis Ecomob SRL,Staer 9,Patriotilor,Sector 3,Sector 3,București,Est,3
Alis Ecomob SRL,Staer 9,Popasului,București neatribuit,București neatribuit,București,București neatribuit,3
Alis Ecomob SRL,Staer 9,Pravat,Sector 6,Sector 6,București,Vest,3
Alis Ecomob SRL,Staer 9,Prl Ghencea,București neatribuit,București neatribuit,București,București neatribuit,3
Alis Ecomob SRL,Staer 9,Salaj,Sector 5,Sector 5,București,Sud-Vest,3
Alis Ecomob SRL,Staer 9,Samoila Dumitru,Sector 4,Sector 4,București,Sud,3
Alis Ecomob SRL,Staer 9,Sg Maj Cara Anghel,București neatribuit,București neatribuit,București,București neatribuit,3
Alis Ecomob SRL,Staer 9,Strada Eufrosina Popescu,Sector 3,Sector 3,București,Est,3
Alis Ecomob SRL,Staer 9,Strada Gârleni,Sector 6,Sector 6,București,Vest,3
Alis Ecomob SRL,Staer 9,Strada Jean Steriadi,Sector 3,Sector 3,București,Est,3
Alis Ecomob SRL,Staer 9,Strada Matei Basarab,Sector 3,Sector 3,București,Est,3
Alis Ecomob SRL,Staer 9,Strada Nerva Traian,București neatribuit,București neatribuit,București,București neatribuit,3
Alis Ecomob SRL,Staer 9,Strada Porumbacu,Sector 6,Sector 6,București,Vest,3
Alis Ecomob SRL,Staer 9,Strada Răcari,Sector 3,Sector 3,București,Est,3
Alis Ecomob SRL,Staer 9,Strada Rosia Montana,Sector 6,Sector 6,București,Vest,3
Alis Ecomob SRL,Staer 9,Strada Sirenelor,Sector 5,Sector 5,București,Sud-Vest,3
Alis Ecomob SRL,Staer 9,Strada Trapezului,Sector 3,Sector 3,București,Est,3
Alis Ecomob SRL,Staer 9,Strada Turnu Măgurele,Sector 4,Sector 4,București,Sud,3
Alis Ecomob SRL,Staer 9,Șoseaua Mihai Bravu,București neatribuit,București neatribuit,București,București neatribuit,3
Alis Ecomob SRL,Staer 9,Teiul Doamnei,Sector 2,Sector 2,București,Nord-Est,3
Alis Ecomob SRL,Staer 9,Tutunari,Sector 5,Sector 5,București,Sud-Vest,3
Alis Ecomob SRL,Staer 9,Tuzla,Sector 2,Sector 2,București,Nord-Est,3
Alis Ecomob SRL,Staer 9,Valea Ialomitei,Sector 6,Sector 6,București,Vest,3
Alis Ecomob SRL,Staer 9,Vintila Mihailescu,Sector 6,Sector 6,București,Vest,3
Alis Ecomob SRL,Staer 9,Zamfir Olaru,Sector 5,Sector 5,București,Sud-Vest,3
Alis Ecomob SRL,Staer 9,Iernii,Bragadiru,—,Ilfov,Sud-Vest,3
Alis Ecomob SRL,Staer 9,Orizontului,Bragadiru,—,Ilfov,Sud-Vest,3
Alis Ecomob SRL,Staer 9,Aleea Constructorilor,Buftea,—,Ilfov,Nord,3
Alis Ecomob SRL,Staer 9,Șoseaua Oltului,Buftea,—,Ilfov,Nord,3
Alis Ecomob SRL,Staer 9,Preot Sebe Costin,Chiajna–Roșu–Dudu,—,Ilfov,Vest,3
Alis Ecomob SRL,Staer 9,Salcamilor,Chiajna–Roșu–Dudu,—,Ilfov,Vest,3
Alis Ecomob SRL,Staer 9,Viilor,Chiajna–Roșu–Dudu,—,Ilfov,Vest,3
Alis Ecomob SRL,Staer 9,Livezi,Cornetu,—,Ilfov,Sud-Vest,3
Alis Ecomob SRL,Staer 9,Nucilor,Dragomirești,—,Ilfov,Vest,3
Alis Ecomob SRL,Staer 9,Livezilor,Pantelimon,—,Ilfov,Nord-Est,3
Alis Ecomob SRL,Staer 9,Solstitiului,Popești-Leordeni,—,Ilfov,Sud,3
Alis Ecomob SRL,Staer 9,Splaiul Unirii,Popești-Leordeni,—,Ilfov,Sud,3
Alis Ecomob SRL,Staer 9,Strada Sf Agnes,Popești-Leordeni,—,Ilfov,Sud,3
Alis Ecomob SRL,Staer 9,Rezervelor,Chiajna–Roșu–Dudu,—,Ilfov,Vest,3
Alis Ecomob SRL,Staer 9,Strada Matei Millo,Voluntari–Pipera,—,Ilfov,Nord,3
Alis Ecomob SRL,Staer 9,Lotioara,București neatribuit,București neatribuit,București,București neatribuit,3
Staer 23,Staer 23,Șoseaua Giurgiului,București neatribuit,București neatribuit,București,București neatribuit,3
Staer 23,Staer 23,Bulevardul Metalurgiei,Sector 4,Sector 4,București,Sud,3
Staer 23,Staer 23,Strada Rosia Montana,Sector 6,Sector 6,București,Vest,3
Staer 23,Staer 23,Liviu Rebreanu,Sector 3,Sector 3,București,Est,3
Staer 23,Staer 23,Aleea Ea Resita D,Sector 4,Sector 4,București,Sud,3
Staer 23,Staer 23,Bulevardul C Brancoveanu,Sector 4,Sector 4,București,Sud,3
Staer 23,Staer 23,Șoseaua Giurgiului,Sector 4,Sector 4,București,Sud,3
Staer 23,Staer 23,Șoseaua Olteniței,Sector 4,Sector 4,București,Sud,3
Staer 23,Staer 23,Aleea Avrig,București neatribuit,București neatribuit,București,București neatribuit,3
Staer 23,Staer 23,Aleea Cricovul Dulce,Sector 4,Sector 4,București,Sud,3
Staer 23,Staer 23,Aleea Dragos Mladinovici,București neatribuit,București neatribuit,București,București neatribuit,3
Staer 23,Staer 23,Aleea Ea Calinesti,Sector 4,Sector 4,București,Sud,3
Staer 23,Staer 23,Aleea Ea Ilioara,Sector 3,Sector 3,București,Est,3
Staer 23,Staer 23,Aleea Ea Moldovita,Sector 4,Sector 4,București,Sud,3
Staer 23,Staer 23,Aleea Ea Somesul MIC,Sector 4,Sector 4,București,Sud,3
Staer 23,Staer 23,Aleea Ea Tebe,București neatribuit,București neatribuit,București,București neatribuit,3
Staer 23,Staer 23,Aleea Mirea Mioara Luiza,Sector 4,Sector 4,București,Sud,3
Staer 23,Staer 23,Aleea Patulului,Sector 3,Sector 3,București,Est,3
Staer 23,Staer 23,Aleea Podul Giurgiului,București neatribuit,București neatribuit,București,București neatribuit,3
Staer 23,Staer 23,Aleea Slatioara,Sector 4,Sector 4,București,Sud,3
Staer 23,Staer 23,Aleea Sold. Nicolae Barbu,București neatribuit,București neatribuit,București,București neatribuit,3
Staer 23,Staer 23,Aleea Somesul Cald,Sector 4,Sector 4,București,Sud,3
Staer 23,Staer 23,Aleea Vlahita,Sector 3,Sector 3,București,Est,3
Staer 23,Staer 23,Argeselu,Sector 4,Sector 4,București,Sud,3
Staer 23,Staer 23,Baciului,Sector 5,Sector 5,București,Sud-Vest,3
Staer 23,Staer 23,Binelui,Sector 4,Sector 4,București,Sud,3
Staer 23,Staer 23,Bulevardul 1 Decembrie 1918,București neatribuit,București neatribuit,București,București neatribuit,3
Staer 23,Staer 23,Bulevardul Ferdinand,Sector 2,Sector 2,București,Nord-Est,3
Staer 23,Staer 23,Bulevardul X Obregia,Sector 4,Sector 4,București,Sud,3
Staer 23,Staer 23,Calea Ea Călărași,Sector 3,Sector 3,București,Est,3
Staer 23,Staer 23,Calea Ea Crângași,Sector 6,Sector 6,București,Vest,3
Staer 23,Staer 23,Calea Ea Plevnei,București neatribuit,București neatribuit,București,București neatribuit,3
Staer 23,Staer 23,Calea Ea Rahovei,Sector 5,Sector 5,București,Sud-Vest,3
Staer 23,Staer 23,Campineanca,Sector 3,Sector 3,București,Est,3
Staer 23,Staer 23,Cpt.constantin Merisescu,București neatribuit,București neatribuit,București,București neatribuit,3
Staer 23,Staer 23,Danubiu,București neatribuit,București neatribuit,București,București neatribuit,3
Staer 23,Staer 23,Eclipsei,București neatribuit,București neatribuit,București,București neatribuit,3
Staer 23,Staer 23,Fetesti,Sector 3,Sector 3,București,Est,3
Staer 23,Staer 23,Intrarea Area Badeni,Sector 3,Sector 3,București,Est,3
Staer 23,Staer 23,Iriceanu Ion,București neatribuit,București neatribuit,București,București neatribuit,3
Staer 23,Staer 23,Motilor,Sector 3,Sector 3,București,Est,3
Staer 23,Staer 23,Novaci,Sector 5,Sector 5,București,Sud-Vest,3
Staer 23,Staer 23,Oituz,București neatribuit,București neatribuit,București,București neatribuit,3
Staer 23,Staer 23,Panait Cerna,Sector 3,Sector 3,București,Est,3
Staer 23,Staer 23,Pricopan,București neatribuit,București neatribuit,București,București neatribuit,3
Staer 23,Staer 23,Prinosului,Sector 4,Sector 4,București,Sud,3
Staer 23,Staer 23,Savinesti,Sector 4,Sector 4,București,Sud,3
Staer 23,Staer 23,Soldat Modoran Ene,Sector 5,Sector 5,București,Sud-Vest,3
Staer 23,Staer 23,Spataru Preda,Sector 5,Sector 5,București,Sud-Vest,3
Staer 23,Staer 23,Splaiul Independenței,București neatribuit,București neatribuit,București,București neatribuit,3
Staer 23,Staer 23,Stefan cel Mare,București neatribuit,București neatribuit,București,București neatribuit,3
Staer 23,Staer 23,Strada Anghel Moldoveanu,Sector 4,Sector 4,București,Sud,3
Staer 23,Staer 23,Strada Complexului,Sector 3,Sector 3,București,Est,3
Staer 23,Staer 23,Strada Jean Steriade,București neatribuit,București neatribuit,București,București neatribuit,3
Staer 23,Staer 23,Strada Jean Steriadi,Sector 3,Sector 3,București,Est,3
Staer 23,Staer 23,Strada Mentiunii,Sector 2,Sector 2,București,Nord-Est,3
Staer 23,Staer 23,Strada Mihail Sebastian,Sector 5,Sector 5,București,Sud-Vest,3
Staer 23,Staer 23,Strada Muzelor,Sector 4,Sector 4,București,Sud,3
Staer 23,Staer 23,Strada Nucului,Sector 3,Sector 3,București,Est,3
Staer 23,Staer 23,Strada Orastie,Sector 4,Sector 4,București,Sud,3
Staer 23,Staer 23,Strada Parincia,București neatribuit,București neatribuit,București,București neatribuit,3
Staer 23,Staer 23,Strada Pridvorului,Sector 4,Sector 4,București,Sud,3
Staer 23,Staer 23,Strada Prisaca Dornei,Sector 3,Sector 3,București,Est,3
Staer 23,Staer 23,Strada Ramnicu Valcea,București neatribuit,București neatribuit,București,București neatribuit,3
Staer 23,Staer 23,Strada Sergent Major Blejan Florea,București neatribuit,București neatribuit,București,București neatribuit,3
Staer 23,Staer 23,Strada Vasile Lascăr,Sector 2,Sector 2,București,Nord-Est,3
Staer 23,Staer 23,Strada Vlaicu Vodă,Sector 3,Sector 3,București,Est,3
Staer 23,Staer 23,Șoseaua Alexandriei,Sector 5,Sector 5,București,Sud-Vest,3
Staer 23,Staer 23,Șoseaua Iancului,București neatribuit,București neatribuit,București,București neatribuit,3
Staer 23,Staer 23,Șoseaua Vitan Barzesti,București neatribuit,București neatribuit,București,București neatribuit,3
Staer 23,Staer 23,Toporasi,Sector 5,Sector 5,București,Sud-Vest,3
Staer 23,Staer 23,Vultureni,București neatribuit,București neatribuit,București,București neatribuit,3
Staer 23,Staer 23,Bulevardul Bucureștii Noi,Sector 1,Sector 1,București,Nord,3
Staer 23,Staer 23,Bulevardul Dinicu Golescu,Sector 1,Sector 1,București,Nord,3
Staer 23,Staer 23,Grigore Alexandrescu,Sector 1,Sector 1,București,Nord,3
Staer 23,Staer 23,Turda,Sector 1,Sector 1,București,Nord,3
Staer 23,Staer 23,Aleea Ea Cislau,Sector 2,Sector 2,București,Nord-Est,3
Staer 23,Staer 23,Aleea Ea Dobrina,Sector 2,Sector 2,București,Nord-Est,3
Staer 23,Staer 23,Aleea Petre Antonescu,Sector 2,Sector 2,București,Nord-Est,3
Staer 23,Staer 23,Aleea Socului,Sector 2,Sector 2,București,Nord-Est,3
Staer 23,Staer 23,Azuga,Sector 2,Sector 2,București,Nord-Est,3
Staer 23,Staer 23,Barbu Vacarescu,Sector 2,Sector 2,București,Nord-Est,3
Staer 23,Staer 23,Bulevardul Lacul Tei,Sector 2,Sector 2,București,Nord-Est,3
Staer 23,Staer 23,Carei,Sector 2,Sector 2,București,Nord-Est,3
Staer 23,Staer 23,Gherghitei,Sector 2,Sector 2,București,Nord-Est,3
Staer 23,Staer 23,Herta,Sector 2,Sector 2,București,Nord-Est,3
Staer 23,Staer 23,Lanului,Sector 2,Sector 2,București,Nord-Est,3
Staer 23,Staer 23,Masina de Paine,Sector 2,Sector 2,București,Nord-Est,3
Staer 23,Staer 23,Mihai Bravu,Sector 2,Sector 2,București,Nord-Est,3
Staer 23,Staer 23,Nada Florilor,Sector 2,Sector 2,București,Nord-Est,3
Staer 23,Staer 23,Pargarilor,Sector 2,Sector 2,București,Nord-Est,3
Staer 23,Staer 23,Ripiceni,Sector 2,Sector 2,București,Nord-Est,3
Staer 23,Staer 23,Strada Grigore Ionescu,Sector 2,Sector 2,București,Nord-Est,3
Staer 23,Staer 23,Strada Poeziei,Sector 2,Sector 2,București,Nord-Est,3
Staer 23,Staer 23,Strada Ziduri Intre VII,Sector 2,Sector 2,București,Nord-Est,3
Staer 23,Staer 23,Șoseaua Dobroiesti,Sector 2,Sector 2,București,Nord-Est,3
Staer 23,Staer 23,Tampa,Sector 2,Sector 2,București,Nord-Est,3
Staer 23,Staer 23,Teiul Doamnei,Sector 2,Sector 2,București,Nord-Est,3
Staer 23,Staer 23,Tuzla,Sector 2,Sector 2,București,Nord-Est,3
Staer 23,Staer 23,Usei,Sector 2,Sector 2,București,Nord-Est,3
Staer 23,Staer 23,Vitejiei,Sector 2,Sector 2,București,Nord-Est,3
Staer 23,Staer 23,Aleea Barajul Cucuteni,Sector 3,Sector 3,București,Est,3
Staer 23,Staer 23,Aleea Ea Barajul Bistriței,Sector 3,Sector 3,București,Est,3
Staer 23,Staer 23,Aleea Ea Florin Ciungan,Sector 3,Sector 3,București,Est,3
Staer 23,Staer 23,Aleea Ea Madarasi,Sector 3,Sector 3,București,Est,3
Staer 23,Staer 23,Aleea Ea Perisoru,Sector 3,Sector 3,București,Est,3
Staer 23,Staer 23,Aleea Laceni,Sector 3,Sector 3,București,Est,3
Staer 23,Staer 23,Aleea Manastirea Agapia,Sector 3,Sector 3,București,Est,3
Staer 23,Staer 23,Aleea Plesesti,Sector 3,Sector 3,București,Est,3
Staer 23,Staer 23,Aleea Vlahita,Sector 3,Sector 3,București,Est,3
Staer 23,Staer 23,Breaza,Sector 3,Sector 3,București,Est,3
Staer 23,Staer 23,Bucovina,Sector 3,Sector 3,București,Est,3
Staer 23,Staer 23,Bulevardul Burebista,Sector 3,Sector 3,București,Est,3
Staer 23,Staer 23,Bulevardul Mircea Vodă,Sector 3,Sector 3,București,Est,3
Staer 23,Staer 23,Bulevardul Rm. Sarat,Sector 3,Sector 3,București,Est,3
Staer 23,Staer 23,Burdujeni,Sector 3,Sector 3,București,Est,3
Staer 23,Staer 23,Ceairului,Sector 3,Sector 3,București,Est,3
Staer 23,Staer 23,Colonel Iosif Albu,Sector 3,Sector 3,București,Est,3
Staer 23,Staer 23,Drumul Calitei,Sector 3,Sector 3,București,Est,3
Staer 23,Staer 23,Ilioara,Sector 3,Sector 3,București,Est,3
Staer 23,Staer 23,Industriilor,Sector 3,Sector 3,București,Est,3
Staer 23,Staer 23,Invingatorilor,Sector 3,Sector 3,București,Est,3
Staer 23,Staer 23,Ion Minulescu,Sector 3,Sector 3,București,Est,3
Staer 23,Staer 23,Ozana,Sector 3,Sector 3,București,Est,3
Staer 23,Staer 23,Panait Cerna,Sector 3,Sector 3,București,Est,3
Staer 23,Staer 23,Plt Petre Ionescu,Sector 3,Sector 3,București,Est,3
Staer 23,Staer 23,Plt Radu Gheorghe,Sector 3,Sector 3,București,Est,3
Staer 23,Staer 23,Pupitrului,Sector 3,Sector 3,București,Est,3
Staer 23,Staer 23,Spiridon Matei,Sector 3,Sector 3,București,Est,3
Staer 23,Staer 23,Strada Complexului,Sector 3,Sector 3,București,Est,3
Staer 23,Staer 23,Strada Matei Basarab,Sector 3,Sector 3,București,Est,3
Staer 23,Staer 23,Strada Moise Nicoară,Sector 3,Sector 3,București,Est,3
Staer 23,Staer 23,Strada Theodor D. Speranția,Sector 3,Sector 3,București,Est,3
Staer 23,Staer 23,Tarancutei,Sector 3,Sector 3,București,Est,3
Staer 23,Staer 23,Turturelelor,Sector 3,Sector 3,București,Est,3
Staer 23,Staer 23,Valeriu Braniste,Sector 3,Sector 3,București,Est,3
Staer 23,Staer 23,Vitioara,Sector 3,Sector 3,București,Est,3
Staer 23,Staer 23,Vlad Dracul,Sector 3,Sector 3,București,Est,3
Staer 23,Staer 23,Zemes,Sector 3,Sector 3,București,Est,3
Staer 23,Staer 23,Actiunii,Sector 4,Sector 4,București,Sud,3
Staer 23,Staer 23,Aleea Ea Adrian Dan Urucu,Sector 4,Sector 4,București,Sud,3
Staer 23,Staer 23,Aleea Ea Mladinovici Dragoș,Sector 4,Sector 4,București,Sud,3
Staer 23,Staer 23,Aleea Ea Secuilor,Sector 4,Sector 4,București,Sud,3
Staer 23,Staer 23,Aleea Ea Somesul MIC,Sector 4,Sector 4,București,Sud,3
Staer 23,Staer 23,Aleea Ea Zanelor,Sector 4,Sector 4,București,Sud,3
Staer 23,Staer 23,Aleea Slatioara,Sector 4,Sector 4,București,Sud,3
Staer 23,Staer 23,Aleea Urucu Adrian,Sector 4,Sector 4,București,Sud,3
Staer 23,Staer 23,Boian,Sector 4,Sector 4,București,Sud,3
Staer 23,Staer 23,Buciumasilor,Sector 4,Sector 4,București,Sud,3
Staer 23,Staer 23,Bulevardul Metalurgiei(cartier Solar),Sector 4,Sector 4,București,Sud,3
Staer 23,Staer 23,Bulevardul Metalurigiei,Sector 4,Sector 4,București,Sud,3
Staer 23,Staer 23,Bulevardul Unirii,Sector 4,Sector 4,București,Sud,3
Staer 23,Staer 23,C Radulescu Motru,Sector 4,Sector 4,București,Sud,3
Staer 23,Staer 23,Dambului,Sector 4,Sector 4,București,Sud,3
Staer 23,Staer 23,Dealu Bradului,Sector 4,Sector 4,București,Sud,3
Staer 23,Staer 23,Dr Binelui,Sector 4,Sector 4,București,Sud,3
Staer 23,Staer 23,Drumul Dealu Ferului,Sector 4,Sector 4,București,Sud,3
Staer 23,Staer 23,Drumul Dealul Babii,Sector 4,Sector 4,București,Sud,3
Staer 23,Staer 23,Drumul Gura Putnei,Sector 4,Sector 4,București,Sud,3
Staer 23,Staer 23,Iriceanu Ion,Sector 4,Sector 4,București,Sud,3
Staer 23,Staer 23,Macesului,Sector 4,Sector 4,București,Sud,3
Staer 23,Staer 23,Maria Tanase,Sector 4,Sector 4,București,Sud,3
Staer 23,Staer 23,Mixandrei,Sector 4,Sector 4,București,Sud,3
Staer 23,Staer 23,Pajistei,Sector 4,Sector 4,București,Sud,3
Staer 23,Staer 23,Podarului,Sector 4,Sector 4,București,Sud,3
Staer 23,Staer 23,Povestei,Sector 4,Sector 4,București,Sud,3
Staer 23,Staer 23,Prasilei,Sector 4,Sector 4,București,Sud,3
Staer 23,Staer 23,Radului,Sector 4,Sector 4,București,Sud,3
Staer 23,Staer 23,Raul Vedea,Sector 4,Sector 4,București,Sud,3
Staer 23,Staer 23,Rezonantei,Sector 4,Sector 4,București,Sud,3
Staer 23,Staer 23,Savinesti,Sector 4,Sector 4,București,Sud,3
Staer 23,Staer 23,Splaiul Independenței,Sector 4,Sector 4,București,Sud,3
Staer 23,Staer 23,U Dealu Alunis,Sector 4,Sector 4,București,Sud,3
Staer 23,Staer 23,Ul Binelui,Sector 4,Sector 4,București,Sud,3
Staer 23,Staer 23,Aleea Ea Livezilor,Sector 5,Sector 5,București,Sud-Vest,3
Staer 23,Staer 23,Boldesti,Sector 5,Sector 5,București,Sud-Vest,3
Staer 23,Staer 23,Cap Ivan Anghelache,Sector 5,Sector 5,București,Sud-Vest,3
Staer 23,Staer 23,Intrarea Humulesti,Sector 5,Sector 5,București,Sud-Vest,3
Staer 23,Staer 23,Luntreni,Sector 5,Sector 5,București,Sud-Vest,3
Staer 23,Staer 23,Nicolae Dragan,Sector 5,Sector 5,București,Sud-Vest,3
Staer 23,Staer 23,Pecineaga,Sector 5,Sector 5,București,Sud-Vest,3
Staer 23,Staer 23,Strada Garoafei,Sector 5,Sector 5,București,Sud-Vest,3
Staer 23,Staer 23,Teius,Sector 5,Sector 5,București,Sud-Vest,3
Staer 23,Staer 23,Telita,Sector 5,Sector 5,București,Sud-Vest,3
Staer 23,Staer 23,Aleea Ea Valea Boteni,Sector 6,Sector 6,București,Vest,3
Staer 23,Staer 23,Bulevardul Constructorilor,Sector 6,Sector 6,București,Vest,3
Staer 23,Staer 23,Drumul Belsugului,Sector 6,Sector 6,București,Vest,3
Staer 23,Staer 23,Economu Cezarescu,Sector 6,Sector 6,București,Vest,3
Staer 23,Staer 23,Sergent Apostol Constantin,Sector 6,Sector 6,București,Vest,3
Staer 23,Staer 23,Sperantei,1 Decembrie,—,Ilfov,Sud,3
Staer 23,Staer 23,Strada Gloriei,1 Decembrie,—,Ilfov,Sud,3
Staer 23,Staer 23,1 Decembrie,Berceni (Ilfov),—,Ilfov,Sud,3
Staer 23,Staer 23,Apusului,Berceni (Ilfov),—,Ilfov,Sud,3
Staer 23,Staer 23,Bulevardul 1mai,Berceni (Ilfov),—,Ilfov,Sud,3
Staer 23,Staer 23,George Toparceanu,Berceni (Ilfov),—,Ilfov,Sud,3
Staer 23,Staer 23,Mioritei,Berceni (Ilfov),—,Ilfov,Sud,3
Staer 23,Staer 23,Orhideei,Berceni (Ilfov),—,Ilfov,Sud,3
Staer 23,Staer 23,Petru Rares,Berceni (Ilfov),—,Ilfov,Sud,3
Staer 23,Staer 23,Serelor,Berceni (Ilfov),—,Ilfov,Sud,3
Staer 23,Staer 23,Sportului,Berceni (Ilfov),—,Ilfov,Sud,3
Staer 23,Staer 23,Tudor Vladimirescu,Berceni (Ilfov),—,Ilfov,Sud,3
Staer 23,Staer 23,Zinelor,Berceni (Ilfov),—,Ilfov,Sud,3
Staer 23,Staer 23,Crisu Repede,Bragadiru,—,Ilfov,Sud-Vest,3
Staer 23,Staer 23,Dumbravei,Bragadiru,—,Ilfov,Sud-Vest,3
Staer 23,Staer 23,Jiului,Bragadiru,—,Ilfov,Sud-Vest,3
Staer 23,Staer 23,Libertatii,Bragadiru,—,Ilfov,Sud-Vest,3
Staer 23,Staer 23,Margelelor,Bragadiru,—,Ilfov,Sud-Vest,3
Staer 23,Staer 23,Neamului,Bragadiru,—,Ilfov,Sud-Vest,3
Staer 23,Staer 23,Prelungirea Ungirea Ghencea,Bragadiru,—,Ilfov,Sud-Vest,3
Staer 23,Staer 23,Verii,Bragadiru,—,Ilfov,Sud-Vest,3
Staer 23,Staer 23,Strada Violetelor,Brănești,—,Ilfov,Est,3
Staer 23,Staer 23,Drumul Fermei,București,—,Ilfov,Ilfov neatribuit,3
Staer 23,Staer 23,Marginei,Catelu,—,Ilfov,Ilfov neatribuit,3
Staer 23,Staer 23,Ciocarliei,Clinceni,—,Ilfov,Sud-Vest,3
Staer 23,Staer 23,Intrarea Privighetorii,Clinceni,—,Ilfov,Sud-Vest,3
Staer 23,Staer 23,Garlei,Copaceni,—,Ilfov,Ilfov neatribuit,3
Staer 23,Staer 23,Padurii,Copaceni,—,Ilfov,Ilfov neatribuit,3
Staer 23,Staer 23,Trifoiului,Dobroești,—,Ilfov,Nord-Est,3
Staer 23,Staer 23,Tineretului,Chiajna–Roșu–Dudu,—,Ilfov,Vest,3
Staer 23,Staer 23,Libertatii,Glina,—,Ilfov,Est,3
Staer 23,Staer 23,Ana Ipatescu,Jilava,—,Ilfov,Sud,3
Staer 23,Staer 23,Mierlari,Jilava,—,Ilfov,Sud,3
Staer 23,Staer 23,Piersicilor,Jilava,—,Ilfov,Sud,3
Staer 23,Staer 23,Alunis,Măgurele,—,Ilfov,Sud-Vest,3
Staer 23,Staer 23,Strada Mărășești,Măgurele,—,Ilfov,Sud-Vest,3
Staer 23,Staer 23,Albatrosului,Pantelimon,—,Ilfov,Nord-Est,3
Staer 23,Staer 23,Dumitru N Dumitru,Pantelimon,—,Ilfov,Nord-Est,3
Staer 23,Staer 23,Galati,Pantelimon,—,Ilfov,Nord-Est,3
Staer 23,Staer 23,Independentei,Pantelimon,—,Ilfov,Nord-Est,3
Staer 23,Staer 23,Intrarea Sf Gheorghe,Pantelimon,—,Ilfov,Nord-Est,3
Staer 23,Staer 23,Randunicii,Pantelimon,—,Ilfov,Nord-Est,3
Staer 23,Staer 23,Echinoctiului,Popești-Leordeni,—,Ilfov,Sud,3
Staer 23,Staer 23,Eclipsei,Popești-Leordeni,—,Ilfov,Sud,3
Staer 23,Staer 23,Miraslau,Popești-Leordeni,—,Ilfov,Sud,3
Staer 23,Staer 23,Occidentului,Popești-Leordeni,—,Ilfov,Sud,3
Staer 23,Staer 23,Pavlichieni,Popești-Leordeni,—,Ilfov,Sud,3
Staer 23,Staer 23,Sf.gheorghe,Popești-Leordeni,—,Ilfov,Sud,3
Staer 23,Staer 23,Cicoarei,Popești-Leordeni,—,Ilfov,Sud,3
Staer 23,Staer 23,Maica Tereza,Popești-Leordeni,—,Ilfov,Sud,3
Staer 23,Staer 23,Pavlichieni,Popești-Leordeni,—,Ilfov,Sud,3
Staer 23,Staer 23,Sf Gheorghe,Popești-Leordeni,—,Ilfov,Sud,3
Staer 23,Staer 23,Strada Occidentului,Popești-Leordeni,—,Ilfov,Sud,3
Staer 23,Staer 23,Șoseaua Leordeni,Popești-Leordeni,—,Ilfov,Sud,3
Staer 23,Staer 23,Gradinari,Sat Balaceanca,—,Ilfov,Ilfov neatribuit,3
Staer 23,Staer 23,Strada Principala,Sintesti,—,Ilfov,Ilfov neatribuit,3
Staer 23,Staer 23,Campului,Vidra,—,Ilfov,Sud,3
Staer 23,Staer 23,Strada Matei Millo,Voluntari–Pipera,—,Ilfov,Nord,3
Staer 7,Staer 7,Intrarea Reconstructiei,Sector 3,Sector 3,București,Est,3
Staer 7,Staer 7,Anton Bacalbasa,Sector 4,Sector 4,București,Sud,3
Staer 7,Staer 7,Strada Izvorul Muresului,Sector 4,Sector 4,București,Sud,3
Staer 7,Staer 7,Șoseaua Berceni,Sector 4,Sector 4,București,Sud,3
Staer 7,Staer 7,Radovanu,Sector 2,Sector 2,București,Nord-Est,3
Staer 7,Staer 7,Aleea Aduintei,București neatribuit,București neatribuit,București,București neatribuit,3
Staer 7,Staer 7,Aleea Buhusi,Sector 3,Sector 3,București,Est,3
Staer 7,Staer 7,Aleea Cetatea Veche,Sector 4,Sector 4,București,Sud,3
Staer 7,Staer 7,Aleea Codrii Neamtului,București neatribuit,București neatribuit,București,București neatribuit,3
Staer 7,Staer 7,Aleea Emil Racovita,Sector 4,Sector 4,București,Sud,3
Staer 7,Staer 7,Aleea Postavarul,Sector 3,Sector 3,București,Est,3
Staer 7,Staer 7,Aleea Resita,București neatribuit,București neatribuit,București,București neatribuit,3
Staer 7,Staer 7,Andronache,Sector 2,Sector 2,București,Nord-Est,3
Staer 7,Staer 7,Anton Bacalbasa,Sector 4,Sector 4,București,Sud,3
Staer 7,Staer 7,Armenis,București neatribuit,București neatribuit,București,București neatribuit,3
Staer 7,Staer 7,Baltagului,Sector 5,Sector 5,București,Sud-Vest,3
Staer 7,Staer 7,Brebu,București neatribuit,București neatribuit,București,București neatribuit,3
Staer 7,Staer 7,Bulevardul Constantin Brâncoveanu,Sector 4,Sector 4,București,Sud,3
Staer 7,Staer 7,Bulevardul Theodor Pallady,Sector 3,Sector 3,București,Est,3
Staer 7,Staer 7,Bulevardul Unirii,București neatribuit,București neatribuit,București,București neatribuit,3
Staer 7,Staer 7,Bulevardul Uverturii,Sector 6,Sector 6,București,Vest,3
Staer 7,Staer 7,Burdujeni,Sector 3,Sector 3,București,Est,3
Staer 7,Staer 7,Burnitei,Sector 3,Sector 3,București,Est,3
Staer 7,Staer 7,Campul cu Narcise,București neatribuit,București neatribuit,București,București neatribuit,3
Staer 7,Staer 7,Cernauti,Sector 2,Sector 2,București,Nord-Est,3
Staer 7,Staer 7,Ciocarliei,Sector 2,Sector 2,București,Nord-Est,3
Staer 7,Staer 7,Dascalului,Sector 2,Sector 2,București,Nord-Est,3
Staer 7,Staer 7,Dreptatii,Sector 6,Sector 6,București,Vest,3
Staer 7,Staer 7,Drumul Padurea Neagra,Sector 1,Sector 1,București,Nord,3
Staer 7,Staer 7,Drumul Valea Cricovului,Sector 6,Sector 6,București,Vest,3
Staer 7,Staer 7,Grigore Moisil,Sector 2,Sector 2,București,Nord-Est,3
Staer 7,Staer 7,Lacul Plopului,București neatribuit,București neatribuit,București,București neatribuit,3
Staer 7,Staer 7,Lanternei,Sector 2,Sector 2,București,Nord-Est,3
Staer 7,Staer 7,Laptari Tei,Sector 2,Sector 2,București,Nord-Est,3
Staer 7,Staer 7,Lt Aurel Botea,Sector 3,Sector 3,București,Est,3
Staer 7,Staer 7,Matei Voievod,Sector 2,Sector 2,București,Nord-Est,3
Staer 7,Staer 7,Neagota,București neatribuit,București neatribuit,București,București neatribuit,3
Staer 7,Staer 7,Nicolae Apostol,Sector 2,Sector 2,București,Nord-Est,3
Staer 7,Staer 7,Opanez,Sector 2,Sector 2,București,Nord-Est,3
Staer 7,Staer 7,Padesu,Sector 4,Sector 4,București,Sud,3
Staer 7,Staer 7,Pasarani,Sector 2,Sector 2,București,Nord-Est,3
Staer 7,Staer 7,Patriotilor,Sector 3,Sector 3,București,Est,3
Staer 7,Staer 7,Pescarilor,Sector 2,Sector 2,București,Nord-Est,3
Staer 7,Staer 7,Poiana Narciselor,București neatribuit,București neatribuit,București,București neatribuit,3
Staer 7,Staer 7,Ropotului,București neatribuit,București neatribuit,București,București neatribuit,3
Staer 7,Staer 7,Semenic,Sector 4,Sector 4,București,Sud,3
Staer 7,Staer 7,Serbota,București neatribuit,București neatribuit,București,București neatribuit,3
Staer 7,Staer 7,Sinaia,Sector 2,Sector 2,București,Nord-Est,3
Staer 7,Staer 7,Sinca,București neatribuit,București neatribuit,București,București neatribuit,3
Staer 7,Staer 7,Soldanului,București neatribuit,București neatribuit,București,București neatribuit,3
Staer 7,Staer 7,Spataru Gorgan,Sector 2,Sector 2,București,Nord-Est,3
Staer 7,Staer 7,Strada Cercetatorilor,Sector 4,Sector 4,București,Sud,3
Staer 7,Staer 7,Strada Complexului,Sector 3,Sector 3,București,Est,3
Staer 7,Staer 7,Strada Poeziei,Sector 2,Sector 2,București,Nord-Est,3
Staer 7,Staer 7,Strada Traian,București neatribuit,București neatribuit,București,București neatribuit,3
Staer 7,Staer 7,Șoseaua Giurgiului,București neatribuit,București neatribuit,București,București neatribuit,3
Staer 7,Staer 7,Tulnici,Sector 4,Sector 4,București,Sud,3
Staer 7,Staer 7,Uioara,Sector 4,Sector 4,București,Sud,3
Staer 7,Staer 7,Valea Oltului,Sector 6,Sector 6,București,Vest,3
Staer 7,Staer 7,Vaselor,Sector 2,Sector 2,București,Nord-Est,3
Staer 7,Staer 7,Vatra Luminoasa,Sector 2,Sector 2,București,Nord-Est,3
Staer 7,Staer 7,Vicina,Sector 5,Sector 5,București,Sud-Vest,3
Staer 7,Staer 7,Apostol Nicolae,Sector 2,Sector 2,București,Nord-Est,3
Staer 7,Staer 7,Maior Bacila,Sector 2,Sector 2,București,Nord-Est,3
Staer 7,Staer 7,Muntii Buzaului,Sector 2,Sector 2,București,Nord-Est,3
Staer 7,Staer 7,Șoseaua Garii Catelu,Sector 2,Sector 2,București,Nord-Est,3
Staer 7,Staer 7,Strada D-Na Ghica,Sector 2,Sector 2,București,Nord-Est,3
Staer 7,Staer 7,Rezervelor,Sector 6,Sector 6,București,Vest,3
Staer 7,Staer 7,Bulevardul Chișinău,Sector 2,Sector 2,București,Nord-Est,3
Staer 7,Staer 7,Tractorului,Sector 2,Sector 2,București,Nord-Est,3
Staer 7,Staer 7,Prelungirea Ungirea Ghencea,Sector 6,Sector 6,București,Vest,3
Staer 7,Staer 7,Calea Ea Dorobantilor,Sector 1,Sector 1,București,Nord,3
Staer 7,Staer 7,Drumul Padurea Mogosoaia,Sector 1,Sector 1,București,Nord,3
Staer 7,Staer 7,Marinarilor,Sector 1,Sector 1,București,Nord,3
Staer 7,Staer 7,Prahova,Sector 1,Sector 1,București,Nord,3
Staer 7,Staer 7,Strada Nicolae G. Caramfil,Sector 1,Sector 1,București,Nord,3
Staer 7,Staer 7,Șoseaua Bucuresti-Targoviste,Sector 1,Sector 1,București,Nord,3
Staer 7,Staer 7,Șoseaua Chitilei,Sector 1,Sector 1,București,Nord,3
Staer 7,Staer 7,Turda,Sector 1,Sector 1,București,Nord,3
Staer 7,Staer 7,Aleea Bistricioara,Sector 2,Sector 2,București,Nord-Est,3
Staer 7,Staer 7,Aleea Ea Argedava,Sector 2,Sector 2,București,Nord-Est,3
Staer 7,Staer 7,Aleea Ea Circului,Sector 2,Sector 2,București,Nord-Est,3
Staer 7,Staer 7,Aleea Ea Dobrina,Sector 2,Sector 2,București,Nord-Est,3
Staer 7,Staer 7,Aleea Ea Sinaia,Sector 2,Sector 2,București,Nord-Est,3
Staer 7,Staer 7,Aleea Piatra Mare,Sector 2,Sector 2,București,Nord-Est,3
Staer 7,Staer 7,Arh Ion Berindei,Sector 2,Sector 2,București,Nord-Est,3
Staer 7,Staer 7,Arh.ionescu Grigore,Sector 2,Sector 2,București,Nord-Est,3
Staer 7,Staer 7,Elev Stefanescu,Sector 2,Sector 2,București,Nord-Est,3
Staer 7,Staer 7,Lanternei,Sector 2,Sector 2,București,Nord-Est,3
Staer 7,Staer 7,Nicolae Apostol,Sector 2,Sector 2,București,Nord-Est,3
Staer 7,Staer 7,Pasarani,Sector 2,Sector 2,București,Nord-Est,3
Staer 7,Staer 7,Pescarilor,Sector 2,Sector 2,București,Nord-Est,3
Staer 7,Staer 7,Sachelarie Visarion,Sector 2,Sector 2,București,Nord-Est,3
Staer 7,Staer 7,Sighet,Sector 2,Sector 2,București,Nord-Est,3
Staer 7,Staer 7,Sinaia,Sector 2,Sector 2,București,Nord-Est,3
Staer 7,Staer 7,Șoseaua Andronache,Sector 2,Sector 2,București,Nord-Est,3
Staer 7,Staer 7,Șoseaua Vergului,Sector 2,Sector 2,București,Nord-Est,3
Staer 7,Staer 7,Aleea Ea Giurgeni,Sector 3,Sector 3,București,Est,3
Staer 7,Staer 7,Bulevardul Theodor Pallady,Sector 3,Sector 3,București,Est,3
Staer 7,Staer 7,Lotrioara,Sector 3,Sector 3,București,Est,3
Staer 7,Staer 7,Patriotilor,Sector 3,Sector 3,București,Est,3
Staer 7,Staer 7,Poet Panait Cerna,Sector 3,Sector 3,București,Est,3
Staer 7,Staer 7,Strada Constantin Brâncuși,Sector 3,Sector 3,București,Est,3
Staer 7,Staer 7,Strada Matei Basarab,Sector 3,Sector 3,București,Est,3
Staer 7,Staer 7,Strada Murgeni,Sector 3,Sector 3,București,Est,3
Staer 7,Staer 7,Strada Vlaicu Vodă,Sector 3,Sector 3,București,Est,3
Staer 7,Staer 7,Vlad Dracu,Sector 3,Sector 3,București,Est,3
Staer 7,Staer 7,Aleea Huedin,Sector 4,Sector 4,București,Sud,3
Staer 7,Staer 7,Aleea Izvorul Oltului,Sector 4,Sector 4,București,Sud,3
Staer 7,Staer 7,Bulevardul Marasesti,Sector 4,Sector 4,București,Sud,3
Staer 7,Staer 7,Drumul Binelui,Sector 4,Sector 4,București,Sud,3
Staer 7,Staer 7,Garnitei,Sector 4,Sector 4,București,Sud,3
Staer 7,Staer 7,Splaiul Aiul Unirii,Sector 4,Sector 4,București,Sud,3
Staer 7,Staer 7,Motoc,Sector 5,Sector 5,București,Sud-Vest,3
Staer 7,Staer 7,Strada Barca,Sector 5,Sector 5,București,Sud-Vest,3
Staer 7,Staer 7,Strada Mihail Sebastian,Sector 5,Sector 5,București,Sud-Vest,3
Staer 7,Staer 7,Strada Oltina,Sector 5,Sector 5,București,Sud-Vest,3
Staer 7,Staer 7,Strada Vigoniei,Sector 5,Sector 5,București,Sud-Vest,3
Staer 7,Staer 7,Calea Ea Crângași,Sector 6,Sector 6,București,Vest,3
Staer 7,Staer 7,Dealul Tugulea,Sector 6,Sector 6,București,Vest,3
Staer 7,Staer 7,Dreptatii,Sector 6,Sector 6,București,Vest,3
Staer 7,Staer 7,Drumul Osiei,Sector 6,Sector 6,București,Vest,3
Staer 7,Staer 7,Drumul Taberei,Sector 6,Sector 6,București,Vest,3
Staer 7,Staer 7,Preciziei,Sector 6,Sector 6,București,Vest,3
Staer 7,Staer 7,Teiul Doamnei,Sector 2,Sector 2,București,Nord-Est,3
Staer 7,Staer 7,Bulevardul Unirii,București neatribuit,București neatribuit,București,București neatribuit,3
Staer 7,Staer 7,Bulevardul Iuliu Maniu,Sector 6,Sector 6,București,Vest,3
Staer 7,Staer 7,Fabrica de Gheata,Sector 2,Sector 2,București,Nord-Est,3
Staer 7,Staer 7,Maior Bacila,Sector 2,Sector 2,București,Nord-Est,3
Staer 7,Staer 7,Strada Dristorului,Sector 3,Sector 3,București,Est,3
Staer 7,Staer 7,Șoseaua Fundeni,Sector 2,Sector 2,București,Nord-Est,3
Staer 7,Staer 7,Livezilor,Afumați,—,Ilfov,Nord-Est,3
Staer 7,Staer 7,Cetatea Alba,Berceni (Ilfov),—,Ilfov,Sud,3
Staer 7,Staer 7,Smaraldului,Bragadiru,—,Ilfov,Sud-Vest,3
Staer 7,Staer 7,Caisului,Dobroești,—,Ilfov,Nord-Est,3
Staer 7,Staer 7,Nicolae Balcescu,Dobroești,—,Ilfov,Nord-Est,3
Staer 7,Staer 7,Strada Ciresului,Dobroești,—,Ilfov,Nord-Est,3
Staer 7,Staer 7,NECUNOSCUTĂ,Ilfov,—,Ilfov,Ilfov neatribuit,3
Staer 7,Staer 7,Bulevardul Atomistilor,Măgurele,—,Ilfov,Sud-Vest,3
Staer 7,Staer 7,23 August,Otopeni,—,Ilfov,Nord,3
Staer 7,Staer 7,Calea Ea Bucurestilor,Otopeni,—,Ilfov,Nord,3
Staer 7,Staer 7,Rascoalei,Pantelimon,—,Ilfov,Nord-Est,3
Staer 7,Staer 7,Șoseaua Snagov,Snagov,—,Ilfov,Nord,3
Staer 7,Staer 7,Șoseaua Linia de Centura,Ștefăneștii de Jos,—,Ilfov,Nord-Est,3
Staer 7,Staer 7,Randunicii,Tunari,—,Ilfov,Nord,3
Staer 7,Staer 7,Barsei,Voluntari–Pipera,—,Ilfov,Nord,3
Staer 7,Staer 7,Bulevardul Eroilor,Voluntari–Pipera,—,Ilfov,Nord,3
Staer 7,Staer 7,Cernavoda,Voluntari–Pipera,—,Ilfov,Nord,3
Staer 7,Staer 7,Drumul Potcoavei,Voluntari–Pipera,—,Ilfov,Nord,3
Staer 7,Staer 7,Dulgherului,Voluntari–Pipera,—,Ilfov,Nord,3
Staer 7,Staer 7,Harghita,Voluntari–Pipera,—,Ilfov,Nord,3
Staer 7,Staer 7,Intrarea Aries,Voluntari–Pipera,—,Ilfov,Nord,3
Staer 7,Staer 7,Iuliu Prodan,Voluntari–Pipera,—,Ilfov,Nord,3
Staer 7,Staer 7,Izvoarelor,Voluntari–Pipera,—,Ilfov,Nord,3
Staer 7,Staer 7,Leonte Filipescu,Voluntari–Pipera,—,Ilfov,Nord,3
Staer 7,Staer 7,Lotusului,Voluntari–Pipera,—,Ilfov,Nord,3
Staer 7,Staer 7,Morilor,Voluntari–Pipera,—,Ilfov,Nord,3
Staer 7,Staer 7,Mures,Voluntari–Pipera,—,Ilfov,Nord,3
Staer 7,Staer 7,Oltului,Voluntari–Pipera,—,Ilfov,Nord,3
Staer 7,Staer 7,Sihlea,Voluntari–Pipera,—,Ilfov,Nord,3
Staer 7,Staer 7,Strada David Constantin,Voluntari–Pipera,—,Ilfov,Nord,3
Staer 7,Staer 7,Tarcau,Voluntari–Pipera,—,Ilfov,Nord,3
Staer 7,Staer 7,Tarnava,Voluntari–Pipera,—,Ilfov,Nord,3
Staer 7,Staer 7,Topolovat,Voluntari–Pipera,—,Ilfov,Nord,3
Staer 9,Staer 9,Aleea Valea Calugareasca,Sector 6,Sector 6,București,Vest,3
Staer 9,Staer 9,Bulevardul Horia Macelariu,București neatribuit,București neatribuit,București,București neatribuit,3
Staer 9,Staer 9,Bulevardul Pucheni,București neatribuit,București neatribuit,București,București neatribuit,3
Staer 9,Staer 9,Bulevardul Timișoara,Sector 6,Sector 6,București,Vest,3
Staer 9,Staer 9,Calea Ea Giulesti,București neatribuit,București neatribuit,București,București neatribuit,3
Staer 9,Staer 9,Calea Ea Griviței,București neatribuit,București neatribuit,București,București neatribuit,3
Staer 9,Staer 9,Calea Ea Rahovei,Sector 5,Sector 5,București,Sud-Vest,3
Staer 9,Staer 9,Splaiul Independenței,București neatribuit,București neatribuit,București,București neatribuit,3
Staer 9,Staer 9,Strada Cupolei,Sector 6,Sector 6,București,Vest,3
Staer 9,Staer 9,Șoseaua Chitilei,București neatribuit,București neatribuit,București,București neatribuit,3
Staer 9,Staer 9,Belizarie,Sector 1,Sector 1,București,Nord,3
Staer 9,Staer 9,Borsa,Sector 1,Sector 1,București,Nord,3
Staer 9,Staer 9,Bulevardul Gloriei,Sector 1,Sector 1,București,Nord,3
Staer 9,Staer 9,Calea Floreasca,Sector 1,Sector 1,București,Nord,3
Staer 9,Staer 9,Carpati,Sector 1,Sector 1,București,Nord,3
Staer 9,Staer 9,Dr Piscul Mosului,Sector 1,Sector 1,București,Nord,3
Staer 9,Staer 9,Drumul Opalului,Sector 1,Sector 1,București,Nord,3
Staer 9,Staer 9,Fortunei,Sector 1,Sector 1,București,Nord,3
Staer 9,Staer 9,Lectorului,Sector 1,Sector 1,București,Nord,3
Staer 9,Staer 9,Minervei,Sector 1,Sector 1,București,Nord,3
Staer 9,Staer 9,Ostasilor,Sector 1,Sector 1,București,Nord,3
Staer 9,Staer 9,Strada Diocheti,Sector 1,Sector 1,București,Nord,3
Staer 9,Staer 9,Șoseaua Gheorghe Ionescu Sisesti,Sector 1,Sector 1,București,Nord,3
Staer 9,Staer 9,Xandru Lapusneanu,Sector 1,Sector 1,București,Nord,3
Staer 9,Staer 9,Aleea Brasoveni,Sector 2,Sector 2,București,Nord-Est,3
Staer 9,Staer 9,Aleea Mozaicului,Sector 2,Sector 2,București,Nord-Est,3
Staer 9,Staer 9,Barbu Vacarescu,Sector 2,Sector 2,București,Nord-Est,3
Staer 9,Staer 9,Cernauti,Sector 2,Sector 2,București,Nord-Est,3
Staer 9,Staer 9,Chiristigiilor,Sector 2,Sector 2,București,Nord-Est,3
Staer 9,Staer 9,Cuiului,Sector 2,Sector 2,București,Nord-Est,3
Staer 9,Staer 9,Delfinului,Sector 2,Sector 2,București,Nord-Est,3
Staer 9,Staer 9,Dna Ghica,Sector 2,Sector 2,București,Nord-Est,3
Staer 9,Staer 9,Herta,Sector 2,Sector 2,București,Nord-Est,3
Staer 9,Staer 9,Mihai Bravu,Sector 2,Sector 2,București,Nord-Est,3
Staer 9,Staer 9,Opanez,Sector 2,Sector 2,București,Nord-Est,3
Staer 9,Staer 9,Pantelimon,Sector 2,Sector 2,București,Nord-Est,3
Staer 9,Staer 9,Pescarilor,Sector 2,Sector 2,București,Nord-Est,3
Staer 9,Staer 9,Popa Nan,Sector 2,Sector 2,București,Nord-Est,3
Staer 9,Staer 9,Radovanu,Sector 2,Sector 2,București,Nord-Est,3
Staer 9,Staer 9,Rascoala 1907,Sector 2,Sector 2,București,Nord-Est,3
Staer 9,Staer 9,Stolnicul Vasile,Sector 2,Sector 2,București,Nord-Est,3
Staer 9,Staer 9,Șoseaua Ștefan cel Mare,Sector 2,Sector 2,București,Nord-Est,3
Staer 9,Staer 9,Aleea Codrii Neamtului,Sector 3,Sector 3,București,Est,3
Staer 9,Staer 9,Aleea Ea Banul Udrea,Sector 3,Sector 3,București,Est,3
Staer 9,Staer 9,Aleea Ea Barajul Bistriței,Sector 3,Sector 3,București,Est,3
Staer 9,Staer 9,Aleea Ea Ion Agarbiceanu,Sector 3,Sector 3,București,Est,3
Staer 9,Staer 9,Aleea Emanoil Buteica,Sector 3,Sector 3,București,Est,3
Staer 9,Staer 9,Aleea Ramnicul Valcea,Sector 3,Sector 3,București,Est,3
Staer 9,Staer 9,Bulevardul Decebal,Sector 3,Sector 3,București,Est,3
Staer 9,Staer 9,Bulevardul Ramnicu Sarat,Sector 3,Sector 3,București,Est,3
Staer 9,Staer 9,Bulevardul Ramnicul Sarat,Sector 3,Sector 3,București,Est,3
Staer 9,Staer 9,Bulevardul Unirii,Sector 3,Sector 3,București,Est,3
Staer 9,Staer 9,Drumul Calitei,Sector 3,Sector 3,București,Est,3
Staer 9,Staer 9,Drumul Gura Crivatului,Sector 3,Sector 3,București,Est,3
Staer 9,Staer 9,Drumul Lunca Jaristei,Sector 3,Sector 3,București,Est,3
Staer 9,Staer 9,Foisorului,Sector 3,Sector 3,București,Est,3
Staer 9,Staer 9,Gura Ialomitei,Sector 3,Sector 3,București,Est,3
Staer 9,Staer 9,Lucretiu Patrascanu,Sector 3,Sector 3,București,Est,3
Staer 9,Staer 9,Strada Campia Libertatii,Sector 3,Sector 3,București,Est,3
Staer 9,Staer 9,Strada Jean Steriadi,Sector 3,Sector 3,București,Est,3
Staer 9,Staer 9,Voronet,Sector 3,Sector 3,București,Est,3
Staer 9,Staer 9,Zizin,Sector 3,Sector 3,București,Est,3
Staer 9,Staer 9,Aja,Sector 4,Sector 4,București,Sud,3
Staer 9,Staer 9,Aleea Ea Trestiana,Sector 4,Sector 4,București,Sud,3
Staer 9,Staer 9,Aleea Emil Racovita,Sector 4,Sector 4,București,Sud,3
Staer 9,Staer 9,Aleea Resita,Sector 4,Sector 4,București,Sud,3
Staer 9,Staer 9,Constantin Radulescu Motru,Sector 4,Sector 4,București,Sud,3
Staer 9,Staer 9,Frigului,Sector 4,Sector 4,București,Sud,3
Staer 9,Staer 9,Padesu,Sector 4,Sector 4,București,Sud,3
Staer 9,Staer 9,Pictor Stefan Dumitrescu,Sector 4,Sector 4,București,Sud,3
Staer 9,Staer 9,Secuilor,Sector 4,Sector 4,București,Sud,3
Staer 9,Staer 9,Strada Frumusani,Sector 4,Sector 4,București,Sud,3
Staer 9,Staer 9,Strada Izvorul Muresului,Sector 4,Sector 4,București,Sud,3
Staer 9,Staer 9,Uioara,Sector 4,Sector 4,București,Sud,3
Staer 9,Staer 9,Aleea Ea Platanului,Sector 5,Sector 5,București,Sud-Vest,3
Staer 9,Staer 9,Aleea Podul Giurgiului,Sector 5,Sector 5,București,Sud-Vest,3
Staer 9,Staer 9,Caporal Ivan Anghelache,Sector 5,Sector 5,București,Sud-Vest,3
Staer 9,Staer 9,Chimirului,Sector 5,Sector 5,București,Sud-Vest,3
Staer 9,Staer 9,Drumul Cooperativei,Sector 5,Sector 5,București,Sud-Vest,3
Staer 9,Staer 9,Epigonilor,Sector 5,Sector 5,București,Sud-Vest,3
Staer 9,Staer 9,Fat Frumos,Sector 5,Sector 5,București,Sud-Vest,3
Staer 9,Staer 9,Gheorghieni,Sector 5,Sector 5,București,Sud-Vest,3
Staer 9,Staer 9,Iancu Jianu,Sector 5,Sector 5,București,Sud-Vest,3
Staer 9,Staer 9,Ion Nedeleanu,Sector 5,Sector 5,București,Sud-Vest,3
Staer 9,Staer 9,Ion Urdareanu,Sector 5,Sector 5,București,Sud-Vest,3
Staer 9,Staer 9,Nandru,Sector 5,Sector 5,București,Sud-Vest,3
Staer 9,Staer 9,Pecineaga,Sector 5,Sector 5,București,Sud-Vest,3
Staer 9,Staer 9,Pereni,Sector 5,Sector 5,București,Sud-Vest,3
Staer 9,Staer 9,Strada Botorca,Sector 5,Sector 5,București,Sud-Vest,3
Staer 9,Staer 9,Strada Ileana Cosânzeana,Sector 5,Sector 5,București,Sud-Vest,3
Staer 9,Staer 9,Strada Sirenelor,Sector 5,Sector 5,București,Sud-Vest,3
Staer 9,Staer 9,Zamfir Olaru,Sector 5,Sector 5,București,Sud-Vest,3
Staer 9,Staer 9,Acvariului,Sector 6,Sector 6,București,Vest,3
Staer 9,Staer 9,Aleea Ea Lunca Siretului,Sector 6,Sector 6,București,Vest,3
Staer 9,Staer 9,Aleea Ea Poiana Muntelui,Sector 6,Sector 6,București,Vest,3
Staer 9,Staer 9,Aleea Ea Topoloveni,Sector 6,Sector 6,București,Vest,3
Staer 9,Staer 9,Aleea Pasarea In Vazduh,Sector 6,Sector 6,București,Vest,3
Staer 9,Staer 9,Aleea Petrachesti,Sector 6,Sector 6,București,Vest,3
Staer 9,Staer 9,Aleea Sd,Sector 6,Sector 6,București,Vest,3
Staer 9,Staer 9,Amilcar C Sandulescu,Sector 6,Sector 6,București,Vest,3
Staer 9,Staer 9,Azurului,Sector 6,Sector 6,București,Vest,3
Staer 9,Staer 9,Bulevardul Dr Taberei,Sector 6,Sector 6,București,Vest,3
Staer 9,Staer 9,Catinei,Sector 6,Sector 6,București,Vest,3
Staer 9,Staer 9,Chilia Veche,Sector 6,Sector 6,București,Vest,3
Staer 9,Staer 9,Copacului,Sector 6,Sector 6,București,Vest,3
Staer 9,Staer 9,Dr Valea Cricovului,Sector 6,Sector 6,București,Vest,3
Staer 9,Staer 9,Drumul La Rosu,Sector 6,Sector 6,București,Vest,3
Staer 9,Staer 9,Drumul Valea Danului,Sector 6,Sector 6,București,Vest,3
Staer 9,Staer 9,Estacadei,Sector 6,Sector 6,București,Vest,3
Staer 9,Staer 9,Ghe Latea,Sector 6,Sector 6,București,Vest,3
Staer 9,Staer 9,Gheorghe Latea,Sector 6,Sector 6,București,Vest,3
Staer 9,Staer 9,Ierbei,Sector 6,Sector 6,București,Vest,3
Staer 9,Staer 9,Intrarea Area Craiovei,Sector 6,Sector 6,București,Vest,3
Staer 9,Staer 9,Lavandei,Sector 6,Sector 6,București,Vest,3
Staer 9,Staer 9,Mihaela Ruxandra Marcu,Sector 6,Sector 6,București,Vest,3
Staer 9,Staer 9,Pestera Scarisoara,Sector 6,Sector 6,București,Vest,3
Staer 9,Staer 9,Sandulesti,Sector 6,Sector 6,București,Vest,3
Staer 9,Staer 9,Serg Alexandru Cutierul,Sector 6,Sector 6,București,Vest,3
Staer 9,Staer 9,Sg Ilie Petre,Sector 6,Sector 6,București,Vest,3
Staer 9,Staer 9,Strada Porumbacu,Sector 6,Sector 6,București,Vest,3
Staer 9,Staer 9,Targu Neamt,Sector 6,Sector 6,București,Vest,3
Staer 9,Staer 9,Xandru Iacobescu,Sector 6,Sector 6,București,Vest,3
Staer 9,Staer 9,Lahovari,Balotești,—,Ilfov,Nord,3
Staer 9,Staer 9,Azurului,Berceni (Ilfov),—,Ilfov,Sud,3
Staer 9,Staer 9,Aleea Vointei,Bragadiru,—,Ilfov,Sud-Vest,3
Staer 9,Staer 9,Intrarea Leordeni,Bragadiru,—,Ilfov,Sud-Vest,3
Staer 9,Staer 9,Maracineni,Bragadiru,—,Ilfov,Sud-Vest,3
Staer 9,Staer 9,Movilei,Bragadiru,—,Ilfov,Sud-Vest,3
Staer 9,Staer 9,Mugurelui,Bragadiru,—,Ilfov,Sud-Vest,3
Staer 9,Staer 9,Obaie,Bragadiru,—,Ilfov,Sud-Vest,3
Staer 9,Staer 9,Opalului,Bragadiru,—,Ilfov,Sud-Vest,3
Staer 9,Staer 9,Primaverii,Bragadiru,—,Ilfov,Sud-Vest,3
Staer 9,Staer 9,Salciei,Bragadiru,—,Ilfov,Sud-Vest,3
Staer 9,Staer 9,Smaraldului,Bragadiru,—,Ilfov,Sud-Vest,3
Staer 9,Staer 9,Soldatului,Bragadiru,—,Ilfov,Sud-Vest,3
Staer 9,Staer 9,Independentei,Buftea,—,Ilfov,Nord,3
Staer 9,Staer 9,Ion Vlad,Buftea,—,Ilfov,Nord,3
Staer 9,Staer 9,Padurii,Chiajna–Roșu–Dudu,—,Ilfov,Vest,3
Staer 9,Staer 9,Rasaritului,Chiajna–Roșu–Dudu,—,Ilfov,Vest,3
Staer 9,Staer 9,Sg Ilie Petre,Chiajna–Roșu–Dudu,—,Ilfov,Vest,3
Staer 9,Staer 9,Viitorului,Chiajna–Roșu–Dudu,—,Ilfov,Vest,3
Staer 9,Staer 9,Șoseaua Banatului,Chitila,—,Ilfov,Vest,3
Staer 9,Staer 9,Crinului,Ciorogârla,—,Ilfov,Vest,3
Staer 9,Staer 9,Fortului,Clinceni,—,Ilfov,Sud-Vest,3
Staer 9,Staer 9,Intrarea Ciorogarlei,Clinceni,—,Ilfov,Sud-Vest,3
Staer 9,Staer 9,Strada Ogorului,Corbeanca,—,Ilfov,Nord,3
Staer 9,Staer 9,Salcamilor,Cornetu,—,Ilfov,Sud-Vest,3
Staer 9,Staer 9,Drumul Garii,Dobroești,—,Ilfov,Nord-Est,3
Staer 9,Staer 9,Marului,Dobroești,—,Ilfov,Nord-Est,3
Staer 9,Staer 9,Crengutei,Domnești,—,Ilfov,Sud-Vest,3
Staer 9,Staer 9,Floresti,Domnești,—,Ilfov,Sud-Vest,3
Staer 9,Staer 9,Privighetorilor,Domnești,—,Ilfov,Sud-Vest,3
Staer 9,Staer 9,Șoseaua Bucuresti-Domnesti,Domnești,—,Ilfov,Sud-Vest,3
Staer 9,Staer 9,Șoseaua Tudor Vladimirescu,Domnești,—,Ilfov,Sud-Vest,3
Staer 9,Staer 9,Republicii,Dragomirești,—,Ilfov,Vest,3
Staer 9,Staer 9,Strada Rezervelor,Chiajna–Roșu–Dudu,—,Ilfov,Vest,3
Staer 9,Staer 9,Bulevardul Atomistilor,Măgurele,—,Ilfov,Sud-Vest,3
Staer 9,Staer 9,Deal,Măgurele,—,Ilfov,Sud-Vest,3
Staer 9,Staer 9,Intrarea Berbecului,Măgurele,—,Ilfov,Sud-Vest,3
Staer 9,Staer 9,Strada Fizicienilor,Măgurele,—,Ilfov,Sud-Vest,3
Staer 9,Staer 9,Șoseaua Eroilor,Moara Vlăsiei,—,Ilfov,Ilfov neatribuit,3
Staer 9,Staer 9,Crinului,Mogoșoaia,—,Ilfov,Nord,3
Staer 9,Staer 9,Șoseaua Bucuresti-Targoviste,Mogoșoaia,—,Ilfov,Nord,3
Staer 9,Staer 9,Intrarea Craitelor,Otopeni,—,Ilfov,Nord,3
Staer 9,Staer 9,Apusului,Popești-Leordeni,—,Ilfov,Sud,3
Staer 9,Staer 9,Astrelor,Popești-Leordeni,—,Ilfov,Sud,3
Staer 9,Staer 9,Strada Oituz,Popești-Leordeni,—,Ilfov,Sud,3
Staer 9,Staer 9,Strada Pârâul Rece,Popești-Leordeni,—,Ilfov,Sud,3
Staer 9,Staer 9,Fericirii,Ștefăneștii de Jos,—,Ilfov,Nord-Est,3
Staer 9,Staer 9,Strada Europa,Ștefăneștii de Jos,—,Ilfov,Nord-Est,3
Staer 9,Staer 9,Codrului,Tunari,—,Ilfov,Nord,3
Staer 9,Staer 9,Primaverii,Tunari,—,Ilfov,Nord,3
Staer 9,Staer 9,Stejarului,Voluntari–Pipera,—,Ilfov,Nord,3
Alis Ecomob SRL,Staer 9,Nera,Sector 6,Sector 6,București,Vest,2
Alis Ecomob SRL,Staer 9,1dec 1918,București neatribuit,București neatribuit,București,București neatribuit,2
Alis Ecomob SRL,Staer 9,9 Mai,Sector 6,Sector 6,București,Vest,2
Alis Ecomob SRL,Staer 9,Abuna,Sector 1,Sector 1,București,Nord,2
Alis Ecomob SRL,Staer 9,Aleea Avrig,București neatribuit,București neatribuit,București,București neatribuit,2
Alis Ecomob SRL,Staer 9,Aleea Bistricioara,Sector 2,Sector 2,București,Nord-Est,2
Alis Ecomob SRL,Staer 9,Aleea Brasoveni,Sector 2,Sector 2,București,Nord-Est,2
Alis Ecomob SRL,Staer 9,Aleea Costinesti,București neatribuit,București neatribuit,București,București neatribuit,2
Alis Ecomob SRL,Staer 9,Aleea Cricovul Dulce,Sector 4,Sector 4,București,Sud,2
Alis Ecomob SRL,Staer 9,Aleea Ea Callatis,Sector 6,Sector 6,București,Vest,2
Alis Ecomob SRL,Staer 9,Aleea Ea Cricovul Sarat,Sector 4,Sector 4,București,Sud,2
Alis Ecomob SRL,Staer 9,Aleea Ea Ghimes,București neatribuit,București neatribuit,București,București neatribuit,2
Alis Ecomob SRL,Staer 9,Aleea Ea Ianca,Sector 3,Sector 3,București,Est,2
Alis Ecomob SRL,Staer 9,Aleea Ea Livezilor,Sector 5,Sector 5,București,Sud-Vest,2
Alis Ecomob SRL,Staer 9,Aleea Ea Macinului,București neatribuit,București neatribuit,București,București neatribuit,2
Alis Ecomob SRL,Staer 9,Aleea Ea Masa Tacerii,București neatribuit,București neatribuit,București,București neatribuit,2
Alis Ecomob SRL,Staer 9,Aleea Ea Mladinovici Dragoș,Sector 4,Sector 4,București,Sud,2
Alis Ecomob SRL,Staer 9,Aleea Ea Resita D,Sector 4,Sector 4,București,Sud,2
Alis Ecomob SRL,Staer 9,Aleea Ea Salaj,Sector 5,Sector 5,București,Sud-Vest,2
Alis Ecomob SRL,Staer 9,Aleea Ea Sinaia,Sector 2,Sector 2,București,Nord-Est,2
Alis Ecomob SRL,Staer 9,Aleea Ea Somesul Mare,Sector 4,Sector 4,București,Sud,2
Alis Ecomob SRL,Staer 9,Aleea Ea Valea Viilor,Sector 6,Sector 6,București,Vest,2
Alis Ecomob SRL,Staer 9,Aleea Ea Vlasiei,București neatribuit,București neatribuit,București,București neatribuit,2
Alis Ecomob SRL,Staer 9,Aleea Ea Zorelelor,Sector 6,Sector 6,București,Vest,2
Alis Ecomob SRL,Staer 9,Aleea Fizicienilor,Sector 3,Sector 3,București,Est,2
Alis Ecomob SRL,Staer 9,Aleea Podul Giurgiului,București neatribuit,București neatribuit,București,București neatribuit,2
Alis Ecomob SRL,Staer 9,Aleea Terasei,Sector 4,Sector 4,București,Sud,2
Alis Ecomob SRL,Staer 9,Aleea Tincani,Sector 6,Sector 6,București,Vest,2
Alis Ecomob SRL,Staer 9,Aleea Valea Salciei,București neatribuit,București neatribuit,București,București neatribuit,2
Alis Ecomob SRL,Staer 9,Almasul Mare,Sector 4,Sector 4,București,Sud,2
Alis Ecomob SRL,Staer 9,Aluviunii,București neatribuit,București neatribuit,București,București neatribuit,2
Alis Ecomob SRL,Staer 9,Anton Bacalbasa,Sector 4,Sector 4,București,Sud,2
Alis Ecomob SRL,Staer 9,Arefului,București neatribuit,București neatribuit,București,București neatribuit,2
Alis Ecomob SRL,Staer 9,Aripilor,București neatribuit,București neatribuit,București,București neatribuit,2
Alis Ecomob SRL,Staer 9,Azotului,București neatribuit,București neatribuit,București,București neatribuit,2
Alis Ecomob SRL,Staer 9,Baia de Arama,București neatribuit,București neatribuit,București,București neatribuit,2
Alis Ecomob SRL,Staer 9,Baladei,Sector 4,Sector 4,București,Sud,2
Alis Ecomob SRL,Staer 9,Banul Udrea,Sector 3,Sector 3,București,Est,2
Alis Ecomob SRL,Staer 9,Barbu Lautaru,București neatribuit,București neatribuit,București,București neatribuit,2
Alis Ecomob SRL,Staer 9,Blandiana,București neatribuit,București neatribuit,București,București neatribuit,2
Alis Ecomob SRL,Staer 9,Bulevardul 1 Dec 1918,București neatribuit,București neatribuit,București,București neatribuit,2
Alis Ecomob SRL,Staer 9,Bulevardul 1 Decembrie 1918,București neatribuit,București neatribuit,București,București neatribuit,2
Alis Ecomob SRL,Staer 9,Bulevardul Basarabia,București neatribuit,București neatribuit,București,București neatribuit,2
Alis Ecomob SRL,Staer 9,Bulevardul C-Tin Brancoveanu,Sector 4,Sector 4,București,Sud,2
Alis Ecomob SRL,Staer 9,Bulevardul Constantin Brâncoveanu,Sector 4,Sector 4,București,Sud,2
Alis Ecomob SRL,Staer 9,Bulevardul Lacul Tei,București neatribuit,București neatribuit,București,București neatribuit,2
Alis Ecomob SRL,Staer 9,Bulevardul Libertatii,București neatribuit,București neatribuit,București,București neatribuit,2
Alis Ecomob SRL,Staer 9,Bulevardul Mihai Bravu,București neatribuit,București neatribuit,București,București neatribuit,2
Alis Ecomob SRL,Staer 9,Bulevardul Nicolae Grigorescu,București neatribuit,București neatribuit,București,București neatribuit,2
Alis Ecomob SRL,Staer 9,Bulevardul Poligrafiei,București neatribuit,București neatribuit,București,București neatribuit,2
Alis Ecomob SRL,Staer 9,Bulevardul Regina Elisabeta,Sector 5,Sector 5,București,Sud-Vest,2
Alis Ecomob SRL,Staer 9,Bulevardul X Obregia,Sector 4,Sector 4,București,Sud,2
Alis Ecomob SRL,Staer 9,Burnitei,Sector 3,Sector 3,București,Est,2
Alis Ecomob SRL,Staer 9,Calea Bucuresti,București neatribuit,București neatribuit,București,București neatribuit,2
Alis Ecomob SRL,Staer 9,Calea Ea Călărași,Sector 3,Sector 3,București,Est,2
Alis Ecomob SRL,Staer 9,Calea Ea Mosilor,București neatribuit,București neatribuit,București,București neatribuit,2
Alis Ecomob SRL,Staer 9,Calea Ea Vitan,București neatribuit,București neatribuit,București,București neatribuit,2
Alis Ecomob SRL,Staer 9,Calea Văcărești,București neatribuit,București neatribuit,București,București neatribuit,2
Alis Ecomob SRL,Staer 9,Ceahlau,Sector 6,Sector 6,București,Vest,2
Alis Ecomob SRL,Staer 9,Ceahlaul,Sector 6,Sector 6,București,Vest,2
Alis Ecomob SRL,Staer 9,Ceptura,București neatribuit,București neatribuit,București,București neatribuit,2
Alis Ecomob SRL,Staer 9,Cetatea Histria,Sector 6,Sector 6,București,Vest,2
Alis Ecomob SRL,Staer 9,Chilia Veche,Sector 6,Sector 6,București,Vest,2
Alis Ecomob SRL,Staer 9,Cluj,București neatribuit,București neatribuit,București,București neatribuit,2
Alis Ecomob SRL,Staer 9,Condorului,București neatribuit,București neatribuit,București,București neatribuit,2
Alis Ecomob SRL,Staer 9,Const Radulescu Motru,București neatribuit,București neatribuit,București,București neatribuit,2
Alis Ecomob SRL,Staer 9,Constantin Voda,București neatribuit,București neatribuit,București,București neatribuit,2
Alis Ecomob SRL,Staer 9,Corneliu Coposu,Sector 3,Sector 3,București,Est,2
Alis Ecomob SRL,Staer 9,Cotesti,Sector 1,Sector 1,București,Nord,2
Alis Ecomob SRL,Staer 9,Crangasi,Sector 6,Sector 6,București,Vest,2
Alis Ecomob SRL,Staer 9,Danubiu,București neatribuit,București neatribuit,București,București neatribuit,2
Alis Ecomob SRL,Staer 9,Delfinului,Sector 2,Sector 2,București,Nord-Est,2
Alis Ecomob SRL,Staer 9,Dimitrie Anghel,București neatribuit,București neatribuit,București,București neatribuit,2
Alis Ecomob SRL,Staer 9,Dr Bacriului,București neatribuit,București neatribuit,București,București neatribuit,2
Alis Ecomob SRL,Staer 9,Dr Fermei,București neatribuit,București neatribuit,București,București neatribuit,2
Alis Ecomob SRL,Staer 9,Dr Timonierului,Sector 6,Sector 6,București,Vest,2
Alis Ecomob SRL,Staer 9,Drumul Bacriului,Sector 6,Sector 6,București,Vest,2
Alis Ecomob SRL,Staer 9,Drumul Binelui,Sector 4,Sector 4,București,Sud,2
Alis Ecomob SRL,Staer 9,Drumul Dealul Alunis,Sector 4,Sector 4,București,Sud,2
Alis Ecomob SRL,Staer 9,Elev Stefanescu Stefan,Sector 2,Sector 2,București,Nord-Est,2
Alis Ecomob SRL,Staer 9,Emanoil Porumbaru,București neatribuit,București neatribuit,București,București neatribuit,2
Alis Ecomob SRL,Staer 9,Fabrica de Gheata,Sector 2,Sector 2,București,Nord-Est,2
Alis Ecomob SRL,Staer 9,Fetesti,Sector 3,Sector 3,București,Est,2
Alis Ecomob SRL,Staer 9,Florica,București neatribuit,București neatribuit,București,București neatribuit,2
Alis Ecomob SRL,Staer 9,Fortunei,Sector 1,Sector 1,București,Nord,2
Alis Ecomob SRL,Staer 9,Furtunei,Sector 6,Sector 6,București,Vest,2
Alis Ecomob SRL,Staer 9,Garlei,București neatribuit,București neatribuit,București,București neatribuit,2
Alis Ecomob SRL,Staer 9,George Calboreanu,Sector 6,Sector 6,București,Vest,2
Alis Ecomob SRL,Staer 9,George Valsan,Sector 6,Sector 6,București,Vest,2
Alis Ecomob SRL,Staer 9,Ghe Latea,Sector 6,Sector 6,București,Vest,2
Alis Ecomob SRL,Staer 9,Giurgiului,Sector 4,Sector 4,București,Sud,2
Alis Ecomob SRL,Staer 9,Grigore Moisil,Sector 2,Sector 2,București,Nord-Est,2
Alis Ecomob SRL,Staer 9,Intrarea Area Barsei,Sector 3,Sector 3,București,Est,2
Alis Ecomob SRL,Staer 9,Intrarea Lunca Barzesti,Sector 4,Sector 4,București,Sud,2
Alis Ecomob SRL,Staer 9,Ion Urdareanu,Sector 5,Sector 5,București,Sud-Vest,2
Alis Ecomob SRL,Staer 9,Lamaitei,București neatribuit,București neatribuit,București,București neatribuit,2
Alis Ecomob SRL,Staer 9,Latea Gheorghe,Sector 6,Sector 6,București,Vest,2
Alis Ecomob SRL,Staer 9,Liniei,Sector 6,Sector 6,București,Vest,2
Alis Ecomob SRL,Staer 9,Lt Campeanu,București neatribuit,București neatribuit,București,București neatribuit,2
Alis Ecomob SRL,Staer 9,Maica Domnului,Sector 2,Sector 2,București,Nord-Est,2
Alis Ecomob SRL,Staer 9,Manzului,Sector 1,Sector 1,București,Nord,2
Alis Ecomob SRL,Staer 9,Murguta,București neatribuit,București neatribuit,București,București neatribuit,2
Alis Ecomob SRL,Staer 9,Neagoe Voda,București neatribuit,București neatribuit,București,București neatribuit,2
Alis Ecomob SRL,Staer 9,NECUNOSCUTĂ,București neatribuit,București neatribuit,București,București neatribuit,2
Alis Ecomob SRL,Staer 9,Nicolae Filimon,București neatribuit,București neatribuit,București,București neatribuit,2
Alis Ecomob SRL,Staer 9,Nufarul Galben,București neatribuit,București neatribuit,București,București neatribuit,2
Alis Ecomob SRL,Staer 9,Oradea,Sector 2,Sector 2,București,Nord-Est,2
Alis Ecomob SRL,Staer 9,Paduroiu,Sector 4,Sector 4,București,Sud,2
Alis Ecomob SRL,Staer 9,Parapetului,București neatribuit,București neatribuit,București,București neatribuit,2
Alis Ecomob SRL,Staer 9,Pecineaga,Sector 5,Sector 5,București,Sud-Vest,2
Alis Ecomob SRL,Staer 9,Petre Paun,București neatribuit,București neatribuit,București,București neatribuit,2
Alis Ecomob SRL,Staer 9,Pietei,Sector 1,Sector 1,București,Nord,2
Alis Ecomob SRL,Staer 9,Plevnei,Sector 6,Sector 6,București,Vest,2
Alis Ecomob SRL,Staer 9,Preciziei,Sector 6,Sector 6,București,Vest,2
Alis Ecomob SRL,Staer 9,Primaverii,București neatribuit,București neatribuit,București,București neatribuit,2
Alis Ecomob SRL,Staer 9,Radna,București neatribuit,București neatribuit,București,București neatribuit,2
Alis Ecomob SRL,Staer 9,Ramnicu Valcea,Sector 3,Sector 3,București,Est,2
Alis Ecomob SRL,Staer 9,Raul Dorna,Sector 6,Sector 6,București,Vest,2
Alis Ecomob SRL,Staer 9,Ripiceni,Sector 2,Sector 2,București,Nord-Est,2
Alis Ecomob SRL,Staer 9,Schitului,Sector 3,Sector 3,București,Est,2
Alis Ecomob SRL,Staer 9,Serg Iriceanu Ion,București neatribuit,București neatribuit,București,București neatribuit,2
Alis Ecomob SRL,Staer 9,Sg Latea Gheorghe,București neatribuit,București neatribuit,București,București neatribuit,2
Alis Ecomob SRL,Staer 9,Sg Maj Vasile Topliceanu,București neatribuit,București neatribuit,București,București neatribuit,2
Alis Ecomob SRL,Staer 9,Sg Tache Gheorghe,București neatribuit,București neatribuit,București,București neatribuit,2
Alis Ecomob SRL,Staer 9,Sold V Croitoru,București neatribuit,București neatribuit,București,București neatribuit,2
Alis Ecomob SRL,Staer 9,Srg Latea Gheorghe,București neatribuit,București neatribuit,București,București neatribuit,2
Alis Ecomob SRL,Staer 9,Stelutei,Sector 1,Sector 1,București,Nord,2
Alis Ecomob SRL,Staer 9,Stoica Ludescu,București neatribuit,București neatribuit,București,București neatribuit,2
Alis Ecomob SRL,Staer 9,Strada Aurel Perșu,București neatribuit,București neatribuit,București,București neatribuit,2
Alis Ecomob SRL,Staer 9,Strada Biserica Mărcuța,Sector 2,Sector 2,București,Nord-Est,2
Alis Ecomob SRL,Staer 9,Strada Buzoeni,București neatribuit,București neatribuit,București,București neatribuit,2
Alis Ecomob SRL,Staer 9,Strada Constantin Titel Petrescu,Sector 6,Sector 6,București,Vest,2
Alis Ecomob SRL,Staer 9,Strada Frumusani,Sector 4,Sector 4,București,Sud,2
Alis Ecomob SRL,Staer 9,Strada Istriei,Sector 3,Sector 3,București,Est,2
Alis Ecomob SRL,Staer 9,Strada Izvorul Muresului,București neatribuit,București neatribuit,București,București neatribuit,2
Alis Ecomob SRL,Staer 9,Strada Moldoveni,Sector 4,Sector 4,București,Sud,2
Alis Ecomob SRL,Staer 9,Strada Nucului,Sector 3,Sector 3,București,Est,2
Alis Ecomob SRL,Staer 9,Strada Olănești,Sector 6,Sector 6,București,Vest,2
Alis Ecomob SRL,Staer 9,Strada Picturii,București neatribuit,București neatribuit,București,București neatribuit,2
Alis Ecomob SRL,Staer 9,Strada Siriului,Sector 1,Sector 1,București,Nord,2
Alis Ecomob SRL,Staer 9,Strada Știrbei Vodă,Sector 1,Sector 1,București,Nord,2
Alis Ecomob SRL,Staer 9,Strada Valea Argeșului,București neatribuit,București neatribuit,București,București neatribuit,2
Alis Ecomob SRL,Staer 9,Strada Vedea,Sector 5,Sector 5,București,Sud-Vest,2
Alis Ecomob SRL,Staer 9,Strada Vidin,Sector 2,Sector 2,București,Nord-Est,2
Alis Ecomob SRL,Staer 9,Strada Vigoniei,Sector 5,Sector 5,București,Sud-Vest,2
Alis Ecomob SRL,Staer 9,Strada Viscolului,Sector 6,Sector 6,București,Vest,2
Alis Ecomob SRL,Staer 9,Șoseaua Andronache,Sector 2,Sector 2,București,Nord-Est,2
Alis Ecomob SRL,Staer 9,Șoseaua Berceni,Sector 4,Sector 4,București,Sud,2
Alis Ecomob SRL,Staer 9,Șoseaua Fundeni,Sector 2,Sector 2,București,Nord-Est,2
Alis Ecomob SRL,Staer 9,Șoseaua Ghe Ionescu Sisesti,Sector 1,Sector 1,București,Nord,2
Alis Ecomob SRL,Staer 9,Șoseaua Straulesti,Sector 1,Sector 1,București,Nord,2
Alis Ecomob SRL,Staer 9,Șoseaua Vitan Barzesti,București neatribuit,București neatribuit,București,București neatribuit,2
Alis Ecomob SRL,Staer 9,Targu Neamt,Sector 6,Sector 6,București,Vest,2
Alis Ecomob SRL,Staer 9,Telega,Sector 1,Sector 1,București,Nord,2
Alis Ecomob SRL,Staer 9,Tg Neamt,București neatribuit,București neatribuit,București,București neatribuit,2
Alis Ecomob SRL,Staer 9,Tolbei,București neatribuit,București neatribuit,București,București neatribuit,2
Alis Ecomob SRL,Staer 9,Torcatoarelor,București neatribuit,București neatribuit,București,București neatribuit,2
Alis Ecomob SRL,Staer 9,Tulnici,Sector 4,Sector 4,București,Sud,2
Alis Ecomob SRL,Staer 9,Turda,Sector 1,Sector 1,București,Nord,2
Alis Ecomob SRL,Staer 9,Val Calugareasca,București neatribuit,București neatribuit,București,București neatribuit,2
Alis Ecomob SRL,Staer 9,Valea Timisului,București neatribuit,București neatribuit,București,București neatribuit,2
Alis Ecomob SRL,Staer 9,Vasile Golcea,București neatribuit,București neatribuit,București,București neatribuit,2
Alis Ecomob SRL,Staer 9,Vasile Topliceanu,București neatribuit,București neatribuit,București,București neatribuit,2
Alis Ecomob SRL,Staer 9,Verii,București neatribuit,București neatribuit,București,București neatribuit,2
Alis Ecomob SRL,Staer 9,Vespasian,București neatribuit,București neatribuit,București,București neatribuit,2
Alis Ecomob SRL,Staer 9,Victor Brauner,Sector 3,Sector 3,București,Est,2
Alis Ecomob SRL,Staer 9,Vulturilor,Sector 3,Sector 3,București,Est,2
Alis Ecomob SRL,Staer 9,Xandru Obreja,București neatribuit,București neatribuit,București,București neatribuit,2
Alis Ecomob SRL,Staer 9,Vointei,București neatribuit,București neatribuit,București,București neatribuit,2
Alis Ecomob SRL,Staer 9,11,1 Decembrie,—,Ilfov,Sud,2
Alis Ecomob SRL,Staer 9,Șoseaua Giurgiului,1 Decembrie,—,Ilfov,Sud,2
Alis Ecomob SRL,Staer 9,Islazului,Afumați,—,Ilfov,Nord-Est,2
Alis Ecomob SRL,Staer 9,Baladei,Berceni (Ilfov),—,Ilfov,Sud,2
Alis Ecomob SRL,Staer 9,Bega,Berceni (Ilfov),—,Ilfov,Sud,2
Alis Ecomob SRL,Staer 9,Strada Eroilor,Berceni (Ilfov),—,Ilfov,Sud,2
Alis Ecomob SRL,Staer 9,Aleea Ficusului,Bragadiru,—,Ilfov,Sud-Vest,2
Alis Ecomob SRL,Staer 9,Campia Libertatii,Bragadiru,—,Ilfov,Sud-Vest,2
Alis Ecomob SRL,Staer 9,Ciresari,Bragadiru,—,Ilfov,Sud-Vest,2
Alis Ecomob SRL,Staer 9,Dreptatii,Bragadiru,—,Ilfov,Sud-Vest,2
Alis Ecomob SRL,Staer 9,Eliberarii,Bragadiru,—,Ilfov,Sud-Vest,2
Alis Ecomob SRL,Staer 9,Gliei,Bragadiru,—,Ilfov,Sud-Vest,2
Alis Ecomob SRL,Staer 9,Gloriei,Bragadiru,—,Ilfov,Sud-Vest,2
Alis Ecomob SRL,Staer 9,Strada Toamnei,Bragadiru,—,Ilfov,Sud-Vest,2
Alis Ecomob SRL,Staer 9,Șoseaua Clinceni,Bragadiru,—,Ilfov,Sud-Vest,2
Alis Ecomob SRL,Staer 9,Santierului,Buftea,—,Ilfov,Nord,2
Alis Ecomob SRL,Staer 9,Intrarea Canalului,Chiajna–Roșu–Dudu,—,Ilfov,Vest,2
Alis Ecomob SRL,Staer 9,Luceafarului,Chiajna–Roșu–Dudu,—,Ilfov,Vest,2
Alis Ecomob SRL,Staer 9,Orhideelor,Chiajna–Roșu–Dudu,—,Ilfov,Vest,2
Alis Ecomob SRL,Staer 9,Strada Vlad Tepes,Chiajna–Roșu–Dudu,—,Ilfov,Vest,2
Alis Ecomob SRL,Staer 9,Orhideelor,Chiajna–Roșu–Dudu,—,Ilfov,Vest,2
Alis Ecomob SRL,Staer 9,Rezervelor,Chiajna–Roșu–Dudu,—,Ilfov,Vest,2
Alis Ecomob SRL,Staer 9,Lacului,Ciorogârla,—,Ilfov,Vest,2
Alis Ecomob SRL,Staer 9,Intrarea Putul Olteni,Clinceni,—,Ilfov,Sud-Vest,2
Alis Ecomob SRL,Staer 9,Șoseaua Bucuresti Domnesti,Clinceni,—,Ilfov,Sud-Vest,2
Alis Ecomob SRL,Staer 9,Victoriei,Darăști-Ilfov,—,Ilfov,Ilfov neatribuit,2
Alis Ecomob SRL,Staer 9,Baboi,Domnești,—,Ilfov,Sud-Vest,2
Alis Ecomob SRL,Staer 9,Chimirului,Domnești,—,Ilfov,Sud-Vest,2
Alis Ecomob SRL,Staer 9,Crengutei,Domnești,—,Ilfov,Sud-Vest,2
Alis Ecomob SRL,Staer 9,Radului,Domnești,—,Ilfov,Sud-Vest,2
Alis Ecomob SRL,Staer 9,Sfintii Const si Elena,Domnești,—,Ilfov,Sud-Vest,2
Alis Ecomob SRL,Staer 9,Șoseaua Bucuresti-Domnesti,Domnești,—,Ilfov,Sud-Vest,2
Alis Ecomob SRL,Staer 9,Șoseaua Tudor Vladimirescu,Domnești,—,Ilfov,Sud-Vest,2
Alis Ecomob SRL,Staer 9,Salcamilor,Chiajna–Roșu–Dudu,—,Ilfov,Vest,2
Alis Ecomob SRL,Staer 9,Tineretului,Chiajna–Roșu–Dudu,—,Ilfov,Vest,2
Alis Ecomob SRL,Staer 9,Șoseaua Giurgiului,Jilava,—,Ilfov,Sud,2
Alis Ecomob SRL,Staer 9,Ioan Slavici,Măgurele,—,Ilfov,Sud-Vest,2
Alis Ecomob SRL,Staer 9,Prunilor,Măgurele,—,Ilfov,Sud-Vest,2
Alis Ecomob SRL,Staer 9,Unirii,Măgurele,—,Ilfov,Sud-Vest,2
Alis Ecomob SRL,Staer 9,Calea Ea Bucurestilor,Otopeni,—,Ilfov,Nord,2
Alis Ecomob SRL,Staer 9,Dr Garii Odai,Otopeni,—,Ilfov,Nord,2
Alis Ecomob SRL,Staer 9,Floare de Cais,Otopeni,—,Ilfov,Nord,2
Alis Ecomob SRL,Staer 9,Intrarea Craitelor,Otopeni,—,Ilfov,Nord,2
Alis Ecomob SRL,Staer 9,Independentei,Pantelimon,—,Ilfov,Nord-Est,2
Alis Ecomob SRL,Staer 9,Eclipsei,Popești-Leordeni,—,Ilfov,Sud,2
Alis Ecomob SRL,Staer 9,Sfanta Agnes,Popești-Leordeni,—,Ilfov,Sud,2
Alis Ecomob SRL,Staer 9,Sperantei,Popești-Leordeni,—,Ilfov,Sud,2
Alis Ecomob SRL,Staer 9,Timocului,Popești-Leordeni,—,Ilfov,Sud,2
Alis Ecomob SRL,Staer 9,Triumfului,Popești-Leordeni,—,Ilfov,Sud,2
Alis Ecomob SRL,Staer 9,Intrarea Area Canalului,Chiajna–Roșu–Dudu,—,Ilfov,Vest,2
Alis Ecomob SRL,Staer 9,Giurgiului,Sat 1 Decembrie,—,Ilfov,Ilfov neatribuit,2
Alis Ecomob SRL,Staer 9,Mihai Viteazu,Tunari,—,Ilfov,Nord,2
Alis Ecomob SRL,Staer 9,Prelungirea Dealul Verde,Vidra,—,Ilfov,Sud,2
Alis Ecomob SRL,Staer 9,Aleea Ea Vlasiei,București neatribuit,București neatribuit,București,București neatribuit,2
Alis Ecomob SRL,Staer 9,Bulevardul Iuliu Maniu,Sector 6,Sector 6,București,Vest,2
Alis Ecomob SRL,Staer 9,Intrarea Odobesti,București neatribuit,București neatribuit,București,București neatribuit,2
Alis Ecomob SRL,Staer 9,Strada Campia Libertatii,București neatribuit,București neatribuit,București,București neatribuit,2
Staer 23,Staer 23,Bulevardul C-Tin Brancoveanu,Sector 4,Sector 4,București,Sud,2
Staer 23,Staer 23,Bulevardul Iuliu Maniu 102-104,București neatribuit,București neatribuit,București,București neatribuit,2
Staer 23,Staer 23,Calea Ea Călărași,Sector 3,Sector 3,București,Est,2
Staer 23,Staer 23,Actiunii,Sector 4,Sector 4,București,Sud,2
Staer 23,Staer 23,Aleea Ea Izvorul Crisului,Sector 4,Sector 4,București,Sud,2
Staer 23,Staer 23,Aleea Lamotesti,Sector 4,Sector 4,București,Sud,2
Staer 23,Staer 23,Calea Văcărești,Sector 4,Sector 4,București,Sud,2
Staer 23,Staer 23,Drumul Cretestilor,Sector 4,Sector 4,București,Sud,2
Staer 23,Staer 23,Strada Panselelor,Sector 4,Sector 4,București,Sud,2
Staer 23,Staer 23,Soldat Tunsu Petre,Sector 5,Sector 5,București,Sud-Vest,2
Staer 23,Staer 23,Șoseaua Salaj,Sector 5,Sector 5,București,Sud-Vest,2
Staer 23,Staer 23,1decembrie 1918,București neatribuit,București neatribuit,București,București neatribuit,2
Staer 23,Staer 23,Actiunii,Sector 4,Sector 4,București,Sud,2
Staer 23,Staer 23,Aleea Aduintei,București neatribuit,București neatribuit,București,București neatribuit,2
Staer 23,Staer 23,Aleea Barajul Rovinari,Sector 3,Sector 3,București,Est,2
Staer 23,Staer 23,Aleea Buhusi,Sector 3,Sector 3,București,Est,2
Staer 23,Staer 23,Aleea Ciucea,Sector 3,Sector 3,București,Est,2
Staer 23,Staer 23,Aleea Dolina,Sector 4,Sector 4,București,Sud,2
Staer 23,Staer 23,Aleea Ea Baraj Bicaz,București neatribuit,București neatribuit,București,București neatribuit,2
Staer 23,Staer 23,Aleea Ea Barajul Bistriței,Sector 3,Sector 3,București,Est,2
Staer 23,Staer 23,Aleea Ea Barajul Dunarii,București neatribuit,București neatribuit,București,București neatribuit,2
Staer 23,Staer 23,Aleea Ea Cetatuia,București neatribuit,București neatribuit,București,București neatribuit,2
Staer 23,Staer 23,Aleea Ea Cislau,Sector 2,Sector 2,București,Nord-Est,2
Staer 23,Staer 23,Aleea Ea Crevedia,Sector 4,Sector 4,București,Sud,2
Staer 23,Staer 23,Aleea Ea Dobrina,Sector 2,Sector 2,București,Nord-Est,2
Staer 23,Staer 23,Aleea Ea Ghencea,Sector 6,Sector 6,București,Vest,2
Staer 23,Staer 23,Aleea Ea Ghimes,București neatribuit,București neatribuit,București,București neatribuit,2
Staer 23,Staer 23,Aleea Ea Solidaritatii,București neatribuit,București neatribuit,București,București neatribuit,2
Staer 23,Staer 23,Aleea Ea Stogu,București neatribuit,București neatribuit,București,București neatribuit,2
Staer 23,Staer 23,Aleea Ea Uioara,Sector 4,Sector 4,București,Sud,2
Staer 23,Staer 23,Aleea Ea Vergului,Sector 2,Sector 2,București,Nord-Est,2
Staer 23,Staer 23,Aleea Ea Zorelelor,Sector 6,Sector 6,București,Vest,2
Staer 23,Staer 23,Aleea Fuiorului,Sector 3,Sector 3,București,Est,2
Staer 23,Staer 23,Aleea Plesesti,Sector 3,Sector 3,București,Est,2
Staer 23,Staer 23,Aleea Raul Targului,București neatribuit,București neatribuit,București,București neatribuit,2
Staer 23,Staer 23,Aleea Tohani,Sector 4,Sector 4,București,Sud,2
Staer 23,Staer 23,Anastasie Panu,Sector 3,Sector 3,București,Est,2
Staer 23,Staer 23,Arcadiei,București neatribuit,București neatribuit,București,București neatribuit,2
Staer 23,Staer 23,Armeneasca,București neatribuit,București neatribuit,București,București neatribuit,2
Staer 23,Staer 23,Aurel Botea,București neatribuit,București neatribuit,București,București neatribuit,2
Staer 23,Staer 23,Avalansei,București neatribuit,București neatribuit,București,București neatribuit,2
Staer 23,Staer 23,Banul Nicolae,Sector 2,Sector 2,București,Nord-Est,2
Staer 23,Staer 23,Barbu Vacarescu,Sector 2,Sector 2,București,Nord-Est,2
Staer 23,Staer 23,Brailita,București neatribuit,București neatribuit,București,București neatribuit,2
Staer 23,Staer 23,Bulevardul A Obregia,București neatribuit,București neatribuit,București,București neatribuit,2
Staer 23,Staer 23,Bulevardul Al. Obregia,Sector 4,Sector 4,București,Sud,2
Staer 23,Staer 23,Bulevardul C-Tin Brancoveanu,Sector 4,Sector 4,București,Sud,2
Staer 23,Staer 23,Bulevardul Ctin Brancoveanu,Sector 4,Sector 4,București,Sud,2
Staer 23,Staer 23,Bulevardul Decembrie 1918,București neatribuit,București neatribuit,București,București neatribuit,2
Staer 23,Staer 23,Bulevardul Energeticienilor,București neatribuit,București neatribuit,București,București neatribuit,2
Staer 23,Staer 23,Bulevardul I. C. Brătianu,Sector 3,Sector 3,București,Est,2
Staer 23,Staer 23,Bulevardul Obregia,Sector 4,Sector 4,București,Sud,2
Staer 23,Staer 23,Bulevardul Prof.dr.gh.marinescu,București neatribuit,București neatribuit,București,București neatribuit,2
Staer 23,Staer 23,Bv. Constantin Brancoveanu,București neatribuit,București neatribuit,București,București neatribuit,2
Staer 23,Staer 23,Bv. Dimitrie Cantemir,București neatribuit,București neatribuit,București,București neatribuit,2
Staer 23,Staer 23,Bv. Metalurgiei,București neatribuit,București neatribuit,București,București neatribuit,2
Staer 23,Staer 23,Calea Bucuresti,București neatribuit,București neatribuit,București,București neatribuit,2
Staer 23,Staer 23,Calea Ea Dudesti,Sector 3,Sector 3,București,Est,2
Staer 23,Staer 23,Cap Ion Gheorghe,București neatribuit,București neatribuit,București,București neatribuit,2
Staer 23,Staer 23,Catrunesti,București neatribuit,București neatribuit,București,București neatribuit,2
Staer 23,Staer 23,Cozla,Sector 3,Sector 3,București,Est,2
Staer 23,Staer 23,Deleni,Sector 2,Sector 2,București,Nord-Est,2
Staer 23,Staer 23,Delfinului,Sector 2,Sector 2,București,Nord-Est,2
Staer 23,Staer 23,Dr Jilavei,Sector 4,Sector 4,București,Sud,2
Staer 23,Staer 23,Drumul Campeni,București neatribuit,București neatribuit,București,București neatribuit,2
Staer 23,Staer 23,Drumul Dealu Alunis,Sector 4,Sector 4,București,Sud,2
Staer 23,Staer 23,Drumul Dealul Alunis,Sector 4,Sector 4,București,Sud,2
Staer 23,Staer 23,Drumul Gura Putnei,București neatribuit,București neatribuit,București,București neatribuit,2
Staer 23,Staer 23,Drumul Gura Siriului,Sector 3,Sector 3,București,Est,2
Staer 23,Staer 23,Drumul Malul Mierii,București neatribuit,București neatribuit,București,București neatribuit,2
Staer 23,Staer 23,Economu Cezarescu,Sector 6,Sector 6,București,Vest,2
Staer 23,Staer 23,Fabricii,București neatribuit,București neatribuit,București,București neatribuit,2
Staer 23,Staer 23,Fat Frumos,Sector 5,Sector 5,București,Sud-Vest,2
Staer 23,Staer 23,G-Ral Cristian Tell,București neatribuit,București neatribuit,București,București neatribuit,2
Staer 23,Staer 23,Ghimpati,București neatribuit,București neatribuit,București,București neatribuit,2
Staer 23,Staer 23,Giovanni Boccaccio,Sector 4,Sector 4,București,Sud,2
Staer 23,Staer 23,Giulesti,București neatribuit,București neatribuit,București,București neatribuit,2
Staer 23,Staer 23,Gospodinelor,București neatribuit,București neatribuit,București,București neatribuit,2
Staer 23,Staer 23,Gura Ialomitei,Sector 3,Sector 3,București,Est,2
Staer 23,Staer 23,Husi,Sector 4,Sector 4,București,Sud,2
Staer 23,Staer 23,Int Targu Frumos,București neatribuit,București neatribuit,București,București neatribuit,2
Staer 23,Staer 23,Intrarea Odobesti,București neatribuit,București neatribuit,București,București neatribuit,2
Staer 23,Staer 23,Intrarea Reconstructiei,Sector 3,Sector 3,București,Est,2
Staer 23,Staer 23,Invingatorilor,Sector 3,Sector 3,București,Est,2
Staer 23,Staer 23,Ion Brezoianu,București neatribuit,București neatribuit,București,București neatribuit,2
Staer 23,Staer 23,Jimbolia,Sector 1,Sector 1,București,Nord,2
Staer 23,Staer 23,L. Basarabia,București neatribuit,București neatribuit,București,București neatribuit,2
Staer 23,Staer 23,L.constantin Brancoveanu,București neatribuit,București neatribuit,București,București neatribuit,2
Staer 23,Staer 23,Laptari Tei,Sector 2,Sector 2,București,Nord-Est,2
Staer 23,Staer 23,Lt Aurel Botea,Sector 3,Sector 3,București,Est,2
Staer 23,Staer 23,M.sebastian,București neatribuit,București neatribuit,București,București neatribuit,2
Staer 23,Staer 23,Macului,București neatribuit,București neatribuit,București,București neatribuit,2
Staer 23,Staer 23,Marcu Armasu,Sector 2,Sector 2,București,Nord-Est,2
Staer 23,Staer 23,Matei Voievod,Sector 2,Sector 2,București,Nord-Est,2
Staer 23,Staer 23,Minis,Sector 3,Sector 3,București,Est,2
Staer 23,Staer 23,Moara Rosie,București neatribuit,București neatribuit,București,București neatribuit,2
Staer 23,Staer 23,Negoiu,București neatribuit,București neatribuit,București,București neatribuit,2
Staer 23,Staer 23,Nicolae Florescu,București neatribuit,București neatribuit,București,București neatribuit,2
Staer 23,Staer 23,Nicolae Titulescu,Sector 1,Sector 1,București,Nord,2
Staer 23,Staer 23,Penes Curcanu,Sector 3,Sector 3,București,Est,2
Staer 23,Staer 23,Persicani,București neatribuit,București neatribuit,București,București neatribuit,2
Staer 23,Staer 23,Pescarusului,București neatribuit,București neatribuit,București,București neatribuit,2
Staer 23,Staer 23,Petre Paun,București neatribuit,București neatribuit,București,București neatribuit,2
Staer 23,Staer 23,Piata Alba Iulia,București neatribuit,București neatribuit,București,București neatribuit,2
Staer 23,Staer 23,Popa Nicolae,Sector 2,Sector 2,București,Nord-Est,2
Staer 23,Staer 23,Postasului,București neatribuit,București neatribuit,București,București neatribuit,2
Staer 23,Staer 23,Prasilei,Sector 4,Sector 4,București,Sud,2
Staer 23,Staer 23,Priboiului,București neatribuit,București neatribuit,București,București neatribuit,2
Staer 23,Staer 23,Rabojului,București neatribuit,București neatribuit,București,București neatribuit,2
Staer 23,Staer 23,Rezervelor,Sector 6,Sector 6,București,Vest,2
Staer 23,Staer 23,Ritmului,Sector 2,Sector 2,București,Nord-Est,2
Staer 23,Staer 23,Serbesti,București neatribuit,București neatribuit,București,București neatribuit,2
Staer 23,Staer 23,"Sg, Gheorghe Tache",București neatribuit,București neatribuit,București,București neatribuit,2
Staer 23,Staer 23,Sg. Maj. Ioan Carpen,București neatribuit,București neatribuit,București,București neatribuit,2
Staer 23,Staer 23,Sistematizari,București neatribuit,București neatribuit,București,București neatribuit,2
Staer 23,Staer 23,Slt.nicolae Belerciu,București neatribuit,București neatribuit,București,București neatribuit,2
Staer 23,Staer 23,Smaranda Braescu,Sector 1,Sector 1,București,Nord,2
Staer 23,Staer 23,Soldat Tina Petre,București neatribuit,București neatribuit,București,București neatribuit,2
Staer 23,Staer 23,Spinis,Sector 4,Sector 4,București,Sud,2
Staer 23,Staer 23,Stanjeneilor,Sector 4,Sector 4,București,Sud,2
Staer 23,Staer 23,Stelian Mihale,Sector 3,Sector 3,București,Est,2
Staer 23,Staer 23,Stolnici,Sector 4,Sector 4,București,Sud,2
Staer 23,Staer 23,Strada Ada Puchieni,București neatribuit,București neatribuit,București,București neatribuit,2
Staer 23,Staer 23,Strada Ardealului,București neatribuit,București neatribuit,București,București neatribuit,2
Staer 23,Staer 23,Strada Barca,Sector 5,Sector 5,București,Sud-Vest,2
Staer 23,Staer 23,Strada Bld. Chisinau,București neatribuit,București neatribuit,București,București neatribuit,2
Staer 23,Staer 23,Strada Busolei,București neatribuit,București neatribuit,București,București neatribuit,2
Staer 23,Staer 23,Strada Buzoieni,București neatribuit,București neatribuit,București,București neatribuit,2
Staer 23,Staer 23,Strada Cercetatorilor,Sector 4,Sector 4,București,Sud,2
Staer 23,Staer 23,Strada Cetatea de Balta,București neatribuit,București neatribuit,București,București neatribuit,2
Staer 23,Staer 23,Strada Cornești,Sector 4,Sector 4,București,Sud,2
Staer 23,Staer 23,Strada Maior Vasile Bacila,București neatribuit,București neatribuit,București,București neatribuit,2
Staer 23,Staer 23,Strada Mărțișor,Sector 4,Sector 4,București,Sud,2
Staer 23,Staer 23,Strada Moldoveni,Sector 4,Sector 4,București,Sud,2
Staer 23,Staer 23,Strada Nerva Traian,București neatribuit,București neatribuit,București,București neatribuit,2
Staer 23,Staer 23,Strada Petre Ispirescu,București neatribuit,București neatribuit,București,București neatribuit,2
Staer 23,Staer 23,Strada Pictor Ion Andreescu,București neatribuit,București neatribuit,București,București neatribuit,2
Staer 23,Staer 23,"Strada Plesesti No 4, Blz8",București neatribuit,București neatribuit,București,București neatribuit,2
Staer 23,Staer 23,Strada Rosia Montana,Sector 6,Sector 6,București,Vest,2
Staer 23,Staer 23,Strada Slt. Gheorghe Ionescu,București neatribuit,București neatribuit,București,București neatribuit,2
Staer 23,Staer 23,Strada Traian,București neatribuit,București neatribuit,București,București neatribuit,2
Staer 23,Staer 23,Stupilor,Sector 4,Sector 4,București,Sud,2
Staer 23,Staer 23,Șoseaua Viilor,Sector 5,Sector 5,București,Sud-Vest,2
Staer 23,Staer 23,Tache Gheorghe,Sector 4,Sector 4,București,Sud,2
Staer 23,Staer 23,Talazului,București neatribuit,București neatribuit,București,București neatribuit,2
Staer 23,Staer 23,Teodosiu Gheorghiade,București neatribuit,București neatribuit,București,București neatribuit,2
Staer 23,Staer 23,Tina Petre,Sector 3,Sector 3,București,Est,2
Staer 23,Staer 23,Tinus Nicolae,București neatribuit,București neatribuit,București,București neatribuit,2
Staer 23,Staer 23,Trestiana,Sector 4,Sector 4,București,Sud,2
Staer 23,Staer 23,Trilului,București neatribuit,București neatribuit,București,București neatribuit,2
Staer 23,Staer 23,Triumfului,Sector 1,Sector 1,București,Nord,2
Staer 23,Staer 23,Trivale,București neatribuit,București neatribuit,București,București neatribuit,2
Staer 23,Staer 23,Tulnici,Sector 4,Sector 4,București,Sud,2
Staer 23,Staer 23,Ul Metalurgiei,București neatribuit,București neatribuit,București,București neatribuit,2
Staer 23,Staer 23,Vergului,Sector 2,Sector 2,București,Nord-Est,2
Staer 23,Staer 23,Veseliei,București neatribuit,București neatribuit,București,București neatribuit,2
Staer 23,Staer 23,Visana,Sector 4,Sector 4,București,Sud,2
Staer 23,Staer 23,Vitejiei,Sector 2,Sector 2,București,Nord-Est,2
Staer 23,Staer 23,Voineasa,Sector 3,Sector 3,București,Est,2
Staer 23,Staer 23,Șoseaua Olteniței,Sector 4,Sector 4,București,Sud,2
Staer 23,Staer 23,Bulevardul Ion Mihalache,Sector 1,Sector 1,București,Nord,2
Staer 23,Staer 23,Bulevardul Iulian Mihu,Sector 1,Sector 1,București,Nord,2
Staer 23,Staer 23,Bulevardul Schitu Magureanu,Sector 1,Sector 1,București,Nord,2
Staer 23,Staer 23,Drumul Padurea Neagra,Sector 1,Sector 1,București,Nord,2
Staer 23,Staer 23,Elena Vacarescu,Sector 1,Sector 1,București,Nord,2
Staer 23,Staer 23,Episcop Vulcan,Sector 1,Sector 1,București,Nord,2
Staer 23,Staer 23,Faurei,Sector 1,Sector 1,București,Nord,2
Staer 23,Staer 23,Ioan Voda Caragea,Sector 1,Sector 1,București,Nord,2
Staer 23,Staer 23,Limanului,Sector 1,Sector 1,București,Nord,2
Staer 23,Staer 23,NECUNOSCUTĂ,Sector 1,Sector 1,București,Nord,2
Staer 23,Staer 23,Nicolae Titulescu,Sector 1,Sector 1,București,Nord,2
Staer 23,Staer 23,Polona,Sector 1,Sector 1,București,Nord,2
Staer 23,Staer 23,Saveni,Sector 1,Sector 1,București,Nord,2
Staer 23,Staer 23,Sf Constantin,Sector 1,Sector 1,București,Nord,2
Staer 23,Staer 23,Strada Siriului,Sector 1,Sector 1,București,Nord,2
Staer 23,Staer 23,Șoseaua Fabrica de Glucoză,Sector 1,Sector 1,București,Nord,2
Staer 23,Staer 23,Șoseaua Gheorghe Ionescu Sisesti,Sector 1,Sector 1,București,Nord,2
Staer 23,Staer 23,Șoseaua Pipera,Sector 1,Sector 1,București,Nord,2
Staer 23,Staer 23,Telega,Sector 1,Sector 1,București,Nord,2
Staer 23,Staer 23,Aleea Arubium,Sector 2,Sector 2,București,Nord-Est,2
Staer 23,Staer 23,Aleea Bistricioara,Sector 2,Sector 2,București,Nord-Est,2
Staer 23,Staer 23,Aleea Ea Vergului,Sector 2,Sector 2,București,Nord-Est,2
Staer 23,Staer 23,Aleea Ea Zarandului,Sector 2,Sector 2,București,Nord-Est,2
Staer 23,Staer 23,Aleea Luncsoara,Sector 2,Sector 2,București,Nord-Est,2
Staer 23,Staer 23,Aleea Mozaicului,Sector 2,Sector 2,București,Nord-Est,2
Staer 23,Staer 23,Aleea Otesani,Sector 2,Sector 2,București,Nord-Est,2
Staer 23,Staer 23,Baicului,Sector 2,Sector 2,București,Nord-Est,2
Staer 23,Staer 23,Banul Nicolae,Sector 2,Sector 2,București,Nord-Est,2
Staer 23,Staer 23,Bulevardul Basarabiei,Sector 2,Sector 2,București,Nord-Est,2
Staer 23,Staer 23,Bulevardul Ghica Tei,Sector 2,Sector 2,București,Nord-Est,2
Staer 23,Staer 23,Chiristigiilor,Sector 2,Sector 2,București,Nord-Est,2
Staer 23,Staer 23,Ciobanasului,Sector 2,Sector 2,București,Nord-Est,2
Staer 23,Staer 23,Comarnic,Sector 2,Sector 2,București,Nord-Est,2
Staer 23,Staer 23,Cremenita,Sector 2,Sector 2,București,Nord-Est,2
Staer 23,Staer 23,Delfinului,Sector 2,Sector 2,București,Nord-Est,2
Staer 23,Staer 23,Doinei,Sector 2,Sector 2,București,Nord-Est,2
Staer 23,Staer 23,Elev Stefan Stefanescu,Sector 2,Sector 2,București,Nord-Est,2
Staer 23,Staer 23,Gorgan Spatarul,Sector 2,Sector 2,București,Nord-Est,2
Staer 23,Staer 23,Hambarului,Sector 2,Sector 2,București,Nord-Est,2
Staer 23,Staer 23,Hatisului,Sector 2,Sector 2,București,Nord-Est,2
Staer 23,Staer 23,Intrarea Teiul Domnei,Sector 2,Sector 2,București,Nord-Est,2
Staer 23,Staer 23,Intrarea Viitorului,Sector 2,Sector 2,București,Nord-Est,2
Staer 23,Staer 23,Ion Berindei,Sector 2,Sector 2,București,Nord-Est,2
Staer 23,Staer 23,Muntii Buzaului,Sector 2,Sector 2,București,Nord-Est,2
Staer 23,Staer 23,Popa Nan,Sector 2,Sector 2,București,Nord-Est,2
Staer 23,Staer 23,Strada Agricultori,Sector 2,Sector 2,București,Nord-Est,2
Staer 23,Staer 23,Strada Albisoarei,Sector 2,Sector 2,București,Nord-Est,2
Staer 23,Staer 23,Strada Căminului,Sector 2,Sector 2,București,Nord-Est,2
Staer 23,Staer 23,Strada Hortensiei,Sector 2,Sector 2,București,Nord-Est,2
Staer 23,Staer 23,Strada Mihai Eminescu,Sector 2,Sector 2,București,Nord-Est,2
Staer 23,Staer 23,Strada Toamnei,Sector 2,Sector 2,București,Nord-Est,2
Staer 23,Staer 23,Șoseaua Fabrica de Glucoză,Sector 2,Sector 2,București,Nord-Est,2
Staer 23,Staer 23,Șoseaua Pipera,Sector 2,Sector 2,București,Nord-Est,2
Staer 23,Staer 23,19 Noiembrie,Sector 3,Sector 3,București,Est,2
Staer 23,Staer 23,Aleea Barajul Rovinari,Sector 3,Sector 3,București,Est,2
Staer 23,Staer 23,Aleea Barajul Uzului,Sector 3,Sector 3,București,Est,2
Staer 23,Staer 23,Aleea Ea Banul Udrea,Sector 3,Sector 3,București,Est,2
Staer 23,Staer 23,Aleea Ea Baraj Cucuteni,Sector 3,Sector 3,București,Est,2
Staer 23,Staer 23,Aleea Ea Baraj Lotru,Sector 3,Sector 3,București,Est,2
Staer 23,Staer 23,Aleea Ea Barajul Lotru,Sector 3,Sector 3,București,Est,2
Staer 23,Staer 23,Aleea Ea Cindrel,Sector 3,Sector 3,București,Est,2
Staer 23,Staer 23,Aleea Ea Cioplea,Sector 3,Sector 3,București,Est,2
Staer 23,Staer 23,Aleea Ea Mostistea,Sector 3,Sector 3,București,Est,2
Staer 23,Staer 23,Aleea Ea Ninsori,Sector 3,Sector 3,București,Est,2
Staer 23,Staer 23,Aleea Ea Solidaritatii,Sector 3,Sector 3,București,Est,2
Staer 23,Staer 23,Aleea Ea Suraia,Sector 3,Sector 3,București,Est,2
Staer 23,Staer 23,Aleea Ea Tornadei,Sector 3,Sector 3,București,Est,2
Staer 23,Staer 23,Aleea Negru Voda,Sector 3,Sector 3,București,Est,2
Staer 23,Staer 23,Aleea Rm. Valcea,Sector 3,Sector 3,București,Est,2
Staer 23,Staer 23,Aleea Rotunda,Sector 3,Sector 3,București,Est,2
Staer 23,Staer 23,Aleea Varful cu Dor,Sector 3,Sector 3,București,Est,2
Staer 23,Staer 23,Aleea Vasile Goldis,Sector 3,Sector 3,București,Est,2
Staer 23,Staer 23,Aleea Xandru Moruzzi,Sector 3,Sector 3,București,Est,2
Staer 23,Staer 23,Becatei,Sector 3,Sector 3,București,Est,2
Staer 23,Staer 23,Bogdan Ghe Tudor,Sector 3,Sector 3,București,Est,2
Staer 23,Staer 23,Brailita,Sector 3,Sector 3,București,Est,2
Staer 23,Staer 23,Branduselor,Sector 3,Sector 3,București,Est,2
Staer 23,Staer 23,Bulevardul 1decembrie,Sector 3,Sector 3,București,Est,2
Staer 23,Staer 23,Burnitei,Sector 3,Sector 3,București,Est,2
Staer 23,Staer 23,Bvd Mircea Voda,Sector 3,Sector 3,București,Est,2
Staer 23,Staer 23,Calea Ea Calarasilor,Sector 3,Sector 3,București,Est,2
Staer 23,Staer 23,Chezasiei,Sector 3,Sector 3,București,Est,2
Staer 23,Staer 23,Confederatiei,Sector 3,Sector 3,București,Est,2
Staer 23,Staer 23,Doliei,Sector 3,Sector 3,București,Est,2
Staer 23,Staer 23,Drumul Lunca Ozunului,Sector 3,Sector 3,București,Est,2
Staer 23,Staer 23,Drumul Lunca Prutului,Sector 3,Sector 3,București,Est,2
Staer 23,Staer 23,Drumul Lunca Sateasca,Sector 3,Sector 3,București,Est,2
Staer 23,Staer 23,Drumul Morilor,Sector 3,Sector 3,București,Est,2
Staer 23,Staer 23,Esarfei,Sector 3,Sector 3,București,Est,2
Staer 23,Staer 23,Gh.dem Teodorescu,Sector 3,Sector 3,București,Est,2
Staer 23,Staer 23,Gheorghe Doja,Sector 3,Sector 3,București,Est,2
Staer 23,Staer 23,Gospodariei,Sector 3,Sector 3,București,Est,2
Staer 23,Staer 23,Gruiul Argesului,Sector 3,Sector 3,București,Est,2
Staer 23,Staer 23,Gura Vadului,Sector 3,Sector 3,București,Est,2
Staer 23,Staer 23,Int Barsei,Sector 3,Sector 3,București,Est,2
Staer 23,Staer 23,Intrarea Area Badeni,Sector 3,Sector 3,București,Est,2
Staer 23,Staer 23,Intrarea Area Barsei,Sector 3,Sector 3,București,Est,2
Staer 23,Staer 23,Intrarea Parului,Sector 3,Sector 3,București,Est,2
Staer 23,Staer 23,Iosif Albu,Sector 3,Sector 3,București,Est,2
Staer 23,Staer 23,Jean Alexandru Steriadi,Sector 3,Sector 3,București,Est,2
Staer 23,Staer 23,Lt Col Dumitru Papazoglu,Sector 3,Sector 3,București,Est,2
Staer 23,Staer 23,Malva,Sector 3,Sector 3,București,Est,2
Staer 23,Staer 23,Marin Pazon,Sector 3,Sector 3,București,Est,2
Staer 23,Staer 23,Negostina,Sector 3,Sector 3,București,Est,2
Staer 23,Staer 23,Oian Judetul,Sector 3,Sector 3,București,Est,2
Staer 23,Staer 23,Plt Maj Marin Pazon,Sector 3,Sector 3,București,Est,2
Staer 23,Staer 23,Plt Petre D Ionescu,Sector 3,Sector 3,București,Est,2
Staer 23,Staer 23,Radu Gheorghe,Sector 3,Sector 3,București,Est,2
Staer 23,Staer 23,Soldat Stelian N Mihale,Sector 3,Sector 3,București,Est,2
Staer 23,Staer 23,Strada Ion Țuculescu,Sector 3,Sector 3,București,Est,2
Staer 23,Staer 23,Șoseaua Mihai Bravu- Global Residence,Sector 3,Sector 3,București,Est,2
Staer 23,Staer 23,Tarnita,Sector 3,Sector 3,București,Est,2
Staer 23,Staer 23,Tomis,Sector 3,Sector 3,București,Est,2
Staer 23,Staer 23,Usarilor,Sector 3,Sector 3,București,Est,2
Staer 23,Staer 23,Vantului,Sector 3,Sector 3,București,Est,2
Staer 23,Staer 23,Vasile Carlova,Sector 3,Sector 3,București,Est,2
Staer 23,Staer 23,Vasile Lucaciu,Sector 3,Sector 3,București,Est,2
Staer 23,Staer 23,Victor Brouner,Sector 3,Sector 3,București,Est,2
Staer 23,Staer 23,Vlad Judetul,Sector 3,Sector 3,București,Est,2
Staer 23,Staer 23,Voineasa,Sector 3,Sector 3,București,Est,2
Staer 23,Staer 23,Voronet,Sector 3,Sector 3,București,Est,2
Staer 23,Staer 23,Xandru Moruzzi Voievod,Sector 3,Sector 3,București,Est,2
Staer 23,Staer 23,11 Iunie,Sector 4,Sector 4,București,Sud,2
Staer 23,Staer 23,Albinelor,Sector 4,Sector 4,București,Sud,2
Staer 23,Staer 23,Aleea Dragos Nadinovici,Sector 4,Sector 4,București,Sud,2
Staer 23,Staer 23,Aleea Ea Raul Sadului,Sector 4,Sector 4,București,Sud,2
Staer 23,Staer 23,Aleea Ea Resita B,Sector 4,Sector 4,București,Sud,2
Staer 23,Staer 23,Aleea Ea Urucu Dan Adrian,Sector 4,Sector 4,București,Sud,2
Staer 23,Staer 23,Aleea Raul Targului,Sector 4,Sector 4,București,Sud,2
Staer 23,Staer 23,Arcadiei,Sector 4,Sector 4,București,Sud,2
Staer 23,Staer 23,Avalansei,Sector 4,Sector 4,București,Sud,2
Staer 23,Staer 23,Barbu Nicolae,Sector 4,Sector 4,București,Sud,2
Staer 23,Staer 23,Bucovat,Sector 4,Sector 4,București,Sud,2
Staer 23,Staer 23,Bulevardul Alexandr Obregea,Sector 4,Sector 4,București,Sud,2
Staer 23,Staer 23,Bulevardul C-Tin Brancoveanu,Sector 4,Sector 4,București,Sud,2
Staer 23,Staer 23,Bulevardul Const Brancoveanu,Sector 4,Sector 4,București,Sud,2
Staer 23,Staer 23,Bulevardul Gh. Sincai,Sector 4,Sector 4,București,Sud,2
Staer 23,Staer 23,Bulevardul Gheorghe Sincai,Sector 4,Sector 4,București,Sud,2
Staer 23,Staer 23,Bulevardul Obregia,Sector 4,Sector 4,București,Sud,2
Staer 23,Staer 23,Bv. Alexandru Obregia,Sector 4,Sector 4,București,Sud,2
Staer 23,Staer 23,Bv.brancoveanu,Sector 4,Sector 4,București,Sud,2
Staer 23,Staer 23,Cap Marin Grigore,Sector 4,Sector 4,București,Sud,2
Staer 23,Staer 23,Capidava,Sector 4,Sector 4,București,Sud,2
Staer 23,Staer 23,Cornetului,Sector 4,Sector 4,București,Sud,2
Staer 23,Staer 23,Costache Stamate,Sector 4,Sector 4,București,Sud,2
Staer 23,Staer 23,Costila,Sector 4,Sector 4,București,Sud,2
Staer 23,Staer 23,Ctin Radulescu Motru,Sector 4,Sector 4,București,Sud,2
Staer 23,Staer 23,Dalhauti,Sector 4,Sector 4,București,Sud,2
Staer 23,Staer 23,Drumul Cheile Turzi,Sector 4,Sector 4,București,Sud,2
Staer 23,Staer 23,Duminicii,Sector 4,Sector 4,București,Sud,2
Staer 23,Staer 23,Frigului,Sector 4,Sector 4,București,Sud,2
Staer 23,Staer 23,Frunzisului,Sector 4,Sector 4,București,Sud,2
Staer 23,Staer 23,Gladitei,Sector 4,Sector 4,București,Sud,2
Staer 23,Staer 23,Grigore Marin,Sector 4,Sector 4,București,Sud,2
Staer 23,Staer 23,Int Orastie,Sector 4,Sector 4,București,Sud,2
Staer 23,Staer 23,Intrarea Area Binelui,Sector 4,Sector 4,București,Sud,2
Staer 23,Staer 23,Intrarea Area Targu Frumos,Sector 4,Sector 4,București,Sud,2
Staer 23,Staer 23,Intrarea Area Targul Frumos,Sector 4,Sector 4,București,Sud,2
Staer 23,Staer 23,Intrarea Baba Voica,Sector 4,Sector 4,București,Sud,2
Staer 23,Staer 23,Intrarea Biruintei,Sector 4,Sector 4,București,Sud,2
Staer 23,Staer 23,Isvorul Crisului,Sector 4,Sector 4,București,Sud,2
Staer 23,Staer 23,Marasesti,Sector 4,Sector 4,București,Sud,2
Staer 23,Staer 23,Metalurgie,Sector 4,Sector 4,București,Sud,2
Staer 23,Staer 23,Minca Dumitru,Sector 4,Sector 4,București,Sud,2
Staer 23,Staer 23,NECUNOSCUTĂ,Sector 4,Sector 4,București,Sud,2
Staer 23,Staer 23,Paltinisului,Sector 4,Sector 4,București,Sud,2
Staer 23,Staer 23,Peroni,Sector 4,Sector 4,București,Sud,2
Staer 23,Staer 23,Plaiul Foii,Sector 4,Sector 4,București,Sud,2
Staer 23,Staer 23,Poenari,Sector 4,Sector 4,București,Sud,2
Staer 23,Staer 23,Poieni,Sector 4,Sector 4,București,Sud,2
Staer 23,Staer 23,Priboiului,Sector 4,Sector 4,București,Sud,2
Staer 23,Staer 23,Sergent Ion Pechiu,Sector 4,Sector 4,București,Sud,2
Staer 23,Staer 23,Sergent Nitu Vasile,Sector 4,Sector 4,București,Sud,2
Staer 23,Staer 23,Sg Ion Pechiu,Sector 4,Sector 4,București,Sud,2
Staer 23,Staer 23,Sibiel,Sector 4,Sector 4,București,Sud,2
Staer 23,Staer 23,Soimus,Sector 4,Sector 4,București,Sud,2
Staer 23,Staer 23,Soldat Ionescu Florea,Sector 4,Sector 4,București,Sud,2
Staer 23,Staer 23,Stolnici,Sector 4,Sector 4,București,Sud,2
Staer 23,Staer 23,Strada Ada Dealu Bradului,Sector 4,Sector 4,București,Sud,2
Staer 23,Staer 23,Strada Ada Trestiana,Sector 4,Sector 4,București,Sud,2
Staer 23,Staer 23,Strada Cuza Voda,Sector 4,Sector 4,București,Sud,2
Staer 23,Staer 23,Strada Piscului,Sector 4,Sector 4,București,Sud,2
Staer 23,Staer 23,Strada Sergent Tache Gheorghe,Sector 4,Sector 4,București,Sud,2
Staer 23,Staer 23,Strada Slt. Gheorghe Ionescu,Sector 4,Sector 4,București,Sud,2
Staer 23,Staer 23,Strada Uioara,Sector 4,Sector 4,București,Sud,2
Staer 23,Staer 23,Șoseaua Salaj,Sector 4,Sector 4,București,Sud,2
Staer 23,Staer 23,Tache Gheorghe,Sector 4,Sector 4,București,Sud,2
Staer 23,Staer 23,Tanase Orgu,Sector 4,Sector 4,București,Sud,2
Staer 23,Staer 23,Trei Brazi,Sector 4,Sector 4,București,Sud,2
Staer 23,Staer 23,U Dealul Bradului,Sector 4,Sector 4,București,Sud,2
Staer 23,Staer 23,Ul Metalurgiei,Sector 4,Sector 4,București,Sud,2
Staer 23,Staer 23,V V Stanciu,Sector 4,Sector 4,București,Sud,2
Staer 23,Staer 23,Vuietului,Sector 4,Sector 4,București,Sud,2
Staer 23,Staer 23,Aleea Dumbrava Noua,Sector 5,Sector 5,București,Sud-Vest,2
Staer 23,Staer 23,Aleea Ea Radaseni,Sector 5,Sector 5,București,Sud-Vest,2
Staer 23,Staer 23,Anghel Dogaru,Sector 5,Sector 5,București,Sud-Vest,2
Staer 23,Staer 23,Aron Pumnul,Sector 5,Sector 5,București,Sud-Vest,2
Staer 23,Staer 23,Bardasului,Sector 5,Sector 5,București,Sud-Vest,2
Staer 23,Staer 23,Calea 13 Septembrie,Sector 5,Sector 5,București,Sud-Vest,2
Staer 23,Staer 23,Cucuteni,Sector 5,Sector 5,București,Sud-Vest,2
Staer 23,Staer 23,Fat Frumos,Sector 5,Sector 5,București,Sud-Vest,2
Staer 23,Staer 23,Focsani,Sector 5,Sector 5,București,Sud-Vest,2
Staer 23,Staer 23,Nicolae Paulescu,Sector 5,Sector 5,București,Sud-Vest,2
Staer 23,Staer 23,Palota,Sector 5,Sector 5,București,Sud-Vest,2
Staer 23,Staer 23,Paulina,Sector 5,Sector 5,București,Sud-Vest,2
Staer 23,Staer 23,Salaj,Sector 5,Sector 5,București,Sud-Vest,2
Staer 23,Staer 23,Sandor Gheorghe,Sector 5,Sector 5,București,Sud-Vest,2
Staer 23,Staer 23,Soldat Vasile Croitoru,Sector 5,Sector 5,București,Sud-Vest,2
Staer 23,Staer 23,Strada Barca,Sector 5,Sector 5,București,Sud-Vest,2
Staer 23,Staer 23,Strada Bârnova,Sector 5,Sector 5,București,Sud-Vest,2
Staer 23,Staer 23,Strada Buzoieni,Sector 5,Sector 5,București,Sud-Vest,2
Staer 23,Staer 23,Strada Mihail Sebastian,Sector 5,Sector 5,București,Sud-Vest,2
Staer 23,Staer 23,Strada Neptun,Sector 5,Sector 5,București,Sud-Vest,2
Staer 23,Staer 23,Strada Sirenelor,Sector 5,Sector 5,București,Sud-Vest,2
Staer 23,Staer 23,Strada Vedea,Sector 5,Sector 5,București,Sud-Vest,2
Staer 23,Staer 23,Șoseaua Antiaeriana,Sector 5,Sector 5,București,Sud-Vest,2
Staer 23,Staer 23,Șoseaua Fabrica de Chibrituri,Sector 5,Sector 5,București,Sud-Vest,2
Staer 23,Staer 23,Șoseaua Giurgiului,Sector 5,Sector 5,București,Sud-Vest,2
Staer 23,Staer 23,Zori de Zi,Sector 5,Sector 5,București,Sud-Vest,2
Staer 23,Staer 23,Ajustorului,Sector 6,Sector 6,București,Vest,2
Staer 23,Staer 23,Aleea Ea Lacul Morii,Sector 6,Sector 6,București,Vest,2
Staer 23,Staer 23,Aleea Valea lui Mihai,Sector 6,Sector 6,București,Vest,2
Staer 23,Staer 23,Ceahlaul,Sector 6,Sector 6,București,Vest,2
Staer 23,Staer 23,Constantin Moise,Sector 6,Sector 6,București,Vest,2
Staer 23,Staer 23,Drumul Valea Doftanei,Sector 6,Sector 6,București,Vest,2
Staer 23,Staer 23,Mehadia,Sector 6,Sector 6,București,Vest,2
Staer 23,Staer 23,Oboga,Sector 6,Sector 6,București,Vest,2
Staer 23,Staer 23,Prelungirea Ungirea Ghencea,Sector 6,Sector 6,București,Vest,2
Staer 23,Staer 23,Simion Mehedinti,Sector 6,Sector 6,București,Vest,2
Staer 23,Staer 23,Strada Brasov,Sector 6,Sector 6,București,Vest,2
Staer 23,Staer 23,Strada Cetatea de Balta,Sector 6,Sector 6,București,Vest,2
Staer 23,Staer 23,Strada Valea Cascadelor,Sector 6,Sector 6,București,Vest,2
Staer 23,Staer 23,Strada Viscolului,Sector 6,Sector 6,București,Vest,2
Staer 23,Staer 23,Șoseaua Virtuții,Sector 6,Sector 6,București,Vest,2
Staer 23,Staer 23,18,1 Decembrie,—,Ilfov,Sud,2
Staer 23,Staer 23,21,1 Decembrie,—,Ilfov,Sud,2
Staer 23,Staer 23,Artistilor,1 Decembrie,—,Ilfov,Sud,2
Staer 23,Staer 23,Campului,1 Decembrie,—,Ilfov,Sud,2
Staer 23,Staer 23,Independentei,1 Decembrie,—,Ilfov,Sud,2
Staer 23,Staer 23,Pacii,1 Decembrie,—,Ilfov,Sud,2
Staer 23,Staer 23,Tudor Arghezi,1 Decembrie,—,Ilfov,Sud,2
Staer 23,Staer 23,Viilor,1 Decembrie,—,Ilfov,Sud,2
Staer 23,Staer 23,Tudor Arghezi,1decembrie,—,Ilfov,Ilfov neatribuit,2
Staer 23,Staer 23,Eroilor,Balaceanca,—,Ilfov,Ilfov neatribuit,2
Staer 23,Staer 23,Baladei,Berceni (Ilfov),—,Ilfov,Sud,2
Staer 23,Staer 23,Caisului,Berceni (Ilfov),—,Ilfov,Sud,2
Staer 23,Staer 23,Ciresilor,Berceni (Ilfov),—,Ilfov,Sud,2
Staer 23,Staer 23,Dobreni,Berceni (Ilfov),—,Ilfov,Sud,2
Staer 23,Staer 23,Frumusani,Berceni (Ilfov),—,Ilfov,Sud,2
Staer 23,Staer 23,Intrarea Area Zambilelor,Berceni (Ilfov),—,Ilfov,Sud,2
Staer 23,Staer 23,Intrarea Lacramioarei,Berceni (Ilfov),—,Ilfov,Sud,2
Staer 23,Staer 23,Intrarea Viorelelor,Berceni (Ilfov),—,Ilfov,Sud,2
Staer 23,Staer 23,Mihail Kogalniceanu,Berceni (Ilfov),—,Ilfov,Sud,2
Staer 23,Staer 23,Nucului,Berceni (Ilfov),—,Ilfov,Sud,2
Staer 23,Staer 23,Oituz T+60 Lei Transport,Berceni (Ilfov),—,Ilfov,Sud,2
Staer 23,Staer 23,Poiana Verde,Berceni (Ilfov),—,Ilfov,Sud,2
Staer 23,Staer 23,Prunului,Berceni (Ilfov),—,Ilfov,Sud,2
Staer 23,Staer 23,Rarau,Berceni (Ilfov),—,Ilfov,Sud,2
Staer 23,Staer 23,Salcioarei,Berceni (Ilfov),—,Ilfov,Sud,2
Staer 23,Staer 23,Socului,Berceni (Ilfov),—,Ilfov,Sud,2
Staer 23,Staer 23,Stadionului,Berceni (Ilfov),—,Ilfov,Sud,2
Staer 23,Staer 23,Strada Albatrosului,Berceni (Ilfov),—,Ilfov,Sud,2
Staer 23,Staer 23,Strada Sulina,Berceni (Ilfov),—,Ilfov,Sud,2
Staer 23,Staer 23,Strada Vrăjitorului,Berceni (Ilfov),—,Ilfov,Sud,2
Staer 23,Staer 23,Aleea Simbolului,Bragadiru,—,Ilfov,Sud-Vest,2
Staer 23,Staer 23,Armistitiului,Bragadiru,—,Ilfov,Sud-Vest,2
Staer 23,Staer 23,Ciresar,Bragadiru,—,Ilfov,Sud-Vest,2
Staer 23,Staer 23,Codrului,Bragadiru,—,Ilfov,Sud-Vest,2
Staer 23,Staer 23,Coralului,Bragadiru,—,Ilfov,Sud-Vest,2
Staer 23,Staer 23,Garofitei,Bragadiru,—,Ilfov,Sud-Vest,2
Staer 23,Staer 23,Gliei,Bragadiru,—,Ilfov,Sud-Vest,2
Staer 23,Staer 23,Gloriei,Bragadiru,—,Ilfov,Sud-Vest,2
Staer 23,Staer 23,Idealului,Bragadiru,—,Ilfov,Sud-Vest,2
Staer 23,Staer 23,Iernii,Bragadiru,—,Ilfov,Sud-Vest,2
Staer 23,Staer 23,Orizontului,Bragadiru,—,Ilfov,Sud-Vest,2
Staer 23,Staer 23,Raul Vedea,Bragadiru,—,Ilfov,Sud-Vest,2
Staer 23,Staer 23,Rubinului,Bragadiru,—,Ilfov,Sud-Vest,2
Staer 23,Staer 23,Salciei,Bragadiru,—,Ilfov,Sud-Vest,2
Staer 23,Staer 23,Strada Speranței,Bragadiru,—,Ilfov,Sud-Vest,2
Staer 23,Staer 23,Șoseaua Alexandriei,Bragadiru,—,Ilfov,Sud-Vest,2
Staer 23,Staer 23,Topaz,Bragadiru,—,Ilfov,Sud-Vest,2
Staer 23,Staer 23,Campului,Brănești,—,Ilfov,Est,2
Staer 23,Staer 23,Florilor,Brănești,—,Ilfov,Est,2
Staer 23,Staer 23,Intrarea Negru Voda,Brănești,—,Ilfov,Est,2
Staer 23,Staer 23,Intrarea Trifoiului,Brănești,—,Ilfov,Est,2
Staer 23,Staer 23,Strada Romancierilor,Brănești,—,Ilfov,Est,2
Staer 23,Staer 23,Motoc,Buftea,—,Ilfov,Nord,2
Staer 23,Staer 23,Decebal,Cernica,—,Ilfov,Est,2
Staer 23,Staer 23,Argesului,Clinceni,—,Ilfov,Sud-Vest,2
Staer 23,Staer 23,Morii,Copaceni,—,Ilfov,Ilfov neatribuit,2
Staer 23,Staer 23,Strada Ogorului,Corbeanca,—,Ilfov,Nord,2
Staer 23,Staer 23,Aeroportului,Cornetu,—,Ilfov,Sud-Vest,2
Staer 23,Staer 23,Principala,Cretesti,—,Ilfov,Ilfov neatribuit,2
Staer 23,Staer 23,Bulevardul Nicolae Balcescu,Dobroești,—,Ilfov,Nord-Est,2
Staer 23,Staer 23,Intrarea Area Ciresului,Dobroești,—,Ilfov,Nord-Est,2
Staer 23,Staer 23,Mesteacanului,Dobroești,—,Ilfov,Nord-Est,2
Staer 23,Staer 23,Salcamului- Complex Life Story,Dobroești,—,Ilfov,Nord-Est,2
Staer 23,Staer 23,Drumul Fermei,Dobroești,—,Ilfov,Nord-Est,2
Staer 23,Staer 23,Drumul Garii,Dobroești,—,Ilfov,Nord-Est,2
Staer 23,Staer 23,Trifoiului,Dobroești,—,Ilfov,Nord-Est,2
Staer 23,Staer 23,Emanciparii,Domnești,—,Ilfov,Sud-Vest,2
Staer 23,Staer 23,Garii,Domnești,—,Ilfov,Sud-Vest,2
Staer 23,Staer 23,Bucuresti,Frumusani,—,Ilfov,Ilfov neatribuit,2
Staer 23,Staer 23,Marului,Fundeni,—,Ilfov,Ilfov neatribuit,2
Staer 23,Staer 23,Intrarea Schitului,Ganeasa,—,Ilfov,Ilfov neatribuit,2
Staer 23,Staer 23,Sf Gheorghe,Glina,—,Ilfov,Est,2
Staer 23,Staer 23,Lalelei,Jilava,—,Ilfov,Sud,2
Staer 23,Staer 23,Vasile Roaita,Jilava,—,Ilfov,Sud,2
Staer 23,Staer 23,Bulevardul Atomistilor,Măgurele,—,Ilfov,Sud-Vest,2
Staer 23,Staer 23,Codrului,Măgurele,—,Ilfov,Sud-Vest,2
Staer 23,Staer 23,Fecioarei,Măgurele,—,Ilfov,Sud-Vest,2
Staer 23,Staer 23,Florilor,Măgurele,—,Ilfov,Sud-Vest,2
Staer 23,Staer 23,Livezii,Măgurele,—,Ilfov,Sud-Vest,2
Staer 23,Staer 23,Reactorului,Măgurele,—,Ilfov,Sud-Vest,2
Staer 23,Staer 23,Seismologilor,Măgurele,—,Ilfov,Sud-Vest,2
Staer 23,Staer 23,Selimbar,Măgurele,—,Ilfov,Sud-Vest,2
Staer 23,Staer 23,Strada Ugareni,Măgurele,—,Ilfov,Sud-Vest,2
Staer 23,Staer 23,Toamnei,Măgurele,—,Ilfov,Sud-Vest,2
Staer 23,Staer 23,Drumul Morii,Mogoșoaia,—,Ilfov,Nord,2
Staer 23,Staer 23,Prelungirea Ungirea Colentina,Mogoșoaia,—,Ilfov,Nord,2
Staer 23,Staer 23,1 Mai,Otopeni,—,Ilfov,Nord,2
Staer 23,Staer 23,Drumul Odaii,Otopeni,—,Ilfov,Nord,2
Staer 23,Staer 23,Intrarea Area Mesteacanului,Otopeni,—,Ilfov,Nord,2
Staer 23,Staer 23,Matei Basarab,Otopeni,—,Ilfov,Nord,2
Staer 23,Staer 23,Strada Steaua Roșie,Otopeni,—,Ilfov,Nord,2
Staer 23,Staer 23,Aleea Timis,Pantelimon,—,Ilfov,Nord-Est,2
Staer 23,Staer 23,Baile Herculane,Pantelimon,—,Ilfov,Nord-Est,2
Staer 23,Staer 23,Busteni,Pantelimon,—,Ilfov,Nord-Est,2
Staer 23,Staer 23,Cocorului,Pantelimon,—,Ilfov,Nord-Est,2
Staer 23,Staer 23,Curcubeului,Pantelimon,—,Ilfov,Nord-Est,2
Staer 23,Staer 23,Eroilor,Pantelimon,—,Ilfov,Nord-Est,2
Staer 23,Staer 23,Ialomita,Pantelimon,—,Ilfov,Nord-Est,2
Staer 23,Staer 23,Libelulelor,Pantelimon,—,Ilfov,Nord-Est,2
Staer 23,Staer 23,Marea Neagra,Pantelimon,—,Ilfov,Nord-Est,2
Staer 23,Staer 23,Migdalilor,Pantelimon,—,Ilfov,Nord-Est,2
Staer 23,Staer 23,Padurii,Pantelimon,—,Ilfov,Nord-Est,2
Staer 23,Staer 23,Saturn,Pantelimon,—,Ilfov,Nord-Est,2
Staer 23,Staer 23,Trandafirilor,Pantelimon,—,Ilfov,Nord-Est,2
Staer 23,Staer 23,Strada Principala,Periș,—,Ilfov,Nord,2
Staer 23,Staer 23,Bulevardul Pipera,Voluntari–Pipera,—,Ilfov,Nord,2
Staer 23,Staer 23,Bateriei,Popești-Leordeni,—,Ilfov,Sud,2
Staer 23,Staer 23,Laurentiu Raiciu,Popești-Leordeni,—,Ilfov,Sud,2
Staer 23,Staer 23,Maica Tereza,Popești-Leordeni,—,Ilfov,Sud,2
Staer 23,Staer 23,Scolii,Popești-Leordeni,—,Ilfov,Sud,2
Staer 23,Staer 23,Sfanta Agnes,Popești-Leordeni,—,Ilfov,Sud,2
Staer 23,Staer 23,Triumfului,Popești-Leordeni,—,Ilfov,Sud,2
Staer 23,Staer 23,Biruintei,Popești-Leordeni,—,Ilfov,Sud,2
Staer 23,Staer 23,1 Mai,Popești-Leordeni,—,Ilfov,Sud,2
Staer 23,Staer 23,Cazanesti,Popești-Leordeni,—,Ilfov,Sud,2
Staer 23,Staer 23,Orizontului,Popești-Leordeni,—,Ilfov,Sud,2
Staer 23,Staer 23,Popesti Romani,Popești-Leordeni,—,Ilfov,Sud,2
Staer 23,Staer 23,Scolii,Popești-Leordeni,—,Ilfov,Sud,2
Staer 23,Staer 23,Sf Andrei,Popești-Leordeni,—,Ilfov,Sud,2
Staer 23,Staer 23,Sf Nicolae,Popești-Leordeni,—,Ilfov,Sud,2
Staer 23,Staer 23,Triumfului,Popești-Leordeni,—,Ilfov,Sud,2
Staer 23,Staer 23,Xandru Conduratu,Popești-Leordeni,—,Ilfov,Sud,2
Staer 23,Staer 23,Vlad Tepes,Sat Tinganu,—,Ilfov,Ilfov neatribuit,2
Staer 23,Staer 23,Principala,"Sintesti,com Vidra",—,Ilfov,Ilfov neatribuit,2
Staer 23,Staer 23,Hortensiei,Ștefăneștii de Jos,—,Ilfov,Nord-Est,2
Staer 23,Staer 23,Libertatii,Ștefăneștii de Jos,—,Ilfov,Nord-Est,2
Staer 23,Staer 23,Strada Europa,Ștefăneștii de Jos,—,Ilfov,Nord-Est,2
Staer 23,Staer 23,Șoseaua De Centura,Ștefăneștii de Jos,—,Ilfov,Nord-Est,2
Staer 23,Staer 23,Șoseaua Unirii,Tamasi,—,Ilfov,Ilfov neatribuit,2
Staer 23,Staer 23,Avram Iancu,Tunari,—,Ilfov,Nord,2
Staer 23,Staer 23,Ceair,Tunari,—,Ilfov,Nord,2
Staer 23,Staer 23,I.l.caragiale,Tunari,—,Ilfov,Nord,2
Staer 23,Staer 23,Mihai Eminescu,Tunari,—,Ilfov,Nord,2
Staer 23,Staer 23,Orientului,Tunari,—,Ilfov,Nord,2
Staer 23,Staer 23,Bucegi,Vidra,—,Ilfov,Sud,2
Staer 23,Staer 23,Lotus,Vidra,—,Ilfov,Sud,2
Staer 23,Staer 23,Aleea Garii Pantelimon,Voluntari–Pipera,—,Ilfov,Nord,2
Staer 23,Staer 23,Amza Pelea,Voluntari–Pipera,—,Ilfov,Nord,2
Staer 23,Staer 23,Bulevardul Vrancei,Voluntari–Pipera,—,Ilfov,Nord,2
Staer 23,Staer 23,Ceahlau,Voluntari–Pipera,—,Ilfov,Nord,2
Staer 23,Staer 23,Emil Racovita,Voluntari–Pipera,—,Ilfov,Nord,2
Staer 23,Staer 23,Șoseaua Pipera,Voluntari–Pipera,—,Ilfov,Nord,2
Staer 7,Staer 7,Bulevardul Unirii,București neatribuit,București neatribuit,București,București neatribuit,2
Staer 7,Staer 7,Dorneasca,Sector 5,Sector 5,București,Sud-Vest,2
Staer 7,Staer 7,Escalei,Sector 2,Sector 2,București,Nord-Est,2
Staer 7,Staer 7,Aleea Bistricioara,Sector 2,Sector 2,București,Nord-Est,2
Staer 7,Staer 7,Bulevardul Apicultorilor,Sector 1,Sector 1,București,Nord,2
Staer 7,Staer 7,Drumul Padurea Pustnicu,Sector 1,Sector 1,București,Nord,2
Staer 7,Staer 7,Aleea Emil Racovita,Sector 4,Sector 4,București,Sud,2
Staer 7,Staer 7,Aleea Huedin,Sector 4,Sector 4,București,Sud,2
Staer 7,Staer 7,Bulevardul Alexandru Obregia,Sector 4,Sector 4,București,Sud,2
Staer 7,Staer 7,Strada Luica,Sector 4,Sector 4,București,Sud,2
Staer 7,Staer 7,Smaraldului,București neatribuit,București neatribuit,București,București neatribuit,2
Staer 7,Staer 7,Ciocarliei,Sector 2,Sector 2,București,Nord-Est,2
Staer 7,Staer 7,Calea Serban Voda,Sector 4,Sector 4,București,Sud,2
Staer 7,Staer 7,Bodesti,Sector 2,Sector 2,București,Nord-Est,2
Staer 7,Staer 7,Abrud,Sector 1,Sector 1,București,Nord,2
Staer 7,Staer 7,Ajustorului,Sector 6,Sector 6,București,Vest,2
Staer 7,Staer 7,Aleea Barajul Bicaz,Sector 3,Sector 3,București,Est,2
Staer 7,Staer 7,Aleea Ciucea,Sector 3,Sector 3,București,Est,2
Staer 7,Staer 7,Aleea Ea Argedava,Sector 2,Sector 2,București,Nord-Est,2
Staer 7,Staer 7,Aleea Ea Barajul Bistriței,Sector 3,Sector 3,București,Est,2
Staer 7,Staer 7,Aleea Ea Barajul Dunarii,București neatribuit,București neatribuit,București,București neatribuit,2
Staer 7,Staer 7,Aleea Ea Botorani,Sector 5,Sector 5,București,Sud-Vest,2
Staer 7,Staer 7,Aleea Ea Campul cu Flori,Sector 6,Sector 6,București,Vest,2
Staer 7,Staer 7,Aleea Ea Cetatuia,București neatribuit,București neatribuit,București,București neatribuit,2
Staer 7,Staer 7,Aleea Ea Cioplea,Sector 3,Sector 3,București,Est,2
Staer 7,Staer 7,Aleea Ea Cricovul Sarat,Sector 4,Sector 4,București,Sud,2
Staer 7,Staer 7,Aleea Ea Hobita,Sector 2,Sector 2,București,Nord-Est,2
Staer 7,Staer 7,Aleea Ea Poarta Alba,Sector 6,Sector 6,București,Vest,2
Staer 7,Staer 7,Aleea Ea Vergului,Sector 2,Sector 2,București,Nord-Est,2
Staer 7,Staer 7,Aleea Mozaicului,București neatribuit,București neatribuit,București,București neatribuit,2
Staer 7,Staer 7,Aleea Padurea Craiului,Sector 3,Sector 3,București,Est,2
Staer 7,Staer 7,Aleea Petre Antonescu,Sector 2,Sector 2,București,Nord-Est,2
Staer 7,Staer 7,Aleea Rotunda,Sector 3,Sector 3,București,Est,2
Staer 7,Staer 7,Aleea Sold.barbu Nicolae,București neatribuit,București neatribuit,București,București neatribuit,2
Staer 7,Staer 7,Aleea Somesul Cald,Sector 4,Sector 4,București,Sud,2
Staer 7,Staer 7,Aleea Terasei,Sector 4,Sector 4,București,Sud,2
Staer 7,Staer 7,Aleea Tohani,Sector 4,Sector 4,București,Sud,2
Staer 7,Staer 7,Apostol Nicolae,Sector 2,Sector 2,București,Nord-Est,2
Staer 7,Staer 7,Babesti,Sector 6,Sector 6,București,Vest,2
Staer 7,Staer 7,Baciului,Sector 5,Sector 5,București,Sud-Vest,2
Staer 7,Staer 7,Balotului,București neatribuit,București neatribuit,București,București neatribuit,2
Staer 7,Staer 7,Baltita,Sector 4,Sector 4,București,Sud,2
Staer 7,Staer 7,Banul Nicolae,Sector 2,Sector 2,București,Nord-Est,2
Staer 7,Staer 7,Banul Udrea,Sector 3,Sector 3,București,Est,2
Staer 7,Staer 7,Barbu Vacarescu,Sector 2,Sector 2,București,Nord-Est,2
Staer 7,Staer 7,Birnova,București neatribuit,București neatribuit,București,București neatribuit,2
Staer 7,Staer 7,Bodesti,Sector 2,Sector 2,București,Nord-Est,2
Staer 7,Staer 7,Bogdan Gheorghe Tudor,București neatribuit,București neatribuit,București,București neatribuit,2
Staer 7,Staer 7,Boja,București neatribuit,București neatribuit,București,București neatribuit,2
Staer 7,Staer 7,Bulevardul Alexandru Obregia,București neatribuit,București neatribuit,București,București neatribuit,2
Staer 7,Staer 7,Bulevardul Brancoveanu,Sector 4,Sector 4,București,Sud,2
Staer 7,Staer 7,Bulevardul Carol 1,București neatribuit,București neatribuit,București,București neatribuit,2
Staer 7,Staer 7,Bulevardul Dimitrie Cantemir,București neatribuit,București neatribuit,București,București neatribuit,2
Staer 7,Staer 7,Bulevardul Octavian Goga,Sector 3,Sector 3,București,Est,2
Staer 7,Staer 7,Bulevardul Titulescu,București neatribuit,București neatribuit,București,București neatribuit,2
Staer 7,Staer 7,Bulevardul Tudor Vladimirescu,București neatribuit,București neatribuit,București,București neatribuit,2
Staer 7,Staer 7,Bvd Iuliu Maniu,Sector 6,Sector 6,București,Vest,2
Staer 7,Staer 7,C-Tin Dobrogeanu,București neatribuit,București neatribuit,București,București neatribuit,2
Staer 7,Staer 7,Calea Bucuresti,București neatribuit,București neatribuit,București,București neatribuit,2
Staer 7,Staer 7,Calea Ea Calarasilor,Sector 3,Sector 3,București,Est,2
Staer 7,Staer 7,Calea Ea Crângași,Sector 6,Sector 6,București,Vest,2
Staer 7,Staer 7,Calea Ea Dorobantilor,București neatribuit,București neatribuit,București,București neatribuit,2
Staer 7,Staer 7,Calea Văcărești,București neatribuit,București neatribuit,București,București neatribuit,2
Staer 7,Staer 7,Capalna,Sector 1,Sector 1,București,Nord,2
Staer 7,Staer 7,Carei,Sector 2,Sector 2,București,Nord-Est,2
Staer 7,Staer 7,Ceahlau,Sector 6,Sector 6,București,Vest,2
Staer 7,Staer 7,Ciungan Florin,București neatribuit,București neatribuit,București,București neatribuit,2
Staer 7,Staer 7,Competitiei,București neatribuit,București neatribuit,București,București neatribuit,2
Staer 7,Staer 7,Corneliu Coposu,Sector 3,Sector 3,București,Est,2
Staer 7,Staer 7,Cpt Juverdeanu,București neatribuit,București neatribuit,București,București neatribuit,2
Staer 7,Staer 7,Danubiu,București neatribuit,București neatribuit,București,București neatribuit,2
Staer 7,Staer 7,Deleni,Sector 2,Sector 2,București,Nord-Est,2
Staer 7,Staer 7,Delfinului,Sector 2,Sector 2,București,Nord-Est,2
Staer 7,Staer 7,Dinu Vintila,Sector 2,Sector 2,București,Nord-Est,2
Staer 7,Staer 7,Dna Ghica,Sector 2,Sector 2,București,Nord-Est,2
Staer 7,Staer 7,Dorneasca,București neatribuit,București neatribuit,București,București neatribuit,2
Staer 7,Staer 7,Drumul Padurea Pustnicu,Sector 1,Sector 1,București,Nord,2
Staer 7,Staer 7,Dunarii,București neatribuit,București neatribuit,București,București neatribuit,2
Staer 7,Staer 7,Elev Stefanescu,Sector 2,Sector 2,București,Nord-Est,2
Staer 7,Staer 7,Emanciparii,Sector 2,Sector 2,București,Nord-Est,2
Staer 7,Staer 7,Gabroveni,București neatribuit,București neatribuit,București,București neatribuit,2
Staer 7,Staer 7,Giurgiului,Sector 4,Sector 4,București,Sud,2
Staer 7,Staer 7,Gologanului,București neatribuit,București neatribuit,București,București neatribuit,2
Staer 7,Staer 7,Gorgan Spataru,Sector 2,Sector 2,București,Nord-Est,2
Staer 7,Staer 7,Grigore Alexandrescu,Sector 1,Sector 1,București,Nord,2
Staer 7,Staer 7,Gura Ialomitei,Sector 3,Sector 3,București,Est,2
Staer 7,Staer 7,Gureni,București neatribuit,București neatribuit,București,București neatribuit,2
Staer 7,Staer 7,Henri Coanda,București neatribuit,București neatribuit,București,București neatribuit,2
Staer 7,Staer 7,Herta,Sector 2,Sector 2,București,Nord-Est,2
Staer 7,Staer 7,Int Badeni,Sector 3,Sector 3,București,Est,2
Staer 7,Staer 7,Int Ceptura,București neatribuit,București neatribuit,București,București neatribuit,2
Staer 7,Staer 7,Int.glucozei,București neatribuit,București neatribuit,București,București neatribuit,2
Staer 7,Staer 7,Intrarea Viitorului,București neatribuit,București neatribuit,București,București neatribuit,2
Staer 7,Staer 7,Invalid Suliga Ion,București neatribuit,București neatribuit,București,București neatribuit,2
Staer 7,Staer 7,Ion Campineanu,București neatribuit,București neatribuit,București,București neatribuit,2
Staer 7,Staer 7,Iriceanu Ion,București neatribuit,București neatribuit,București,București neatribuit,2
Staer 7,Staer 7,Jan Steriadi,Sector 3,Sector 3,București,Est,2
Staer 7,Staer 7,Jimbolia,Sector 1,Sector 1,București,Nord,2
Staer 7,Staer 7,Joagarului,București neatribuit,București neatribuit,București,București neatribuit,2
Staer 7,Staer 7,Lanului,Sector 2,Sector 2,București,Nord-Est,2
Staer 7,Staer 7,Livrat,București neatribuit,București neatribuit,București,București neatribuit,2
Staer 7,Staer 7,Lt. Gheorghe Saidac,Sector 6,Sector 6,București,Vest,2
Staer 7,Staer 7,Lucretiu Patrascanu,Sector 3,Sector 3,București,Est,2
Staer 7,Staer 7,Maica Domnului,Sector 2,Sector 2,București,Nord-Est,2
Staer 7,Staer 7,Mihail Moxa,București neatribuit,București neatribuit,București,București neatribuit,2
Staer 7,Staer 7,Mircea Voda,Sector 3,Sector 3,București,Est,2
Staer 7,Staer 7,Mircea Vulcanescu,București neatribuit,București neatribuit,București,București neatribuit,2
Staer 7,Staer 7,Mohorului,Sector 6,Sector 6,București,Vest,2
Staer 7,Staer 7,Moldovita,Sector 4,Sector 4,București,Sud,2
Staer 7,Staer 7,Moroeni,București neatribuit,București neatribuit,București,București neatribuit,2
Staer 7,Staer 7,Moroieni,Sector 2,Sector 2,București,Nord-Est,2
Staer 7,Staer 7,Motilor,Sector 3,Sector 3,București,Est,2
Staer 7,Staer 7,Murguta,București neatribuit,București neatribuit,București,București neatribuit,2
Staer 7,Staer 7,Nehoiasi,Sector 5,Sector 5,București,Sud-Vest,2
Staer 7,Staer 7,Nicolae Canea,București neatribuit,București neatribuit,București,București neatribuit,2
Staer 7,Staer 7,Nicolae Titulescu,Sector 1,Sector 1,București,Nord,2
Staer 7,Staer 7,Oian Judetu,București neatribuit,București neatribuit,București,București neatribuit,2
Staer 7,Staer 7,Ozana,Sector 3,Sector 3,București,Est,2
Staer 7,Staer 7,Parangului,Sector 1,Sector 1,București,Nord,2
Staer 7,Staer 7,Pictor Harlescu,București neatribuit,București neatribuit,București,București neatribuit,2
Staer 7,Staer 7,Plt Petre Ionescu,Sector 3,Sector 3,București,Est,2
Staer 7,Staer 7,Poiana cu Aluni,București neatribuit,București neatribuit,București,București neatribuit,2
Staer 7,Staer 7,Polona,Sector 1,Sector 1,București,Nord,2
Staer 7,Staer 7,Portile de Fier,Sector 2,Sector 2,București,Nord-Est,2
Staer 7,Staer 7,Postasului,București neatribuit,București neatribuit,București,București neatribuit,2
Staer 7,Staer 7,Pravat,Sector 6,Sector 6,București,Vest,2
Staer 7,Staer 7,Radoveanu,București neatribuit,București neatribuit,București,București neatribuit,2
Staer 7,Staer 7,Ramnicu Valcea,Sector 3,Sector 3,București,Est,2
Staer 7,Staer 7,Raristei,București neatribuit,București neatribuit,București,București neatribuit,2
Staer 7,Staer 7,Remus,București neatribuit,București neatribuit,București,București neatribuit,2
Staer 7,Staer 7,Retezatului,București neatribuit,București neatribuit,București,București neatribuit,2
Staer 7,Staer 7,Rezervelor,Sector 6,Sector 6,București,Vest,2
Staer 7,Staer 7,Rimnicu Valcea,București neatribuit,București neatribuit,București,București neatribuit,2
Staer 7,Staer 7,Sandu Enache,Sector 2,Sector 2,București,Nord-Est,2
Staer 7,Staer 7,Serii,Sector 2,Sector 2,București,Nord-Est,2
Staer 7,Staer 7,Sg. Ion Iriceanu,București neatribuit,București neatribuit,București,București neatribuit,2
Staer 7,Staer 7,Silvia,București neatribuit,București neatribuit,București,București neatribuit,2
Staer 7,Staer 7,Slt Stanescu Gheorghe,București neatribuit,București neatribuit,București,București neatribuit,2
Staer 7,Staer 7,Smaranda Braescu,Sector 1,Sector 1,București,Nord,2
Staer 7,Staer 7,Sold. Ilie Mihail,București neatribuit,București neatribuit,București,București neatribuit,2
Staer 7,Staer 7,Spatarul Mihai,Sector 2,Sector 2,București,Nord-Est,2
Staer 7,Staer 7,Splaiul Aiul Uniri,București neatribuit,București neatribuit,București,București neatribuit,2
Staer 7,Staer 7,Splaiul Independenței,București neatribuit,București neatribuit,București,București neatribuit,2
Staer 7,Staer 7,Stefan Ciuca,București neatribuit,București neatribuit,București,București neatribuit,2
Staer 7,Staer 7,Stelian Mihale,Sector 3,Sector 3,București,Est,2
Staer 7,Staer 7,Strada Amintirii,Sector 1,Sector 1,București,Nord,2
Staer 7,Staer 7,Strada Brasov,Sector 6,Sector 6,București,Vest,2
Staer 7,Staer 7,Strada Constantin Titel Petrescu,Sector 6,Sector 6,București,Vest,2
Staer 7,Staer 7,Strada Democrației,Sector 4,Sector 4,București,Sud,2
Staer 7,Staer 7,Strada Hortensiei,Sector 2,Sector 2,București,Nord-Est,2
Staer 7,Staer 7,Strada Iacob Andrei,Sector 5,Sector 5,București,Sud-Vest,2
Staer 7,Staer 7,Strada Jean Steriadi,Sector 3,Sector 3,București,Est,2
Staer 7,Staer 7,Strada Jiului,Sector 1,Sector 1,București,Nord,2
Staer 7,Staer 7,Strada Mentiunii,Sector 2,Sector 2,București,Nord-Est,2
Staer 7,Staer 7,Strada Mihai Eminescu,București neatribuit,București neatribuit,București,București neatribuit,2
Staer 7,Staer 7,Strada Mihail Sebastian,Sector 5,Sector 5,București,Sud-Vest,2
Staer 7,Staer 7,Strada Nerva Traian,București neatribuit,București neatribuit,București,București neatribuit,2
Staer 7,Staer 7,Strada Sibiu,Sector 6,Sector 6,București,Vest,2
Staer 7,Staer 7,Strada Vașcău,București neatribuit,București neatribuit,București,București neatribuit,2
Staer 7,Staer 7,Strada Vigoniei,Sector 5,Sector 5,București,Sud-Vest,2
Staer 7,Staer 7,Strada Zboina Neagră,Sector 6,Sector 6,București,Vest,2
Staer 7,Staer 7,Șoseaua Alexandriei,Sector 5,Sector 5,București,Sud-Vest,2
Staer 7,Staer 7,Șoseaua Salaj,București neatribuit,București neatribuit,București,București neatribuit,2
Staer 7,Staer 7,Telega,Sector 1,Sector 1,București,Nord,2
Staer 7,Staer 7,Tudor Arghezi,București neatribuit,București neatribuit,București,București neatribuit,2
Staer 7,Staer 7,Tutunari,Sector 5,Sector 5,București,Sud-Vest,2
Staer 7,Staer 7,Unirii,București neatribuit,București neatribuit,București,București neatribuit,2
Staer 7,Staer 7,Unitatii,București neatribuit,București neatribuit,București,București neatribuit,2
Staer 7,Staer 7,Vacaresti,București neatribuit,București neatribuit,București,București neatribuit,2
Staer 7,Staer 7,Vasile Stolnicu,București neatribuit,București neatribuit,București,București neatribuit,2
Staer 7,Staer 7,Vintila Mihailescu,Sector 6,Sector 6,București,Vest,2
Staer 7,Staer 7,Vulcan Judetu,București neatribuit,București neatribuit,București,București neatribuit,2
Staer 7,Staer 7,Zambilelor,Sector 2,Sector 2,București,Nord-Est,2
Staer 7,Staer 7,Triumfului,Sector 1,Sector 1,București,Nord,2
Staer 7,Staer 7,Masina de Paine,Sector 2,Sector 2,București,Nord-Est,2
Staer 7,Staer 7,Moroieni,Sector 2,Sector 2,București,Nord-Est,2
Staer 7,Staer 7,Nada Florilor,Sector 2,Sector 2,București,Nord-Est,2
Staer 7,Staer 7,Pescarilor,Sector 2,Sector 2,București,Nord-Est,2
Staer 7,Staer 7,Plugusor,Sector 2,Sector 2,București,Nord-Est,2
Staer 7,Staer 7,Poiana cu Aluni,Sector 2,Sector 2,București,Nord-Est,2
Staer 7,Staer 7,Strada Rascoala din 1907,Sector 2,Sector 2,București,Nord-Est,2
Staer 7,Staer 7,Șoseaua Fundeni,Sector 2,Sector 2,București,Nord-Est,2
Staer 7,Staer 7,Luntrei,Sector 2,Sector 2,București,Nord-Est,2
Staer 7,Staer 7,Bulevardul Basarabia,Sector 3,Sector 3,București,Est,2
Staer 7,Staer 7,Aleea Ea Campul cu Flori,Sector 6,Sector 6,București,Vest,2
Staer 7,Staer 7,Bulevardul Timișoara,Sector 6,Sector 6,București,Vest,2
Staer 7,Staer 7,Strada Dristorului,Sector 3,Sector 3,București,Est,2
Staer 7,Staer 7,Bulevardul Rm. Sarat,Sector 3,Sector 3,București,Est,2
Staer 7,Staer 7,Calea Floreasca,Sector 1,Sector 1,București,Nord,2
Staer 7,Staer 7,Elev Stefanescu Stefan,Sector 2,Sector 2,București,Nord-Est,2
Staer 7,Staer 7,Șoseaua Iancului,Sector 2,Sector 2,București,Nord-Est,2
Staer 7,Staer 7,Cristea Mateescu,Sector 2,Sector 2,București,Nord-Est,2
Staer 7,Staer 7,Opanez,Sector 2,Sector 2,București,Nord-Est,2
Staer 7,Staer 7,Aleea Ghirlandei,Sector 6,Sector 6,București,Vest,2
Staer 7,Staer 7,Gladiolelor,Sector 6,Sector 6,București,Vest,2
Staer 7,Staer 7,Vanatorilor,București neatribuit,București neatribuit,București,București neatribuit,2
Staer 7,Staer 7,Sat Micsunesti,București neatribuit,București neatribuit,București,București neatribuit,2
Staer 7,Staer 7,Iancu Jianu,Sector 5,Sector 5,București,Sud-Vest,2
Staer 7,Staer 7,Fetesti,Sector 3,Sector 3,București,Est,2
Staer 7,Staer 7,Baiculesti,Sector 1,Sector 1,București,Nord,2
Staer 7,Staer 7,Bodesti,Sector 2,Sector 2,București,Nord-Est,2
Staer 7,Staer 7,Intrarea Rascoalei,Sector 2,Sector 2,București,Nord-Est,2
Staer 7,Staer 7,Magnoliei,Sector 2,Sector 2,București,Nord-Est,2
Staer 7,Staer 7,Strada Fantanica,Sector 2,Sector 2,București,Nord-Est,2
Staer 7,Staer 7,Drumul Fermei,București neatribuit,București neatribuit,București,București neatribuit,2
Staer 7,Staer 7,Strada Amurgului,București neatribuit,București neatribuit,București,București neatribuit,2
Staer 7,Staer 7,Calea Ea Rahovei,Sector 5,Sector 5,București,Sud-Vest,2
Staer 7,Staer 7,Aleea Ea Somesul Rece,Sector 1,Sector 1,București,Nord,2
Staer 7,Staer 7,Avionului,Sector 1,Sector 1,București,Nord,2
Staer 7,Staer 7,Banul Antonache,Sector 1,Sector 1,București,Nord,2
Staer 7,Staer 7,Bulevardul Iancu de Hunedoara,Sector 1,Sector 1,București,Nord,2
Staer 7,Staer 7,Bulevardul Mareșal Alexandru Averescu,Sector 1,Sector 1,București,Nord,2
Staer 7,Staer 7,Capalna,Sector 1,Sector 1,București,Nord,2
Staer 7,Staer 7,Feleacu,Sector 1,Sector 1,București,Nord,2
Staer 7,Staer 7,Mihai Viteazu,Sector 1,Sector 1,București,Nord,2
Staer 7,Staer 7,Navigatiei,Sector 1,Sector 1,București,Nord,2
Staer 7,Staer 7,Nicolae Titulescu,Sector 1,Sector 1,București,Nord,2
Staer 7,Staer 7,Parangului,Sector 1,Sector 1,București,Nord,2
Staer 7,Staer 7,Podului,Sector 1,Sector 1,București,Nord,2
Staer 7,Staer 7,Prometeu,Sector 1,Sector 1,București,Nord,2
Staer 7,Staer 7,Strada Amintirii,Sector 1,Sector 1,București,Nord,2
Staer 7,Staer 7,Strada Căpriorilor,Sector 1,Sector 1,București,Nord,2
Staer 7,Staer 7,Strada Clucerului,Sector 1,Sector 1,București,Nord,2
Staer 7,Staer 7,Strada Constantin Dobrogeanu Gherea,Sector 1,Sector 1,București,Nord,2
Staer 7,Staer 7,Strada Dionisie Lupu,Sector 1,Sector 1,București,Nord,2
Staer 7,Staer 7,Strada Siriului,Sector 1,Sector 1,București,Nord,2
Staer 7,Staer 7,Strada Zagazului,Sector 1,Sector 1,București,Nord,2
Staer 7,Staer 7,Șoseaua Nicolae Titulescu,Sector 1,Sector 1,București,Nord,2
Staer 7,Staer 7,Xandru Serbanescu,Sector 1,Sector 1,București,Nord,2
Staer 7,Staer 7,Abanosului,Sector 2,Sector 2,București,Nord-Est,2
Staer 7,Staer 7,Aleea Arubium,Sector 2,Sector 2,București,Nord-Est,2
Staer 7,Staer 7,Aleea Ea Cislau,Sector 2,Sector 2,București,Nord-Est,2
Staer 7,Staer 7,Aleea Ea Teiul Doamnei,Sector 2,Sector 2,București,Nord-Est,2
Staer 7,Staer 7,Aleea Mozaicului,Sector 2,Sector 2,București,Nord-Est,2
Staer 7,Staer 7,Banul Nicolae,Sector 2,Sector 2,București,Nord-Est,2
Staer 7,Staer 7,Barbu Vacarescu,Sector 2,Sector 2,București,Nord-Est,2
Staer 7,Staer 7,Bulevardul Ferdinand I,Sector 2,Sector 2,București,Nord-Est,2
Staer 7,Staer 7,Bulevardul Ghica Tei,Sector 2,Sector 2,București,Nord-Est,2
Staer 7,Staer 7,Bvd Basarabia,Sector 2,Sector 2,București,Nord-Est,2
Staer 7,Staer 7,Cernauti,Sector 2,Sector 2,București,Nord-Est,2
Staer 7,Staer 7,Constantin Merisescu,Sector 2,Sector 2,București,Nord-Est,2
Staer 7,Staer 7,Cpt Juverdeanu,Sector 2,Sector 2,București,Nord-Est,2
Staer 7,Staer 7,Cpt Valer Dumitrescu,Sector 2,Sector 2,București,Nord-Est,2
Staer 7,Staer 7,Delfinului,Sector 2,Sector 2,București,Nord-Est,2
Staer 7,Staer 7,Elev Stefanescu Stefan,Sector 2,Sector 2,București,Nord-Est,2
Staer 7,Staer 7,Erou Ion Scortan,Sector 2,Sector 2,București,Nord-Est,2
Staer 7,Staer 7,Fabrica de Gheta,Sector 2,Sector 2,București,Nord-Est,2
Staer 7,Staer 7,Hiramului,Sector 2,Sector 2,București,Nord-Est,2
Staer 7,Staer 7,Hispania,Sector 2,Sector 2,București,Nord-Est,2
Staer 7,Staer 7,Inaugurarii,Sector 2,Sector 2,București,Nord-Est,2
Staer 7,Staer 7,Inginerilor Tei,Sector 2,Sector 2,București,Nord-Est,2
Staer 7,Staer 7,Intrarea Viitorului,Sector 2,Sector 2,București,Nord-Est,2
Staer 7,Staer 7,Inului,Sector 2,Sector 2,București,Nord-Est,2
Staer 7,Staer 7,Kepler,Sector 2,Sector 2,București,Nord-Est,2
Staer 7,Staer 7,Lanului,Sector 2,Sector 2,București,Nord-Est,2
Staer 7,Staer 7,Maica Domnului,Sector 2,Sector 2,București,Nord-Est,2
Staer 7,Staer 7,Maria Rosetti,Sector 2,Sector 2,București,Nord-Est,2
Staer 7,Staer 7,Mihail Glinka,Sector 2,Sector 2,București,Nord-Est,2
Staer 7,Staer 7,Nada Florilor,Sector 2,Sector 2,București,Nord-Est,2
Staer 7,Staer 7,NECUNOSCUTĂ,Sector 2,Sector 2,București,Nord-Est,2
Staer 7,Staer 7,Plugusor,Sector 2,Sector 2,București,Nord-Est,2
Staer 7,Staer 7,Plumbuita,Sector 2,Sector 2,București,Nord-Est,2
Staer 7,Staer 7,Polixenia Radulescu,Sector 2,Sector 2,București,Nord-Est,2
Staer 7,Staer 7,Precupetii Vechi,Sector 2,Sector 2,București,Nord-Est,2
Staer 7,Staer 7,Rascola din 1907,Sector 2,Sector 2,București,Nord-Est,2
Staer 7,Staer 7,Silvia,Sector 2,Sector 2,București,Nord-Est,2
Staer 7,Staer 7,Stiucii,Sector 2,Sector 2,București,Nord-Est,2
Staer 7,Staer 7,Strada Dimitrie Grozdea,Sector 2,Sector 2,București,Nord-Est,2
Staer 7,Staer 7,Strada Elena,Sector 2,Sector 2,București,Nord-Est,2
Staer 7,Staer 7,Strada Fantanica,Sector 2,Sector 2,București,Nord-Est,2
Staer 7,Staer 7,Strada Grigore C Moisil,Sector 2,Sector 2,București,Nord-Est,2
Staer 7,Staer 7,Strada Hortensiei,Sector 2,Sector 2,București,Nord-Est,2
Staer 7,Staer 7,Strada Mentiunii,Sector 2,Sector 2,București,Nord-Est,2
Staer 7,Staer 7,Strada Ziduri Intre VII,Sector 2,Sector 2,București,Nord-Est,2
Staer 7,Staer 7,Șoseaua Dobroiesti,Sector 2,Sector 2,București,Nord-Est,2
Staer 7,Staer 7,Șoseaua Morarilor,Sector 2,Sector 2,București,Nord-Est,2
Staer 7,Staer 7,Tuzla,Sector 2,Sector 2,București,Nord-Est,2
Staer 7,Staer 7,Velintei,Sector 2,Sector 2,București,Nord-Est,2
Staer 7,Staer 7,Aleea Banu Udrea,Sector 3,Sector 3,București,Est,2
Staer 7,Staer 7,Aleea Barajul Cucuteni,Sector 3,Sector 3,București,Est,2
Staer 7,Staer 7,Aleea Buhusi,Sector 3,Sector 3,București,Est,2
Staer 7,Staer 7,Aleea Codrii Neamtului,Sector 3,Sector 3,București,Est,2
Staer 7,Staer 7,Aleea Lunca Bradului,Sector 3,Sector 3,București,Est,2
Staer 7,Staer 7,Aleea Patulului,Sector 3,Sector 3,București,Est,2
Staer 7,Staer 7,Bulevardul 1 Decembrie,Sector 3,Sector 3,București,Est,2
Staer 7,Staer 7,Bulevardul Decebal,Sector 3,Sector 3,București,Est,2
Staer 7,Staer 7,Bulevardul Nicolae Grigorescu,Sector 3,Sector 3,București,Est,2
Staer 7,Staer 7,Bulevardul Pictor Nicolae Grigorescu,Sector 3,Sector 3,București,Est,2
Staer 7,Staer 7,Bulevardul Unirii,Sector 3,Sector 3,București,Est,2
Staer 7,Staer 7,Burdujeni,Sector 3,Sector 3,București,Est,2
Staer 7,Staer 7,Bvd 1 Decembrie 1918,Sector 3,Sector 3,București,Est,2
Staer 7,Staer 7,Campia Libertati,Sector 3,Sector 3,București,Est,2
Staer 7,Staer 7,Drumul Gura Siriului,Sector 3,Sector 3,București,Est,2
Staer 7,Staer 7,Franceza,Sector 3,Sector 3,București,Est,2
Staer 7,Staer 7,Gura Ialomitei,Sector 3,Sector 3,București,Est,2
Staer 7,Staer 7,Gura Vadului,Sector 3,Sector 3,București,Est,2
Staer 7,Staer 7,Intrarea Area Barsei,Sector 3,Sector 3,București,Est,2
Staer 7,Staer 7,Intrarea Area Patinoarului,Sector 3,Sector 3,București,Est,2
Staer 7,Staer 7,Ion Minulescu,Sector 3,Sector 3,București,Est,2
Staer 7,Staer 7,Laborator,Sector 3,Sector 3,București,Est,2
Staer 7,Staer 7,Lucretiu Patrascanu,Sector 3,Sector 3,București,Est,2
Staer 7,Staer 7,Mihai Bravu,Sector 3,Sector 3,București,Est,2
Staer 7,Staer 7,Motilor,Sector 3,Sector 3,București,Est,2
Staer 7,Staer 7,Schitului,Sector 3,Sector 3,București,Est,2
Staer 7,Staer 7,Srg Petrache Florea,Sector 3,Sector 3,București,Est,2
Staer 7,Staer 7,Strada Răcari,Sector 3,Sector 3,București,Est,2
Staer 7,Staer 7,Tomis,Sector 3,Sector 3,București,Est,2
Staer 7,Staer 7,Unirii,Sector 3,Sector 3,București,Est,2
Staer 7,Staer 7,Valea Buzaului,Sector 3,Sector 3,București,Est,2
Staer 7,Staer 7,Voronet,Sector 3,Sector 3,București,Est,2
Staer 7,Staer 7,Aleea Covasna,Sector 4,Sector 4,București,Sud,2
Staer 7,Staer 7,Aleea Cricovul Dulce,Sector 4,Sector 4,București,Sud,2
Staer 7,Staer 7,Aleea Ea Tomesti,Sector 4,Sector 4,București,Sud,2
Staer 7,Staer 7,Aleea Terasei,Sector 4,Sector 4,București,Sud,2
Staer 7,Staer 7,Baladei,Sector 4,Sector 4,București,Sud,2
Staer 7,Staer 7,Bulevardul C-Tin Brancoveanu,Sector 4,Sector 4,București,Sud,2
Staer 7,Staer 7,Calea Serban Voda,Sector 4,Sector 4,București,Sud,2
Staer 7,Staer 7,Caramidarii de Jos,Sector 4,Sector 4,București,Sud,2
Staer 7,Staer 7,Constantin Radulescu Motru,Sector 4,Sector 4,București,Sud,2
Staer 7,Staer 7,Gladitei,Sector 4,Sector 4,București,Sud,2
Staer 7,Staer 7,Moldovita,Sector 4,Sector 4,București,Sud,2
Staer 7,Staer 7,Piscului,Sector 4,Sector 4,București,Sud,2
Staer 7,Staer 7,Pomirla,Sector 4,Sector 4,București,Sud,2
Staer 7,Staer 7,Stanjeneilor,Sector 4,Sector 4,București,Sud,2
Staer 7,Staer 7,Strada Luica,Sector 4,Sector 4,București,Sud,2
Staer 7,Staer 7,Strada Măriuca,Sector 4,Sector 4,București,Sud,2
Staer 7,Staer 7,Strada Turnu Măgurele,Sector 4,Sector 4,București,Sud,2
Staer 7,Staer 7,Șoseaua Vitan Barzesti,Sector 4,Sector 4,București,Sud,2
Staer 7,Staer 7,Uioara,Sector 4,Sector 4,București,Sud,2
Staer 7,Staer 7,Viorele,Sector 4,Sector 4,București,Sud,2
Staer 7,Staer 7,Bulevardul Națiunile Unite,Sector 5,Sector 5,București,Sud-Vest,2
Staer 7,Staer 7,Calea 13 Septembrie,Sector 5,Sector 5,București,Sud-Vest,2
Staer 7,Staer 7,Salaj,Sector 5,Sector 5,București,Sud-Vest,2
Staer 7,Staer 7,Strada Bârnova,Sector 5,Sector 5,București,Sud-Vest,2
Staer 7,Staer 7,Șoseaua Panduri,Sector 5,Sector 5,București,Sud-Vest,2
Staer 7,Staer 7,Șoseaua Viilor,Sector 5,Sector 5,București,Sud-Vest,2
Staer 7,Staer 7,Tutunari,Sector 5,Sector 5,București,Sud-Vest,2
Staer 7,Staer 7,Ajustorului,Sector 6,Sector 6,București,Vest,2
Staer 7,Staer 7,Aleea Ghirlandei,Sector 6,Sector 6,București,Vest,2
Staer 7,Staer 7,Aleea Valea Calugareasca,Sector 6,Sector 6,București,Vest,2
Staer 7,Staer 7,Calea Ea Plevnei,Sector 6,Sector 6,București,Vest,2
Staer 7,Staer 7,Dealului,Sector 6,Sector 6,București,Vest,2
Staer 7,Staer 7,Intrarea Area Dusului,Sector 6,Sector 6,București,Vest,2
Staer 7,Staer 7,Mehadia,Sector 6,Sector 6,București,Vest,2
Staer 7,Staer 7,Splaiul Independenței,Sector 6,Sector 6,București,Vest,2
Staer 7,Staer 7,Strada Cetatea de Balta,Sector 6,Sector 6,București,Vest,2
Staer 7,Staer 7,Strada Cupolei,Sector 6,Sector 6,București,Vest,2
Staer 7,Staer 7,Strada Valea Argeșului,Sector 6,Sector 6,București,Vest,2
Staer 7,Staer 7,Șoseaua Virtuții,Sector 6,Sector 6,București,Vest,2
Staer 7,Staer 7,Aleea Rotunda,Sector 3,Sector 3,București,Est,2
Staer 7,Staer 7,Bulevardul 1 Decembrie 1918,Sector 3,Sector 3,București,Est,2
Staer 7,Staer 7,Burdujeni,Sector 3,Sector 3,București,Est,2
Staer 7,Staer 7,Lotusului,București neatribuit,București neatribuit,București,București neatribuit,2
Staer 7,Staer 7,Nicolae Iorga,București neatribuit,București neatribuit,București,București neatribuit,2
Staer 7,Staer 7,Prahova,București neatribuit,București neatribuit,București,București neatribuit,2
Staer 7,Staer 7,Scolii,București neatribuit,București neatribuit,București,București neatribuit,2
Staer 7,Staer 7,Aleea Covasna,Sector 4,Sector 4,București,Sud,2
Staer 7,Staer 7,Aleea Emil Racovita,Sector 4,Sector 4,București,Sud,2
Staer 7,Staer 7,Caporal Ghe. Ion,Sector 4,Sector 4,București,Sud,2
Staer 7,Staer 7,Strada Măriuca,Sector 4,Sector 4,București,Sud,2
Staer 7,Staer 7,Șoseaua Berceni,Sector 4,Sector 4,București,Sud,2
Staer 7,Staer 7,Bulevardul Timișoara,Sector 6,Sector 6,București,Vest,2
Staer 7,Staer 7,Șoseaua Iancului,Sector 2,Sector 2,București,Nord-Est,2
Staer 7,Staer 7,Margeanului,Sector 5,Sector 5,București,Sud-Vest,2
Staer 7,Staer 7,Teiul Doamnei,Sector 2,Sector 2,București,Nord-Est,2
Staer 7,Staer 7,Turda,Sector 1,Sector 1,București,Nord,2
Staer 7,Staer 7,Bulevardul Timișoara,Sector 6,Sector 6,București,Vest,2
Staer 7,Staer 7,Șoseaua Alexandriei,Sector 5,Sector 5,București,Sud-Vest,2
Staer 7,Staer 7,Lecturii,Sector 2,Sector 2,București,Nord-Est,2
Staer 7,Staer 7,Lanternei,Sector 2,Sector 2,București,Nord-Est,2
Staer 7,Staer 7,Bulevardul Doamna Ghica,Sector 2,Sector 2,București,Nord-Est,2
Staer 7,Staer 7,Ciresului,Sector 2,Sector 2,București,Nord-Est,2
Staer 7,Staer 7,Prelungirea Ungirea Ghencea,Sector 6,Sector 6,București,Vest,2
Staer 7,Staer 7,Albastrelelor,Afumați,—,Ilfov,Nord-Est,2
Staer 7,Staer 7,Garoafelor,Afumați,—,Ilfov,Nord-Est,2
Staer 7,Staer 7,I L Caragiale,Afumați,—,Ilfov,Nord-Est,2
Staer 7,Staer 7,Ioan Slavici,Afumați,—,Ilfov,Nord-Est,2
Staer 7,Staer 7,Leordeni,Afumați,—,Ilfov,Nord-Est,2
Staer 7,Staer 7,Mihai Bravu,Afumați,—,Ilfov,Nord-Est,2
Staer 7,Staer 7,Morii,Afumați,—,Ilfov,Nord-Est,2
Staer 7,Staer 7,Petrechioaia,Afumați,—,Ilfov,Nord-Est,2
Staer 7,Staer 7,Trandafirului,Afumați,—,Ilfov,Nord-Est,2
Staer 7,Staer 7,Bulevardul 1 Mai,Berceni (Ilfov),—,Ilfov,Sud,2
Staer 7,Staer 7,Diamantului,Bragadiru,—,Ilfov,Sud-Vest,2
Staer 7,Staer 7,Garofitei,Bragadiru,—,Ilfov,Sud-Vest,2
Staer 7,Staer 7,Prelungirea Ghencea 133,Bragadiru,—,Ilfov,Sud-Vest,2
Staer 7,Staer 7,Orastiei,Brănești,—,Ilfov,Est,2
Staer 7,Staer 7,Traian,Brănești,—,Ilfov,Est,2
Staer 7,Staer 7,Șoseaua Bucuresti Targoviste,Buftea,—,Ilfov,Nord,2
Staer 7,Staer 7,Șoseaua Oltului,Buftea,—,Ilfov,Nord,2
Staer 7,Staer 7,Drumul Bacriului,Chiajna–Roșu–Dudu,—,Ilfov,Vest,2
Staer 7,Staer 7,Gladiolelor,Chiajna–Roșu–Dudu,—,Ilfov,Vest,2
Staer 7,Staer 7,Orhideelor,Chiajna–Roșu–Dudu,—,Ilfov,Vest,2
Staer 7,Staer 7,Tineretului,Chiajna–Roșu–Dudu,—,Ilfov,Vest,2
Staer 7,Staer 7,Tudor Vladimirescu,Chitila,—,Ilfov,Vest,2
Staer 7,Staer 7,Unirii,Corbeanca,—,Ilfov,Nord,2
Staer 7,Staer 7,Crinului,Cornetu,—,Ilfov,Sud-Vest,2
Staer 7,Staer 7,Șoseaua Alexandriei,Cornetu,—,Ilfov,Sud-Vest,2
Staer 7,Staer 7,Apusului,Dascălu,—,Ilfov,Nord-Est,2
Staer 7,Staer 7,Campina,Dascălu,—,Ilfov,Nord-Est,2
Staer 7,Staer 7,Victoriei,Dascălu,—,Ilfov,Nord-Est,2
Staer 7,Staer 7,Intrarea Area Ciresului,Dobroești,—,Ilfov,Nord-Est,2
Staer 7,Staer 7,Orhideelor,Dobroești,—,Ilfov,Nord-Est,2
Staer 7,Staer 7,Zorilor,Dobroești,—,Ilfov,Nord-Est,2
Staer 7,Staer 7,Ion Lahovari,Balotești,—,Ilfov,Nord,2
Staer 7,Staer 7,Strada Cireșului,Fundeni,—,Ilfov,Ilfov neatribuit,2
Staer 7,Staer 7,Libertatii,Ganeasa,—,Ilfov,Ilfov neatribuit,2
Staer 7,Staer 7,Nicolae Balcescu,Ganeasa,—,Ilfov,Ilfov neatribuit,2
Staer 7,Staer 7,Stefan cel Mare,Ganeasa,—,Ilfov,Ilfov neatribuit,2
Staer 7,Staer 7,Stefan cel Mare,Ganeasa Sat Ganeasa,—,Ilfov,Ilfov neatribuit,2
Staer 7,Staer 7,Sat Manolache,Glina,—,Ilfov,Est,2
Staer 7,Staer 7,Zambilelor,Gradistea,—,Ilfov,Ilfov neatribuit,2
Staer 7,Staer 7,1 Mai,Otopeni,—,Ilfov,Nord,2
Staer 7,Staer 7,Nicolae Iorga,Otopeni,—,Ilfov,Nord,2
Staer 7,Staer 7,Strada Ciprian Porumbescu,Otopeni,—,Ilfov,Nord,2
Staer 7,Staer 7,Strada Steaua Roșie,Otopeni,—,Ilfov,Nord,2
Staer 7,Staer 7,Șoseaua Bucuresti Ploiesti,Otopeni,—,Ilfov,Nord,2
Staer 7,Staer 7,Birsei,Pantelimon,—,Ilfov,Nord-Est,2
Staer 7,Staer 7,Bulevardul Biruintei,Pantelimon,—,Ilfov,Nord-Est,2
Staer 7,Staer 7,Eroilor,Pantelimon,—,Ilfov,Nord-Est,2
Staer 7,Staer 7,Livezilor III,Pantelimon,—,Ilfov,Nord-Est,2
Staer 7,Staer 7,Șoseaua Viilor,Pantelimon,—,Ilfov,Nord-Est,2
Staer 7,Staer 7,Pipera Tunari,Voluntari–Pipera,—,Ilfov,Nord,2
Staer 7,Staer 7,Splaiul Aiul Unirii,Popești-Leordeni,—,Ilfov,Sud,2
Staer 7,Staer 7,Laurentiu Raiciu,Popești-Leordeni,—,Ilfov,Sud,2
Staer 7,Staer 7,Strada Biruinței,Popești-Leordeni,—,Ilfov,Sud,2
Staer 7,Staer 7,Strada Pârâul Rece,Popești-Leordeni,—,Ilfov,Sud,2
Staer 7,Staer 7,Strada Sf Agnes,Popești-Leordeni,—,Ilfov,Sud,2
Staer 7,Staer 7,NECUNOSCUTĂ,Ștefăneștii de Jos,—,Ilfov,Nord-Est,2
Staer 7,Staer 7,Șoseaua Stefanesti,Ștefăneștii de Jos,—,Ilfov,Nord-Est,2
Staer 7,Staer 7,Intrarea Fagaras,Ștefăneștii de Jos,—,Ilfov,Nord-Est,2
Staer 7,Staer 7,Brasov,Ștefăneștii de Jos,—,Ilfov,Nord-Est,2
Staer 7,Staer 7,Marin Sorescu,Tancabesti,—,Ilfov,Ilfov neatribuit,2
Staer 7,Staer 7,Codrului,Tunari,—,Ilfov,Nord,2
Staer 7,Staer 7,Ioan Slavici,Tunari,—,Ilfov,Nord,2
Staer 7,Staer 7,Nordului,Tunari,—,Ilfov,Nord,2
Staer 7,Staer 7,Orientului,Tunari,—,Ilfov,Nord,2
Staer 7,Staer 7,Bucegi,Voluntari–Pipera,—,Ilfov,Nord,2
Staer 7,Staer 7,Bulevardul Independentei,Voluntari–Pipera,—,Ilfov,Nord,2
Staer 7,Staer 7,Burghiului,Voluntari–Pipera,—,Ilfov,Nord,2
Staer 7,Staer 7,Buzaului,Voluntari–Pipera,—,Ilfov,Nord,2
Staer 7,Staer 7,Buzias,Voluntari–Pipera,—,Ilfov,Nord,2
Staer 7,Staer 7,Closca,Voluntari–Pipera,—,Ilfov,Nord,2
Staer 7,Staer 7,Constantin Pritopescu,Voluntari–Pipera,—,Ilfov,Nord,2
Staer 7,Staer 7,Drumul Bisericii,Voluntari–Pipera,—,Ilfov,Nord,2
Staer 7,Staer 7,Erou Mircea Marinescu,Voluntari–Pipera,—,Ilfov,Nord,2
Staer 7,Staer 7,Florilor,Voluntari–Pipera,—,Ilfov,Nord,2
Staer 7,Staer 7,George Cosbuc,Voluntari–Pipera,—,Ilfov,Nord,2
Staer 7,Staer 7,Ghe Doja,Voluntari–Pipera,—,Ilfov,Nord,2
Staer 7,Staer 7,Hotarele,Voluntari–Pipera,—,Ilfov,Nord,2
Staer 7,Staer 7,Hotarului,Voluntari–Pipera,—,Ilfov,Nord,2
Staer 7,Staer 7,IL Caragiale,Voluntari–Pipera,—,Ilfov,Nord,2
Staer 7,Staer 7,Libertatii,Voluntari–Pipera,—,Ilfov,Nord,2
Staer 7,Staer 7,Liliacului,Voluntari–Pipera,—,Ilfov,Nord,2
Staer 7,Staer 7,Maxim Gorki,Voluntari–Pipera,—,Ilfov,Nord,2
Staer 7,Staer 7,Nicolae Mohanescu,Voluntari–Pipera,—,Ilfov,Nord,2
Staer 7,Staer 7,Petofi Sandor,Voluntari–Pipera,—,Ilfov,Nord,2
Staer 7,Staer 7,Roza Luxemburg,Voluntari–Pipera,—,Ilfov,Nord,2
Staer 7,Staer 7,Siret,Voluntari–Pipera,—,Ilfov,Nord,2
Staer 7,Staer 7,Stefan cel Mare,Voluntari–Pipera,—,Ilfov,Nord,2
Staer 7,Staer 7,Stejarului,Voluntari–Pipera,—,Ilfov,Nord,2
Staer 7,Staer 7,Strada Prahova,Voluntari–Pipera,—,Ilfov,Nord,2
Staer 7,Staer 7,Tibucani,Voluntari–Pipera,—,Ilfov,Nord,2
Staer 7,Staer 7,Trandafirilor,Voluntari–Pipera,—,Ilfov,Nord,2
Staer 7,Staer 7,Videle,Voluntari–Pipera,—,Ilfov,Nord,2
Staer 7,Staer 7,Xandru Vlahuta,Voluntari–Pipera,—,Ilfov,Nord,2
Staer 9,Staer 9,Drumul Manastirea Varatec,Sector 6,Sector 6,București,Vest,2
Staer 9,Staer 9,Aleea Dealul Macinului,Sector 6,Sector 6,București,Vest,2
Staer 9,Staer 9,Aleea Dumbrava Noua,Sector 5,Sector 5,București,Sud-Vest,2
Staer 9,Staer 9,Aleea Ea Cetatuia,București neatribuit,București neatribuit,București,București neatribuit,2
Staer 9,Staer 9,Aleea Ea Circului,Sector 2,Sector 2,București,Nord-Est,2
Staer 9,Staer 9,Aleea Ea Parva,Sector 6,Sector 6,București,Vest,2
Staer 9,Staer 9,Aleea Valea lui Mihai,Sector 6,Sector 6,București,Vest,2
Staer 9,Staer 9,Azurului,Sector 6,Sector 6,București,Vest,2
Staer 9,Staer 9,Barierei,București neatribuit,București neatribuit,București,București neatribuit,2
Staer 9,Staer 9,Bulevardul Basarabia,București neatribuit,București neatribuit,București,București neatribuit,2
Staer 9,Staer 9,Bulevardul Constructorilor,Sector 6,Sector 6,București,Vest,2
Staer 9,Staer 9,Bulevardul Regina Elisabeta,Sector 5,Sector 5,București,Sud-Vest,2
Staer 9,Staer 9,Cetatea Histria,Sector 6,Sector 6,București,Vest,2
Staer 9,Staer 9,Ciocanesti,Sector 4,Sector 4,București,Sud,2
Staer 9,Staer 9,Drumul Gura Caliței,București neatribuit,București neatribuit,București,București neatribuit,2
Staer 9,Staer 9,Drumul Taberei,Sector 6,Sector 6,București,Vest,2
Staer 9,Staer 9,Dunavat,București neatribuit,București neatribuit,București,București neatribuit,2
Staer 9,Staer 9,Emanoil Buteica Aleea,București neatribuit,București neatribuit,București,București neatribuit,2
Staer 9,Staer 9,Frigului,București neatribuit,București neatribuit,București,București neatribuit,2
Staer 9,Staer 9,Gladiolelor,București neatribuit,București neatribuit,București,București neatribuit,2
Staer 9,Staer 9,Iernii,Sector 6,Sector 6,București,Vest,2
Staer 9,Staer 9,Intrarea Parului,Sector 3,Sector 3,București,Est,2
Staer 9,Staer 9,Lavandei,București neatribuit,București neatribuit,București,București neatribuit,2
Staer 9,Staer 9,Liviu Rebreanu,București neatribuit,București neatribuit,București,București neatribuit,2
Staer 9,Staer 9,Margelelor,Sector 6,Sector 6,București,Vest,2
Staer 9,Staer 9,NECUNOSCUTĂ,București neatribuit,București neatribuit,București,București neatribuit,2
Staer 9,Staer 9,Pantelimon,Sector 2,Sector 2,București,Nord-Est,2
Staer 9,Staer 9,Prunaru,București neatribuit,București neatribuit,București,București neatribuit,2
Staer 9,Staer 9,Ripiceni,Sector 2,Sector 2,București,Nord-Est,2
Staer 9,Staer 9,Strada Campia Libertatii,București neatribuit,București neatribuit,București,București neatribuit,2
Staer 9,Staer 9,Strada Cetatea de Balta,București neatribuit,București neatribuit,București,București neatribuit,2
Staer 9,Staer 9,Strada Petre Ispirescu,București neatribuit,București neatribuit,București,București neatribuit,2
Staer 9,Staer 9,Strada Sibiu,Sector 6,Sector 6,București,Vest,2
Staer 9,Staer 9,Strada Știrbei Vodă,Sector 1,Sector 1,București,Nord,2
Staer 9,Staer 9,Șoseaua Alexandria,Sector 5,Sector 5,București,Sud-Vest,2
Staer 9,Staer 9,Șoseaua Progresului,Sector 5,Sector 5,București,Sud-Vest,2
Staer 9,Staer 9,Targu Neamt,Sector 6,Sector 6,București,Vest,2
Staer 9,Staer 9,Valea Lunga,Sector 6,Sector 6,București,Vest,2
Staer 9,Staer 9,Vintila Mihailescu,Sector 6,Sector 6,București,Vest,2
Staer 9,Staer 9,Xandru Papiu Ilarian,București neatribuit,București neatribuit,București,București neatribuit,2
Staer 9,Staer 9,Abrud,Sector 1,Sector 1,București,Nord,2
Staer 9,Staer 9,Aulesti,Sector 1,Sector 1,București,Nord,2
Staer 9,Staer 9,Av Stefan Sanatescu,Sector 1,Sector 1,București,Nord,2
Staer 9,Staer 9,Baneasa,Sector 1,Sector 1,București,Nord,2
Staer 9,Staer 9,Barbu Lautaru,Sector 1,Sector 1,București,Nord,2
Staer 9,Staer 9,Brezoianu,Sector 1,Sector 1,București,Nord,2
Staer 9,Staer 9,Bulevardul Alex Ioan Cuza,Sector 1,Sector 1,București,Nord,2
Staer 9,Staer 9,Bulevardul Apicultorilor,Sector 1,Sector 1,București,Nord,2
Staer 9,Staer 9,Bulevardul Gheorghe Duca,Sector 1,Sector 1,București,Nord,2
Staer 9,Staer 9,Bulevardul Iancu de Hunedoara,Sector 1,Sector 1,București,Nord,2
Staer 9,Staer 9,Bulevardul Magheru,Sector 1,Sector 1,București,Nord,2
Staer 9,Staer 9,Calea Ea Dorobanti,Sector 1,Sector 1,București,Nord,2
Staer 9,Staer 9,Calea Ea Plevnei,Sector 1,Sector 1,București,Nord,2
Staer 9,Staer 9,Calea Ea Victoriei,Sector 1,Sector 1,București,Nord,2
Staer 9,Staer 9,Cecilia Cutescu Stork,Sector 1,Sector 1,București,Nord,2
Staer 9,Staer 9,Ciresoaia,Sector 1,Sector 1,București,Nord,2
Staer 9,Staer 9,Cotesti,Sector 1,Sector 1,București,Nord,2
Staer 9,Staer 9,Crisana,Sector 1,Sector 1,București,Nord,2
Staer 9,Staer 9,Dr Iacob Felix,Sector 1,Sector 1,București,Nord,2
Staer 9,Staer 9,Dr Padurea Neagra,Sector 1,Sector 1,București,Nord,2
Staer 9,Staer 9,Drumul Piscul Mosului,Sector 1,Sector 1,București,Nord,2
Staer 9,Staer 9,Duetului,Sector 1,Sector 1,București,Nord,2
Staer 9,Staer 9,Elena Vacarescu,Sector 1,Sector 1,București,Nord,2
Staer 9,Staer 9,Feleacu,Sector 1,Sector 1,București,Nord,2
Staer 9,Staer 9,George Calinescu,Sector 1,Sector 1,București,Nord,2
Staer 9,Staer 9,George Valentin Bibescu,Sector 1,Sector 1,București,Nord,2
Staer 9,Staer 9,Gheorghe Buciumat,Sector 1,Sector 1,București,Nord,2
Staer 9,Staer 9,Hrisovului,Sector 1,Sector 1,București,Nord,2
Staer 9,Staer 9,Ienuparului,Sector 1,Sector 1,București,Nord,2
Staer 9,Staer 9,Intrarea Biruintei,Sector 1,Sector 1,București,Nord,2
Staer 9,Staer 9,Intrarea Tocului,Sector 1,Sector 1,București,Nord,2
Staer 9,Staer 9,Ion Campineanu,Sector 1,Sector 1,București,Nord,2
Staer 9,Staer 9,Izbiceni,Sector 1,Sector 1,București,Nord,2
Staer 9,Staer 9,Lastarisului,Sector 1,Sector 1,București,Nord,2
Staer 9,Staer 9,Leandrului,Sector 1,Sector 1,București,Nord,2
Staer 9,Staer 9,Linistei,Sector 1,Sector 1,București,Nord,2
Staer 9,Staer 9,Maica Teofana,Sector 1,Sector 1,București,Nord,2
Staer 9,Staer 9,Maior Alexandru Campeanu,Sector 1,Sector 1,București,Nord,2
Staer 9,Staer 9,Mitropolit Andrei Saguna,Sector 1,Sector 1,București,Nord,2
Staer 9,Staer 9,Modestiei,Sector 1,Sector 1,București,Nord,2
Staer 9,Staer 9,Neagoe Voda,Sector 1,Sector 1,București,Nord,2
Staer 9,Staer 9,Nicolae Constantinescu,Sector 1,Sector 1,București,Nord,2
Staer 9,Staer 9,Nicolae Nicoleanu,Sector 1,Sector 1,București,Nord,2
Staer 9,Staer 9,Nuferilor,Sector 1,Sector 1,București,Nord,2
Staer 9,Staer 9,Octav Cocarascu,Sector 1,Sector 1,București,Nord,2
Staer 9,Staer 9,Pajurei,Sector 1,Sector 1,București,Nord,2
Staer 9,Staer 9,Parcului,Sector 1,Sector 1,București,Nord,2
Staer 9,Staer 9,Petru Rares,Sector 1,Sector 1,București,Nord,2
Staer 9,Staer 9,Piata Amzei,Sector 1,Sector 1,București,Nord,2
Staer 9,Staer 9,Pietei,Sector 1,Sector 1,București,Nord,2
Staer 9,Staer 9,Prahova,Sector 1,Sector 1,București,Nord,2
Staer 9,Staer 9,Radu Boiangiu,Sector 1,Sector 1,București,Nord,2
Staer 9,Staer 9,Roma,Sector 1,Sector 1,București,Nord,2
Staer 9,Staer 9,Sacele,Sector 1,Sector 1,București,Nord,2
Staer 9,Staer 9,Smaranda Braescu,Sector 1,Sector 1,București,Nord,2
Staer 9,Staer 9,Soveja,Sector 1,Sector 1,București,Nord,2
Staer 9,Staer 9,Stoica Ludescu,Sector 1,Sector 1,București,Nord,2
Staer 9,Staer 9,Strada Clucerului,Sector 1,Sector 1,București,Nord,2
Staer 9,Staer 9,Strada Mihai Eminescu,Sector 1,Sector 1,București,Nord,2
Staer 9,Staer 9,Șoseaua Chitiliei,Sector 1,Sector 1,București,Nord,2
Staer 9,Staer 9,Șoseaua Nordului,Sector 1,Sector 1,București,Nord,2
Staer 9,Staer 9,Șoseaua Odai,Sector 1,Sector 1,București,Nord,2
Staer 9,Staer 9,Șoseaua Odaii,Sector 1,Sector 1,București,Nord,2
Staer 9,Staer 9,Șoseaua Straulesti,Sector 1,Sector 1,București,Nord,2
Staer 9,Staer 9,Șoseaua Ștefan cel Mare,Sector 1,Sector 1,București,Nord,2
Staer 9,Staer 9,Telega,Sector 1,Sector 1,București,Nord,2
Staer 9,Staer 9,Teodosie Rudeanu,Sector 1,Sector 1,București,Nord,2
Staer 9,Staer 9,Topraisar,Sector 1,Sector 1,București,Nord,2
Staer 9,Staer 9,Triumfului,Sector 1,Sector 1,București,Nord,2
Staer 9,Staer 9,Vespasian,Sector 1,Sector 1,București,Nord,2
Staer 9,Staer 9,Aleea Ea Argedava,Sector 2,Sector 2,București,Nord-Est,2
Staer 9,Staer 9,Aleea Ea Cumidava,Sector 2,Sector 2,București,Nord-Est,2
Staer 9,Staer 9,Aleea Magura Vulturului,Sector 2,Sector 2,București,Nord-Est,2
Staer 9,Staer 9,Aleea Socului,Sector 2,Sector 2,București,Nord-Est,2
Staer 9,Staer 9,Bulevardul Doamna Ghica,Sector 2,Sector 2,București,Nord-Est,2
Staer 9,Staer 9,Bulevardul Ferdinand,Sector 2,Sector 2,București,Nord-Est,2
Staer 9,Staer 9,Bulevardul Ferdinand I,Sector 2,Sector 2,București,Nord-Est,2
Staer 9,Staer 9,Ciocarliei,Sector 2,Sector 2,București,Nord-Est,2
Staer 9,Staer 9,Costache Conachi,Sector 2,Sector 2,București,Nord-Est,2
Staer 9,Staer 9,Cristea Mateescu,Sector 2,Sector 2,București,Nord-Est,2
Staer 9,Staer 9,Cristescu Dima,Sector 2,Sector 2,București,Nord-Est,2
Staer 9,Staer 9,Delea Veche,Sector 2,Sector 2,București,Nord-Est,2
Staer 9,Staer 9,Elev Stefanescu,Sector 2,Sector 2,București,Nord-Est,2
Staer 9,Staer 9,Erou Ion Scortan,Sector 2,Sector 2,București,Nord-Est,2
Staer 9,Staer 9,Intrarea Mecet,Sector 2,Sector 2,București,Nord-Est,2
Staer 9,Staer 9,Intrarea Viitorului,Sector 2,Sector 2,București,Nord-Est,2
Staer 9,Staer 9,Ion Berindei,Sector 2,Sector 2,București,Nord-Est,2
Staer 9,Staer 9,Ion Maiorescu,Sector 2,Sector 2,București,Nord-Est,2
Staer 9,Staer 9,Melodiei,Sector 2,Sector 2,București,Nord-Est,2
Staer 9,Staer 9,Nada Florilor,Sector 2,Sector 2,București,Nord-Est,2
Staer 9,Staer 9,Pescarusului,Sector 2,Sector 2,București,Nord-Est,2
Staer 9,Staer 9,Poiana cu Aluni,Sector 2,Sector 2,București,Nord-Est,2
Staer 9,Staer 9,Raspantiilor,Sector 2,Sector 2,București,Nord-Est,2
Staer 9,Staer 9,Ritmului,Sector 2,Sector 2,București,Nord-Est,2
Staer 9,Staer 9,Rovine,Sector 2,Sector 2,București,Nord-Est,2
Staer 9,Staer 9,Strada Maior Ion Coravu,Sector 2,Sector 2,București,Nord-Est,2
Staer 9,Staer 9,Strada Vasile Lascăr,Sector 2,Sector 2,București,Nord-Est,2
Staer 9,Staer 9,Strada Ziduri Intre VII,Sector 2,Sector 2,București,Nord-Est,2
Staer 9,Staer 9,Șoseaua Morarilor,Sector 2,Sector 2,București,Nord-Est,2
Staer 9,Staer 9,Tampa,Sector 2,Sector 2,București,Nord-Est,2
Staer 9,Staer 9,Tarcaus,Sector 2,Sector 2,București,Nord-Est,2
Staer 9,Staer 9,Tugomir Voievod,Sector 2,Sector 2,București,Nord-Est,2
Staer 9,Staer 9,Tusnad,Sector 2,Sector 2,București,Nord-Est,2
Staer 9,Staer 9,Vaselor,Sector 2,Sector 2,București,Nord-Est,2
Staer 9,Staer 9,Vergului,Sector 2,Sector 2,București,Nord-Est,2
Staer 9,Staer 9,Aleea Adrian Carstea,Sector 3,Sector 3,București,Est,2
Staer 9,Staer 9,Aleea Barajul Bicaz,Sector 3,Sector 3,București,Est,2
Staer 9,Staer 9,Aleea Ea Adrian Cirstea,Sector 3,Sector 3,București,Est,2
Staer 9,Staer 9,Aleea Ea Barajul Lotru,Sector 3,Sector 3,București,Est,2
Staer 9,Staer 9,Aleea Ea Calistrat Hogas,Sector 3,Sector 3,București,Est,2
Staer 9,Staer 9,Aleea Ea Cioplea,Sector 3,Sector 3,București,Est,2
Staer 9,Staer 9,Aleea Ea Fetesti,Sector 3,Sector 3,București,Est,2
Staer 9,Staer 9,Aleea Ea Florin Ciungan,Sector 3,Sector 3,București,Est,2
Staer 9,Staer 9,Aleea Ea Ianca,Sector 3,Sector 3,București,Est,2
Staer 9,Staer 9,Aleea Ea Marius Emanoil Buteica,Sector 3,Sector 3,București,Est,2
Staer 9,Staer 9,Aleea Ea Postavaru,Sector 3,Sector 3,București,Est,2
Staer 9,Staer 9,Aleea Ea Ramnicu Valcea,Sector 3,Sector 3,București,Est,2
Staer 9,Staer 9,Aleea Ea Tandala,Sector 3,Sector 3,București,Est,2
Staer 9,Staer 9,Bogdan Gheorghe Tudor,Sector 3,Sector 3,București,Est,2
Staer 9,Staer 9,Bulevardul 1 Dec 1918,Sector 3,Sector 3,București,Est,2
Staer 9,Staer 9,Bulevardul Hristo Botev,Sector 3,Sector 3,București,Est,2
Staer 9,Staer 9,Bulevardul Mircea Vodă,Sector 3,Sector 3,București,Est,2
Staer 9,Staer 9,Burdujeni,Sector 3,Sector 3,București,Est,2
Staer 9,Staer 9,Campineanca,Sector 3,Sector 3,București,Est,2
Staer 9,Staer 9,Col Iosif Albu,Sector 3,Sector 3,București,Est,2
Staer 9,Staer 9,Corneliu Coposu,Sector 3,Sector 3,București,Est,2
Staer 9,Staer 9,Cozla,Sector 3,Sector 3,București,Est,2
Staer 9,Staer 9,Danubiu,Sector 3,Sector 3,București,Est,2
Staer 9,Staer 9,Dr Gura Ariesului,Sector 3,Sector 3,București,Est,2
Staer 9,Staer 9,Dr Lunca Jaristei,Sector 3,Sector 3,București,Est,2
Staer 9,Staer 9,Drumul Murgului,Sector 3,Sector 3,București,Est,2
Staer 9,Staer 9,Firidei,Sector 3,Sector 3,București,Est,2
Staer 9,Staer 9,Gheorghe Petrascu,Sector 3,Sector 3,București,Est,2
Staer 9,Staer 9,Gradinarilor,Sector 3,Sector 3,București,Est,2
Staer 9,Staer 9,Intrarea Area Horbotei,Sector 3,Sector 3,București,Est,2
Staer 9,Staer 9,Intrarea Odobesti,Sector 3,Sector 3,București,Est,2
Staer 9,Staer 9,Irisului,Sector 3,Sector 3,București,Est,2
Staer 9,Staer 9,Lotrioara,Sector 3,Sector 3,București,Est,2
Staer 9,Staer 9,Lt Aurel Botea,Sector 3,Sector 3,București,Est,2
Staer 9,Staer 9,Motilor,Sector 3,Sector 3,București,Est,2
Staer 9,Staer 9,Muresana,Sector 3,Sector 3,București,Est,2
Staer 9,Staer 9,Negostina,Sector 3,Sector 3,București,Est,2
Staer 9,Staer 9,Panait Cerna,Sector 3,Sector 3,București,Est,2
Staer 9,Staer 9,Pictor Victor Brauner,Sector 3,Sector 3,București,Est,2
Staer 9,Staer 9,Pl Petre Ionescu,Sector 3,Sector 3,București,Est,2
Staer 9,Staer 9,Popa Stoica Farcas,Sector 3,Sector 3,București,Est,2
Staer 9,Staer 9,Schitului,Sector 3,Sector 3,București,Est,2
Staer 9,Staer 9,Strada Dristorului,Sector 3,Sector 3,București,Est,2
Staer 9,Staer 9,Strada Istriei,Sector 3,Sector 3,București,Est,2
Staer 9,Staer 9,Strada Lemnisorului,Sector 3,Sector 3,București,Est,2
Staer 9,Staer 9,Strada Nucului,Sector 3,Sector 3,București,Est,2
Staer 9,Staer 9,Strada Răcari,Sector 3,Sector 3,București,Est,2
Staer 9,Staer 9,Strada Trapezului,Sector 3,Sector 3,București,Est,2
Staer 9,Staer 9,Strada Vlaicu Vodă,Sector 3,Sector 3,București,Est,2
Staer 9,Staer 9,Șoseaua Vitan Barzesti,Sector 3,Sector 3,București,Est,2
Staer 9,Staer 9,Unirii,Sector 3,Sector 3,București,Est,2
Staer 9,Staer 9,Valeriu Braniste,Sector 3,Sector 3,București,Est,2
Staer 9,Staer 9,Vantului,Sector 3,Sector 3,București,Est,2
Staer 9,Staer 9,Vitioara,Sector 3,Sector 3,București,Est,2
Staer 9,Staer 9,Vlad Dracul,Sector 3,Sector 3,București,Est,2
Staer 9,Staer 9,Zemes,Sector 3,Sector 3,București,Est,2
Staer 9,Staer 9,Aleea Cetatea Veche,Sector 4,Sector 4,București,Sud,2
Staer 9,Staer 9,Aleea Cricovul Dulce,Sector 4,Sector 4,București,Sud,2
Staer 9,Staer 9,Aleea Ea Calinesti,Sector 4,Sector 4,București,Sud,2
Staer 9,Staer 9,Aleea Ea Stupilor,Sector 4,Sector 4,București,Sud,2
Staer 9,Staer 9,Aleea Huedin,Sector 4,Sector 4,București,Sud,2
Staer 9,Staer 9,Aleea Tohani,Sector 4,Sector 4,București,Sud,2
Staer 9,Staer 9,Almasu MIC,Sector 4,Sector 4,București,Sud,2
Staer 9,Staer 9,Anton Bacalbasa,Sector 4,Sector 4,București,Sud,2
Staer 9,Staer 9,Baladei,Sector 4,Sector 4,București,Sud,2
Staer 9,Staer 9,Bulevardul Alexandru Obregia,Sector 4,Sector 4,București,Sud,2
Staer 9,Staer 9,Bulevardul Brancoveanu,Sector 4,Sector 4,București,Sud,2
Staer 9,Staer 9,Bulevardul Marasesti,Sector 4,Sector 4,București,Sud,2
Staer 9,Staer 9,Ciochina,Sector 4,Sector 4,București,Sud,2
Staer 9,Staer 9,Dr Cheile Turzii,Sector 4,Sector 4,București,Sud,2
Staer 9,Staer 9,Drumul Dealul Babii,Sector 4,Sector 4,București,Sud,2
Staer 9,Staer 9,Garnitei,Sector 4,Sector 4,București,Sud,2
Staer 9,Staer 9,Intrarea Area Ulmeni,Sector 4,Sector 4,București,Sud,2
Staer 9,Staer 9,Intrarea Crisul Alb,Sector 4,Sector 4,București,Sud,2
Staer 9,Staer 9,Izvorul Crisului,Sector 4,Sector 4,București,Sud,2
Staer 9,Staer 9,Izvorul Rece,Sector 4,Sector 4,București,Sud,2
Staer 9,Staer 9,Obolului,Sector 4,Sector 4,București,Sud,2
Staer 9,Staer 9,Pajistei,Sector 4,Sector 4,București,Sud,2
Staer 9,Staer 9,Piscului,Sector 4,Sector 4,București,Sud,2
Staer 9,Staer 9,Solstitiului,Sector 4,Sector 4,București,Sud,2
Staer 9,Staer 9,Spinis,Sector 4,Sector 4,București,Sud,2
Staer 9,Staer 9,Strada Panselelor,Sector 4,Sector 4,București,Sud,2
Staer 9,Staer 9,Strada Pridvorului,Sector 4,Sector 4,București,Sud,2
Staer 9,Staer 9,Strada Stoian Militaru,Sector 4,Sector 4,București,Sud,2
Staer 9,Staer 9,Tulnici,Sector 4,Sector 4,București,Sud,2
Staer 9,Staer 9,Aleea Ea Radaseni,Sector 5,Sector 5,București,Sud-Vest,2
Staer 9,Staer 9,Aleea Erou George Cristian Stanciu,Sector 5,Sector 5,București,Sud-Vest,2
Staer 9,Staer 9,Aleea Gradinii,Sector 5,Sector 5,București,Sud-Vest,2
Staer 9,Staer 9,Aleea Leresti,Sector 5,Sector 5,București,Sud-Vest,2
Staer 9,Staer 9,Anteaeriana,Sector 5,Sector 5,București,Sud-Vest,2
Staer 9,Staer 9,Arefului,Sector 5,Sector 5,București,Sud-Vest,2
Staer 9,Staer 9,Baltagului,Sector 5,Sector 5,București,Sud-Vest,2
Staer 9,Staer 9,Bascov,Sector 5,Sector 5,București,Sud-Vest,2
Staer 9,Staer 9,Botosani,Sector 5,Sector 5,București,Sud-Vest,2
Staer 9,Staer 9,Bulevardul Mihail Kogălniceanu,Sector 5,Sector 5,București,Sud-Vest,2
Staer 9,Staer 9,Bulevardul Regina Elisabeta,Sector 5,Sector 5,București,Sud-Vest,2
Staer 9,Staer 9,Calea 13 Sept,Sector 5,Sector 5,București,Sud-Vest,2
Staer 9,Staer 9,Calea Sebastian,Sector 5,Sector 5,București,Sud-Vest,2
Staer 9,Staer 9,Campia Burnas,Sector 5,Sector 5,București,Sud-Vest,2
Staer 9,Staer 9,Carol Davila,Sector 5,Sector 5,București,Sud-Vest,2
Staer 9,Staer 9,Clejani,Sector 5,Sector 5,București,Sud-Vest,2
Staer 9,Staer 9,Delureni,Sector 5,Sector 5,București,Sud-Vest,2
Staer 9,Staer 9,Doina,Sector 5,Sector 5,București,Sud-Vest,2
Staer 9,Staer 9,Dr Ion Ghiulamila,Sector 5,Sector 5,București,Sud-Vest,2
Staer 9,Staer 9,Drumul Maracineni,Sector 5,Sector 5,București,Sud-Vest,2
Staer 9,Staer 9,Drumul Vulturesti,Sector 5,Sector 5,București,Sud-Vest,2
Staer 9,Staer 9,Florarilor,Sector 5,Sector 5,București,Sud-Vest,2
Staer 9,Staer 9,Grigoreanu Petre,Sector 5,Sector 5,București,Sud-Vest,2
Staer 9,Staer 9,Grindu,Sector 5,Sector 5,București,Sud-Vest,2
Staer 9,Staer 9,Ilieana Cosanzeana,Sector 5,Sector 5,București,Sud-Vest,2
Staer 9,Staer 9,Intrarea Doina,Sector 5,Sector 5,București,Sud-Vest,2
Staer 9,Staer 9,Intrarea Teremia,Sector 5,Sector 5,București,Sud-Vest,2
Staer 9,Staer 9,Jirlau,Sector 5,Sector 5,București,Sud-Vest,2
Staer 9,Staer 9,Lacul Plopului,Sector 5,Sector 5,București,Sud-Vest,2
Staer 9,Staer 9,Loc Col Constantin Marinescu,Sector 5,Sector 5,București,Sud-Vest,2
Staer 9,Staer 9,Malcoci,Sector 5,Sector 5,București,Sud-Vest,2
Staer 9,Staer 9,Mestecanis,Sector 5,Sector 5,București,Sud-Vest,2
Staer 9,Staer 9,Mihai Voda,Sector 5,Sector 5,București,Sud-Vest,2
Staer 9,Staer 9,Misca Petre,Sector 5,Sector 5,București,Sud-Vest,2
Staer 9,Staer 9,Modoran Ene,Sector 5,Sector 5,București,Sud-Vest,2
Staer 9,Staer 9,Ofrandei,Sector 5,Sector 5,București,Sud-Vest,2
Staer 9,Staer 9,Panduri,Sector 5,Sector 5,București,Sud-Vest,2
Staer 9,Staer 9,Petre Paun,Sector 5,Sector 5,București,Sud-Vest,2
Staer 9,Staer 9,Serbota,Sector 5,Sector 5,București,Sud-Vest,2
Staer 9,Staer 9,Serg Nutu Ion,Sector 5,Sector 5,București,Sud-Vest,2
Staer 9,Staer 9,Sg Mj Nedeleanu Ion,Sector 5,Sector 5,București,Sud-Vest,2
Staer 9,Staer 9,Sold Ilie Mihai,Sector 5,Sector 5,București,Sud-Vest,2
Staer 9,Staer 9,Sold Vasile Croitoru,Sector 5,Sector 5,București,Sud-Vest,2
Staer 9,Staer 9,Soldat Tunsu Petre,Sector 5,Sector 5,București,Sud-Vest,2
Staer 9,Staer 9,Strada Amurgului,Sector 5,Sector 5,București,Sud-Vest,2
Staer 9,Staer 9,Strada Oltina,Sector 5,Sector 5,București,Sud-Vest,2
Staer 9,Staer 9,Suzana,Sector 5,Sector 5,București,Sud-Vest,2
Staer 9,Staer 9,Șoseaua Pandurilor,Sector 5,Sector 5,București,Sud-Vest,2
Staer 9,Staer 9,Șoseaua Progresului,Sector 5,Sector 5,București,Sud-Vest,2
Staer 9,Staer 9,Uranus,Sector 5,Sector 5,București,Sud-Vest,2
Staer 9,Staer 9,Agnita,Sector 6,Sector 6,București,Vest,2
Staer 9,Staer 9,Aleea Ea Arheologilor,Sector 6,Sector 6,București,Vest,2
Staer 9,Staer 9,Aleea Ea Ariesul Mare,Sector 6,Sector 6,București,Vest,2
Staer 9,Staer 9,Aleea Ea Masa Tacerii,Sector 6,Sector 6,București,Vest,2
Staer 9,Staer 9,Aleea Ea Valea Bujorului,Sector 6,Sector 6,București,Vest,2
Staer 9,Staer 9,Aleea Ea Zvoristea,Sector 6,Sector 6,București,Vest,2
Staer 9,Staer 9,Aleea Sandulesti,Sector 6,Sector 6,București,Vest,2
Staer 9,Staer 9,Aleea Valea Salciei,Sector 6,Sector 6,București,Vest,2
Staer 9,Staer 9,Alizeului,Sector 6,Sector 6,București,Vest,2
Staer 9,Staer 9,Apele VII,Sector 6,Sector 6,București,Vest,2
Staer 9,Staer 9,Azului,Sector 6,Sector 6,București,Vest,2
Staer 9,Staer 9,Boja,Sector 6,Sector 6,București,Vest,2
Staer 9,Staer 9,Bulevardul Ceahlau,Sector 6,Sector 6,București,Vest,2
Staer 9,Staer 9,Bulevardul Ceahlaul,Sector 6,Sector 6,București,Vest,2
Staer 9,Staer 9,Bulevardul Timisoarei,Sector 6,Sector 6,București,Vest,2
Staer 9,Staer 9,Bulevardul Tineretului,Sector 6,Sector 6,București,Vest,2
Staer 9,Staer 9,Bv.timisoara,Sector 6,Sector 6,București,Vest,2
Staer 9,Staer 9,Calea Bucuresti,Sector 6,Sector 6,București,Vest,2
Staer 9,Staer 9,Calea Ea Griviței,Sector 6,Sector 6,București,Vest,2
Staer 9,Staer 9,Calea Ea Plevnei,Sector 6,Sector 6,București,Vest,2
Staer 9,Staer 9,Caporal Eftimie Z.croitoru,Sector 6,Sector 6,București,Vest,2
Staer 9,Staer 9,Cara Anghel,Sector 6,Sector 6,București,Vest,2
Staer 9,Staer 9,Centurii,Sector 6,Sector 6,București,Vest,2
Staer 9,Staer 9,Cooperativei,Sector 6,Sector 6,București,Vest,2
Staer 9,Staer 9,Dobreni,Sector 6,Sector 6,București,Vest,2
Staer 9,Staer 9,Dr Valea Larga,Sector 6,Sector 6,București,Vest,2
Staer 9,Staer 9,Drajna,Sector 6,Sector 6,București,Vest,2
Staer 9,Staer 9,Drumul Valea Larga,Sector 6,Sector 6,București,Vest,2
Staer 9,Staer 9,Floarea Rosie,Sector 6,Sector 6,București,Vest,2
Staer 9,Staer 9,Geoagiu,Sector 6,Sector 6,București,Vest,2
Staer 9,Staer 9,Gladiolelor,Sector 6,Sector 6,București,Vest,2
Staer 9,Staer 9,Granitului,Sector 6,Sector 6,București,Vest,2
Staer 9,Staer 9,Iedului,Sector 6,Sector 6,București,Vest,2
Staer 9,Staer 9,Intrarea Area Dusului,Sector 6,Sector 6,București,Vest,2
Staer 9,Staer 9,Intrarea Crainicului,Sector 6,Sector 6,București,Vest,2
Staer 9,Staer 9,Intrarea Cucuruzului,Sector 6,Sector 6,București,Vest,2
Staer 9,Staer 9,Intrarea Ierbii,Sector 6,Sector 6,București,Vest,2
Staer 9,Staer 9,Intrarea Viforului,Sector 6,Sector 6,București,Vest,2
Staer 9,Staer 9,Moise Constantin,Sector 6,Sector 6,București,Vest,2
Staer 9,Staer 9,Muntii Gurghiului,Sector 6,Sector 6,București,Vest,2
Staer 9,Staer 9,Odgonului,Sector 6,Sector 6,București,Vest,2
Staer 9,Staer 9,Orsova,Sector 6,Sector 6,București,Vest,2
Staer 9,Staer 9,Paduretu,Sector 6,Sector 6,București,Vest,2
Staer 9,Staer 9,Partiturii,Sector 6,Sector 6,București,Vest,2
Staer 9,Staer 9,Partizanilor,Sector 6,Sector 6,București,Vest,2
Staer 9,Staer 9,Ramura Jiului,Sector 6,Sector 6,București,Vest,2
Staer 9,Staer 9,Rosiori de Vede,Sector 6,Sector 6,București,Vest,2
Staer 9,Staer 9,Rusetu,Sector 6,Sector 6,București,Vest,2
Staer 9,Staer 9,Sergent Cutieru Alexandru,Sector 6,Sector 6,București,Vest,2
Staer 9,Staer 9,Sg Constantin Apostol,Sector 6,Sector 6,București,Vest,2
Staer 9,Staer 9,Sg Cutieru,Sector 6,Sector 6,București,Vest,2
Staer 9,Staer 9,Stoian Popescu,Sector 6,Sector 6,București,Vest,2
Staer 9,Staer 9,Șoseaua Grozavesti,Sector 6,Sector 6,București,Vest,2
Staer 9,Staer 9,Vasile Adam,Sector 6,Sector 6,București,Vest,2
Staer 9,Staer 9,X Cutieru,Sector 6,Sector 6,București,Vest,2
Staer 9,Staer 9,X Cutierul,Sector 6,Sector 6,București,Vest,2
Staer 9,Staer 9,Negro Pontes,Afumați,—,Ilfov,Nord-Est,2
Staer 9,Staer 9,Calea Bucuresti,Balotești,—,Ilfov,Nord,2
Staer 9,Staer 9,Crinilor,Balotești,—,Ilfov,Nord,2
Staer 9,Staer 9,Lunii,Balotești,—,Ilfov,Nord,2
Staer 9,Staer 9,Strada Unitatii,Balotești,—,Ilfov,Nord,2
Staer 9,Staer 9,Unirii,Balotești,—,Ilfov,Nord,2
Staer 9,Staer 9,Zori de Zi,Balotești,—,Ilfov,Nord,2
Staer 9,Staer 9,1 Decembrie,Berceni (Ilfov),—,Ilfov,Sud,2
Staer 9,Staer 9,Bulevardul 1 Mai,Berceni (Ilfov),—,Ilfov,Sud,2
Staer 9,Staer 9,Intrarea Ciulin,Berceni (Ilfov),—,Ilfov,Sud,2
Staer 9,Staer 9,Macului,Berceni (Ilfov),—,Ilfov,Sud,2
Staer 9,Staer 9,Serelor,Berceni (Ilfov),—,Ilfov,Sud,2
Staer 9,Staer 9,Tuberozelor,Berceni (Ilfov),—,Ilfov,Sud,2
Staer 9,Staer 9,Aleea Ea Zambilelor,Bragadiru,—,Ilfov,Sud-Vest,2
Staer 9,Staer 9,Ametistului,Bragadiru,—,Ilfov,Sud-Vest,2
Staer 9,Staer 9,Cactusului,Bragadiru,—,Ilfov,Sud-Vest,2
Staer 9,Staer 9,Celofibrei,Bragadiru,—,Ilfov,Sud-Vest,2
Staer 9,Staer 9,Ciresari,Bragadiru,—,Ilfov,Sud-Vest,2
Staer 9,Staer 9,Dantelei,Bragadiru,—,Ilfov,Sud-Vest,2
Staer 9,Staer 9,Dumbravei,Bragadiru,—,Ilfov,Sud-Vest,2
Staer 9,Staer 9,Eroilor,Bragadiru,—,Ilfov,Sud-Vest,2
Staer 9,Staer 9,Freamatului,Bragadiru,—,Ilfov,Sud-Vest,2
Staer 9,Staer 9,Grivitei,Bragadiru,—,Ilfov,Sud-Vest,2
Staer 9,Staer 9,Plevnei,Bragadiru,—,Ilfov,Sud-Vest,2
Staer 9,Staer 9,Smardan,Bragadiru,—,Ilfov,Sud-Vest,2
Staer 9,Staer 9,Strada Mărțișor,Bragadiru,—,Ilfov,Sud-Vest,2
Staer 9,Staer 9,Șoseaua Clinceni,Bragadiru,—,Ilfov,Sud-Vest,2
Staer 9,Staer 9,Unirii,Bragadiru,—,Ilfov,Sud-Vest,2
Staer 9,Staer 9,Agricultori,Buftea,—,Ilfov,Nord,2
Staer 9,Staer 9,Bulevardul Mihai Eminescu,Buftea,—,Ilfov,Nord,2
Staer 9,Staer 9,Zorilor,Buftea,—,Ilfov,Nord,2
Staer 9,Staer 9,Prelungirea Ghencea,Cartierul Latin,—,Ilfov,Ilfov neatribuit,2
Staer 9,Staer 9,Toamnei,Cartierul Latin,—,Ilfov,Ilfov neatribuit,2
Staer 9,Staer 9,Aleea Ea Nucilor,Chiajna–Roșu–Dudu,—,Ilfov,Vest,2
Staer 9,Staer 9,Crinului,Chiajna–Roșu–Dudu,—,Ilfov,Vest,2
Staer 9,Staer 9,Dr Bacriului,Chiajna–Roșu–Dudu,—,Ilfov,Vest,2
Staer 9,Staer 9,Gladiolelor,Chiajna–Roșu–Dudu,—,Ilfov,Vest,2
Staer 9,Staer 9,Intrarea Canalului,Chiajna–Roșu–Dudu,—,Ilfov,Vest,2
Staer 9,Staer 9,Intrarea Eroului,Chiajna–Roșu–Dudu,—,Ilfov,Vest,2
Staer 9,Staer 9,Intrarea Razorului,Chiajna–Roșu–Dudu,—,Ilfov,Vest,2
Staer 9,Staer 9,Ion Luca Caragiale,Chiajna–Roșu–Dudu,—,Ilfov,Vest,2
Staer 9,Staer 9,Srg Ilie Petre,Chiajna–Roșu–Dudu,—,Ilfov,Vest,2
Staer 9,Staer 9,Strada Vlad Tepes,Chiajna–Roșu–Dudu,—,Ilfov,Vest,2
Staer 9,Staer 9,Toamnei,Chiajna–Roșu–Dudu,—,Ilfov,Vest,2
Staer 9,Staer 9,Viilor,Chiajna–Roșu–Dudu,—,Ilfov,Vest,2
Staer 9,Staer 9,Weiner Pallada,Chiajna–Roșu–Dudu,—,Ilfov,Vest,2
Staer 9,Staer 9,Weinner Palada,Chiajna–Roșu–Dudu,—,Ilfov,Vest,2
Staer 9,Staer 9,Tineretului,Chiajna–Roșu–Dudu,—,Ilfov,Vest,2
Staer 9,Staer 9,Gentianei,Chiajna–Roșu–Dudu,—,Ilfov,Vest,2
Staer 9,Staer 9,IL Caragiale,Chiajna–Roșu–Dudu,—,Ilfov,Vest,2
Staer 9,Staer 9,Intrarea Area Canalului,Chiajna–Roșu–Dudu,—,Ilfov,Vest,2
Staer 9,Staer 9,Sg Ilie Petre,Chiajna–Roșu–Dudu,—,Ilfov,Vest,2
Staer 9,Staer 9,Wiener Palada,Chiajna–Roșu–Dudu,—,Ilfov,Vest,2
Staer 9,Staer 9,Drumul Piscului,Ciolpani,—,Ilfov,Ilfov neatribuit,2
Staer 9,Staer 9,Fermei,Ciolpani,—,Ilfov,Ilfov neatribuit,2
Staer 9,Staer 9,Intrarea Putul Olteni,Clinceni,—,Ilfov,Sud-Vest,2
Staer 9,Staer 9,Monumentul Eroilor,Clinceni,—,Ilfov,Sud-Vest,2
Staer 9,Staer 9,Ortansei,Clinceni,—,Ilfov,Sud-Vest,2
Staer 9,Staer 9,Șoseaua Principala,Clinceni,—,Ilfov,Sud-Vest,2
Staer 9,Staer 9,Șoseaua Bucuresti-Domnesti,Clinceni,—,Ilfov,Sud-Vest,2
Staer 9,Staer 9,Cantonului,Corbeanca,—,Ilfov,Nord,2
Staer 9,Staer 9,Hipodromului,Corbeanca,—,Ilfov,Nord,2
Staer 9,Staer 9,Primaverii,Corbeanca,—,Ilfov,Nord,2
Staer 9,Staer 9,Scolii,Corbeanca,—,Ilfov,Nord,2
Staer 9,Staer 9,Șoseaua Unirii,Corbeanca,—,Ilfov,Nord,2
Staer 9,Staer 9,Unirii,Corbeanca,—,Ilfov,Nord,2
Staer 9,Staer 9,Ghioceilor,Corbeanca,—,Ilfov,Nord,2
Staer 9,Staer 9,Aeroportului,Cornetu,—,Ilfov,Sud-Vest,2
Staer 9,Staer 9,Crinului,Cornetu,—,Ilfov,Sud-Vest,2
Staer 9,Staer 9,Panselelor,Cornetu,—,Ilfov,Sud-Vest,2
Staer 9,Staer 9,Șoseaua Alexandriei,Cornetu,—,Ilfov,Sud-Vest,2
Staer 9,Staer 9,Berzelor,Crevedia,—,Ilfov,Ilfov neatribuit,2
Staer 9,Staer 9,1mai,Darasti,—,Ilfov,Ilfov neatribuit,2
Staer 9,Staer 9,Doinei,Dobroești,—,Ilfov,Nord-Est,2
Staer 9,Staer 9,Dr Garii,Dobroești,—,Ilfov,Nord-Est,2
Staer 9,Staer 9,Nicolae Balcescu,Dobroești,—,Ilfov,Nord-Est,2
Staer 9,Staer 9,Cararuia,Domnești,—,Ilfov,Sud-Vest,2
Staer 9,Staer 9,Ciocarliei,Domnești,—,Ilfov,Sud-Vest,2
Staer 9,Staer 9,Craitei,Domnești,—,Ilfov,Sud-Vest,2
Staer 9,Staer 9,Dr Targului,Domnești,—,Ilfov,Sud-Vest,2
Staer 9,Staer 9,Drumul Targului,Domnești,—,Ilfov,Sud-Vest,2
Staer 9,Staer 9,Floarea Soarelui,Domnești,—,Ilfov,Sud-Vest,2
Staer 9,Staer 9,Intrarea Foisorului,Domnești,—,Ilfov,Sud-Vest,2
Staer 9,Staer 9,Intrarea Frumoasa,Domnești,—,Ilfov,Sud-Vest,2
Staer 9,Staer 9,Intrarea Potcoavei,Domnești,—,Ilfov,Sud-Vest,2
Staer 9,Staer 9,Teiului,Domnești,—,Ilfov,Sud-Vest,2
Staer 9,Staer 9,Toamnei,Domnești,—,Ilfov,Sud-Vest,2
Staer 9,Staer 9,Trandafirilor,Domnești,—,Ilfov,Sud-Vest,2
Staer 9,Staer 9,Uverturii,Domnești,—,Ilfov,Sud-Vest,2
Staer 9,Staer 9,Teilor,Dragomirești,—,Ilfov,Vest,2
Staer 9,Staer 9,Daliei,Dragomirești,—,Ilfov,Vest,2
Staer 9,Staer 9,Visinilor,Dragomirești,—,Ilfov,Vest,2
Staer 9,Staer 9,Doinei,Fundeni,—,Ilfov,Ilfov neatribuit,2
Staer 9,Staer 9,Sf Petru,Glina,—,Ilfov,Est,2
Staer 9,Staer 9,Strada Odai,Jilava,—,Ilfov,Sud,2
Staer 9,Staer 9,Bucuresti,Măgurele,—,Ilfov,Sud-Vest,2
Staer 9,Staer 9,Intrarea Area Nefliu,Măgurele,—,Ilfov,Sud-Vest,2
Staer 9,Staer 9,Miraslau,Măgurele,—,Ilfov,Sud-Vest,2
Staer 9,Staer 9,Spinului,Măgurele,—,Ilfov,Sud-Vest,2
Staer 9,Staer 9,Ariei,Mogoșoaia,—,Ilfov,Nord,2
Staer 9,Staer 9,Astronomului,Mogoșoaia,—,Ilfov,Nord,2
Staer 9,Staer 9,Garoafelor,Mogoșoaia,—,Ilfov,Nord,2
Staer 9,Staer 9,Intrarea Poieni,Mogoșoaia,—,Ilfov,Nord,2
Staer 9,Staer 9,Vanatorilor,Mogoșoaia,—,Ilfov,Nord,2
Staer 9,Staer 9,Marin Sorescu,Odaile,—,Ilfov,Ilfov neatribuit,2
Staer 9,Staer 9,Belgrad,Otopeni,—,Ilfov,Nord,2
Staer 9,Staer 9,Const Brancoveanu,Otopeni,—,Ilfov,Nord,2
Staer 9,Staer 9,Constantin Brancoveanu,Otopeni,—,Ilfov,Nord,2
Staer 9,Staer 9,Drumul Viilor,Otopeni,—,Ilfov,Nord,2
Staer 9,Staer 9,Eroilor,Otopeni,—,Ilfov,Nord,2
Staer 9,Staer 9,Floare de Cais,Otopeni,—,Ilfov,Nord,2
Staer 9,Staer 9,Intrarea Violetelor,Otopeni,—,Ilfov,Nord,2
Staer 9,Staer 9,Margaritarului,Otopeni,—,Ilfov,Nord,2
Staer 9,Staer 9,Marin Sorescu,Otopeni,—,Ilfov,Nord,2
Staer 9,Staer 9,Oituz,Otopeni,—,Ilfov,Nord,2
Staer 9,Staer 9,Strada Drumul Gării Odăi,Otopeni,—,Ilfov,Nord,2
Staer 9,Staer 9,Traian,Otopeni,—,Ilfov,Nord,2
Staer 9,Staer 9,Nerei,Pantelimon,—,Ilfov,Nord-Est,2
Staer 9,Staer 9,Strada Principala,Periș,—,Ilfov,Nord,2
Staer 9,Staer 9,Eclipsei,Popești-Leordeni,—,Ilfov,Sud,2
Staer 9,Staer 9,Miraslau,Popești-Leordeni,—,Ilfov,Sud,2
Staer 9,Staer 9,Sperantei,Popești-Leordeni,—,Ilfov,Sud,2
Staer 9,Staer 9,Strada Cheiul Dâmboviței,Popești-Leordeni,—,Ilfov,Sud,2
Staer 9,Staer 9,Crinului,Chiajna–Roșu–Dudu,—,Ilfov,Vest,2
Staer 9,Staer 9,Marului,Dobroești,—,Ilfov,Nord-Est,2
Staer 9,Staer 9,Șoseaua Snagov,Snagov,—,Ilfov,Nord,2
Staer 9,Staer 9,Hortensiei,Ștefăneștii de Jos,—,Ilfov,Nord-Est,2
Staer 9,Staer 9,Lacului,Ștefăneștii de Jos,—,Ilfov,Nord-Est,2
Staer 9,Staer 9,Parcului,Ștefăneștii de Jos,—,Ilfov,Nord-Est,2
Staer 9,Staer 9,Șoseaua De Centura,Ștefăneștii de Jos,—,Ilfov,Nord-Est,2
Staer 9,Staer 9,Zorilor,Ștefăneștii de Jos,—,Ilfov,Nord-Est,2
Staer 9,Staer 9,Eroilor,Tunari,—,Ilfov,Nord,2
Staer 9,Staer 9,IL Caragiale,Tunari,—,Ilfov,Nord,2
Staer 9,Staer 9,Orientului,Tunari,—,Ilfov,Nord,2
Staer 9,Staer 9,Pelicanului,Tunari,—,Ilfov,Nord,2
Staer 9,Staer 9,Stefan cel Mare,Tunari,—,Ilfov,Nord,2
Staer 9,Staer 9,Tunari Balotesti,Tunari,—,Ilfov,Nord,2
Staer 9,Staer 9,Amza Pelea,Voluntari–Pipera,—,Ilfov,Nord,2
Staer 9,Staer 9,Dr Bisericii,Voluntari–Pipera,—,Ilfov,Nord,2
Staer 9,Staer 9,Emil Racovita,Voluntari–Pipera,—,Ilfov,Nord,2
Staer 9,Staer 9,Mihai Viteazu,Voluntari–Pipera,—,Ilfov,Nord,2
Staer 9,Staer 9,Popasului,Voluntari–Pipera,—,Ilfov,Nord,2
Staer 9,Staer 9,Sihlea,Voluntari–Pipera,—,Ilfov,Nord,2
Staer 9,Staer 9,Șoseaua Bucuresti Nord,Voluntari–Pipera,—,Ilfov,Nord,2
Staer 9,Staer 9,Viorele,Voluntari–Pipera,—,Ilfov,Nord,2
Staer 9,Staer 9,Bucuresti Nord,Voluntari–Pipera,—,Ilfov,Nord,2
Staer 9,Staer 9,Bulevardul Pipera,Voluntari–Pipera,—,Ilfov,Nord,2
Alis Ecomob SRL,Staer 9,Aleea Negru Voda,București neatribuit,București neatribuit,București,București neatribuit,1
Alis Ecomob SRL,Staer 9,Aragonitului,București neatribuit,București neatribuit,București,București neatribuit,1
Alis Ecomob SRL,Staer 9,Branduselor,București neatribuit,București neatribuit,București,București neatribuit,1
Alis Ecomob SRL,Staer 9,Bulevardul Carol I,București neatribuit,București neatribuit,București,București neatribuit,1
Alis Ecomob SRL,Staer 9,Bulevardul Chișinău,Sector 2,Sector 2,București,Nord-Est,1
Alis Ecomob SRL,Staer 9,Bulevardul Constantin Brâncoveanu,Sector 4,Sector 4,București,Sud,1
Alis Ecomob SRL,Staer 9,Bulevardul Mircea Vodă,Sector 3,Sector 3,București,Est,1
Alis Ecomob SRL,Staer 9,Bulevardul Pache Protopopescu,Sector 2,Sector 2,București,Nord-Est,1
Alis Ecomob SRL,Staer 9,Bulevardul Tineretului,București neatribuit,București neatribuit,București,București neatribuit,1
Alis Ecomob SRL,Staer 9,Calea Ea Plevnei,București neatribuit,București neatribuit,București,București neatribuit,1
Alis Ecomob SRL,Staer 9,Cap Ivan Anghelache,Sector 5,Sector 5,București,Sud-Vest,1
Alis Ecomob SRL,Staer 9,Craisorului,Sector 5,Sector 5,București,Sud-Vest,1
Alis Ecomob SRL,Staer 9,Iriceanu Ion,București neatribuit,București neatribuit,București,București neatribuit,1
Alis Ecomob SRL,Staer 9,Mihail Cioranu,București neatribuit,București neatribuit,București,București neatribuit,1
Alis Ecomob SRL,Staer 9,Mitropolit Varlam,București neatribuit,București neatribuit,București,București neatribuit,1
Alis Ecomob SRL,Staer 9,Mosoaia,Sector 4,Sector 4,București,Sud,1
Alis Ecomob SRL,Staer 9,Petru Maior,București neatribuit,București neatribuit,București,București neatribuit,1
Alis Ecomob SRL,Staer 9,Prelungirea Ungirea Ghencea,Sector 6,Sector 6,București,Vest,1
Alis Ecomob SRL,Staer 9,Salviei,București neatribuit,București neatribuit,București,București neatribuit,1
Alis Ecomob SRL,Staer 9,Seg Maj Dumitru Samoila,București neatribuit,București neatribuit,București,București neatribuit,1
Alis Ecomob SRL,Staer 9,Sg Stefan Crisan,București neatribuit,București neatribuit,București,București neatribuit,1
Alis Ecomob SRL,Staer 9,Sold Vasile Croitoru,București neatribuit,București neatribuit,București,București neatribuit,1
Alis Ecomob SRL,Staer 9,Stefan Stoica,București neatribuit,București neatribuit,București,București neatribuit,1
Alis Ecomob SRL,Staer 9,Strada Emil Gârleanu,Sector 3,Sector 3,București,Est,1
Alis Ecomob SRL,Staer 9,Strada Petre Ispirescu,București neatribuit,București neatribuit,București,București neatribuit,1
Alis Ecomob SRL,Staer 9,Sublc Popa,București neatribuit,București neatribuit,București,București neatribuit,1
Alis Ecomob SRL,Staer 9,Teius,București neatribuit,București neatribuit,București,București neatribuit,1
Alis Ecomob SRL,Staer 9,Veteranilor,Sector 6,Sector 6,București,Vest,1
Alis Ecomob SRL,Staer 9,Vintila Mihailescu,Sector 6,Sector 6,București,Vest,1
Alis Ecomob SRL,Staer 9,Crinilor,București neatribuit,București neatribuit,București,București neatribuit,1
Alis Ecomob SRL,Staer 9,Piatra Rosie,București neatribuit,București neatribuit,București,București neatribuit,1
Alis Ecomob SRL,Staer 9,Aleea Niculitel,Sector 4,Sector 4,București,Sud,1
Alis Ecomob SRL,Staer 9,Berzei,Sector 4,Sector 4,București,Sud,1
Alis Ecomob SRL,Staer 9,Savinesti,Sector 4,Sector 4,București,Sud,1
Alis Ecomob SRL,Staer 9,Zambilei,București neatribuit,București neatribuit,București,București neatribuit,1
Alis Ecomob SRL,Staer 9,Anemonelor,București neatribuit,București neatribuit,București,București neatribuit,1
Alis Ecomob SRL,Staer 9,Caporalului,București neatribuit,București neatribuit,București,București neatribuit,1
Alis Ecomob SRL,Staer 9,Clinceni,București neatribuit,București neatribuit,București,București neatribuit,1
Alis Ecomob SRL,Staer 9,Dumbravei,București neatribuit,București neatribuit,București,București neatribuit,1
Alis Ecomob SRL,Staer 9,Garofitei,București neatribuit,București neatribuit,București,București neatribuit,1
Alis Ecomob SRL,Staer 9,Oituz,București neatribuit,București neatribuit,București,București neatribuit,1
Alis Ecomob SRL,Staer 9,Prl Ghencea,București neatribuit,București neatribuit,București,București neatribuit,1
Alis Ecomob SRL,Staer 9,Smaraldului,București neatribuit,București neatribuit,București,București neatribuit,1
Alis Ecomob SRL,Staer 9,Vointei,București neatribuit,București neatribuit,București,București neatribuit,1
Alis Ecomob SRL,Staer 9,Strada Aurel Perșu,București neatribuit,București neatribuit,București,București neatribuit,1
Alis Ecomob SRL,Staer 9,Șoseaua Bucuresti-Targoviste,Sector 1,Sector 1,București,Nord,1
Alis Ecomob SRL,Staer 9,Șoseaua Vitan Barzesti,București neatribuit,București neatribuit,București,București neatribuit,1
Alis Ecomob SRL,Staer 9,Aleea Tohani,Sector 4,Sector 4,București,Sud,1
Alis Ecomob SRL,Staer 9,Bulevardul Ghencea,București neatribuit,București neatribuit,București,București neatribuit,1
Alis Ecomob SRL,Staer 9,Usei,Sector 2,Sector 2,București,Nord-Est,1
Alis Ecomob SRL,Staer 9,Ghencea,Sector 6,Sector 6,București,Vest,1
Alis Ecomob SRL,Staer 9,Turda,Sector 1,Sector 1,București,Nord,1
Alis Ecomob SRL,Staer 9,Dr Grozovici,București neatribuit,București neatribuit,București,București neatribuit,1
Alis Ecomob SRL,Staer 9,Aleea Codrii Neamtului,București neatribuit,București neatribuit,București,București neatribuit,1
Alis Ecomob SRL,Staer 9,Dantelei,București neatribuit,București neatribuit,București,București neatribuit,1
Alis Ecomob SRL,Staer 9,Matei Constantin,București neatribuit,București neatribuit,București,București neatribuit,1
Alis Ecomob SRL,Staer 9,Șoseaua Olteniței,Sector 4,Sector 4,București,Sud,1
Alis Ecomob SRL,Staer 9,Berveni,Sector 1,Sector 1,București,Nord,1
Alis Ecomob SRL,Staer 9,Otopeni,București neatribuit,București neatribuit,București,București neatribuit,1
Alis Ecomob SRL,Staer 9,Aleea Dealul Macinului,Sector 6,Sector 6,București,Vest,1
Alis Ecomob SRL,Staer 9,Bulevardul Uverturii,Sector 6,Sector 6,București,Vest,1
Alis Ecomob SRL,Staer 9,13septembrie,București neatribuit,București neatribuit,București,București neatribuit,1
Alis Ecomob SRL,Staer 9,16 Februarie,Sector 1,Sector 1,București,Nord,1
Alis Ecomob SRL,Staer 9,9mai,București neatribuit,București neatribuit,București,București neatribuit,1
Alis Ecomob SRL,Staer 9,Actiunii,Sector 4,Sector 4,București,Sud,1
Alis Ecomob SRL,Staer 9,Acvila,București neatribuit,București neatribuit,București,București neatribuit,1
Alis Ecomob SRL,Staer 9,Aja,Sector 4,Sector 4,București,Sud,1
Alis Ecomob SRL,Staer 9,Al Campul cu Flori,București neatribuit,București neatribuit,București,București neatribuit,1
Alis Ecomob SRL,Staer 9,Aldeni,București neatribuit,București neatribuit,București,București neatribuit,1
Alis Ecomob SRL,Staer 9,Aleea A Pod Giurgiului,București neatribuit,București neatribuit,București,București neatribuit,1
Alis Ecomob SRL,Staer 9,Aleea Adrian Carstea,Sector 3,Sector 3,București,Est,1
Alis Ecomob SRL,Staer 9,Aleea Aliorului,Sector 4,Sector 4,București,Sud,1
Alis Ecomob SRL,Staer 9,Aleea Arinis,București neatribuit,București neatribuit,București,București neatribuit,1
Alis Ecomob SRL,Staer 9,Aleea Baia de Aries,Sector 6,Sector 6,București,Vest,1
Alis Ecomob SRL,Staer 9,Aleea Banu Udrea,Sector 3,Sector 3,București,Est,1
Alis Ecomob SRL,Staer 9,Aleea Barajul Cucuteni,Sector 3,Sector 3,București,Est,1
Alis Ecomob SRL,Staer 9,Aleea Barsanesti,Sector 6,Sector 6,București,Vest,1
Alis Ecomob SRL,Staer 9,Aleea Buhusi,Sector 3,Sector 3,București,Est,1
Alis Ecomob SRL,Staer 9,Aleea Cenusaresei,București neatribuit,București neatribuit,București,București neatribuit,1
Alis Ecomob SRL,Staer 9,Aleea Coloana Infinitului,București neatribuit,București neatribuit,București,București neatribuit,1
Alis Ecomob SRL,Staer 9,Aleea Dinogetia,București neatribuit,București neatribuit,București,București neatribuit,1
Alis Ecomob SRL,Staer 9,Aleea Dolina,Sector 4,Sector 4,București,Sud,1
Alis Ecomob SRL,Staer 9,Aleea Dorohoi,Sector 4,Sector 4,București,Sud,1
Alis Ecomob SRL,Staer 9,Aleea Dragos Mladinovici,București neatribuit,București neatribuit,București,București neatribuit,1
Alis Ecomob SRL,Staer 9,Aleea Ea Ariesul Mare,București neatribuit,București neatribuit,București,București neatribuit,1
Alis Ecomob SRL,Staer 9,Aleea Ea Bacau,București neatribuit,București neatribuit,București,București neatribuit,1
Alis Ecomob SRL,Staer 9,Aleea Ea Baraj Cucuteni,București neatribuit,București neatribuit,București,București neatribuit,1
Alis Ecomob SRL,Staer 9,Aleea Ea Baraj Lotru,București neatribuit,București neatribuit,București,București neatribuit,1
Alis Ecomob SRL,Staer 9,Aleea Ea Barajul Bistriței,Sector 3,Sector 3,București,Est,1
Alis Ecomob SRL,Staer 9,Aleea Ea Barajul Duinarii,București neatribuit,București neatribuit,București,București neatribuit,1
Alis Ecomob SRL,Staer 9,Aleea Ea Barajul Dunarii,București neatribuit,București neatribuit,București,București neatribuit,1
Alis Ecomob SRL,Staer 9,Aleea Ea Barajul Lotru,Sector 3,Sector 3,București,Est,1
Alis Ecomob SRL,Staer 9,Aleea Ea Calatis,Sector 6,Sector 6,București,Vest,1
Alis Ecomob SRL,Staer 9,Aleea Ea Cindrel,București neatribuit,București neatribuit,București,București neatribuit,1
Alis Ecomob SRL,Staer 9,Aleea Ea Compozitoril;or,București neatribuit,București neatribuit,București,București neatribuit,1
Alis Ecomob SRL,Staer 9,Aleea Ea Dumbravita,Sector 6,Sector 6,București,Vest,1
Alis Ecomob SRL,Staer 9,Aleea Ea Florin Ciungan,Sector 3,Sector 3,București,Est,1
Alis Ecomob SRL,Staer 9,Aleea Ea Giurgeni,Sector 3,Sector 3,București,Est,1
Alis Ecomob SRL,Staer 9,Aleea Ea Hobita,Sector 2,Sector 2,București,Nord-Est,1
Alis Ecomob SRL,Staer 9,Aleea Ea Ilia,București neatribuit,București neatribuit,București,București neatribuit,1
Alis Ecomob SRL,Staer 9,Aleea Ea Ion Agarbiceanu,Sector 3,Sector 3,București,Est,1
Alis Ecomob SRL,Staer 9,Aleea Ea Lunca Cernei,Sector 6,Sector 6,București,Vest,1
Alis Ecomob SRL,Staer 9,Aleea Ea Lunca Siretului,Sector 6,Sector 6,București,Vest,1
Alis Ecomob SRL,Staer 9,Aleea Ea Mizil,Sector 3,Sector 3,București,Est,1
Alis Ecomob SRL,Staer 9,Aleea Ea Platanului,Sector 5,Sector 5,București,Sud-Vest,1
Alis Ecomob SRL,Staer 9,Aleea Ea Poiana Sibiului,București neatribuit,București neatribuit,București,București neatribuit,1
Alis Ecomob SRL,Staer 9,Aleea Ea Potaisa,Sector 6,Sector 6,București,Vest,1
Alis Ecomob SRL,Staer 9,Aleea Ea Privighetorilor,Sector 1,Sector 1,București,Nord,1
Alis Ecomob SRL,Staer 9,Aleea Ea Sandava,București neatribuit,București neatribuit,București,București neatribuit,1
Alis Ecomob SRL,Staer 9,Aleea Ea Scolarilor,București neatribuit,București neatribuit,București,București neatribuit,1
Alis Ecomob SRL,Staer 9,Aleea Ea Stupilor,Sector 4,Sector 4,București,Sud,1
Alis Ecomob SRL,Staer 9,Aleea Ea Surianu,București neatribuit,București neatribuit,București,București neatribuit,1
Alis Ecomob SRL,Staer 9,Aleea Ea Topoloveni,Sector 6,Sector 6,București,Vest,1
Alis Ecomob SRL,Staer 9,Aleea Ea Tornadei,Sector 3,Sector 3,București,Est,1
Alis Ecomob SRL,Staer 9,Aleea Ea Trestiana,Sector 4,Sector 4,București,Sud,1
Alis Ecomob SRL,Staer 9,Aleea Ea Ucea,Sector 4,Sector 4,București,Sud,1
Alis Ecomob SRL,Staer 9,Aleea Ea Valea Bujorului,București neatribuit,București neatribuit,București,București neatribuit,1
Alis Ecomob SRL,Staer 9,Aleea Ea Zanelor,Sector 4,Sector 4,București,Sud,1
Alis Ecomob SRL,Staer 9,Aleea Ea Zvoristea,București neatribuit,București neatribuit,București,București neatribuit,1
Alis Ecomob SRL,Staer 9,Aleea Emil Bota,Sector 3,Sector 3,București,Est,1
Alis Ecomob SRL,Staer 9,Aleea Emil Botta,București neatribuit,București neatribuit,București,București neatribuit,1
Alis Ecomob SRL,Staer 9,Aleea Emil Racovita,Sector 4,Sector 4,București,Sud,1
Alis Ecomob SRL,Staer 9,Aleea Erou Cristian George Stanciu,București neatribuit,București neatribuit,București,București neatribuit,1
Alis Ecomob SRL,Staer 9,Aleea Foisorului,București neatribuit,București neatribuit,București,București neatribuit,1
Alis Ecomob SRL,Staer 9,Aleea Fuiorului,Sector 3,Sector 3,București,Est,1
Alis Ecomob SRL,Staer 9,Aleea Izvorul Oltului,Sector 4,Sector 4,București,Sud,1
Alis Ecomob SRL,Staer 9,Aleea Laceni,Sector 3,Sector 3,București,Est,1
Alis Ecomob SRL,Staer 9,Aleea Lacramioarei,Sector 3,Sector 3,București,Est,1
Alis Ecomob SRL,Staer 9,Aleea Leorda,Sector 3,Sector 3,București,Est,1
Alis Ecomob SRL,Staer 9,Aleea Leresti,Sector 5,Sector 5,București,Sud-Vest,1
Alis Ecomob SRL,Staer 9,Aleea Lunca Bradului,Sector 3,Sector 3,București,Est,1
Alis Ecomob SRL,Staer 9,Aleea Mozaicului,București neatribuit,București neatribuit,București,București neatribuit,1
Alis Ecomob SRL,Staer 9,Aleea Pantelimon,București neatribuit,București neatribuit,București,București neatribuit,1
Alis Ecomob SRL,Staer 9,Aleea Petrachesti,Sector 6,Sector 6,București,Vest,1
Alis Ecomob SRL,Staer 9,Aleea Petre Antonescu,Sector 2,Sector 2,București,Nord-Est,1
Alis Ecomob SRL,Staer 9,Aleea Politehnicii,Sector 6,Sector 6,București,Vest,1
Alis Ecomob SRL,Staer 9,Aleea Posada,Sector 5,Sector 5,București,Sud-Vest,1
Alis Ecomob SRL,Staer 9,Aleea Prahovei,București neatribuit,București neatribuit,București,București neatribuit,1
Alis Ecomob SRL,Staer 9,Aleea Ramnicel,București neatribuit,București neatribuit,București,București neatribuit,1
Alis Ecomob SRL,Staer 9,Aleea Rotunda,Sector 3,Sector 3,București,Est,1
Alis Ecomob SRL,Staer 9,Aleea Slatioara,Sector 4,Sector 4,București,Sud,1
Alis Ecomob SRL,Staer 9,Aleea Somesul Cald,Sector 4,Sector 4,București,Sud,1
Alis Ecomob SRL,Staer 9,Aleea Timisul de Jos,Sector 6,Sector 6,București,Vest,1
Alis Ecomob SRL,Staer 9,Aleea Timisul de Sus,București neatribuit,București neatribuit,București,București neatribuit,1
Alis Ecomob SRL,Staer 9,Aleea Tohani,Sector 4,Sector 4,București,Sud,1
Alis Ecomob SRL,Staer 9,Aleea Valea Siretului,București neatribuit,București neatribuit,București,București neatribuit,1
Alis Ecomob SRL,Staer 9,Aleea Vasile Goldis,Sector 3,Sector 3,București,Est,1
Alis Ecomob SRL,Staer 9,Aleea Xandru Moruzzi,Sector 3,Sector 3,București,Est,1
Alis Ecomob SRL,Staer 9,Allea Poiana Cernei,București neatribuit,București neatribuit,București,București neatribuit,1
Alis Ecomob SRL,Staer 9,Almasu MIC,Sector 4,Sector 4,București,Sud,1
Alis Ecomob SRL,Staer 9,Amforei,București neatribuit,București neatribuit,București,București neatribuit,1
Alis Ecomob SRL,Staer 9,Anteaeriana,București neatribuit,București neatribuit,București,București neatribuit,1
Alis Ecomob SRL,Staer 9,Antiaeriana 6 a,București neatribuit,București neatribuit,București,București neatribuit,1
Alis Ecomob SRL,Staer 9,Arad,București neatribuit,București neatribuit,București,București neatribuit,1
Alis Ecomob SRL,Staer 9,Aramesti,Sector 5,Sector 5,București,Sud-Vest,1
Alis Ecomob SRL,Staer 9,Argentina,București neatribuit,București neatribuit,București,București neatribuit,1
Alis Ecomob SRL,Staer 9,Aromei,București neatribuit,București neatribuit,București,București neatribuit,1
Alis Ecomob SRL,Staer 9,Artur Gorovei,București neatribuit,București neatribuit,București,București neatribuit,1
Alis Ecomob SRL,Staer 9,Atlasului,București neatribuit,București neatribuit,București,București neatribuit,1
Alis Ecomob SRL,Staer 9,Av Cpt Alexandru Serbanescu,București neatribuit,București neatribuit,București,București neatribuit,1
Alis Ecomob SRL,Staer 9,Avalansei,București neatribuit,București neatribuit,București,București neatribuit,1
Alis Ecomob SRL,Staer 9,Aviator Serbanescu,București neatribuit,București neatribuit,București,București neatribuit,1
Alis Ecomob SRL,Staer 9,Avionului,Sector 1,Sector 1,București,Nord,1
Alis Ecomob SRL,Staer 9,Babesti,Sector 6,Sector 6,București,Vest,1
Alis Ecomob SRL,Staer 9,Baciului,Sector 5,Sector 5,București,Sud-Vest,1
Alis Ecomob SRL,Staer 9,Bacului,Sector 1,Sector 1,București,Nord,1
Alis Ecomob SRL,Staer 9,Bahluiului,București neatribuit,București neatribuit,București,București neatribuit,1
Alis Ecomob SRL,Staer 9,Baiculesti,Sector 1,Sector 1,București,Nord,1
Alis Ecomob SRL,Staer 9,Balanesti,București neatribuit,București neatribuit,București,București neatribuit,1
Alis Ecomob SRL,Staer 9,Baleni,București neatribuit,București neatribuit,București,București neatribuit,1
Alis Ecomob SRL,Staer 9,Baltagului,Sector 5,Sector 5,București,Sud-Vest,1
Alis Ecomob SRL,Staer 9,Baltita,Sector 4,Sector 4,București,Sud,1
Alis Ecomob SRL,Staer 9,Barierei,București neatribuit,București neatribuit,București,București neatribuit,1
Alis Ecomob SRL,Staer 9,Barlogeni,Sector 1,Sector 1,București,Nord,1
Alis Ecomob SRL,Staer 9,Basmului,Sector 6,Sector 6,București,Vest,1
Alis Ecomob SRL,Staer 9,Beclean,București neatribuit,București neatribuit,București,București neatribuit,1
Alis Ecomob SRL,Staer 9,Belizariei,București neatribuit,București neatribuit,București,București neatribuit,1
Alis Ecomob SRL,Staer 9,Berzei,București neatribuit,București neatribuit,București,București neatribuit,1
Alis Ecomob SRL,Staer 9,Berzovia,Sector 5,Sector 5,București,Sud-Vest,1
Alis Ecomob SRL,Staer 9,Bibescu Voda,Sector 4,Sector 4,București,Sud,1
Alis Ecomob SRL,Staer 9,Birca,Sector 5,Sector 5,București,Sud-Vest,1
Alis Ecomob SRL,Staer 9,Borsa,Sector 1,Sector 1,București,Nord,1
Alis Ecomob SRL,Staer 9,Bostanilor,București neatribuit,București neatribuit,București,București neatribuit,1
Alis Ecomob SRL,Staer 9,Bradesti,București neatribuit,București neatribuit,București,București neatribuit,1
Alis Ecomob SRL,Staer 9,Bradetului,Sector 4,Sector 4,București,Sud,1
Alis Ecomob SRL,Staer 9,Branarul,București neatribuit,București neatribuit,București,București neatribuit,1
Alis Ecomob SRL,Staer 9,Braului,București neatribuit,București neatribuit,București,București neatribuit,1
Alis Ecomob SRL,Staer 9,Brebenei,București neatribuit,București neatribuit,București,București neatribuit,1
Alis Ecomob SRL,Staer 9,Brebu,București neatribuit,București neatribuit,București,București neatribuit,1
Alis Ecomob SRL,Staer 9,Brezoi,București neatribuit,București neatribuit,București,București neatribuit,1
Alis Ecomob SRL,Staer 9,Brezoianul,București neatribuit,București neatribuit,București,București neatribuit,1
Alis Ecomob SRL,Staer 9,Budieni,București neatribuit,București neatribuit,București,București neatribuit,1
Alis Ecomob SRL,Staer 9,Buicliu Cristea Dr,București neatribuit,București neatribuit,București,București neatribuit,1
Alis Ecomob SRL,Staer 9,Bulevardul 1 Decembrie,Sector 3,Sector 3,București,Est,1
Alis Ecomob SRL,Staer 9,Bulevardul Bucureștii Noi,Sector 1,Sector 1,București,Nord,1
Alis Ecomob SRL,Staer 9,Bulevardul Camil Resu,Sector 3,Sector 3,București,Est,1
Alis Ecomob SRL,Staer 9,Bulevardul Carol I,București neatribuit,București neatribuit,București,București neatribuit,1
Alis Ecomob SRL,Staer 9,Bulevardul Dacia,Sector 2,Sector 2,București,Nord-Est,1
Alis Ecomob SRL,Staer 9,Bulevardul Doamna Ghica,Sector 2,Sector 2,București,Nord-Est,1
Alis Ecomob SRL,Staer 9,Bulevardul Ferdinand,Sector 2,Sector 2,București,Nord-Est,1
Alis Ecomob SRL,Staer 9,Bulevardul Garii de Nord,Sector 1,Sector 1,București,Nord,1
Alis Ecomob SRL,Staer 9,Bulevardul Geniului,București neatribuit,București neatribuit,București,București neatribuit,1
Alis Ecomob SRL,Staer 9,Bulevardul Ghe Sincai,București neatribuit,București neatribuit,București,București neatribuit,1
Alis Ecomob SRL,Staer 9,Bulevardul Gheorghe Duca,București neatribuit,București neatribuit,București,București neatribuit,1
Alis Ecomob SRL,Staer 9,Bulevardul Ghica Tei,Sector 2,Sector 2,București,Nord-Est,1
Alis Ecomob SRL,Staer 9,Bulevardul Horia Macelariu,București neatribuit,București neatribuit,București,București neatribuit,1
Alis Ecomob SRL,Staer 9,Bulevardul Iancu de Hunedoara,Sector 1,Sector 1,București,Nord,1
Alis Ecomob SRL,Staer 9,Bulevardul Marasesti,Sector 4,Sector 4,București,Sud,1
Alis Ecomob SRL,Staer 9,Bulevardul Mihail Kogălniceanu,Sector 5,Sector 5,București,Sud-Vest,1
Alis Ecomob SRL,Staer 9,Bulevardul Obregia,Sector 4,Sector 4,București,Sud,1
Alis Ecomob SRL,Staer 9,Bulevardul Ramnicul Sarat,Sector 3,Sector 3,București,Est,1
Alis Ecomob SRL,Staer 9,Bulevardul Regiei,București neatribuit,București neatribuit,București,București neatribuit,1
Alis Ecomob SRL,Staer 9,Bulevardul Timisioara,București neatribuit,București neatribuit,București,București neatribuit,1
Alis Ecomob SRL,Staer 9,Bulevardul Tudor Vladimirescu,București neatribuit,București neatribuit,București,București neatribuit,1
Alis Ecomob SRL,Staer 9,Buturugilor,Sector 5,Sector 5,București,Sud-Vest,1
Alis Ecomob SRL,Staer 9,C-Tin Titel Petrescu,București neatribuit,București neatribuit,București,București neatribuit,1
Alis Ecomob SRL,Staer 9,Caisului,Sector 2,Sector 2,București,Nord-Est,1
Alis Ecomob SRL,Staer 9,Calea 13 Sept,București neatribuit,București neatribuit,București,București neatribuit,1
Alis Ecomob SRL,Staer 9,Calea Apeductului,Sector 6,Sector 6,București,Vest,1
Alis Ecomob SRL,Staer 9,Calea Ea Dorobanti,Sector 1,Sector 1,București,Nord,1
Alis Ecomob SRL,Staer 9,Calea Ea Dudesti,Sector 3,Sector 3,București,Est,1
Alis Ecomob SRL,Staer 9,Calea Ea Rahova,București neatribuit,București neatribuit,București,București neatribuit,1
Alis Ecomob SRL,Staer 9,Campinita,București neatribuit,București neatribuit,București,București neatribuit,1
Alis Ecomob SRL,Staer 9,Campul Pipera,București neatribuit,București neatribuit,București,București neatribuit,1
Alis Ecomob SRL,Staer 9,Cap Aviator Nicolae Drossu,București neatribuit,București neatribuit,București,București neatribuit,1
Alis Ecomob SRL,Staer 9,Cap Eftimie Z Croitoru,București neatribuit,București neatribuit,București,București neatribuit,1
Alis Ecomob SRL,Staer 9,Cap Ghe Ion,București neatribuit,București neatribuit,București,București neatribuit,1
Alis Ecomob SRL,Staer 9,Cap Gheorghe Ion,Sector 4,Sector 4,București,Sud,1
Alis Ecomob SRL,Staer 9,Cap Ion Agapia,București neatribuit,București neatribuit,București,București neatribuit,1
Alis Ecomob SRL,Staer 9,Cap Ivan Anghelescu,București neatribuit,București neatribuit,București,București neatribuit,1
Alis Ecomob SRL,Staer 9,Cap Preda,București neatribuit,București neatribuit,București,București neatribuit,1
Alis Ecomob SRL,Staer 9,Cap. Petre Ispir,București neatribuit,București neatribuit,București,București neatribuit,1
Alis Ecomob SRL,Staer 9,Caporal Misca Petre,Sector 5,Sector 5,București,Sud-Vest,1
Alis Ecomob SRL,Staer 9,Cara Anghel,București neatribuit,București neatribuit,București,București neatribuit,1
Alis Ecomob SRL,Staer 9,Carei,Sector 2,Sector 2,București,Nord-Est,1
Alis Ecomob SRL,Staer 9,Carol Davila,Sector 5,Sector 5,București,Sud-Vest,1
Alis Ecomob SRL,Staer 9,Carpati,Sector 1,Sector 1,București,Nord,1
Alis Ecomob SRL,Staer 9,Cartojan,București neatribuit,București neatribuit,București,București neatribuit,1
Alis Ecomob SRL,Staer 9,Castranova,București neatribuit,București neatribuit,București,București neatribuit,1
Alis Ecomob SRL,Staer 9,Catrunesti,București neatribuit,București neatribuit,București,București neatribuit,1
Alis Ecomob SRL,Staer 9,Ceairului,Sector 3,Sector 3,București,Est,1
Alis Ecomob SRL,Staer 9,Celofibrei,București neatribuit,București neatribuit,București,București neatribuit,1
Alis Ecomob SRL,Staer 9,Centrurii,București neatribuit,București neatribuit,București,București neatribuit,1
Alis Ecomob SRL,Staer 9,Centurii,Sector 6,Sector 6,București,Vest,1
Alis Ecomob SRL,Staer 9,Cercetasilor,București neatribuit,București neatribuit,București,București neatribuit,1
Alis Ecomob SRL,Staer 9,Cercului,Sector 2,Sector 2,București,Nord-Est,1
Alis Ecomob SRL,Staer 9,Cerna,București neatribuit,București neatribuit,București,București neatribuit,1
Alis Ecomob SRL,Staer 9,Cezar Bolliac,București neatribuit,București neatribuit,București,București neatribuit,1
Alis Ecomob SRL,Staer 9,Chibzuintei,București neatribuit,București neatribuit,București,București neatribuit,1
Alis Ecomob SRL,Staer 9,Ciochina,Sector 4,Sector 4,București,Sud,1
Alis Ecomob SRL,Staer 9,Citaci,București neatribuit,București neatribuit,București,București neatribuit,1
Alis Ecomob SRL,Staer 9,Ciurea,București neatribuit,București neatribuit,București,București neatribuit,1
Alis Ecomob SRL,Staer 9,Clucereasa Elena,București neatribuit,București neatribuit,București,București neatribuit,1
Alis Ecomob SRL,Staer 9,Cobadim,București neatribuit,București neatribuit,București,București neatribuit,1
Alis Ecomob SRL,Staer 9,Codrii Neamtului,București neatribuit,București neatribuit,București,București neatribuit,1
Alis Ecomob SRL,Staer 9,Col Iosif Albu,București neatribuit,București neatribuit,București,București neatribuit,1
Alis Ecomob SRL,Staer 9,Colonel Iosif Albu,Sector 3,Sector 3,București,Est,1
Alis Ecomob SRL,Staer 9,Consecventei,București neatribuit,București neatribuit,București,București neatribuit,1
Alis Ecomob SRL,Staer 9,Constantin Brancoveanu,Sector 4,Sector 4,București,Sud,1
Alis Ecomob SRL,Staer 9,Contesti,Sector 5,Sector 5,București,Sud-Vest,1
Alis Ecomob SRL,Staer 9,Corabia,București neatribuit,București neatribuit,București,București neatribuit,1
Alis Ecomob SRL,Staer 9,Corbilor,București neatribuit,București neatribuit,București,București neatribuit,1
Alis Ecomob SRL,Staer 9,Corbita,București neatribuit,București neatribuit,București,București neatribuit,1
Alis Ecomob SRL,Staer 9,Cornatel,București neatribuit,București neatribuit,București,București neatribuit,1
Alis Ecomob SRL,Staer 9,Cornetului,București neatribuit,București neatribuit,București,București neatribuit,1
Alis Ecomob SRL,Staer 9,Cornului,București neatribuit,București neatribuit,București,București neatribuit,1
Alis Ecomob SRL,Staer 9,Costache Aristia,București neatribuit,București neatribuit,București,București neatribuit,1
Alis Ecomob SRL,Staer 9,Costisa,București neatribuit,București neatribuit,București,București neatribuit,1
Alis Ecomob SRL,Staer 9,Cozieni,București neatribuit,București neatribuit,București,București neatribuit,1
Alis Ecomob SRL,Staer 9,Cozla,Sector 3,Sector 3,București,Est,1
Alis Ecomob SRL,Staer 9,Cp Garbea Ion,București neatribuit,București neatribuit,București,București neatribuit,1
Alis Ecomob SRL,Staer 9,Cpt Garbea Ion,București neatribuit,București neatribuit,București,București neatribuit,1
Alis Ecomob SRL,Staer 9,Craisorului,Sector 5,Sector 5,București,Sud-Vest,1
Alis Ecomob SRL,Staer 9,Crintiesului,București neatribuit,București neatribuit,București,București neatribuit,1
Alis Ecomob SRL,Staer 9,Crinului,București neatribuit,București neatribuit,București,București neatribuit,1
Alis Ecomob SRL,Staer 9,Crisul Repede,București neatribuit,București neatribuit,București,București neatribuit,1
Alis Ecomob SRL,Staer 9,Crisului,București neatribuit,București neatribuit,București,București neatribuit,1
Alis Ecomob SRL,Staer 9,Crivatului,Sector 3,Sector 3,București,Est,1
Alis Ecomob SRL,Staer 9,Croitoru Vasile,București neatribuit,București neatribuit,București,București neatribuit,1
Alis Ecomob SRL,Staer 9,Ctin Titel Petrescu,București neatribuit,București neatribuit,București,București neatribuit,1
Alis Ecomob SRL,Staer 9,Cu Russo,București neatribuit,București neatribuit,București,București neatribuit,1
Alis Ecomob SRL,Staer 9,Dambovitei,București neatribuit,București neatribuit,București,București neatribuit,1
Alis Ecomob SRL,Staer 9,Daniel Danielopolu,București neatribuit,București neatribuit,București,București neatribuit,1
Alis Ecomob SRL,Staer 9,Dantelei,București neatribuit,București neatribuit,București,București neatribuit,1
Alis Ecomob SRL,Staer 9,Dascalului,Sector 2,Sector 2,București,Nord-Est,1
Alis Ecomob SRL,Staer 9,Dealului,Sector 6,Sector 6,București,Vest,1
Alis Ecomob SRL,Staer 9,Dej,București neatribuit,București neatribuit,București,București neatribuit,1
Alis Ecomob SRL,Staer 9,Delurei,București neatribuit,București neatribuit,București,București neatribuit,1
Alis Ecomob SRL,Staer 9,Deszobirii,București neatribuit,București neatribuit,București,București neatribuit,1
Alis Ecomob SRL,Staer 9,Dezdrobirii,București neatribuit,București neatribuit,București,București neatribuit,1
Alis Ecomob SRL,Staer 9,Dimieni,București neatribuit,București neatribuit,București,București neatribuit,1
Alis Ecomob SRL,Staer 9,Dimitrie Gorgona,București neatribuit,București neatribuit,București,București neatribuit,1
Alis Ecomob SRL,Staer 9,Dimitrie Leonida,București neatribuit,București neatribuit,București,București neatribuit,1
Alis Ecomob SRL,Staer 9,Dinionisie Lupu,București neatribuit,București neatribuit,București,București neatribuit,1
Alis Ecomob SRL,Staer 9,Dna Ghica,Sector 2,Sector 2,București,Nord-Est,1
Alis Ecomob SRL,Staer 9,Doinei,București neatribuit,București neatribuit,București,București neatribuit,1
Alis Ecomob SRL,Staer 9,Dorneasca,București neatribuit,București neatribuit,București,București neatribuit,1
Alis Ecomob SRL,Staer 9,Dorobanti Colt cu Lisabona,București neatribuit,București neatribuit,București,București neatribuit,1
Alis Ecomob SRL,Staer 9,Dr C-Tin Zlatescu,București neatribuit,București neatribuit,București,București neatribuit,1
Alis Ecomob SRL,Staer 9,Dr Cretestilor,București neatribuit,București neatribuit,București,București neatribuit,1
Alis Ecomob SRL,Staer 9,Dr Gr Romniceanu,București neatribuit,București neatribuit,București,București neatribuit,1
Alis Ecomob SRL,Staer 9,Dr Lister,Sector 5,Sector 5,București,Sud-Vest,1
Alis Ecomob SRL,Staer 9,Dr Opalului,București neatribuit,București neatribuit,București,București neatribuit,1
Alis Ecomob SRL,Staer 9,Dr Sarii,Sector 6,Sector 6,București,Vest,1
Alis Ecomob SRL,Staer 9,Dr Valea Cricovului,Sector 6,Sector 6,București,Vest,1
Alis Ecomob SRL,Staer 9,Dr Valea Furcii,București neatribuit,București neatribuit,București,București neatribuit,1
Alis Ecomob SRL,Staer 9,Drumul Campeni,București neatribuit,București neatribuit,București,București neatribuit,1
Alis Ecomob SRL,Staer 9,Drumul Cheile Turzii,Sector 4,Sector 4,București,Sud,1
Alis Ecomob SRL,Staer 9,Drumul Cooperativei,Sector 5,Sector 5,București,Sud-Vest,1
Alis Ecomob SRL,Staer 9,Drumul Cretestilor,Sector 4,Sector 4,București,Sud,1
Alis Ecomob SRL,Staer 9,Drumul Gazarului,Sector 4,Sector 4,București,Sud,1
Alis Ecomob SRL,Staer 9,Drumul Ghindarilor,București neatribuit,București neatribuit,București,București neatribuit,1
Alis Ecomob SRL,Staer 9,Drumul Gura Crivatului,Sector 3,Sector 3,București,Est,1
Alis Ecomob SRL,Staer 9,Drumul Jilavei,Sector 4,Sector 4,București,Sud,1
Alis Ecomob SRL,Staer 9,Drumul Luptatorilor Antifascisti,București neatribuit,București neatribuit,București,București neatribuit,1
Alis Ecomob SRL,Staer 9,Drumul Maracineni,București neatribuit,București neatribuit,București,București neatribuit,1
Alis Ecomob SRL,Staer 9,Drumul Morilor,Sector 3,Sector 3,București,Est,1
Alis Ecomob SRL,Staer 9,Drumul Murgului,Sector 3,Sector 3,București,Est,1
Alis Ecomob SRL,Staer 9,Drumul Padurea Neagra,Sector 1,Sector 1,București,Nord,1
Alis Ecomob SRL,Staer 9,Drumul Piscul Mosului,Sector 1,Sector 1,București,Nord,1
Alis Ecomob SRL,Staer 9,Drumul Valea Doftanei,Sector 6,Sector 6,București,Vest,1
Alis Ecomob SRL,Staer 9,Drumul Valea Larga,Sector 6,Sector 6,București,Vest,1
Alis Ecomob SRL,Staer 9,Duetului,București neatribuit,București neatribuit,București,București neatribuit,1
Alis Ecomob SRL,Staer 9,Duminicii,Sector 4,Sector 4,București,Sud,1
Alis Ecomob SRL,Staer 9,Dummbrava Noua,București neatribuit,București neatribuit,București,București neatribuit,1
Alis Ecomob SRL,Staer 9,Dumnbrava Noua,București neatribuit,București neatribuit,București,București neatribuit,1
Alis Ecomob SRL,Staer 9,Ealuncacernei,București neatribuit,București neatribuit,București,București neatribuit,1
Alis Ecomob SRL,Staer 9,Econ. Cezarescu,București neatribuit,București neatribuit,București,București neatribuit,1
Alis Ecomob SRL,Staer 9,Econom Cezarescu,București neatribuit,București neatribuit,București,București neatribuit,1
Alis Ecomob SRL,Staer 9,Elefterie,București neatribuit,București neatribuit,București,București neatribuit,1
Alis Ecomob SRL,Staer 9,Elena Doamna,București neatribuit,București neatribuit,București,București neatribuit,1
Alis Ecomob SRL,Staer 9,Elizeu,București neatribuit,București neatribuit,București,București neatribuit,1
Alis Ecomob SRL,Staer 9,Episcop Vulcan,București neatribuit,București neatribuit,București,București neatribuit,1
Alis Ecomob SRL,Staer 9,Erou Ion Calin,București neatribuit,București neatribuit,București,București neatribuit,1
Alis Ecomob SRL,Staer 9,Erou Tataru Petre,București neatribuit,București neatribuit,București,București neatribuit,1
Alis Ecomob SRL,Staer 9,Eucaliptului,București neatribuit,București neatribuit,București,București neatribuit,1
Alis Ecomob SRL,Staer 9,Eugen Brote,București neatribuit,București neatribuit,București,București neatribuit,1
Alis Ecomob SRL,Staer 9,F Chopin,București neatribuit,București neatribuit,București,București neatribuit,1
Alis Ecomob SRL,Staer 9,Fat Frumos,Sector 5,Sector 5,București,Sud-Vest,1
Alis Ecomob SRL,Staer 9,Feldioara,București neatribuit,București neatribuit,București,București neatribuit,1
Alis Ecomob SRL,Staer 9,Feleacu,Sector 1,Sector 1,București,Nord,1
Alis Ecomob SRL,Staer 9,Fetitelor,București neatribuit,București neatribuit,București,București neatribuit,1
Alis Ecomob SRL,Staer 9,Floare Rosie,Sector 6,Sector 6,București,Vest,1
Alis Ecomob SRL,Staer 9,Floarea Soarelui,București neatribuit,București neatribuit,București,București neatribuit,1
Alis Ecomob SRL,Staer 9,Florescu Nicolae,București neatribuit,București neatribuit,București,București neatribuit,1
Alis Ecomob SRL,Staer 9,Floretei,București neatribuit,București neatribuit,București,București neatribuit,1
Alis Ecomob SRL,Staer 9,Focsani,Sector 5,Sector 5,București,Sud-Vest,1
Alis Ecomob SRL,Staer 9,Fortuna,București neatribuit,București neatribuit,București,București neatribuit,1
Alis Ecomob SRL,Staer 9,Fratilor,București neatribuit,București neatribuit,București,București neatribuit,1
Alis Ecomob SRL,Staer 9,Frt. Poenaru Vasile,București neatribuit,București neatribuit,București,București neatribuit,1
Alis Ecomob SRL,Staer 9,Frumoasa,Sector 1,Sector 1,București,Nord,1
Alis Ecomob SRL,Staer 9,Fruntas Vasile Poenaru,București neatribuit,București neatribuit,București,București neatribuit,1
Alis Ecomob SRL,Staer 9,Fruntasului,București neatribuit,București neatribuit,București,București neatribuit,1
Alis Ecomob SRL,Staer 9,Frunte Lata,București neatribuit,București neatribuit,București,București neatribuit,1
Alis Ecomob SRL,Staer 9,G-Ral Stefan Burileanu,București neatribuit,București neatribuit,București,București neatribuit,1
Alis Ecomob SRL,Staer 9,Gala Galaction,Sector 1,Sector 1,București,Nord,1
Alis Ecomob SRL,Staer 9,Galiceni,București neatribuit,București neatribuit,București,București neatribuit,1
Alis Ecomob SRL,Staer 9,General Constantin Cristescu,București neatribuit,București neatribuit,București,București neatribuit,1
Alis Ecomob SRL,Staer 9,George Bogdan Tudor,București neatribuit,București neatribuit,București,București neatribuit,1
Alis Ecomob SRL,Staer 9,Gh Donici,București neatribuit,București neatribuit,București,București neatribuit,1
Alis Ecomob SRL,Staer 9,Gh. Latea,București neatribuit,București neatribuit,București,București neatribuit,1
Alis Ecomob SRL,Staer 9,Ghdigeni,București neatribuit,București neatribuit,București,București neatribuit,1
Alis Ecomob SRL,Staer 9,Ghe Petrascu,Sector 3,Sector 3,București,Est,1
Alis Ecomob SRL,Staer 9,Gheorghe Ionescu Sisesti,Sector 1,Sector 1,București,Nord,1
Alis Ecomob SRL,Staer 9,Gheorghe Magheru,București neatribuit,București neatribuit,București,București neatribuit,1
Alis Ecomob SRL,Staer 9,Gherghitei,Sector 2,Sector 2,București,Nord-Est,1
Alis Ecomob SRL,Staer 9,Ghidigeni,București neatribuit,București neatribuit,București,București neatribuit,1
Alis Ecomob SRL,Staer 9,Ghimpati,București neatribuit,București neatribuit,București,București neatribuit,1
Alis Ecomob SRL,Staer 9,Ghiocelului,București neatribuit,București neatribuit,București,București neatribuit,1
Alis Ecomob SRL,Staer 9,Girnitei,București neatribuit,București neatribuit,București,București neatribuit,1
Alis Ecomob SRL,Staer 9,Giulesti,București neatribuit,București neatribuit,București,București neatribuit,1
Alis Ecomob SRL,Staer 9,Gladiolelor,București neatribuit,București neatribuit,București,București neatribuit,1
Alis Ecomob SRL,Staer 9,Govora,Sector 4,Sector 4,București,Sud,1
Alis Ecomob SRL,Staer 9,Gradistei,București neatribuit,București neatribuit,București,București neatribuit,1
Alis Ecomob SRL,Staer 9,Grigore Alexandrescu,Sector 1,Sector 1,București,Nord,1
Alis Ecomob SRL,Staer 9,Grigore Gafencu,București neatribuit,București neatribuit,București,București neatribuit,1
Alis Ecomob SRL,Staer 9,Grigore Voda,Sector 4,Sector 4,București,Sud,1
Alis Ecomob SRL,Staer 9,Grintesului,București neatribuit,București neatribuit,București,București neatribuit,1
Alis Ecomob SRL,Staer 9,Gura Padinii,București neatribuit,București neatribuit,București,București neatribuit,1
Alis Ecomob SRL,Staer 9,Hatmanul Arbore,Sector 1,Sector 1,București,Nord,1
Alis Ecomob SRL,Staer 9,Iacobeni,București neatribuit,București neatribuit,București,București neatribuit,1
Alis Ecomob SRL,Staer 9,Iancu Jianu,Sector 5,Sector 5,București,Sud-Vest,1
Alis Ecomob SRL,Staer 9,IC Bratianul,București neatribuit,București neatribuit,București,București neatribuit,1
Alis Ecomob SRL,Staer 9,Idilei,București neatribuit,București neatribuit,București,București neatribuit,1
Alis Ecomob SRL,Staer 9,Iernii,Sector 6,Sector 6,București,Vest,1
Alis Ecomob SRL,Staer 9,Ileana Cosanzeaana,București neatribuit,București neatribuit,București,București neatribuit,1
Alis Ecomob SRL,Staer 9,Ileana Cosinzeana,București neatribuit,București neatribuit,București,București neatribuit,1
Alis Ecomob SRL,Staer 9,Imparatul Traian,Sector 4,Sector 4,București,Sud,1
Alis Ecomob SRL,Staer 9,Inclinata,București neatribuit,București neatribuit,București,București neatribuit,1
Alis Ecomob SRL,Staer 9,Inginer Iacovache,București neatribuit,București neatribuit,București,București neatribuit,1
Alis Ecomob SRL,Staer 9,Int Badeni,Sector 3,Sector 3,București,Est,1
Alis Ecomob SRL,Staer 9,Int Drumul la Rosu,București neatribuit,București neatribuit,București,București neatribuit,1
Alis Ecomob SRL,Staer 9,Int Evocarii,București neatribuit,București neatribuit,București,București neatribuit,1
Alis Ecomob SRL,Staer 9,Int Viforului,București neatribuit,București neatribuit,București,București neatribuit,1
Alis Ecomob SRL,Staer 9,Intrarea Albinari,București neatribuit,București neatribuit,București,București neatribuit,1
Alis Ecomob SRL,Staer 9,Intrarea Are Podoleni,București neatribuit,București neatribuit,București,București neatribuit,1
Alis Ecomob SRL,Staer 9,Intrarea Area Catedrei,București neatribuit,București neatribuit,București,București neatribuit,1
Alis Ecomob SRL,Staer 9,Intrarea Area Ciubotica Cucului,București neatribuit,București neatribuit,București,București neatribuit,1
Alis Ecomob SRL,Staer 9,Intrarea Area Fierbinti,București neatribuit,București neatribuit,București,București neatribuit,1
Alis Ecomob SRL,Staer 9,Intrarea Area Horbotei,București neatribuit,București neatribuit,București,București neatribuit,1
Alis Ecomob SRL,Staer 9,Intrarea Area Pancota,București neatribuit,București neatribuit,București,București neatribuit,1
Alis Ecomob SRL,Staer 9,Intrarea Area Rigas,Sector 1,Sector 1,București,Nord,1
Alis Ecomob SRL,Staer 9,Intrarea Area Romanitei,București neatribuit,București neatribuit,București,București neatribuit,1
Alis Ecomob SRL,Staer 9,Intrarea Area Urali,București neatribuit,București neatribuit,București,București neatribuit,1
Alis Ecomob SRL,Staer 9,Intrarea Aurel Ciurea,București neatribuit,București neatribuit,București,București neatribuit,1
Alis Ecomob SRL,Staer 9,Intrarea Aviator Caranda,București neatribuit,București neatribuit,București,București neatribuit,1
Alis Ecomob SRL,Staer 9,Intrarea Canalului,București neatribuit,București neatribuit,București,București neatribuit,1
Alis Ecomob SRL,Staer 9,Intrarea Crainicului,București neatribuit,București neatribuit,București,București neatribuit,1
Alis Ecomob SRL,Staer 9,Intrarea Flotei,București neatribuit,București neatribuit,București,București neatribuit,1
Alis Ecomob SRL,Staer 9,Intrarea Hanul Ancutei,Sector 6,Sector 6,București,Vest,1
Alis Ecomob SRL,Staer 9,Intrarea Luptatorilor Antifascisti,București neatribuit,București neatribuit,București,București neatribuit,1
Alis Ecomob SRL,Staer 9,Intrarea Manganului,București neatribuit,București neatribuit,București,București neatribuit,1
Alis Ecomob SRL,Staer 9,Intrarea Odobesti,București neatribuit,București neatribuit,București,București neatribuit,1
Alis Ecomob SRL,Staer 9,Intrarea Recas,București neatribuit,București neatribuit,București,București neatribuit,1
Alis Ecomob SRL,Staer 9,Intrarea Slobozia,București neatribuit,București neatribuit,București,București neatribuit,1
Alis Ecomob SRL,Staer 9,Intrarea Tg Frumos,București neatribuit,București neatribuit,București,București neatribuit,1
Alis Ecomob SRL,Staer 9,Intrarea Viitorului,București neatribuit,București neatribuit,București,București neatribuit,1
Alis Ecomob SRL,Staer 9,Invoirii,București neatribuit,București neatribuit,București,București neatribuit,1
Alis Ecomob SRL,Staer 9,Ioachim Gheorghe,București neatribuit,București neatribuit,București,București neatribuit,1
Alis Ecomob SRL,Staer 9,Ion Berindei,Sector 2,Sector 2,București,Nord-Est,1
Alis Ecomob SRL,Staer 9,Ion Campineanu,București neatribuit,București neatribuit,București,București neatribuit,1
Alis Ecomob SRL,Staer 9,Ion Iriceanu,Sector 4,Sector 4,București,Sud,1
Alis Ecomob SRL,Staer 9,Ion Maiorescu,Sector 2,Sector 2,București,Nord-Est,1
Alis Ecomob SRL,Staer 9,Ion Manolescu,Sector 6,Sector 6,București,Vest,1
Alis Ecomob SRL,Staer 9,Ion Nedeleanu,București neatribuit,București neatribuit,București,București neatribuit,1
Alis Ecomob SRL,Staer 9,Ionescu Baican,București neatribuit,București neatribuit,București,București neatribuit,1
Alis Ecomob SRL,Staer 9,Ionescu Gheorghe,Sector 4,Sector 4,București,Sud,1
Alis Ecomob SRL,Staer 9,Ivan Petrovici Pavlov,București neatribuit,București neatribuit,București,București neatribuit,1
Alis Ecomob SRL,Staer 9,Izvorului,București neatribuit,București neatribuit,București,București neatribuit,1
Alis Ecomob SRL,Staer 9,Jean Alexandru Steriade,București neatribuit,București neatribuit,București,București neatribuit,1
Alis Ecomob SRL,Staer 9,Jimbolia,Sector 1,Sector 1,București,Nord,1
Alis Ecomob SRL,Staer 9,Jugureni,București neatribuit,București neatribuit,București,București neatribuit,1
Alis Ecomob SRL,Staer 9,Jules Michelet,București neatribuit,București neatribuit,București,București neatribuit,1
Alis Ecomob SRL,Staer 9,Labirint,București neatribuit,București neatribuit,București,București neatribuit,1
Alis Ecomob SRL,Staer 9,Lacul Mare,București neatribuit,București neatribuit,București,București neatribuit,1
Alis Ecomob SRL,Staer 9,Lacul Plopului,București neatribuit,București neatribuit,București,București neatribuit,1
Alis Ecomob SRL,Staer 9,Lainici,București neatribuit,București neatribuit,București,București neatribuit,1
Alis Ecomob SRL,Staer 9,Lecca Constantin,București neatribuit,București neatribuit,București,București neatribuit,1
Alis Ecomob SRL,Staer 9,Lev Tolstoi,București neatribuit,București neatribuit,București,București neatribuit,1
Alis Ecomob SRL,Staer 9,Libertattii,București neatribuit,București neatribuit,București,București neatribuit,1
Alis Ecomob SRL,Staer 9,Limanului,Sector 1,Sector 1,București,Nord,1
Alis Ecomob SRL,Staer 9,Liveni,București neatribuit,București neatribuit,București,București neatribuit,1
Alis Ecomob SRL,Staer 9,Liviu Rebreanu 6,București neatribuit,București neatribuit,București,București neatribuit,1
Alis Ecomob SRL,Staer 9,Liviu Reebreanu,București neatribuit,București neatribuit,București,București neatribuit,1
Alis Ecomob SRL,Staer 9,Loc Col Marinescu Constantin,București neatribuit,București neatribuit,București,București neatribuit,1
Alis Ecomob SRL,Staer 9,Logofat Luca Stroici,București neatribuit,București neatribuit,București,București neatribuit,1
Alis Ecomob SRL,Staer 9,Logofat Udriste,București neatribuit,București neatribuit,București,București neatribuit,1
Alis Ecomob SRL,Staer 9,Lotriuara,București neatribuit,București neatribuit,București,București neatribuit,1
Alis Ecomob SRL,Staer 9,Lt Aurel Botea,Sector 3,Sector 3,București,Est,1
Alis Ecomob SRL,Staer 9,Lt Av Aurel Botea,București neatribuit,București neatribuit,București,București neatribuit,1
Alis Ecomob SRL,Staer 9,Lt Av Gheorghe Stalpeanu,București neatribuit,București neatribuit,București,București neatribuit,1
Alis Ecomob SRL,Staer 9,Lt Col Dumitru Raducu Durbac,București neatribuit,București neatribuit,București,București neatribuit,1
Alis Ecomob SRL,Staer 9,Lt Col Papazoglu Dumitru,București neatribuit,București neatribuit,București,București neatribuit,1
Alis Ecomob SRL,Staer 9,Lt Popescu Alexandru,București neatribuit,București neatribuit,București,București neatribuit,1
Alis Ecomob SRL,Staer 9,Lt Saidac Gheorghe,București neatribuit,București neatribuit,București,București neatribuit,1
Alis Ecomob SRL,Staer 9,Lt Victor Manu,Sector 2,Sector 2,București,Nord-Est,1
Alis Ecomob SRL,Staer 9,Lucaci,București neatribuit,București neatribuit,București,București neatribuit,1
Alis Ecomob SRL,Staer 9,Lunca Cerului,București neatribuit,București neatribuit,București,București neatribuit,1
Alis Ecomob SRL,Staer 9,Luntrei,Sector 2,Sector 2,București,Nord-Est,1
Alis Ecomob SRL,Staer 9,M Bravu,București neatribuit,București neatribuit,București,București neatribuit,1
Alis Ecomob SRL,Staer 9,"M,arului",București neatribuit,București neatribuit,București,București neatribuit,1
Alis Ecomob SRL,Staer 9,Macin,București neatribuit,București neatribuit,București,București neatribuit,1
Alis Ecomob SRL,Staer 9,Macrisului,București neatribuit,București neatribuit,București,București neatribuit,1
Alis Ecomob SRL,Staer 9,Magnetului,București neatribuit,București neatribuit,București,București neatribuit,1
Alis Ecomob SRL,Staer 9,Maior Cara Anghel,București neatribuit,București neatribuit,București,București neatribuit,1
Alis Ecomob SRL,Staer 9,Maior Coravu,Sector 2,Sector 2,București,Nord-Est,1
Alis Ecomob SRL,Staer 9,Maior Coravu Ion,București neatribuit,București neatribuit,București,București neatribuit,1
Alis Ecomob SRL,Staer 9,Malinului,Sector 6,Sector 6,București,Vest,1
Alis Ecomob SRL,Staer 9,Malureni,București neatribuit,București neatribuit,București,București neatribuit,1
Alis Ecomob SRL,Staer 9,Manea Serban,București neatribuit,București neatribuit,București,București neatribuit,1
Alis Ecomob SRL,Staer 9,Maria Cuntan,Sector 5,Sector 5,București,Sud-Vest,1
Alis Ecomob SRL,Staer 9,Marinescu Constantin,București neatribuit,București neatribuit,București,București neatribuit,1
Alis Ecomob SRL,Staer 9,Maxim Gheorki,București neatribuit,București neatribuit,București,București neatribuit,1
Alis Ecomob SRL,Staer 9,Medic Const Zlatescu,București neatribuit,București neatribuit,București,București neatribuit,1
Alis Ecomob SRL,Staer 9,Medic Ion Tanasescu,București neatribuit,București neatribuit,București,București neatribuit,1
Alis Ecomob SRL,Staer 9,Melodiei,Sector 2,Sector 2,București,Nord-Est,1
Alis Ecomob SRL,Staer 9,Miercani,București neatribuit,București neatribuit,București,București neatribuit,1
Alis Ecomob SRL,Staer 9,Mihaela Ruxandra Marcu,Sector 6,Sector 6,București,Vest,1
Alis Ecomob SRL,Staer 9,Mihaiu Bravu,București neatribuit,București neatribuit,București,București neatribuit,1
Alis Ecomob SRL,Staer 9,Mircea cel Batran,București neatribuit,București neatribuit,București,București neatribuit,1
Alis Ecomob SRL,Staer 9,Mircea Vulcanescu,București neatribuit,București neatribuit,București,București neatribuit,1
Alis Ecomob SRL,Staer 9,Mircesti,București neatribuit,București neatribuit,București,București neatribuit,1
Alis Ecomob SRL,Staer 9,Mirodeniei,București neatribuit,București neatribuit,București,București neatribuit,1
Alis Ecomob SRL,Staer 9,Misca Petre,București neatribuit,București neatribuit,București,București neatribuit,1
Alis Ecomob SRL,Staer 9,Mitropolit Iosif,București neatribuit,București neatribuit,București,București neatribuit,1
Alis Ecomob SRL,Staer 9,Mitropolit Veniamin Costache,București neatribuit,București neatribuit,București,București neatribuit,1
Alis Ecomob SRL,Staer 9,Mitropolitul Iosif,București neatribuit,București neatribuit,București,București neatribuit,1
Alis Ecomob SRL,Staer 9,Moldovei,București neatribuit,București neatribuit,București,București neatribuit,1
Alis Ecomob SRL,Staer 9,Moldovita,Sector 4,Sector 4,București,Sud,1
Alis Ecomob SRL,Staer 9,Monetariei,București neatribuit,București neatribuit,București,București neatribuit,1
Alis Ecomob SRL,Staer 9,Motoc,Sector 5,Sector 5,București,Sud-Vest,1
Alis Ecomob SRL,Staer 9,Mr Vasile Bacila,Sector 2,Sector 2,București,Nord-Est,1
Alis Ecomob SRL,Staer 9,Mures,București neatribuit,București neatribuit,București,București neatribuit,1
Alis Ecomob SRL,Staer 9,Mureseni,București neatribuit,București neatribuit,București,București neatribuit,1
Alis Ecomob SRL,Staer 9,Musat Constantin,București neatribuit,București neatribuit,București,București neatribuit,1
Alis Ecomob SRL,Staer 9,N Iorga,București neatribuit,București neatribuit,București,București neatribuit,1
Alis Ecomob SRL,Staer 9,Narciselor,București neatribuit,București neatribuit,București,București neatribuit,1
Alis Ecomob SRL,Staer 9,Nera,Sector 6,Sector 6,București,Vest,1
Alis Ecomob SRL,Staer 9,Nicolae Belerciu,București neatribuit,București neatribuit,București,București neatribuit,1
Alis Ecomob SRL,Staer 9,Nicolae Caranfil,București neatribuit,București neatribuit,București,București neatribuit,1
Alis Ecomob SRL,Staer 9,Nicolae Dobrin,București neatribuit,București neatribuit,București,București neatribuit,1
Alis Ecomob SRL,Staer 9,Nicolae Florescu,București neatribuit,București neatribuit,București,București neatribuit,1
Alis Ecomob SRL,Staer 9,Nicopole,București neatribuit,București neatribuit,București,București neatribuit,1
Alis Ecomob SRL,Staer 9,Nisipari,București neatribuit,București neatribuit,București,București neatribuit,1
Alis Ecomob SRL,Staer 9,Oaspetilor,București neatribuit,București neatribuit,București,București neatribuit,1
Alis Ecomob SRL,Staer 9,Obcina Mare,Sector 6,Sector 6,București,Vest,1
Alis Ecomob SRL,Staer 9,Odgonului,București neatribuit,București neatribuit,București,București neatribuit,1
Alis Ecomob SRL,Staer 9,Oian,București neatribuit,București neatribuit,București,București neatribuit,1
Alis Ecomob SRL,Staer 9,Oian Judetul,București neatribuit,București neatribuit,București,București neatribuit,1
Alis Ecomob SRL,Staer 9,Oinei,București neatribuit,București neatribuit,București,București neatribuit,1
Alis Ecomob SRL,Staer 9,Oituz,București neatribuit,București neatribuit,București,București neatribuit,1
Alis Ecomob SRL,Staer 9,Opanez,Sector 2,Sector 2,București,Nord-Est,1
Alis Ecomob SRL,Staer 9,Opcina Mare,București neatribuit,București neatribuit,București,București neatribuit,1
Alis Ecomob SRL,Staer 9,Orizonrului,București neatribuit,București neatribuit,București,București neatribuit,1
Alis Ecomob SRL,Staer 9,Orsova,Sector 6,Sector 6,București,Vest,1
Alis Ecomob SRL,Staer 9,Orzari,Sector 2,Sector 2,București,Nord-Est,1
Alis Ecomob SRL,Staer 9,Ovazului,București neatribuit,București neatribuit,București,București neatribuit,1
Alis Ecomob SRL,Staer 9,Padesu,Sector 4,Sector 4,București,Sud,1
Alis Ecomob SRL,Staer 9,Padurarilor,București neatribuit,București neatribuit,București,București neatribuit,1
Alis Ecomob SRL,Staer 9,Paharnicului,București neatribuit,București neatribuit,București,București neatribuit,1
Alis Ecomob SRL,Staer 9,Pajurei,București neatribuit,București neatribuit,București,București neatribuit,1
Alis Ecomob SRL,Staer 9,Palisandrului,București neatribuit,București neatribuit,București,București neatribuit,1
Alis Ecomob SRL,Staer 9,Panciu,București neatribuit,București neatribuit,București,București neatribuit,1
Alis Ecomob SRL,Staer 9,Panduri,București neatribuit,București neatribuit,București,București neatribuit,1
Alis Ecomob SRL,Staer 9,Papazoglu Dumitru,București neatribuit,București neatribuit,București,București neatribuit,1
Alis Ecomob SRL,Staer 9,Papiu Ilarian,București neatribuit,București neatribuit,București,București neatribuit,1
Alis Ecomob SRL,Staer 9,Paralutelor,Sector 6,Sector 6,București,Vest,1
Alis Ecomob SRL,Staer 9,Parangului,Sector 1,Sector 1,București,Nord,1
Alis Ecomob SRL,Staer 9,Pargarilor,Sector 2,Sector 2,București,Nord-Est,1
Alis Ecomob SRL,Staer 9,Partizanilor,Sector 6,Sector 6,București,Vest,1
Alis Ecomob SRL,Staer 9,Pecetei,Sector 1,Sector 1,București,Nord,1
Alis Ecomob SRL,Staer 9,Pelungirea Ghencea,București neatribuit,București neatribuit,București,București neatribuit,1
Alis Ecomob SRL,Staer 9,Peluzei,București neatribuit,București neatribuit,București,București neatribuit,1
Alis Ecomob SRL,Staer 9,Performantei,București neatribuit,București neatribuit,București,București neatribuit,1
Alis Ecomob SRL,Staer 9,Perinita,București neatribuit,București neatribuit,București,București neatribuit,1
Alis Ecomob SRL,Staer 9,Pescarilor,Sector 2,Sector 2,București,Nord-Est,1
Alis Ecomob SRL,Staer 9,Piata Alba Iulia,București neatribuit,București neatribuit,București,București neatribuit,1
Alis Ecomob SRL,Staer 9,Piata Mihail Kogalniceanu,București neatribuit,București neatribuit,București,București neatribuit,1
Alis Ecomob SRL,Staer 9,Piata Pache,București neatribuit,București neatribuit,București,București neatribuit,1
Alis Ecomob SRL,Staer 9,Piatra Morii,București neatribuit,București neatribuit,București,București neatribuit,1
Alis Ecomob SRL,Staer 9,Piscului,Sector 4,Sector 4,București,Sud,1
Alis Ecomob SRL,Staer 9,Pl Petre Ionescu,București neatribuit,București neatribuit,București,București neatribuit,1
Alis Ecomob SRL,Staer 9,Plantelor,București neatribuit,București neatribuit,București,București neatribuit,1
Alis Ecomob SRL,Staer 9,Plt Petre Ionescu,Sector 3,Sector 3,București,Est,1
Alis Ecomob SRL,Staer 9,Plugusor,Sector 2,Sector 2,București,Nord-Est,1
Alis Ecomob SRL,Staer 9,Plut Ionescu D Petre,București neatribuit,București neatribuit,București,București neatribuit,1
Alis Ecomob SRL,Staer 9,Plutasilor,Sector 1,Sector 1,București,Nord,1
Alis Ecomob SRL,Staer 9,Plutonier Petre Ionescu,București neatribuit,București neatribuit,București,București neatribuit,1
Alis Ecomob SRL,Staer 9,Podu Cristinii,București neatribuit,București neatribuit,București,București neatribuit,1
Alis Ecomob SRL,Staer 9,Podul Neagului,București neatribuit,București neatribuit,București,București neatribuit,1
Alis Ecomob SRL,Staer 9,Poienita,București neatribuit,București neatribuit,București,București neatribuit,1
Alis Ecomob SRL,Staer 9,Polona,Sector 1,Sector 1,București,Nord,1
Alis Ecomob SRL,Staer 9,Pontonierilor,București neatribuit,București neatribuit,București,București neatribuit,1
Alis Ecomob SRL,Staer 9,Popa Florea,București neatribuit,București neatribuit,București,București neatribuit,1
Alis Ecomob SRL,Staer 9,Porunmbacu,București neatribuit,București neatribuit,București,București neatribuit,1
Alis Ecomob SRL,Staer 9,Postalionului,București neatribuit,București neatribuit,București,București neatribuit,1
Alis Ecomob SRL,Staer 9,Poteras,București neatribuit,București neatribuit,București,București neatribuit,1
Alis Ecomob SRL,Staer 9,Povernei,București neatribuit,București neatribuit,București,București neatribuit,1
Alis Ecomob SRL,Staer 9,Prasilei,Sector 4,Sector 4,București,Sud,1
Alis Ecomob SRL,Staer 9,Priboiului,București neatribuit,București neatribuit,București,București neatribuit,1
Alis Ecomob SRL,Staer 9,Prof Dr S Nicolau,București neatribuit,București neatribuit,București,București neatribuit,1
Alis Ecomob SRL,Staer 9,Prometeu,Sector 1,Sector 1,București,Nord,1
Alis Ecomob SRL,Staer 9,Puccini Giaccomo,București neatribuit,București neatribuit,București,București neatribuit,1
Alis Ecomob SRL,Staer 9,Puietilor,București neatribuit,București neatribuit,București,București neatribuit,1
Alis Ecomob SRL,Staer 9,Putul lui Zamfir,București neatribuit,București neatribuit,București,București neatribuit,1
Alis Ecomob SRL,Staer 9,Radu Dudescu,București neatribuit,București neatribuit,București,București neatribuit,1
Alis Ecomob SRL,Staer 9,Rarau,București neatribuit,București neatribuit,București,București neatribuit,1
Alis Ecomob SRL,Staer 9,Rascoala,București neatribuit,București neatribuit,București,București neatribuit,1
Alis Ecomob SRL,Staer 9,Rascoala 1907,Sector 2,Sector 2,București,Nord-Est,1
Alis Ecomob SRL,Staer 9,Raspantiilor,București neatribuit,București neatribuit,București,București neatribuit,1
Alis Ecomob SRL,Staer 9,Raul Soimului,Sector 4,Sector 4,București,Sud,1
Alis Ecomob SRL,Staer 9,Rediu,București neatribuit,București neatribuit,București,București neatribuit,1
Alis Ecomob SRL,Staer 9,Redutei,București neatribuit,București neatribuit,București,București neatribuit,1
Alis Ecomob SRL,Staer 9,Retortei,Sector 1,Sector 1,București,Nord,1
Alis Ecomob SRL,Staer 9,Rezonantei,Sector 4,Sector 4,București,Sud,1
Alis Ecomob SRL,Staer 9,Roma,București neatribuit,București neatribuit,București,București neatribuit,1
Alis Ecomob SRL,Staer 9,Rosianu,București neatribuit,București neatribuit,București,București neatribuit,1
Alis Ecomob SRL,Staer 9,Rovine,Sector 2,Sector 2,București,Nord-Est,1
Alis Ecomob SRL,Staer 9,Rozetului,București neatribuit,București neatribuit,București,București neatribuit,1
Alis Ecomob SRL,Staer 9,Rumeoara,București neatribuit,București neatribuit,București,București neatribuit,1
Alis Ecomob SRL,Staer 9,Rusetu,București neatribuit,București neatribuit,București,București neatribuit,1
Alis Ecomob SRL,Staer 9,Safirului,București neatribuit,București neatribuit,București,București neatribuit,1
Alis Ecomob SRL,Staer 9,Sapientei,București neatribuit,București neatribuit,București,București neatribuit,1
Alis Ecomob SRL,Staer 9,Satelitului,București neatribuit,București neatribuit,București,București neatribuit,1
Alis Ecomob SRL,Staer 9,Saturn,București neatribuit,București neatribuit,București,București neatribuit,1
Alis Ecomob SRL,Staer 9,Sbl Ionescu Ghe,București neatribuit,București neatribuit,București,București neatribuit,1
Alis Ecomob SRL,Staer 9,Scarisoara,București neatribuit,București neatribuit,București,București neatribuit,1
Alis Ecomob SRL,Staer 9,Schiorilor,București neatribuit,București neatribuit,București,București neatribuit,1
Alis Ecomob SRL,Staer 9,Segarcea,Sector 6,Sector 6,București,Vest,1
Alis Ecomob SRL,Staer 9,Serbota,București neatribuit,București neatribuit,București,București neatribuit,1
Alis Ecomob SRL,Staer 9,Serg Ghe Iorga,București neatribuit,București neatribuit,București,București neatribuit,1
Alis Ecomob SRL,Staer 9,Serg Maj C-Tin Musat,București neatribuit,București neatribuit,București,București neatribuit,1
Alis Ecomob SRL,Staer 9,Sergent Major Gheorge Iorga,București neatribuit,București neatribuit,București,București neatribuit,1
Alis Ecomob SRL,Staer 9,Sergent Turturica,București neatribuit,București neatribuit,București,București neatribuit,1
Alis Ecomob SRL,Staer 9,Sg Apostol C Tin,București neatribuit,București neatribuit,București,București neatribuit,1
Alis Ecomob SRL,Staer 9,Sg Const Apostol,București neatribuit,București neatribuit,București,București neatribuit,1
Alis Ecomob SRL,Staer 9,Sg Constantin Apostol,București neatribuit,București neatribuit,București,București neatribuit,1
Alis Ecomob SRL,Staer 9,Sg Constantin Musat,București neatribuit,București neatribuit,București,București neatribuit,1
Alis Ecomob SRL,Staer 9,Sg David Ilie,București neatribuit,București neatribuit,București,București neatribuit,1
Alis Ecomob SRL,Staer 9,Sg Dumitru Pene,București neatribuit,București neatribuit,București,București neatribuit,1
Alis Ecomob SRL,Staer 9,Sg Ghe Donici,București neatribuit,București neatribuit,București,București neatribuit,1
Alis Ecomob SRL,Staer 9,Sg Gheorghe Donici,București neatribuit,București neatribuit,București,București neatribuit,1
Alis Ecomob SRL,Staer 9,Sg Maj Ion Nedeleanu,București neatribuit,București neatribuit,București,București neatribuit,1
Alis Ecomob SRL,Staer 9,Sg Maj Nedeleanu Ion,București neatribuit,București neatribuit,București,București neatribuit,1
Alis Ecomob SRL,Staer 9,Sg Manea Serban,București neatribuit,București neatribuit,București,București neatribuit,1
Alis Ecomob SRL,Staer 9,Sg Stefan Moraru,București neatribuit,București neatribuit,București,București neatribuit,1
Alis Ecomob SRL,Staer 9,Sg. Ion Iriceanu,București neatribuit,București neatribuit,București,București neatribuit,1
Alis Ecomob SRL,Staer 9,Sinaia,Sector 2,Sector 2,București,Nord-Est,1
Alis Ecomob SRL,Staer 9,Sinca,București neatribuit,București neatribuit,București,București neatribuit,1
Alis Ecomob SRL,Staer 9,Sinca (str),București neatribuit,București neatribuit,București,București neatribuit,1
Alis Ecomob SRL,Staer 9,Sldt Vasile Croitoru,București neatribuit,București neatribuit,București,București neatribuit,1
Alis Ecomob SRL,Staer 9,Slt. Croitoru Vasile,București neatribuit,București neatribuit,București,București neatribuit,1
Alis Ecomob SRL,Staer 9,Slt. Sebe Nicolaie,București neatribuit,București neatribuit,București,București neatribuit,1
Alis Ecomob SRL,Staer 9,Slt.nicolae Sebe,București neatribuit,București neatribuit,București,București neatribuit,1
Alis Ecomob SRL,Staer 9,Soarelui,Sector 6,Sector 6,București,Vest,1
Alis Ecomob SRL,Staer 9,Sold Modoran Ene,Sector 5,Sector 5,București,Sud-Vest,1
Alis Ecomob SRL,Staer 9,Sold Petre Tina,București neatribuit,București neatribuit,București,București neatribuit,1
Alis Ecomob SRL,Staer 9,Sold Radu Tina,București neatribuit,București neatribuit,București,București neatribuit,1
Alis Ecomob SRL,Staer 9,Sold Vasile Croitoru,București neatribuit,București neatribuit,București,București neatribuit,1
Alis Ecomob SRL,Staer 9,Sold Velicu Stefan,București neatribuit,București neatribuit,București,București neatribuit,1
Alis Ecomob SRL,Staer 9,Sold Zambila Ionita,București neatribuit,București neatribuit,București,București neatribuit,1
Alis Ecomob SRL,Staer 9,Soldat Ilie Mihai,București neatribuit,București neatribuit,București,București neatribuit,1
Alis Ecomob SRL,Staer 9,Soldat Ilie Mihail,București neatribuit,București neatribuit,București,București neatribuit,1
Alis Ecomob SRL,Staer 9,Soldat Modoran Ene,Sector 5,Sector 5,București,Sud-Vest,1
Alis Ecomob SRL,Staer 9,Soldat Petre,București neatribuit,București neatribuit,București,București neatribuit,1
Alis Ecomob SRL,Staer 9,Soldat Stefan Constantin,București neatribuit,București neatribuit,București,București neatribuit,1
Alis Ecomob SRL,Staer 9,Soreni,București neatribuit,București neatribuit,București,București neatribuit,1
Alis Ecomob SRL,Staer 9,Soveja,Sector 1,Sector 1,București,Nord,1
Alis Ecomob SRL,Staer 9,Spaliul Unirii,București neatribuit,București neatribuit,București,București neatribuit,1
Alis Ecomob SRL,Staer 9,Spartachiadei,București neatribuit,București neatribuit,București,București neatribuit,1
Alis Ecomob SRL,Staer 9,Spatar Preda Buzescu,București neatribuit,București neatribuit,București,București neatribuit,1
Alis Ecomob SRL,Staer 9,Spatarul Mihai,Sector 2,Sector 2,București,Nord-Est,1
Alis Ecomob SRL,Staer 9,Spatarului 2,București neatribuit,București neatribuit,București,București neatribuit,1
Alis Ecomob SRL,Staer 9,Spinis,Sector 4,Sector 4,București,Sud,1
Alis Ecomob SRL,Staer 9,Srg. Mj. Sorescu Stefan,București neatribuit,București neatribuit,București,București neatribuit,1
Alis Ecomob SRL,Staer 9,Stanjeneilor,Sector 4,Sector 4,București,Sud,1
Alis Ecomob SRL,Staer 9,Stefan Negulescu,Sector 1,Sector 1,București,Nord,1
Alis Ecomob SRL,Staer 9,Stefan Protopopescu,București neatribuit,București neatribuit,București,București neatribuit,1
Alis Ecomob SRL,Staer 9,Stefan Stoica,București neatribuit,București neatribuit,București,București neatribuit,1
Alis Ecomob SRL,Staer 9,Stefaqn cel Mare,București neatribuit,București neatribuit,București,București neatribuit,1
Alis Ecomob SRL,Staer 9,Stelea Spataru,București neatribuit,București neatribuit,București,București neatribuit,1
Alis Ecomob SRL,Staer 9,Stiubei,București neatribuit,București neatribuit,București,București neatribuit,1
Alis Ecomob SRL,Staer 9,Stiubeiului,București neatribuit,București neatribuit,București,București neatribuit,1
Alis Ecomob SRL,Staer 9,Stolnici,Sector 4,Sector 4,București,Sud,1
Alis Ecomob SRL,Staer 9,Stolnicul Vasile,Sector 2,Sector 2,București,Nord-Est,1
Alis Ecomob SRL,Staer 9,Strada Ada Trestiana,București neatribuit,București neatribuit,București,București neatribuit,1
Alis Ecomob SRL,Staer 9,Strada Anghel Moldoveanu,Sector 4,Sector 4,București,Sud,1
Alis Ecomob SRL,Staer 9,Strada Botorca,Sector 5,Sector 5,București,Sud-Vest,1
Alis Ecomob SRL,Staer 9,Strada Busolei,București neatribuit,București neatribuit,București,București neatribuit,1
Alis Ecomob SRL,Staer 9,Strada Cercetatorilor,Sector 4,Sector 4,București,Sud,1
Alis Ecomob SRL,Staer 9,Strada Complexului,Sector 3,Sector 3,București,Est,1
Alis Ecomob SRL,Staer 9,Strada D-Na Ghica,Sector 2,Sector 2,București,Nord-Est,1
Alis Ecomob SRL,Staer 9,Strada Delinesti,Sector 6,Sector 6,București,Vest,1
Alis Ecomob SRL,Staer 9,Strada Dreptatii,București neatribuit,București neatribuit,București,București neatribuit,1
Alis Ecomob SRL,Staer 9,Strada Dumbrăveni,Sector 4,Sector 4,București,Sud,1
Alis Ecomob SRL,Staer 9,Strada Elena Caragiani,București neatribuit,București neatribuit,București,București neatribuit,1
Alis Ecomob SRL,Staer 9,Strada Fantanica,Sector 2,Sector 2,București,Nord-Est,1
Alis Ecomob SRL,Staer 9,Strada Garoafei,Sector 5,Sector 5,București,Sud-Vest,1
Alis Ecomob SRL,Staer 9,Strada George Georgescu,București neatribuit,București neatribuit,București,București neatribuit,1
Alis Ecomob SRL,Staer 9,Strada Grigore C Moisil,Sector 2,Sector 2,București,Nord-Est,1
Alis Ecomob SRL,Staer 9,Strada Grigore Ionescu,Sector 2,Sector 2,București,Nord-Est,1
Alis Ecomob SRL,Staer 9,Strada Grota Lacurilor,Sector 3,Sector 3,București,Est,1
Alis Ecomob SRL,Staer 9,Strada Iacob Andrei,Sector 5,Sector 5,București,Sud-Vest,1
Alis Ecomob SRL,Staer 9,Strada Ion Țuculescu,Sector 3,Sector 3,București,Est,1
Alis Ecomob SRL,Staer 9,Strada Jiului,Sector 1,Sector 1,București,Nord,1
Alis Ecomob SRL,Staer 9,Strada Lemnisorului,Sector 3,Sector 3,București,Est,1
Alis Ecomob SRL,Staer 9,Strada Lt Petre Negulescu,Sector 2,Sector 2,București,Nord-Est,1
Alis Ecomob SRL,Staer 9,Strada Lugojana,Sector 3,Sector 3,București,Est,1
Alis Ecomob SRL,Staer 9,Strada Lujerului,Sector 6,Sector 6,București,Vest,1
Alis Ecomob SRL,Staer 9,Strada Maior Vasile Bacila,București neatribuit,București neatribuit,București,București neatribuit,1
Alis Ecomob SRL,Staer 9,Strada Măriuca,Sector 4,Sector 4,București,Sud,1
Alis Ecomob SRL,Staer 9,Strada Olimpiadei,Sector 2,Sector 2,București,Nord-Est,1
Alis Ecomob SRL,Staer 9,Strada Oltina,Sector 5,Sector 5,București,Sud-Vest,1
Alis Ecomob SRL,Staer 9,Strada Panselelor,Sector 4,Sector 4,București,Sud,1
Alis Ecomob SRL,Staer 9,Strada Parîncea,Sector 4,Sector 4,București,Sud,1
Alis Ecomob SRL,Staer 9,Strada Paul Greceanu,Sector 2,Sector 2,București,Nord-Est,1
Alis Ecomob SRL,Staer 9,Strada Peneș Curcanul,București neatribuit,București neatribuit,București,București neatribuit,1
Alis Ecomob SRL,Staer 9,Strada Samuil Vulcan,Sector 5,Sector 5,București,Sud-Vest,1
Alis Ecomob SRL,Staer 9,Strada Sandulesti,București neatribuit,București neatribuit,București,București neatribuit,1
Alis Ecomob SRL,Staer 9,Strada Sfânta Vineri,București neatribuit,București neatribuit,București,București neatribuit,1
Alis Ecomob SRL,Staer 9,Strada Sg. Nițu Vasile,Sector 4,Sector 4,București,Sud,1
Alis Ecomob SRL,Staer 9,Strada Slt Popa,Sector 5,Sector 5,București,Sud-Vest,1
Alis Ecomob SRL,Staer 9,Strada Toamnei,Sector 2,Sector 2,București,Nord-Est,1
Alis Ecomob SRL,Staer 9,Strada Traian,București neatribuit,București neatribuit,București,București neatribuit,1
Alis Ecomob SRL,Staer 9,Strada Traian Popovici,Sector 3,Sector 3,București,Est,1
Alis Ecomob SRL,Staer 9,Strada Vlaicu Vodă,Sector 3,Sector 3,București,Est,1
Alis Ecomob SRL,Staer 9,Strada Xandru cel Bun,București neatribuit,București neatribuit,București,București neatribuit,1
Alis Ecomob SRL,Staer 9,Strada Zagazului,Sector 1,Sector 1,București,Nord,1
Alis Ecomob SRL,Staer 9,Strada Zboina Neagră,Sector 6,Sector 6,București,Vest,1
Alis Ecomob SRL,Staer 9,Strada Ziduri Intre VII,Sector 2,Sector 2,București,Nord-Est,1
Alis Ecomob SRL,Staer 9,Stupca,Sector 6,Sector 6,București,Vest,1
Alis Ecomob SRL,Staer 9,Sub Cetate,București neatribuit,București neatribuit,București,București neatribuit,1
Alis Ecomob SRL,Staer 9,Subcetate,Sector 1,Sector 1,București,Nord,1
Alis Ecomob SRL,Staer 9,Sura Mare,București neatribuit,București neatribuit,București,București neatribuit,1
Alis Ecomob SRL,Staer 9,Șoseaua Buc-Targoviste,Sector 1,Sector 1,București,Nord,1
Alis Ecomob SRL,Staer 9,Șoseaua Bucuresti-Targoviste,Sector 1,Sector 1,București,Nord,1
Alis Ecomob SRL,Staer 9,Șoseaua Centura,București neatribuit,București neatribuit,București,București neatribuit,1
Alis Ecomob SRL,Staer 9,Șoseaua Fabrica de Chibrituri,Sector 5,Sector 5,București,Sud-Vest,1
Alis Ecomob SRL,Staer 9,Șoseaua Garii Catelu,București neatribuit,București neatribuit,București,București neatribuit,1
Alis Ecomob SRL,Staer 9,Șoseaua Giurgului,București neatribuit,București neatribuit,București,București neatribuit,1
Alis Ecomob SRL,Staer 9,Șoseaua Iancului,București neatribuit,București neatribuit,București,București neatribuit,1
Alis Ecomob SRL,Staer 9,Șoseaua Orhideelor,București neatribuit,București neatribuit,București,București neatribuit,1
Alis Ecomob SRL,Staer 9,Șoseaua Pipera,București neatribuit,București neatribuit,București,București neatribuit,1
Alis Ecomob SRL,Staer 9,Șoseaua Progresului,Sector 5,Sector 5,București,Sud-Vest,1
Alis Ecomob SRL,Staer 9,Șoseaua St cel Mare,București neatribuit,București neatribuit,București,București neatribuit,1
Alis Ecomob SRL,Staer 9,Taiga,București neatribuit,București neatribuit,București,București neatribuit,1
Alis Ecomob SRL,Staer 9,Tataru Petre,București neatribuit,București neatribuit,București,București neatribuit,1
Alis Ecomob SRL,Staer 9,Teiului,București neatribuit,București neatribuit,București,București neatribuit,1
Alis Ecomob SRL,Staer 9,Telia,București neatribuit,București neatribuit,București,București neatribuit,1
Alis Ecomob SRL,Staer 9,Teliu,București neatribuit,București neatribuit,București,București neatribuit,1
Alis Ecomob SRL,Staer 9,Teodosie Rudeanu,Sector 1,Sector 1,București,Nord,1
Alis Ecomob SRL,Staer 9,Tesatoarelor,Sector 2,Sector 2,București,Nord-Est,1
Alis Ecomob SRL,Staer 9,Tg Jiu,București neatribuit,București neatribuit,București,București neatribuit,1
Alis Ecomob SRL,Staer 9,Theodor Sperantia,Sector 3,Sector 3,București,Est,1
Alis Ecomob SRL,Staer 9,Timisul de Jos1,București neatribuit,București neatribuit,București,București neatribuit,1
Alis Ecomob SRL,Staer 9,Timpului,București neatribuit,București neatribuit,București,București neatribuit,1
Alis Ecomob SRL,Staer 9,Tina Petre,Sector 3,Sector 3,București,Est,1
Alis Ecomob SRL,Staer 9,Tintasului,București neatribuit,București neatribuit,București,București neatribuit,1
Alis Ecomob SRL,Staer 9,Titel Petrescu,București neatribuit,București neatribuit,București,București neatribuit,1
Alis Ecomob SRL,Staer 9,Topliceanu Vasile,Sector 5,Sector 5,București,Sud-Vest,1
Alis Ecomob SRL,Staer 9,Topolnita,București neatribuit,București neatribuit,București,București neatribuit,1
Alis Ecomob SRL,Staer 9,Topolovat,Sector 6,Sector 6,București,Vest,1
Alis Ecomob SRL,Staer 9,Toporasi,Sector 5,Sector 5,București,Sud-Vest,1
Alis Ecomob SRL,Staer 9,Trandafirului,București neatribuit,București neatribuit,București,București neatribuit,1
Alis Ecomob SRL,Staer 9,Trei Brazi,Sector 4,Sector 4,București,Sud,1
Alis Ecomob SRL,Staer 9,Trestiana,Sector 4,Sector 4,București,Sud,1
Alis Ecomob SRL,Staer 9,Tufanelelor,Sector 6,Sector 6,București,Vest,1
Alis Ecomob SRL,Staer 9,Tufelor,București neatribuit,București neatribuit,București,București neatribuit,1
Alis Ecomob SRL,Staer 9,Tunsu Petre,București neatribuit,București neatribuit,București,București neatribuit,1
Alis Ecomob SRL,Staer 9,Turnul Magurele,Sector 4,Sector 4,București,Sud,1
Alis Ecomob SRL,Staer 9,U Theodor Pallady,București neatribuit,București neatribuit,București,București neatribuit,1
Alis Ecomob SRL,Staer 9,Ugea,București neatribuit,București neatribuit,București,București neatribuit,1
Alis Ecomob SRL,Staer 9,Uioara,Sector 4,Sector 4,București,Sud,1
Alis Ecomob SRL,Staer 9,Ul Taberei,București neatribuit,București neatribuit,București,București neatribuit,1
Alis Ecomob SRL,Staer 9,Ung Ghencea,București neatribuit,București neatribuit,București,București neatribuit,1
Alis Ecomob SRL,Staer 9,Ungireas Ghencea,București neatribuit,București neatribuit,București,București neatribuit,1
Alis Ecomob SRL,Staer 9,Unirii,București neatribuit,București neatribuit,București,București neatribuit,1
Alis Ecomob SRL,Staer 9,Uranus,Sector 5,Sector 5,București,Sud-Vest,1
Alis Ecomob SRL,Staer 9,Ursa Mica,București neatribuit,București neatribuit,București,București neatribuit,1
Alis Ecomob SRL,Staer 9,Uruguay,București neatribuit,București neatribuit,București,București neatribuit,1
Alis Ecomob SRL,Staer 9,Urzari,București neatribuit,București neatribuit,București,București neatribuit,1
Alis Ecomob SRL,Staer 9,Urziceni,Sector 4,Sector 4,București,Sud,1
Alis Ecomob SRL,Staer 9,Usarilor,București neatribuit,București neatribuit,București,București neatribuit,1
Alis Ecomob SRL,Staer 9,Usei,Sector 2,Sector 2,București,Nord-Est,1
Alis Ecomob SRL,Staer 9,Vailor,București neatribuit,București neatribuit,București,București neatribuit,1
Alis Ecomob SRL,Staer 9,Val Alba,București neatribuit,București neatribuit,București,București neatribuit,1
Alis Ecomob SRL,Staer 9,Val Argesului,București neatribuit,București neatribuit,București,București neatribuit,1
Alis Ecomob SRL,Staer 9,Valea Furcii,Sector 6,Sector 6,București,Vest,1
Alis Ecomob SRL,Staer 9,Valeriu Braniste,Sector 3,Sector 3,București,Est,1
Alis Ecomob SRL,Staer 9,Valsului,București neatribuit,București neatribuit,București,București neatribuit,1
Alis Ecomob SRL,Staer 9,Varful Inalt,Sector 1,Sector 1,București,Nord,1
Alis Ecomob SRL,Staer 9,Vaselor,Sector 2,Sector 2,București,Nord-Est,1
Alis Ecomob SRL,Staer 9,Vasile Dumitrescu,București neatribuit,București neatribuit,București,București neatribuit,1
Alis Ecomob SRL,Staer 9,Vatra Dornei,Sector 4,Sector 4,București,Sud,1
Alis Ecomob SRL,Staer 9,Veronica Micle,Sector 1,Sector 1,București,Nord,1
Alis Ecomob SRL,Staer 9,Verzisori,Sector 4,Sector 4,București,Sud,1
Alis Ecomob SRL,Staer 9,Viesparilor,București neatribuit,București neatribuit,București,București neatribuit,1
Alis Ecomob SRL,Staer 9,Vijeliei,București neatribuit,București neatribuit,București,București neatribuit,1
Alis Ecomob SRL,Staer 9,Viorele,Sector 4,Sector 4,București,Sud,1
Alis Ecomob SRL,Staer 9,Virgil Plesoianu,București neatribuit,București neatribuit,București,București neatribuit,1
Alis Ecomob SRL,Staer 9,Virturtii,București neatribuit,București neatribuit,București,București neatribuit,1
Alis Ecomob SRL,Staer 9,Vistiernic Stavrinos,București neatribuit,București neatribuit,București,București neatribuit,1
Alis Ecomob SRL,Staer 9,Vistiernicul Stavrinos,Sector 6,Sector 6,București,Vest,1
Alis Ecomob SRL,Staer 9,Vistiernicului Stavrinos,București neatribuit,București neatribuit,București,București neatribuit,1
Alis Ecomob SRL,Staer 9,Vlad Tepes,București neatribuit,București neatribuit,București,București neatribuit,1
Alis Ecomob SRL,Staer 9,Voila,Sector 4,Sector 4,București,Sud,1
Alis Ecomob SRL,Staer 9,X. Borneanu,București neatribuit,București neatribuit,București,București neatribuit,1
Alis Ecomob SRL,Staer 9,Xandru Ipsilanti,București neatribuit,București neatribuit,București,București neatribuit,1
Alis Ecomob SRL,Staer 9,Xandru Ivansuc,București neatribuit,București neatribuit,București,București neatribuit,1
Alis Ecomob SRL,Staer 9,Xandru Lapusneanu,Sector 1,Sector 1,București,Nord,1
Alis Ecomob SRL,Staer 9,Xandru Papiu Ilarian,București neatribuit,București neatribuit,București,București neatribuit,1
Alis Ecomob SRL,Staer 9,Zarzarilor,București neatribuit,București neatribuit,București,București neatribuit,1
Alis Ecomob SRL,Staer 9,Zemes,Sector 3,Sector 3,București,Est,1
Alis Ecomob SRL,Staer 9,Ziduru Intre VII,București neatribuit,București neatribuit,București,București neatribuit,1
Alis Ecomob SRL,Staer 9,Zimnicea,București neatribuit,București neatribuit,București,București neatribuit,1
Alis Ecomob SRL,Staer 9,Zizin,Sector 3,Sector 3,București,Est,1
Alis Ecomob SRL,Staer 9,Aleea Sandulesti,Sector 6,Sector 6,București,Vest,1
Alis Ecomob SRL,Staer 9,Dorneasca,București neatribuit,București neatribuit,București,București neatribuit,1
Alis Ecomob SRL,Staer 9,Luntreni,Sector 5,Sector 5,București,Sud-Vest,1
Alis Ecomob SRL,Staer 9,Moinesti,Sector 6,Sector 6,București,Vest,1
Alis Ecomob SRL,Staer 9,Șoseaua Principala,București neatribuit,București neatribuit,București,București neatribuit,1
Alis Ecomob SRL,Staer 9,Baciului,Sector 5,Sector 5,București,Sud-Vest,1
Alis Ecomob SRL,Staer 9,Bulevardul Doamna Ghica,Sector 2,Sector 2,București,Nord-Est,1
Alis Ecomob SRL,Staer 9,Bulevardul Uverturii,Sector 6,Sector 6,București,Vest,1
Alis Ecomob SRL,Staer 9,Drumul Gazarului,Sector 4,Sector 4,București,Sud,1
Alis Ecomob SRL,Staer 9,Lt Col Dumitru Raducu Durbac,București neatribuit,București neatribuit,București,București neatribuit,1
Alis Ecomob SRL,Staer 9,Moinesti,Sector 6,Sector 6,București,Vest,1
Alis Ecomob SRL,Staer 9,Strada Dristorului,Sector 3,Sector 3,București,Est,1
Alis Ecomob SRL,Staer 9,Strada Mihail Sebastian,Sector 5,Sector 5,București,Sud-Vest,1
Alis Ecomob SRL,Staer 9,Tutunari,Sector 5,Sector 5,București,Sud-Vest,1
Alis Ecomob SRL,Staer 9,Secuilor,Sector 4,Sector 4,București,Sud,1
Alis Ecomob SRL,Staer 9,Calea Bucuresti,București neatribuit,București neatribuit,București,București neatribuit,1
Alis Ecomob SRL,Staer 9,Eroului,București neatribuit,București neatribuit,București,București neatribuit,1
Alis Ecomob SRL,Staer 9,Rezervelor,Sector 6,Sector 6,București,Vest,1
Alis Ecomob SRL,Staer 9,Sat Rosu,București neatribuit,București neatribuit,București,București neatribuit,1
Alis Ecomob SRL,Staer 9,Șoseaua Orhideelor,București neatribuit,București neatribuit,București,București neatribuit,1
Alis Ecomob SRL,Staer 9,Viilor,București neatribuit,București neatribuit,București,București neatribuit,1
Alis Ecomob SRL,Staer 9,Campului,București neatribuit,București neatribuit,București,București neatribuit,1
Alis Ecomob SRL,Staer 9,Șoseaua Orhideelor,București neatribuit,București neatribuit,București,București neatribuit,1
Alis Ecomob SRL,Staer 9,Crinului,București neatribuit,București neatribuit,București,București neatribuit,1
Alis Ecomob SRL,Staer 9,Bulevardul Dacia,Sector 2,Sector 2,București,Nord-Est,1
Alis Ecomob SRL,Staer 9,Șoseaua Banatului,București neatribuit,București neatribuit,București,București neatribuit,1
Alis Ecomob SRL,Staer 9,Trandafirilor,București neatribuit,București neatribuit,București,București neatribuit,1
Alis Ecomob SRL,Staer 9,Pamfil Seicaru,București neatribuit,București neatribuit,București,București neatribuit,1
Alis Ecomob SRL,Staer 9,Intrarea Area Privighetorii,București neatribuit,București neatribuit,București,București neatribuit,1
Alis Ecomob SRL,Staer 9,Olteni 2,București neatribuit,București neatribuit,București,București neatribuit,1
Alis Ecomob SRL,Staer 9,13,Sector 4,Sector 4,București,Sud,1
Alis Ecomob SRL,Staer 9,16,București neatribuit,București neatribuit,București,București neatribuit,1
Alis Ecomob SRL,Staer 9,Rasaritului,Sector 6,Sector 6,București,Vest,1
Alis Ecomob SRL,Staer 9,Ciresului,Sector 2,Sector 2,București,Nord-Est,1
Alis Ecomob SRL,Staer 9,Aleea Ea Valea Prahovei,Sector 6,Sector 6,București,Vest,1
Alis Ecomob SRL,Staer 9,Bubica,București neatribuit,București neatribuit,București,București neatribuit,1
Alis Ecomob SRL,Staer 9,Curtea Domneasca,București neatribuit,București neatribuit,București,București neatribuit,1
Alis Ecomob SRL,Staer 9,Ghioceilor,București neatribuit,București neatribuit,București,București neatribuit,1
Alis Ecomob SRL,Staer 9,Sf Const si Elena,București neatribuit,București neatribuit,București,București neatribuit,1
Alis Ecomob SRL,Staer 9,Targului,București neatribuit,București neatribuit,București,București neatribuit,1
Alis Ecomob SRL,Staer 9,2,București neatribuit,București neatribuit,București,București neatribuit,1
Alis Ecomob SRL,Staer 9,Intrarea Salcamilor,București neatribuit,București neatribuit,București,București neatribuit,1
Alis Ecomob SRL,Staer 9,Milcov,București neatribuit,București neatribuit,București,București neatribuit,1
Alis Ecomob SRL,Staer 9,Unirii,București neatribuit,București neatribuit,București,București neatribuit,1
Alis Ecomob SRL,Staer 9,Uranus,Sector 5,Sector 5,București,Sud-Vest,1
Alis Ecomob SRL,Staer 9,Bulevardul Tineretului,Sector 6,Sector 6,București,Vest,1
Alis Ecomob SRL,Staer 9,Laurului,București neatribuit,București neatribuit,București,București neatribuit,1
Alis Ecomob SRL,Staer 9,Strada Amurgului,București neatribuit,București neatribuit,București,București neatribuit,1
Alis Ecomob SRL,Staer 9,Fericirii,Sector 2,Sector 2,București,Nord-Est,1
Alis Ecomob SRL,Staer 9,Sf Gheorghe,Sector 2,Sector 2,București,Nord-Est,1
Alis Ecomob SRL,Staer 9,Triumfului,Sector 1,Sector 1,București,Nord,1
Alis Ecomob SRL,Staer 9,Dr Fermei,București neatribuit,București neatribuit,București,București neatribuit,1
Alis Ecomob SRL,Staer 9,Occidentului,București neatribuit,București neatribuit,București,București neatribuit,1
Alis Ecomob SRL,Staer 9,Șoseaua Olteniței,Sector 4,Sector 4,București,Sud,1
Alis Ecomob SRL,Staer 9,Teilor,București neatribuit,București neatribuit,București,București neatribuit,1
Alis Ecomob SRL,Staer 9,Int Moldovenilor,București neatribuit,București neatribuit,București,București neatribuit,1
Alis Ecomob SRL,Staer 9,Aleea Ea Hobita,Sector 2,Sector 2,București,Nord-Est,1
Alis Ecomob SRL,Staer 9,Mihai Bravu,Sector 2,Sector 2,București,Nord-Est,1
Alis Ecomob SRL,Staer 9,Aleea Codrii Neamtului,Sector 3,Sector 3,București,Est,1
Alis Ecomob SRL,Staer 9,Aleea Ea Perisor,Sector 3,Sector 3,București,Est,1
Alis Ecomob SRL,Staer 9,Bulevardul Theodor Pallady,Sector 3,Sector 3,București,Est,1
Alis Ecomob SRL,Staer 9,Calea Ea Vitan,Sector 3,Sector 3,București,Est,1
Alis Ecomob SRL,Staer 9,Intrarea Area Horbotei,Sector 3,Sector 3,București,Est,1
Alis Ecomob SRL,Staer 9,Aleea Somesul Cald,Sector 4,Sector 4,București,Sud,1
Alis Ecomob SRL,Staer 9,Bulevardul Dimitrie Cantemir,Sector 4,Sector 4,București,Sud,1
Alis Ecomob SRL,Staer 9,Marasesti,Sector 4,Sector 4,București,Sud,1
Alis Ecomob SRL,Staer 9,Dr Ghindari,Sector 5,Sector 5,București,Sud-Vest,1
Alis Ecomob SRL,Staer 9,Intrarea Recas,Sector 5,Sector 5,București,Sud-Vest,1
Alis Ecomob SRL,Staer 9,Aa Moinesti,Sector 6,Sector 6,București,Vest,1
Alis Ecomob SRL,Staer 9,Azurului,Sector 6,Sector 6,București,Vest,1
Alis Ecomob SRL,Staer 9,Calea Ea Crângași,Sector 6,Sector 6,București,Vest,1
Alis Ecomob SRL,Staer 9,Dobreni,Sector 6,Sector 6,București,Vest,1
Alis Ecomob SRL,Staer 9,George Valsan,Sector 6,Sector 6,București,Vest,1
Alis Ecomob SRL,Staer 9,Prelungirea Ungirea Ghencea,Sector 6,Sector 6,București,Vest,1
Alis Ecomob SRL,Staer 9,Targu Neamt,Sector 6,Sector 6,București,Vest,1
Alis Ecomob SRL,Staer 9,114,București neatribuit,București neatribuit,București,București neatribuit,1
Alis Ecomob SRL,Staer 9,29,București neatribuit,București neatribuit,București,București neatribuit,1
Alis Ecomob SRL,Staer 9,Nicolae Filimon,București neatribuit,București neatribuit,București,București neatribuit,1
Alis Ecomob SRL,Staer 9,Prelungirea Dealul Verde,București neatribuit,București neatribuit,București,București neatribuit,1
Alis Ecomob SRL,Staer 9,Bulevardul Tudor Vladimirescu,București neatribuit,București neatribuit,București,București neatribuit,1
Alis Ecomob SRL,Staer 9,Garii Pantelimon,București neatribuit,București neatribuit,București,București neatribuit,1
Alis Ecomob SRL,Staer 9,Popasului,București neatribuit,București neatribuit,București,București neatribuit,1
Alis Ecomob SRL,Staer 9,Aleea Ea Stadionului,1 Decembrie,—,Ilfov,Sud,1
Alis Ecomob SRL,Staer 9,Victoriei,1 Decembrie,—,Ilfov,Sud,1
Alis Ecomob SRL,Staer 9,20,1decembrie,—,Ilfov,Ilfov neatribuit,1
Alis Ecomob SRL,Staer 9,Domnita Balasa,Afumați,—,Ilfov,Nord-Est,1
Alis Ecomob SRL,Staer 9,Domnita Ralu,Afumați,—,Ilfov,Nord-Est,1
Alis Ecomob SRL,Staer 9,Ganeasa,Afumați,—,Ilfov,Nord-Est,1
Alis Ecomob SRL,Staer 9,I L Caragiale,Afumați,—,Ilfov,Nord-Est,1
Alis Ecomob SRL,Staer 9,Șoseaua Afumati,Afumați,—,Ilfov,Nord-Est,1
Alis Ecomob SRL,Staer 9,Alunis,Măgurele,—,Ilfov,Sud-Vest,1
Alis Ecomob SRL,Staer 9,Amurgului,Balotești,—,Ilfov,Nord,1
Alis Ecomob SRL,Staer 9,Eroul Martir,Balotești,—,Ilfov,Nord,1
Alis Ecomob SRL,Staer 9,Intrarea Cantonului,Balotești,—,Ilfov,Nord,1
Alis Ecomob SRL,Staer 9,Ion IC Bratianu,Balotești,—,Ilfov,Nord,1
Alis Ecomob SRL,Staer 9,Margeanului,Balotești,—,Ilfov,Nord,1
Alis Ecomob SRL,Staer 9,Unirii,Balotești,—,Ilfov,Nord,1
Alis Ecomob SRL,Staer 9,Aleea Ea Serelor,Berceni (Ilfov),—,Ilfov,Sud,1
Alis Ecomob SRL,Staer 9,Berzei,Berceni (Ilfov),—,Ilfov,Sud,1
Alis Ecomob SRL,Staer 9,Bulevardul 1 Mai,Berceni (Ilfov),—,Ilfov,Sud,1
Alis Ecomob SRL,Staer 9,Campului,Berceni (Ilfov),—,Ilfov,Sud,1
Alis Ecomob SRL,Staer 9,Dumbrava Rosie,Berceni (Ilfov),—,Ilfov,Sud,1
Alis Ecomob SRL,Staer 9,Elena Cuza,Berceni (Ilfov),—,Ilfov,Sud,1
Alis Ecomob SRL,Staer 9,Fabrica de Mobila,Berceni (Ilfov),—,Ilfov,Sud,1
Alis Ecomob SRL,Staer 9,Ficusului,Berceni (Ilfov),—,Ilfov,Sud,1
Alis Ecomob SRL,Staer 9,Intrarea Area Bihor,Berceni (Ilfov),—,Ilfov,Sud,1
Alis Ecomob SRL,Staer 9,Intrarea Ciulin,Berceni (Ilfov),—,Ilfov,Sud,1
Alis Ecomob SRL,Staer 9,Intrarea Maslinului,Berceni (Ilfov),—,Ilfov,Sud,1
Alis Ecomob SRL,Staer 9,Octavian Goga,Berceni (Ilfov),—,Ilfov,Sud,1
Alis Ecomob SRL,Staer 9,Oituz,Berceni (Ilfov),—,Ilfov,Sud,1
Alis Ecomob SRL,Staer 9,Armistitiului,Bragadiru,—,Ilfov,Sud-Vest,1
Alis Ecomob SRL,Staer 9,Aviatiei,Bragadiru,—,Ilfov,Sud-Vest,1
Alis Ecomob SRL,Staer 9,Bujorului,Bragadiru,—,Ilfov,Sud-Vest,1
Alis Ecomob SRL,Staer 9,Colinei,Bragadiru,—,Ilfov,Sud-Vest,1
Alis Ecomob SRL,Staer 9,Cristalului,Bragadiru,—,Ilfov,Sud-Vest,1
Alis Ecomob SRL,Staer 9,Diamantului,Bragadiru,—,Ilfov,Sud-Vest,1
Alis Ecomob SRL,Staer 9,Drumul Cu Sonde,Bragadiru,—,Ilfov,Sud-Vest,1
Alis Ecomob SRL,Staer 9,Garofitei,Bragadiru,—,Ilfov,Sud-Vest,1
Alis Ecomob SRL,Staer 9,Ghioceilor,Bragadiru,—,Ilfov,Sud-Vest,1
Alis Ecomob SRL,Staer 9,Intrarea Area Povernei,Bragadiru,—,Ilfov,Sud-Vest,1
Alis Ecomob SRL,Staer 9,Libertatii,Bragadiru,—,Ilfov,Sud-Vest,1
Alis Ecomob SRL,Staer 9,Marasesti,Bragadiru,—,Ilfov,Sud-Vest,1
Alis Ecomob SRL,Staer 9,Margeleleor,Bragadiru,—,Ilfov,Sud-Vest,1
Alis Ecomob SRL,Staer 9,Monumentului,Bragadiru,—,Ilfov,Sud-Vest,1
Alis Ecomob SRL,Staer 9,Movilei,Bragadiru,—,Ilfov,Sud-Vest,1
Alis Ecomob SRL,Staer 9,Obaie,Bragadiru,—,Ilfov,Sud-Vest,1
Alis Ecomob SRL,Staer 9,Șoseaua Alexandriei,Bragadiru,—,Ilfov,Sud-Vest,1
Alis Ecomob SRL,Staer 9,Topaz,Bragadiru,—,Ilfov,Sud-Vest,1
Alis Ecomob SRL,Staer 9,Verii,Bragadiru,—,Ilfov,Sud-Vest,1
Alis Ecomob SRL,Staer 9,Victoriei,Bragadiru,—,Ilfov,Sud-Vest,1
Alis Ecomob SRL,Staer 9,Vitejiei,Bragadiru,—,Ilfov,Sud-Vest,1
Alis Ecomob SRL,Staer 9,Xandru Ioan Cuza,Bragadiru,—,Ilfov,Sud-Vest,1
Alis Ecomob SRL,Staer 9,Șoseaua Alexandriei,Buda,—,Ilfov,Ilfov neatribuit,1
Alis Ecomob SRL,Staer 9,23 August,Buftea,—,Ilfov,Nord,1
Alis Ecomob SRL,Staer 9,Aleea Ea Constructorului,Buftea,—,Ilfov,Nord,1
Alis Ecomob SRL,Staer 9,Bucuresti-Targoviste,Buftea,—,Ilfov,Nord,1
Alis Ecomob SRL,Staer 9,Bulevardul Mihai Eminescu,Buftea,—,Ilfov,Nord,1
Alis Ecomob SRL,Staer 9,Fagaras,Buftea,—,Ilfov,Nord,1
Alis Ecomob SRL,Staer 9,Independentei,Buftea,—,Ilfov,Nord,1
Alis Ecomob SRL,Staer 9,Intrarea Constructorului,Buftea,—,Ilfov,Nord,1
Alis Ecomob SRL,Staer 9,M Eminescu,Buftea,—,Ilfov,Nord,1
Alis Ecomob SRL,Staer 9,Marasti,Buftea,—,Ilfov,Nord,1
Alis Ecomob SRL,Staer 9,Studioului,Buftea,—,Ilfov,Nord,1
Alis Ecomob SRL,Staer 9,Trandafirilor,Buftea,—,Ilfov,Nord,1
Alis Ecomob SRL,Staer 9,Viilor,Buftea,—,Ilfov,Nord,1
Alis Ecomob SRL,Staer 9,Bulevardul Muncii,Buftea,—,Ilfov,Nord,1
Alis Ecomob SRL,Staer 9,Glavanei,Buftea,—,Ilfov,Nord,1
Alis Ecomob SRL,Staer 9,Intrarea Uzinei,Glina,—,Ilfov,Est,1
Alis Ecomob SRL,Staer 9,1 Dec 1918,Chiajna–Roșu–Dudu,—,Ilfov,Vest,1
Alis Ecomob SRL,Staer 9,9 Mai,Chiajna–Roșu–Dudu,—,Ilfov,Vest,1
Alis Ecomob SRL,Staer 9,9mai,Chiajna–Roșu–Dudu,—,Ilfov,Vest,1
Alis Ecomob SRL,Staer 9,Acvilei,Chiajna–Roșu–Dudu,—,Ilfov,Vest,1
Alis Ecomob SRL,Staer 9,Acvilei 35,Chiajna–Roșu–Dudu,—,Ilfov,Vest,1
Alis Ecomob SRL,Staer 9,Dr Bacriului,Chiajna–Roșu–Dudu,—,Ilfov,Vest,1
Alis Ecomob SRL,Staer 9,Drumul Bacriului,Chiajna–Roșu–Dudu,—,Ilfov,Vest,1
Alis Ecomob SRL,Staer 9,I L Caragiale,Chiajna–Roșu–Dudu,—,Ilfov,Vest,1
Alis Ecomob SRL,Staer 9,Intrarea Nicolae Iorga,Chiajna–Roșu–Dudu,—,Ilfov,Vest,1
Alis Ecomob SRL,Staer 9,Intrarea Nuferilor,Chiajna–Roșu–Dudu,—,Ilfov,Vest,1
Alis Ecomob SRL,Staer 9,Intrarea Trandafiril;or,Chiajna–Roșu–Dudu,—,Ilfov,Vest,1
Alis Ecomob SRL,Staer 9,Narciselor,Chiajna–Roșu–Dudu,—,Ilfov,Vest,1
Alis Ecomob SRL,Staer 9,Pacii,Chiajna–Roșu–Dudu,—,Ilfov,Vest,1
Alis Ecomob SRL,Staer 9,Pufulet,Chiajna–Roșu–Dudu,—,Ilfov,Vest,1
Alis Ecomob SRL,Staer 9,Sat Dudu,Chiajna–Roșu–Dudu,—,Ilfov,Vest,1
Alis Ecomob SRL,Staer 9,Sf.nicolaie,Chiajna–Roșu–Dudu,—,Ilfov,Vest,1
Alis Ecomob SRL,Staer 9,Gentianei,Chiajna–Roșu–Dudu,—,Ilfov,Vest,1
Alis Ecomob SRL,Staer 9,IL Caragiale,Chiajna–Roșu–Dudu,—,Ilfov,Vest,1
Alis Ecomob SRL,Staer 9,Rezervelor,Chiajna–Roșu–Dudu,—,Ilfov,Vest,1
Alis Ecomob SRL,Staer 9,Acvilei,Chiajna–Roșu–Dudu,—,Ilfov,Vest,1
Alis Ecomob SRL,Staer 9,Apeductului,Chiajna–Roșu–Dudu,—,Ilfov,Vest,1
Alis Ecomob SRL,Staer 9,Dr Bacriului,Chiajna–Roșu–Dudu,—,Ilfov,Vest,1
Alis Ecomob SRL,Staer 9,Drumul Bacriului,Chiajna–Roșu–Dudu,—,Ilfov,Vest,1
Alis Ecomob SRL,Staer 9,Intrarea Area Canalului,Chiajna–Roșu–Dudu,—,Ilfov,Vest,1
Alis Ecomob SRL,Staer 9,Weiner Palada,Chiajna–Roșu–Dudu,—,Ilfov,Vest,1
Alis Ecomob SRL,Staer 9,Apeductului,Chiajna–Roșu–Dudu,—,Ilfov,Vest,1
Alis Ecomob SRL,Staer 9,Rezervelor,Chiajna–Roșu–Dudu,—,Ilfov,Vest,1
Alis Ecomob SRL,Staer 9,Dr Bacriului,Chiajna–Roșu–Dudu,—,Ilfov,Vest,1
Alis Ecomob SRL,Staer 9,Int Nuferilor,Chiajna–Roșu–Dudu,—,Ilfov,Vest,1
Alis Ecomob SRL,Staer 9,Viitorului,Chiajna–Roșu–Dudu,—,Ilfov,Vest,1
Alis Ecomob SRL,Staer 9,Aurel Vlaicu,Chitila,—,Ilfov,Vest,1
Alis Ecomob SRL,Staer 9,Banatului,Chitila,—,Ilfov,Vest,1
Alis Ecomob SRL,Staer 9,Horia,Chitila,—,Ilfov,Vest,1
Alis Ecomob SRL,Staer 9,Islaz,Chitila,—,Ilfov,Vest,1
Alis Ecomob SRL,Staer 9,Pacii,Chitila,—,Ilfov,Vest,1
Alis Ecomob SRL,Staer 9,Scolii,Chitila,—,Ilfov,Vest,1
Alis Ecomob SRL,Staer 9,Șoseaua Banatului,Chitila,—,Ilfov,Vest,1
Alis Ecomob SRL,Staer 9,Xandru Ioan Cuza,Chitila,—,Ilfov,Vest,1
Alis Ecomob SRL,Staer 9,Bisericii,"Ciolpani,sat Pisc",—,Ilfov,Ilfov neatribuit,1
Alis Ecomob SRL,Staer 9,Adunati,Ciorogârla,—,Ilfov,Vest,1
Alis Ecomob SRL,Staer 9,Dacia,Ciorogârla,—,Ilfov,Vest,1
Alis Ecomob SRL,Staer 9,Fermei,Ciorogârla,—,Ilfov,Vest,1
Alis Ecomob SRL,Staer 9,Magnoliei,Ciorogârla,—,Ilfov,Vest,1
Alis Ecomob SRL,Staer 9,Strada Tudor Vladimirescu,Ciorogârla,—,Ilfov,Vest,1
Alis Ecomob SRL,Staer 9,Șoseaua Bucuresti,Ciorogârla,—,Ilfov,Vest,1
Alis Ecomob SRL,Staer 9,Zoe Samorcas,Ciorogârla,—,Ilfov,Vest,1
Alis Ecomob SRL,Staer 9,Intrarea Area Primaverii,Clinceni,—,Ilfov,Sud-Vest,1
Alis Ecomob SRL,Staer 9,Orhideei,Clinceni,—,Ilfov,Sud-Vest,1
Alis Ecomob SRL,Staer 9,Toamnei,Clinceni,—,Ilfov,Sud-Vest,1
Alis Ecomob SRL,Staer 9,Ciorolarlei,Clinceni,—,Ilfov,Sud-Vest,1
Alis Ecomob SRL,Staer 9,Nicolae Labis,Comberceni,—,Ilfov,Ilfov neatribuit,1
Alis Ecomob SRL,Staer 9,Padurii,Copaceni,—,Ilfov,Ilfov neatribuit,1
Alis Ecomob SRL,Staer 9,Aleea Ficusului,Corbeanca,—,Ilfov,Nord,1
Alis Ecomob SRL,Staer 9,Bulevardul Unirii,Corbeanca,—,Ilfov,Nord,1
Alis Ecomob SRL,Staer 9,Sportului,Corbeanca,—,Ilfov,Nord,1
Alis Ecomob SRL,Staer 9,Strada Ogorului,Corbeanca,—,Ilfov,Nord,1
Alis Ecomob SRL,Staer 9,Parcului,Corbeanca,—,Ilfov,Nord,1
Alis Ecomob SRL,Staer 9,Aeroportului,Cornetu,—,Ilfov,Sud-Vest,1
Alis Ecomob SRL,Staer 9,Crinului,Cornetu,—,Ilfov,Sud-Vest,1
Alis Ecomob SRL,Staer 9,Crizantemelor,Cornetu,—,Ilfov,Sud-Vest,1
Alis Ecomob SRL,Staer 9,Panselelor,Cornetu,—,Ilfov,Sud-Vest,1
Alis Ecomob SRL,Staer 9,Pinului,Cornetu,—,Ilfov,Sud-Vest,1
Alis Ecomob SRL,Staer 9,Strada Plopilor,Cornetu,—,Ilfov,Sud-Vest,1
Alis Ecomob SRL,Staer 9,Șoseaua Alexandriei,Cornetu,—,Ilfov,Sud-Vest,1
Alis Ecomob SRL,Staer 9,Trandafirilor,Cornetu,—,Ilfov,Sud-Vest,1
Alis Ecomob SRL,Staer 9,Tudor Vladimirescu,Darasti,—,Ilfov,Ilfov neatribuit,1
Alis Ecomob SRL,Staer 9,Strada Liliacului,Dascălu,—,Ilfov,Nord-Est,1
Alis Ecomob SRL,Staer 9,Bujorului,Dascălu,—,Ilfov,Nord-Est,1
Alis Ecomob SRL,Staer 9,Cuza Voda,Dobroești,—,Ilfov,Nord-Est,1
Alis Ecomob SRL,Staer 9,Dascalul Gheorghe,Dobroești,—,Ilfov,Nord-Est,1
Alis Ecomob SRL,Staer 9,Intrarea Doinei,Dobroești,—,Ilfov,Nord-Est,1
Alis Ecomob SRL,Staer 9,Nicolae Balcescu,Dobroești,—,Ilfov,Nord-Est,1
Alis Ecomob SRL,Staer 9,Vasile Alexandri,Dobroești,—,Ilfov,Nord-Est,1
Alis Ecomob SRL,Staer 9,Complex Rezid Olteni,Domnești,—,Ilfov,Sud-Vest,1
Alis Ecomob SRL,Staer 9,Duculescu,Domnești,—,Ilfov,Sud-Vest,1
Alis Ecomob SRL,Staer 9,Forului,Domnești,—,Ilfov,Sud-Vest,1
Alis Ecomob SRL,Staer 9,George Cosbuc,Domnești,—,Ilfov,Sud-Vest,1
Alis Ecomob SRL,Staer 9,Horoscopului,Domnești,—,Ilfov,Sud-Vest,1
Alis Ecomob SRL,Staer 9,Intrarea Are Zamora,Domnești,—,Ilfov,Sud-Vest,1
Alis Ecomob SRL,Staer 9,Intrarea Fabulei,Domnești,—,Ilfov,Sud-Vest,1
Alis Ecomob SRL,Staer 9,Intrarea Mimozei,Domnești,—,Ilfov,Sud-Vest,1
Alis Ecomob SRL,Staer 9,Intrarea Rachitele,Domnești,—,Ilfov,Sud-Vest,1
Alis Ecomob SRL,Staer 9,Matasei,Domnești,—,Ilfov,Sud-Vest,1
Alis Ecomob SRL,Staer 9,"Olteni, Clinceni",Domnești,—,Ilfov,Sud-Vest,1
Alis Ecomob SRL,Staer 9,Poiana Narciselor,Domnești,—,Ilfov,Sud-Vest,1
Alis Ecomob SRL,Staer 9,Prelungirea Ungirea Ghencea,Domnești,—,Ilfov,Sud-Vest,1
Alis Ecomob SRL,Staer 9,Rubinului,Domnești,—,Ilfov,Sud-Vest,1
Alis Ecomob SRL,Staer 9,Sagetatorului,Domnești,—,Ilfov,Sud-Vest,1
Alis Ecomob SRL,Staer 9,Varful cu Dor,Domnești,—,Ilfov,Sud-Vest,1
Alis Ecomob SRL,Staer 9,Vointei,Domnești,—,Ilfov,Sud-Vest,1
Alis Ecomob SRL,Staer 9,X Ioan Cuza,Domnești,—,Ilfov,Sud-Vest,1
Alis Ecomob SRL,Staer 9,Xandru Ioan Cuza,Domnești,—,Ilfov,Sud-Vest,1
Alis Ecomob SRL,Staer 9,Parfumului,Domnești,—,Ilfov,Sud-Vest,1
Alis Ecomob SRL,Staer 9,Sfintii Constantin si Elena,Domnești,—,Ilfov,Sud-Vest,1
Alis Ecomob SRL,Staer 9,Stejarului,Domnești,—,Ilfov,Sud-Vest,1
Alis Ecomob SRL,Staer 9,Micsunelelor,Dragomirești,—,Ilfov,Vest,1
Alis Ecomob SRL,Staer 9,Intrarea Area Plopului,Dragomirești,—,Ilfov,Vest,1
Alis Ecomob SRL,Staer 9,Magnoliei,Dragomirești,—,Ilfov,Vest,1
Alis Ecomob SRL,Staer 9,Teilor,Dragomirești,—,Ilfov,Vest,1
Alis Ecomob SRL,Staer 9,Begonia,Dragomirești,—,Ilfov,Vest,1
Alis Ecomob SRL,Staer 9,Micsunelelor,Dragomirești,—,Ilfov,Vest,1
Alis Ecomob SRL,Staer 9,Parc Industrial,Dragomirești,—,Ilfov,Vest,1
Alis Ecomob SRL,Staer 9,Orhideelor,Chiajna–Roșu–Dudu,—,Ilfov,Vest,1
Alis Ecomob SRL,Staer 9,Sperantei,Chiajna–Roșu–Dudu,—,Ilfov,Vest,1
Alis Ecomob SRL,Staer 9,Orhideelor,Chiajna–Roșu–Dudu,—,Ilfov,Vest,1
Alis Ecomob SRL,Staer 9,Rezervelor,Chiajna–Roșu–Dudu,—,Ilfov,Vest,1
Alis Ecomob SRL,Staer 9,Salcamilor,Chiajna–Roșu–Dudu,—,Ilfov,Vest,1
Alis Ecomob SRL,Staer 9,Duzilor,Măgurele,—,Ilfov,Sud-Vest,1
Alis Ecomob SRL,Staer 9,Marului,Fundeni,—,Ilfov,Ilfov neatribuit,1
Alis Ecomob SRL,Staer 9,Codrii Cosminului,Snagov,—,Ilfov,Nord,1
Alis Ecomob SRL,Staer 9,Șoseaua Ghermanesti,Ghermănești,—,Ilfov,Ilfov neatribuit,1
Alis Ecomob SRL,Staer 9,Icoanei,Glina,—,Ilfov,Est,1
Alis Ecomob SRL,Staer 9,Sportului,Glina,—,Ilfov,Est,1
Alis Ecomob SRL,Staer 9,Șoseaua Gruiu Snagov,Gruiu,—,Ilfov,Nord,1
Alis Ecomob SRL,Staer 9,Tineretului,Ilfov,—,Ilfov,Ilfov neatribuit,1
Alis Ecomob SRL,Staer 9,Aleea Garii,Jilava,—,Ilfov,Sud,1
Alis Ecomob SRL,Staer 9,Nuferilor,Jilava,—,Ilfov,Sud,1
Alis Ecomob SRL,Staer 9,Salcamilor,Jilava,—,Ilfov,Sud,1
Alis Ecomob SRL,Staer 9,Strada Odai,Jilava,—,Ilfov,Sud,1
Alis Ecomob SRL,Staer 9,Bujorilor,Măgurele,—,Ilfov,Sud-Vest,1
Alis Ecomob SRL,Staer 9,Bulevardul Atomistilor,Măgurele,—,Ilfov,Sud-Vest,1
Alis Ecomob SRL,Staer 9,Crizantemelor,Măgurele,—,Ilfov,Sud-Vest,1
Alis Ecomob SRL,Staer 9,Duzilor,Măgurele,—,Ilfov,Sud-Vest,1
Alis Ecomob SRL,Staer 9,Intrarea Berbecului,Măgurele,—,Ilfov,Sud-Vest,1
Alis Ecomob SRL,Staer 9,Milcov,Măgurele,—,Ilfov,Sud-Vest,1
Alis Ecomob SRL,Staer 9,Narciselor,Măgurele,—,Ilfov,Sud-Vest,1
Alis Ecomob SRL,Staer 9,Privighetorilor,Măgurele,—,Ilfov,Sud-Vest,1
Alis Ecomob SRL,Staer 9,Raului,Măgurele,—,Ilfov,Sud-Vest,1
Alis Ecomob SRL,Staer 9,Sabarului,Măgurele,—,Ilfov,Sud-Vest,1
Alis Ecomob SRL,Staer 9,Strada Ugareni,Măgurele,—,Ilfov,Sud-Vest,1
Alis Ecomob SRL,Staer 9,Zorelelor,Măgurele,—,Ilfov,Sud-Vest,1
Alis Ecomob SRL,Staer 9,Filip Grigore Lupu,Moara Vlăsiei,—,Ilfov,Ilfov neatribuit,1
Alis Ecomob SRL,Staer 9,Staruintei,Moara Vlăsiei,—,Ilfov,Ilfov neatribuit,1
Alis Ecomob SRL,Staer 9,Ariei,Mogoșoaia,—,Ilfov,Nord,1
Alis Ecomob SRL,Staer 9,Drumul Morii,Mogoșoaia,—,Ilfov,Nord,1
Alis Ecomob SRL,Staer 9,Intrarea Valea Parcului,Mogoșoaia,—,Ilfov,Nord,1
Alis Ecomob SRL,Staer 9,Islaz,Mogoșoaia,—,Ilfov,Nord,1
Alis Ecomob SRL,Staer 9,Livezilor,Mogoșoaia,—,Ilfov,Nord,1
Alis Ecomob SRL,Staer 9,Șoseaua Bucuresti-Targoviste,Mogoșoaia,—,Ilfov,Nord,1
Alis Ecomob SRL,Staer 9,23 August,Otopeni,—,Ilfov,Nord,1
Alis Ecomob SRL,Staer 9,Calea Ea Bucuresti,Otopeni,—,Ilfov,Nord,1
Alis Ecomob SRL,Staer 9,Fermei,Otopeni,—,Ilfov,Nord,1
Alis Ecomob SRL,Staer 9,Grivita,Otopeni,—,Ilfov,Nord,1
Alis Ecomob SRL,Staer 9,I I C Bratianu,Otopeni,—,Ilfov,Nord,1
Alis Ecomob SRL,Staer 9,IIC Bratianu,Otopeni,—,Ilfov,Nord,1
Alis Ecomob SRL,Staer 9,Intrarea Sergiu Celibidache,Otopeni,—,Ilfov,Nord,1
Alis Ecomob SRL,Staer 9,Putna,Otopeni,—,Ilfov,Nord,1
Alis Ecomob SRL,Staer 9,Șoseaua Odai,Otopeni,—,Ilfov,Nord,1
Alis Ecomob SRL,Staer 9,Nicolae Titulescu,Pantelimin,—,Ilfov,Ilfov neatribuit,1
Alis Ecomob SRL,Staer 9,Aleea Buzau,Pantelimon,—,Ilfov,Nord-Est,1
Alis Ecomob SRL,Staer 9,Bulevardul Biruintei,Pantelimon,—,Ilfov,Nord-Est,1
Alis Ecomob SRL,Staer 9,Caprioarei,Pantelimon,—,Ilfov,Nord-Est,1
Alis Ecomob SRL,Staer 9,Corneliu Coposu,Pantelimon,—,Ilfov,Nord-Est,1
Alis Ecomob SRL,Staer 9,Dobrogeanu Gherea,Pantelimon,—,Ilfov,Nord-Est,1
Alis Ecomob SRL,Staer 9,Duzilor,Pantelimon,—,Ilfov,Nord-Est,1
Alis Ecomob SRL,Staer 9,Flori de Camp,Pantelimon,—,Ilfov,Nord-Est,1
Alis Ecomob SRL,Staer 9,Ilie Tulbureanu,Pantelimon,—,Ilfov,Nord-Est,1
Alis Ecomob SRL,Staer 9,Iosif Sava,Pantelimon,—,Ilfov,Nord-Est,1
Alis Ecomob SRL,Staer 9,Mihai Viteazu,Pantelimon,—,Ilfov,Nord-Est,1
Alis Ecomob SRL,Staer 9,Nicolae Balcescu,Pantelimon,—,Ilfov,Nord-Est,1
Alis Ecomob SRL,Staer 9,Veveritei,Pantelimon,—,Ilfov,Nord-Est,1
Alis Ecomob SRL,Staer 9,Strada Principala,Periș,—,Ilfov,Nord,1
Alis Ecomob SRL,Staer 9,Pipera,Voluntari–Pipera,—,Ilfov,Nord,1
Alis Ecomob SRL,Staer 9,Șoseaua Pipera,Voluntari–Pipera,—,Ilfov,Nord,1
Alis Ecomob SRL,Staer 9,Theodor Burada,Voluntari–Pipera,—,Ilfov,Nord,1
Alis Ecomob SRL,Staer 9,Dr.fermei,Popești-Leordeni,—,Ilfov,Sud,1
Alis Ecomob SRL,Staer 9,Apusului,Popești-Leordeni,—,Ilfov,Sud,1
Alis Ecomob SRL,Staer 9,Baraganului,Popești-Leordeni,—,Ilfov,Sud,1
Alis Ecomob SRL,Staer 9,Campului,Popești-Leordeni,—,Ilfov,Sud,1
Alis Ecomob SRL,Staer 9,Corvaris,Popești-Leordeni,—,Ilfov,Sud,1
Alis Ecomob SRL,Staer 9,Garian Alexandru,Popești-Leordeni,—,Ilfov,Sud,1
Alis Ecomob SRL,Staer 9,Laurentiu Raiciu,Popești-Leordeni,—,Ilfov,Sud,1
Alis Ecomob SRL,Staer 9,Leonard Murialdo,Popești-Leordeni,—,Ilfov,Sud,1
Alis Ecomob SRL,Staer 9,Leonardo Murialdo,Popești-Leordeni,—,Ilfov,Sud,1
Alis Ecomob SRL,Staer 9,Leordeni,Popești-Leordeni,—,Ilfov,Sud,1
Alis Ecomob SRL,Staer 9,Pavlicheni,Popești-Leordeni,—,Ilfov,Sud,1
Alis Ecomob SRL,Staer 9,Pavlichieni,Popești-Leordeni,—,Ilfov,Sud,1
Alis Ecomob SRL,Staer 9,Sf Gheorghe,Popești-Leordeni,—,Ilfov,Sud,1
Alis Ecomob SRL,Staer 9,Stefan Cluceru,Popești-Leordeni,—,Ilfov,Sud,1
Alis Ecomob SRL,Staer 9,Strada Cheiul Dâmboviței,Popești-Leordeni,—,Ilfov,Sud,1
Alis Ecomob SRL,Staer 9,Strada Occidentului,Popești-Leordeni,—,Ilfov,Sud,1
Alis Ecomob SRL,Staer 9,Strada Oituz,Popești-Leordeni,—,Ilfov,Sud,1
Alis Ecomob SRL,Staer 9,Șoseaua Leordeni,Popești-Leordeni,—,Ilfov,Sud,1
Alis Ecomob SRL,Staer 9,Xandru Conduratu,Popești-Leordeni,—,Ilfov,Sud,1
Alis Ecomob SRL,Staer 9,Xandru Garian,Popești-Leordeni,—,Ilfov,Sud,1
Alis Ecomob SRL,Staer 9,Șoseaua Oltenitei,Popești-Leordeni,—,Ilfov,Sud,1
Alis Ecomob SRL,Staer 9,1 Decembrie 1918,Chiajna–Roșu–Dudu,—,Ilfov,Vest,1
Alis Ecomob SRL,Staer 9,Acvilei,Chiajna–Roșu–Dudu,—,Ilfov,Vest,1
Alis Ecomob SRL,Staer 9,1dec 1918,Chiajna–Roșu–Dudu,—,Ilfov,Vest,1
Alis Ecomob SRL,Staer 9,Acvilei,Chiajna–Roșu–Dudu,—,Ilfov,Vest,1
Alis Ecomob SRL,Staer 9,Drumul Bacriului,Chiajna–Roșu–Dudu,—,Ilfov,Vest,1
Alis Ecomob SRL,Staer 9,General Praporgescu,Chiajna–Roșu–Dudu,—,Ilfov,Vest,1
Alis Ecomob SRL,Staer 9,Gura Leului,Chiajna–Roșu–Dudu,—,Ilfov,Vest,1
Alis Ecomob SRL,Staer 9,Nuferilor,Chiajna–Roșu–Dudu,—,Ilfov,Vest,1
Alis Ecomob SRL,Staer 9,Panduri,Rudeni,—,Ilfov,Ilfov neatribuit,1
Alis Ecomob SRL,Staer 9,Primaverii,Sat 1decembrie,—,Ilfov,Ilfov neatribuit,1
Alis Ecomob SRL,Staer 9,Stefan cel Mare,Sat Berceni,—,Ilfov,Ilfov neatribuit,1
Alis Ecomob SRL,Staer 9,Strada Scolii,Cornetu,—,Ilfov,Sud-Vest,1
Alis Ecomob SRL,Staer 9,Garoafei,Cornetu,—,Ilfov,Sud-Vest,1
Alis Ecomob SRL,Staer 9,Panselelor,Cornetu,—,Ilfov,Sud-Vest,1
Alis Ecomob SRL,Staer 9,Drumul Fermei,Dobroești,—,Ilfov,Nord-Est,1
Alis Ecomob SRL,Staer 9,Bujorului,Dragomirești,—,Ilfov,Vest,1
Alis Ecomob SRL,Staer 9,Tineretului,Chiajna–Roșu–Dudu,—,Ilfov,Vest,1
Alis Ecomob SRL,Staer 9,Marului,Sat Fundeni,—,Ilfov,Ilfov neatribuit,1
Alis Ecomob SRL,Staer 9,Sold Nicolae Gheorghe,Dobroești,—,Ilfov,Nord-Est,1
Alis Ecomob SRL,Staer 9,Padurea cu Tei,Sat Gulia,—,Ilfov,Ilfov neatribuit,1
Alis Ecomob SRL,Staer 9,Garii,Jilava,—,Ilfov,Sud,1
Alis Ecomob SRL,Staer 9,Intrarea Area Ciorogarla,Clinceni,—,Ilfov,Sud-Vest,1
Alis Ecomob SRL,Staer 9,Ciorogarlei,Clinceni,—,Ilfov,Sud-Vest,1
Alis Ecomob SRL,Staer 9,Cu Russo,Periș,—,Ilfov,Nord,1
Alis Ecomob SRL,Staer 9,Apeductului,Chiajna–Roșu–Dudu,—,Ilfov,Vest,1
Alis Ecomob SRL,Staer 9,Dr Bacriului,Chiajna–Roșu–Dudu,—,Ilfov,Vest,1
Alis Ecomob SRL,Staer 9,Drumul Bacriului,Chiajna–Roșu–Dudu,—,Ilfov,Vest,1
Alis Ecomob SRL,Staer 9,Viitorului,Chiajna–Roșu–Dudu,—,Ilfov,Vest,1
Alis Ecomob SRL,Staer 9,Gladiolelor,Chiajna–Roșu–Dudu,—,Ilfov,Vest,1
Alis Ecomob SRL,Staer 9,Rezervelor,Chiajna–Roșu–Dudu,—,Ilfov,Vest,1
Alis Ecomob SRL,Staer 9,Fermei,Săftica,—,Ilfov,Ilfov neatribuit,1
Alis Ecomob SRL,Staer 9,Antim Ivireanu,Snagov,—,Ilfov,Nord,1
Alis Ecomob SRL,Staer 9,Silistei,Snagov,—,Ilfov,Nord,1
Alis Ecomob SRL,Staer 9,Linia Garii,Sintesti,—,Ilfov,Ilfov neatribuit,1
Alis Ecomob SRL,Staer 9,Crizantemelor,Snagov,—,Ilfov,Nord,1
Alis Ecomob SRL,Staer 9,Plopilor,Snagov,—,Ilfov,Nord,1
Alis Ecomob SRL,Staer 9,Miraslau,Snagov,—,Ilfov,Nord,1
Alis Ecomob SRL,Staer 9,Șoseaua Centura,Ștefăneștii de Jos,—,Ilfov,Nord-Est,1
Alis Ecomob SRL,Staer 9,Șoseaua Stefanesti,Ștefăneștii de Jos,—,Ilfov,Nord-Est,1
Alis Ecomob SRL,Staer 9,Cosmopolis,Ștefăneștii de Jos,—,Ilfov,Nord-Est,1
Alis Ecomob SRL,Staer 9,Strada Europa,Ștefăneștii de Jos,—,Ilfov,Nord-Est,1
Alis Ecomob SRL,Staer 9,Strada Primăverii,Ștefăneștii de Jos,—,Ilfov,Nord-Est,1
Alis Ecomob SRL,Staer 9,Ion Barbu,Tancabesti,—,Ilfov,Ilfov neatribuit,1
Alis Ecomob SRL,Staer 9,1 Decembrie,Tunari,—,Ilfov,Nord,1
Alis Ecomob SRL,Staer 9,Ion Creanga,Tunari,—,Ilfov,Nord,1
Alis Ecomob SRL,Staer 9,Tudor Arghezi,Tunari,—,Ilfov,Nord,1
Alis Ecomob SRL,Staer 9,Combustibilului,Vidra,—,Ilfov,Sud,1
Alis Ecomob SRL,Staer 9,Bulevardul Tudor Vladimirescu,Voluntari–Pipera,—,Ilfov,Nord,1
Alis Ecomob SRL,Staer 9,Campul Pipera,Voluntari–Pipera,—,Ilfov,Nord,1
Alis Ecomob SRL,Staer 9,Cocorilor,Voluntari–Pipera,—,Ilfov,Nord,1
Alis Ecomob SRL,Staer 9,Dambovita,Voluntari–Pipera,—,Ilfov,Nord,1
Alis Ecomob SRL,Staer 9,Doicesti,Voluntari–Pipera,—,Ilfov,Nord,1
Alis Ecomob SRL,Staer 9,Drumul Becheanului,Voluntari–Pipera,—,Ilfov,Nord,1
Alis Ecomob SRL,Staer 9,Emill Racovita,Voluntari–Pipera,—,Ilfov,Nord,1
Alis Ecomob SRL,Staer 9,Harghita,Voluntari–Pipera,—,Ilfov,Nord,1
Alis Ecomob SRL,Staer 9,Matei Milo,Voluntari–Pipera,—,Ilfov,Nord,1
Alis Ecomob SRL,Staer 9,Pascani,Voluntari–Pipera,—,Ilfov,Nord,1
Alis Ecomob SRL,Staer 9,Sihlea,Voluntari–Pipera,—,Ilfov,Nord,1
Alis Ecomob SRL,Staer 9,Strada Scolii,Voluntari–Pipera,—,Ilfov,Nord,1
Alis Ecomob SRL,Staer 9,Șoseaua Buc Nord,Voluntari–Pipera,—,Ilfov,Nord,1
Alis Ecomob SRL,Staer 9,Tarnava,Voluntari–Pipera,—,Ilfov,Nord,1
Alis Ecomob SRL,Staer 9,Albastralelor,Zurbaua,—,Ilfov,Ilfov neatribuit,1
Alis Ecomob SRL,Staer 9,Al Compozitorilor,București neatribuit,București neatribuit,București,București neatribuit,1
Alis Ecomob SRL,Staer 9,Aleea Ea Parva,Sector 6,Sector 6,București,Vest,1
Alis Ecomob SRL,Staer 9,Aleea Ea Pravat,Sector 6,Sector 6,București,Vest,1
Alis Ecomob SRL,Staer 9,Aleea Resita,București neatribuit,București neatribuit,București,București neatribuit,1
Alis Ecomob SRL,Staer 9,Azurului,Sector 6,Sector 6,București,Vest,1
Alis Ecomob SRL,Staer 9,Baia Mare,Sector 3,Sector 3,București,Est,1
Alis Ecomob SRL,Staer 9,Bulevardul Al. Obregia,Sector 4,Sector 4,București,Sud,1
Alis Ecomob SRL,Staer 9,Bulevardul N Titulescu,București neatribuit,București neatribuit,București,București neatribuit,1
Alis Ecomob SRL,Staer 9,Calea Ea Ferentari,Sector 5,Sector 5,București,Sud-Vest,1
Alis Ecomob SRL,Staer 9,Cap Ilina,București neatribuit,București neatribuit,București,București neatribuit,1
Alis Ecomob SRL,Staer 9,Ceahlau,Sector 6,Sector 6,București,Vest,1
Alis Ecomob SRL,Staer 9,Coralului,București neatribuit,București neatribuit,București,București neatribuit,1
Alis Ecomob SRL,Staer 9,Dr Taberei,Sector 6,Sector 6,București,Vest,1
Alis Ecomob SRL,Staer 9,Drumul Bacriului,Sector 6,Sector 6,București,Vest,1
Alis Ecomob SRL,Staer 9,Ghidigeni,București neatribuit,București neatribuit,București,București neatribuit,1
Alis Ecomob SRL,Staer 9,Industriilor,Sector 3,Sector 3,București,Est,1
Alis Ecomob SRL,Staer 9,Limanului,Sector 1,Sector 1,București,Nord,1
Alis Ecomob SRL,Staer 9,Nuvelei,Sector 1,Sector 1,București,Nord,1
Alis Ecomob SRL,Staer 9,Padesul,București neatribuit,București neatribuit,București,București neatribuit,1
Alis Ecomob SRL,Staer 9,Prelungirea Ungirea Ghencea,Sector 6,Sector 6,București,Vest,1
Alis Ecomob SRL,Staer 9,Rezervelor,Sector 6,Sector 6,București,Vest,1
Alis Ecomob SRL,Staer 9,Rombului,București neatribuit,București neatribuit,București,București neatribuit,1
Alis Ecomob SRL,Staer 9,Strada Trapezului,Sector 3,Sector 3,București,Est,1
Alis Ecomob SRL,Staer 9,Șoseaua Banatului,București neatribuit,București neatribuit,București,București neatribuit,1
Alis Ecomob SRL,Staer 9,Șoseaua Buc-Targoviste,Sector 1,Sector 1,București,Nord,1
Alis Ecomob SRL,Staer 9,Topaz,București neatribuit,București neatribuit,București,București neatribuit,1
Alis Ecomob SRL,Staer 9,Torcatoarelor,București neatribuit,București neatribuit,București,București neatribuit,1
Alis Ecomob SRL,Staer 9,Turda,Sector 1,Sector 1,București,Nord,1
Alis Ecomob SRL,Staer 9,Vergului,Sector 2,Sector 2,București,Nord-Est,1
Alis Ecomob SRL,Staer 9,Vrancioaia,Sector 2,Sector 2,București,Nord-Est,1
Alis Ecomob SRL,Staer 9,Primaverii,1 Decembrie,—,Ilfov,Sud,1
Alis Ecomob SRL,Staer 9,Strada Sulina,Berceni (Ilfov),—,Ilfov,Sud,1
Alis Ecomob SRL,Staer 9,Șoseaua Alexandriei,Bragadiru,—,Ilfov,Sud-Vest,1
Alis Ecomob SRL,Staer 9,Zorilor,Dobroești,—,Ilfov,Nord-Est,1
Alis Ecomob SRL,Staer 9,Aleea Garii,Jilava,—,Ilfov,Sud,1
Alis Ecomob SRL,Staer 9,Calea Ea Bucurestilor,Otopeni,—,Ilfov,Nord,1
Alis Ecomob SRL,Staer 9,Aleea Ea Ciceu,Sector 4,Sector 4,București,Sud,1
Alis Ecomob SRL,Staer 9,Anastasie Panu,Sector 3,Sector 3,București,Est,1
Alis Ecomob SRL,Staer 9,Bulevardul Octavian Goga,Sector 3,Sector 3,București,Est,1
Alis Ecomob SRL,Staer 9,Cluj,București neatribuit,București neatribuit,București,București neatribuit,1
Alis Ecomob SRL,Staer 9,Intrarea Parului,Sector 3,Sector 3,București,Est,1
Alis Ecomob SRL,Staer 9,Liviu Rebreanu,București neatribuit,București neatribuit,București,București neatribuit,1
Alis Ecomob SRL,Staer 9,Moinesti,Sector 6,Sector 6,București,Vest,1
Alis Ecomob SRL,Staer 9,Oct Goga,București neatribuit,București neatribuit,București,București neatribuit,1
Alis Ecomob SRL,Staer 9,Pomarla,Sector 4,Sector 4,București,Sud,1
Alis Ecomob SRL,Staer 9,Strada Grigore Ionescu,Sector 2,Sector 2,București,Nord-Est,1
Alis Ecomob SRL,Staer 9,Visana,Sector 4,Sector 4,București,Sud,1
Alis Ecomob SRL,Staer 9,Vlad Dracu,Sector 3,Sector 3,București,Est,1
Alis Ecomob SRL,Staer 9,Vulturilor,Sector 3,Sector 3,București,Est,1
Alis Ecomob SRL,Staer 9,Zizin,Sector 3,Sector 3,București,Est,1
Alis Ecomob SRL,Staer 9,Panait Cerna,Sector 3,Sector 3,București,Est,1
Alis Ecomob SRL,Staer 9,Șoseaua Olteniței,Sector 4,Sector 4,București,Sud,1
Alis Ecomob SRL,Staer 9,Partizabilor,Sector 6,Sector 6,București,Vest,1
Alis Ecomob SRL,Staer 9,Șoseaua Giurgiului,București,—,Ilfov,Ilfov neatribuit,1
Alis Ecomob SRL,Staer 9,Rovine,Măgurele,—,Ilfov,Sud-Vest,1
Alis Ecomob SRL,Staer 9,Strada Amurgului,Popești-Leordeni,—,Ilfov,Sud,1
Alis Ecomob SRL,Staer 9,Calea Ea Bucuresti,Săftica,—,Ilfov,Ilfov neatribuit,1
Alis Ecomob SRL,Staer 9,27,Voluntari–Pipera,—,Ilfov,Nord,1
Staer 23,Staer 23,Bulevardul Decebal 24,București neatribuit,București neatribuit,București,București neatribuit,1
Staer 23,Staer 23,Docenților,Sector 1,Sector 1,București,Nord,1
Staer 23,Staer 23,Al Ion Agribiteanu,București neatribuit,București neatribuit,București,București neatribuit,1
Staer 23,Staer 23,Aleea Emil Racovita,Sector 4,Sector 4,București,Sud,1
Staer 23,Staer 23,Ionescu Gheorghe,Sector 4,Sector 4,București,Sud,1
Staer 23,Staer 23,Strada Sg. Nițu Vasile,Sector 4,Sector 4,București,Sud,1
Staer 23,Staer 23,Baia de Arama,Sector 2,Sector 2,București,Nord-Est,1
Staer 23,Staer 23,Șoseaua Pantelimon,Sector 2,Sector 2,București,Nord-Est,1
Staer 23,Staer 23,Aleea Codrii Neamtului,Sector 3,Sector 3,București,Est,1
Staer 23,Staer 23,Aleea Ea Suraia,Sector 3,Sector 3,București,Est,1
Staer 23,Staer 23,Aleea Lacramioarei,Sector 3,Sector 3,București,Est,1
Staer 23,Staer 23,Aleea Onisifor Ghibu,Sector 3,Sector 3,București,Est,1
Staer 23,Staer 23,Aleea Rm. Valcea,Sector 3,Sector 3,București,Est,1
Staer 23,Staer 23,Drumul Gura Ariesului,Sector 3,Sector 3,București,Est,1
Staer 23,Staer 23,Int Horbotei,Sector 3,Sector 3,București,Est,1
Staer 23,Staer 23,Jean Alexandru Steriadi,Sector 3,Sector 3,București,Est,1
Staer 23,Staer 23,Splaiul Aiul Unirii,Sector 3,Sector 3,București,Est,1
Staer 23,Staer 23,Strada Campia Libertatii,Sector 3,Sector 3,București,Est,1
Staer 23,Staer 23,Aleea Lamotesti,Sector 4,Sector 4,București,Sud,1
Staer 23,Staer 23,Baltita,Sector 4,Sector 4,București,Sud,1
Staer 23,Staer 23,Bulevardul Tineretului,Sector 4,Sector 4,București,Sud,1
Staer 23,Staer 23,C Radulescu Motru,Sector 4,Sector 4,București,Sud,1
Staer 23,Staer 23,Postalionului,Sector 4,Sector 4,București,Sud,1
Staer 23,Staer 23,Tulnici,Sector 4,Sector 4,București,Sud,1
Staer 23,Staer 23,Balomir,Sector 5,Sector 5,București,Sud-Vest,1
Staer 23,Staer 23,Dunavat,Sector 5,Sector 5,București,Sud-Vest,1
Staer 23,Staer 23,Echinoptiului,Sector 5,Sector 5,București,Sud-Vest,1
Staer 23,Staer 23,Ion Brezoi,Sector 5,Sector 5,București,Sud-Vest,1
Staer 23,Staer 23,Arinii Doinei,Sector 6,Sector 6,București,Vest,1
Staer 23,Staer 23,Crangasi,Sector 6,Sector 6,București,Vest,1
Staer 23,Staer 23,Foisorului,Sector 3,Sector 3,București,Est,1
Staer 23,Staer 23,Pdurea Craiului,Sector 4,Sector 4,București,Sud,1
Staer 23,Staer 23,"Greenfield Residence, Drumul Padurea Neagra",București neatribuit,București neatribuit,București,București neatribuit,1
Staer 23,Staer 23,Bulevardul Ferdinand,Sector 2,Sector 2,București,Nord-Est,1
Staer 23,Staer 23,Bulevardul Metalurgiei,Sector 4,Sector 4,București,Sud,1
Staer 23,Staer 23,Bulevardul Theodor Pallady,Sector 3,Sector 3,București,Est,1
Staer 23,Staer 23,G. Vasiliu Birlic,București neatribuit,București neatribuit,București,București neatribuit,1
Staer 23,Staer 23,Strada Ada Liviu Rebreanu Nr46-58,București neatribuit,București neatribuit,București,București neatribuit,1
Staer 23,Staer 23,Bulevardul Bucureștii Noi,Sector 1,Sector 1,București,Nord,1
Staer 23,Staer 23,Barbu Lautaru,București neatribuit,București neatribuit,București,București neatribuit,1
Staer 23,Staer 23,Bulevardul Luptatorilor,Sector 1,Sector 1,București,Nord,1
Staer 23,Staer 23,Bulevardul Gara Obor,Sector 2,Sector 2,București,Nord-Est,1
Staer 23,Staer 23,Delea Veche,Sector 2,Sector 2,București,Nord-Est,1
Staer 23,Staer 23,Predescu Vasile,Sector 2,Sector 2,București,Nord-Est,1
Staer 23,Staer 23,Soldat Lazar Florea,Sector 2,Sector 2,București,Nord-Est,1
Staer 23,Staer 23,Stefan cel Mare,Sector 2,Sector 2,București,Nord-Est,1
Staer 23,Staer 23,Strada Hortensiei,Sector 2,Sector 2,București,Nord-Est,1
Staer 23,Staer 23,Strada Ziduri Intre VII,Sector 2,Sector 2,București,Nord-Est,1
Staer 23,Staer 23,Șoseaua Dobroiesti,Sector 2,Sector 2,București,Nord-Est,1
Staer 23,Staer 23,Aleea Barajul Rovinari,Sector 3,Sector 3,București,Est,1
Staer 23,Staer 23,Aleea Ciucea,Sector 3,Sector 3,București,Est,1
Staer 23,Staer 23,Aleea Ea Barajul Dunarii,Sector 3,Sector 3,București,Est,1
Staer 23,Staer 23,Aleea Ea Barajul Lotru,Sector 3,Sector 3,București,Est,1
Staer 23,Staer 23,Aleea Fizicienilor,Sector 3,Sector 3,București,Est,1
Staer 23,Staer 23,Aleea Prevederii,Sector 3,Sector 3,București,Est,1
Staer 23,Staer 23,Bulevardul Mircea Vodă,Sector 3,Sector 3,București,Est,1
Staer 23,Staer 23,Coltei 25,Sector 3,Sector 3,București,Est,1
Staer 23,Staer 23,Drumul Gura Caliței,Sector 3,Sector 3,București,Est,1
Staer 23,Staer 23,Drumul Malu Mierii,Sector 3,Sector 3,București,Est,1
Staer 23,Staer 23,Fetesti,Sector 3,Sector 3,București,Est,1
Staer 23,Staer 23,Marului,Sector 3,Sector 3,București,Est,1
Staer 23,Staer 23,Plt Petre D Ionescu,Sector 3,Sector 3,București,Est,1
Staer 23,Staer 23,Plt Radu Gheorghe,Sector 3,Sector 3,București,Est,1
Staer 23,Staer 23,Ramnicu Valcea,Sector 3,Sector 3,București,Est,1
Staer 23,Staer 23,Steriadi,Sector 3,Sector 3,București,Est,1
Staer 23,Staer 23,Strada Istriei,Sector 3,Sector 3,București,Est,1
Staer 23,Staer 23,Strada Lugojana,Sector 3,Sector 3,București,Est,1
Staer 23,Staer 23,Strada Prisaca Dornei,Sector 3,Sector 3,București,Est,1
Staer 23,Staer 23,Tarancutei,Sector 3,Sector 3,București,Est,1
Staer 23,Staer 23,Valea Buzaului,Sector 3,Sector 3,București,Est,1
Staer 23,Staer 23,Zizin,Sector 3,Sector 3,București,Est,1
Staer 23,Staer 23,Aja,Sector 4,Sector 4,București,Sud,1
Staer 23,Staer 23,Al.izvorul Oltului,Sector 4,Sector 4,București,Sud,1
Staer 23,Staer 23,Aleea Ea Cricovul Sarat,Sector 4,Sector 4,București,Sud,1
Staer 23,Staer 23,Aleea Ea Somwsul MIC,Sector 4,Sector 4,București,Sud,1
Staer 23,Staer 23,Aleea Huedin,Sector 4,Sector 4,București,Sud,1
Staer 23,Staer 23,Aleea Resita,Sector 4,Sector 4,București,Sud,1
Staer 23,Staer 23,Bradetului,Sector 4,Sector 4,București,Sud,1
Staer 23,Staer 23,Bulevardul Al. Obregia,Sector 4,Sector 4,București,Sud,1
Staer 23,Staer 23,Bv. Alexandru Obregia,Sector 4,Sector 4,București,Sud,1
Staer 23,Staer 23,Calea Serban Voda,Sector 4,Sector 4,București,Sud,1
Staer 23,Staer 23,Drumul Binelui,Sector 4,Sector 4,București,Sud,1
Staer 23,Staer 23,Frigului,Sector 4,Sector 4,București,Sud,1
Staer 23,Staer 23,Ghimpati,Sector 4,Sector 4,București,Sud,1
Staer 23,Staer 23,Husi,Sector 4,Sector 4,București,Sud,1
Staer 23,Staer 23,Int Zlatna,Sector 4,Sector 4,București,Sud,1
Staer 23,Staer 23,Izvorul Rece,Sector 4,Sector 4,București,Sud,1
Staer 23,Staer 23,Pajistei,Sector 4,Sector 4,București,Sud,1
Staer 23,Staer 23,Prasinei,Sector 4,Sector 4,București,Sud,1
Staer 23,Staer 23,Raul Mara,Sector 4,Sector 4,București,Sud,1
Staer 23,Staer 23,Ristea Ion,Sector 4,Sector 4,București,Sud,1
Staer 23,Staer 23,Soldanului,Sector 4,Sector 4,București,Sud,1
Staer 23,Staer 23,Stanjeneilor,Sector 4,Sector 4,București,Sud,1
Staer 23,Staer 23,Strada Almașu Mare,Sector 4,Sector 4,București,Sud,1
Staer 23,Staer 23,Strada Campia Libertatii,Sector 4,Sector 4,București,Sud,1
Staer 23,Staer 23,Strada Luica,Sector 4,Sector 4,București,Sud,1
Staer 23,Staer 23,Sublocotenent Gh Ionescu,Sector 4,Sector 4,București,Sud,1
Staer 23,Staer 23,Șoseaua Berceni,Sector 4,Sector 4,București,Sud,1
Staer 23,Staer 23,Trestiana,Sector 4,Sector 4,București,Sud,1
Staer 23,Staer 23,Voila,Sector 4,Sector 4,București,Sud,1
Staer 23,Staer 23,Aleea Podul Giurgiului,Sector 5,Sector 5,București,Sud-Vest,1
Staer 23,Staer 23,Aleea Rasinari,Sector 5,Sector 5,București,Sud-Vest,1
Staer 23,Staer 23,Bulevardul Pucheni,Sector 5,Sector 5,București,Sud-Vest,1
Staer 23,Staer 23,Consecventei,Sector 5,Sector 5,București,Sud-Vest,1
Staer 23,Staer 23,Epigonilor,Sector 5,Sector 5,București,Sud-Vest,1
Staer 23,Staer 23,Gilortului,Sector 5,Sector 5,București,Sud-Vest,1
Staer 23,Staer 23,Petre Nenciu,Sector 5,Sector 5,București,Sud-Vest,1
Staer 23,Staer 23,Prunilor,Sector 5,Sector 5,București,Sud-Vest,1
Staer 23,Staer 23,Strada Petre Ispirescu,Sector 5,Sector 5,București,Sud-Vest,1
Staer 23,Staer 23,Aleea Ea Domnisoara Pogany,Sector 6,Sector 6,București,Vest,1
Staer 23,Staer 23,Bozieni,Sector 6,Sector 6,București,Vest,1
Staer 23,Staer 23,Dezrobirii,Sector 6,Sector 6,București,Vest,1
Staer 23,Staer 23,Splaiul Independenței,Sector 6,Sector 6,București,Vest,1
Staer 23,Staer 23,Drumul Lunca Jaristei,Sector 3,Sector 3,București,Est,1
Staer 23,Staer 23,Xandru Vlahuta,Sector 3,Sector 3,București,Est,1
Staer 23,Staer 23,11 Iunie,Sector 4,Sector 4,București,Sud,1
Staer 23,Staer 23,A.ucea,București neatribuit,București neatribuit,București,București neatribuit,1
Staer 23,Staer 23,Abrud,Sector 1,Sector 1,București,Nord,1
Staer 23,Staer 23,Actiuni,București neatribuit,București neatribuit,București,București neatribuit,1
Staer 23,Staer 23,Adrian,București neatribuit,București neatribuit,București,București neatribuit,1
Staer 23,Staer 23,Agatha Barsescu,Sector 3,Sector 3,București,Est,1
Staer 23,Staer 23,Ajustorului,Sector 6,Sector 6,București,Vest,1
Staer 23,Staer 23,Al Oregia,București neatribuit,București neatribuit,București,București neatribuit,1
Staer 23,Staer 23,Al. Soldat Nicolae Barbu,București neatribuit,București neatribuit,București,București neatribuit,1
Staer 23,Staer 23,Al.ddobrina,București neatribuit,București neatribuit,București,București neatribuit,1
Staer 23,Staer 23,Al.resita,București neatribuit,București neatribuit,București,București neatribuit,1
Staer 23,Staer 23,Aleea A Stugu,București neatribuit,București neatribuit,București,București neatribuit,1
Staer 23,Staer 23,Aleea Aviatori Stalpeanu,București neatribuit,București neatribuit,București,București neatribuit,1
Staer 23,Staer 23,Aleea Banu Udrea,Sector 3,Sector 3,București,Est,1
Staer 23,Staer 23,Aleea Barajul Bicaz,Sector 3,Sector 3,București,Est,1
Staer 23,Staer 23,Aleea Barajul Bistrita,Sector 3,Sector 3,București,Est,1
Staer 23,Staer 23,Aleea Barajul Lotrului,București neatribuit,București neatribuit,București,București neatribuit,1
Staer 23,Staer 23,Aleea Barajul Uzului,București neatribuit,București neatribuit,București,București neatribuit,1
Staer 23,Staer 23,Aleea Berevoiesti,București neatribuit,București neatribuit,București,București neatribuit,1
Staer 23,Staer 23,Aleea Dealul Macinului,Sector 6,Sector 6,București,Vest,1
Staer 23,Staer 23,Aleea Donea Diana Alexandra,Sector 4,Sector 4,București,Sud,1
Staer 23,Staer 23,Aleea Dumbrava Noua,Sector 5,Sector 5,București,Sud-Vest,1
Staer 23,Staer 23,Aleea Ea Adrian Dan Urucu,Sector 4,Sector 4,București,Sud,1
Staer 23,Staer 23,Aleea Ea Arinii Dornei,Sector 6,Sector 6,București,Vest,1
Staer 23,Staer 23,Aleea Ea Banul Udrea,Sector 3,Sector 3,București,Est,1
Staer 23,Staer 23,Aleea Ea Baraj Lotru,București neatribuit,București neatribuit,București,București neatribuit,1
Staer 23,Staer 23,Aleea Ea Baraju Dunarii,București neatribuit,București neatribuit,București,București neatribuit,1
Staer 23,Staer 23,Aleea Ea Borcea,Sector 4,Sector 4,București,Sud,1
Staer 23,Staer 23,Aleea Ea Câmpul Mosilor,București neatribuit,București neatribuit,București,București neatribuit,1
Staer 23,Staer 23,Aleea Ea Cioplea,Sector 3,Sector 3,București,Est,1
Staer 23,Staer 23,Aleea Ea Circului,Sector 2,Sector 2,București,Nord-Est,1
Staer 23,Staer 23,Aleea Ea Compozitorilor,Sector 6,Sector 6,București,Vest,1
Staer 23,Staer 23,Aleea Ea Donediana,București neatribuit,București neatribuit,București,București neatribuit,1
Staer 23,Staer 23,Aleea Ea Dumbravita,Sector 6,Sector 6,București,Vest,1
Staer 23,Staer 23,Aleea Ea Eprubetei,Sector 3,Sector 3,București,Est,1
Staer 23,Staer 23,Aleea Ea Fetesti,Sector 3,Sector 3,București,Est,1
Staer 23,Staer 23,Aleea Ea Giurgeni,Sector 3,Sector 3,București,Est,1
Staer 23,Staer 23,Aleea Ea I. Agarbiceanu,București neatribuit,București neatribuit,București,București neatribuit,1
Staer 23,Staer 23,Aleea Ea Ilia,București neatribuit,București neatribuit,București,București neatribuit,1
Staer 23,Staer 23,Aleea Ea Ion Agarbiceanu,Sector 3,Sector 3,București,Est,1
Staer 23,Staer 23,Aleea Ea Izvorul Crisului,Sector 4,Sector 4,București,Sud,1
Staer 23,Staer 23,Aleea Ea Jieneasca,București neatribuit,București neatribuit,București,București neatribuit,1
Staer 23,Staer 23,Aleea Ea Livezilor,Sector 5,Sector 5,București,Sud-Vest,1
Staer 23,Staer 23,Aleea Ea Marius Emanoil Buteica,București neatribuit,București neatribuit,București,București neatribuit,1
Staer 23,Staer 23,Aleea Ea Motistea,București neatribuit,București neatribuit,București,București neatribuit,1
Staer 23,Staer 23,Aleea Ea Onisifor Ghobu,București neatribuit,București neatribuit,București,București neatribuit,1
Staer 23,Staer 23,Aleea Ea Ornamentului,Sector 4,Sector 4,București,Sud,1
Staer 23,Staer 23,Aleea Ea Plevnei,București neatribuit,București neatribuit,București,București neatribuit,1
Staer 23,Staer 23,Aleea Ea Poarta Alba,Sector 6,Sector 6,București,Vest,1
Staer 23,Staer 23,Aleea Ea Postavarului,Sector 3,Sector 3,București,Est,1
Staer 23,Staer 23,Aleea Ea Potaisa,Sector 6,Sector 6,București,Vest,1
Staer 23,Staer 23,Aleea Ea Raul Sadului,București neatribuit,București neatribuit,București,București neatribuit,1
Staer 23,Staer 23,Aleea Ea Resita B,București neatribuit,București neatribuit,București,București neatribuit,1
Staer 23,Staer 23,Aleea Ea Restia D,București neatribuit,București neatribuit,București,București neatribuit,1
Staer 23,Staer 23,Aleea Ea Scolarilor,București neatribuit,București neatribuit,București,București neatribuit,1
Staer 23,Staer 23,Aleea Ea Sinaia,Sector 2,Sector 2,București,Nord-Est,1
Staer 23,Staer 23,Aleea Ea Somesul Mare,Sector 4,Sector 4,București,Sud,1
Staer 23,Staer 23,Aleea Ea Stupilor,Sector 4,Sector 4,București,Sud,1
Staer 23,Staer 23,Aleea Ea Suraia,Sector 3,Sector 3,București,Est,1
Staer 23,Staer 23,Aleea Ea Surianu,București neatribuit,București neatribuit,București,București neatribuit,1
Staer 23,Staer 23,Aleea Ea Tandala,Sector 3,Sector 3,București,Est,1
Staer 23,Staer 23,Aleea Ea Tibles 3,București neatribuit,București neatribuit,București,București neatribuit,1
Staer 23,Staer 23,Aleea Emanoil Buteica,Sector 3,Sector 3,București,Est,1
Staer 23,Staer 23,Aleea Imasului,Sector 5,Sector 5,București,Sud-Vest,1
Staer 23,Staer 23,Aleea Leorda,Sector 3,Sector 3,București,Est,1
Staer 23,Staer 23,Aleea Lunca Bradului,Sector 3,Sector 3,București,Est,1
Staer 23,Staer 23,Aleea Manastirea Agapia,Sector 3,Sector 3,București,Est,1
Staer 23,Staer 23,Aleea Mozaicului,București neatribuit,București neatribuit,București,București neatribuit,1
Staer 23,Staer 23,Aleea Pantelimon,București neatribuit,București neatribuit,București,București neatribuit,1
Staer 23,Staer 23,Aleea Piatra Mare,Sector 2,Sector 2,București,Nord-Est,1
Staer 23,Staer 23,Aleea Rimnicu Vilcea,București neatribuit,București neatribuit,București,București neatribuit,1
Staer 23,Staer 23,Aleea Sg.maj.victor Popescu,București neatribuit,București neatribuit,București,București neatribuit,1
Staer 23,Staer 23,Aleea Slt. P.m. Dragos Mladinovici,București neatribuit,București neatribuit,București,București neatribuit,1
Staer 23,Staer 23,Aleea Slt.dragos Mladovici,București neatribuit,București neatribuit,București,București neatribuit,1
Staer 23,Staer 23,Aleea T,București neatribuit,București neatribuit,București,București neatribuit,1
Staer 23,Staer 23,Aleea Varful cu Dor,București neatribuit,București neatribuit,București,București neatribuit,1
Staer 23,Staer 23,Aleea Zavideni,Sector 3,Sector 3,București,Est,1
Staer 23,Staer 23,Almasu,București neatribuit,București neatribuit,București,București neatribuit,1
Staer 23,Staer 23,Alpinesti,București neatribuit,București neatribuit,București,București neatribuit,1
Staer 23,Staer 23,Altoiului,București neatribuit,București neatribuit,București,București neatribuit,1
Staer 23,Staer 23,Alx.vlahuta,București neatribuit,București neatribuit,București,București neatribuit,1
Staer 23,Staer 23,Amiral Horia Macelariu,București neatribuit,București neatribuit,București,București neatribuit,1
Staer 23,Staer 23,Amosilor,Sector 6,Sector 6,București,Vest,1
Staer 23,Staer 23,Anastasie Paun,București neatribuit,București neatribuit,București,București neatribuit,1
Staer 23,Staer 23,Andrei Popovici,București neatribuit,București neatribuit,București,București neatribuit,1
Staer 23,Staer 23,Andronache,Sector 2,Sector 2,București,Nord-Est,1
Staer 23,Staer 23,Andton Bacalbasa,București neatribuit,București neatribuit,București,București neatribuit,1
Staer 23,Staer 23,Anghel Alexandru,București neatribuit,București neatribuit,București,București neatribuit,1
Staer 23,Staer 23,Apusului,Sector 6,Sector 6,București,Vest,1
Staer 23,Staer 23,Aragonitului,București neatribuit,București neatribuit,București,București neatribuit,1
Staer 23,Staer 23,Arasilor,București neatribuit,București neatribuit,București,București neatribuit,1
Staer 23,Staer 23,Argesului,București neatribuit,București neatribuit,București,București neatribuit,1
Staer 23,Staer 23,Arh.ionescu Grigore,Sector 2,Sector 2,București,Nord-Est,1
Staer 23,Staer 23,Aristide Pascal,București neatribuit,București neatribuit,București,București neatribuit,1
Staer 23,Staer 23,Aton Bacalbasa,București neatribuit,București neatribuit,București,București neatribuit,1
Staer 23,Staer 23,Aurului,Sector 2,Sector 2,București,Nord-Est,1
Staer 23,Staer 23,Av Stefan Protopopescu,București neatribuit,București neatribuit,București,București neatribuit,1
Staer 23,Staer 23,Aviatiei,Sector 1,Sector 1,București,Nord,1
Staer 23,Staer 23,Avionului,Sector 1,Sector 1,București,Nord,1
Staer 23,Staer 23,Bacalbasa,București neatribuit,București neatribuit,București,București neatribuit,1
Staer 23,Staer 23,Baia de Arama,București neatribuit,București neatribuit,București,București neatribuit,1
Staer 23,Staer 23,Baia Mare,Sector 3,Sector 3,București,Est,1
Staer 23,Staer 23,Bajesti,București neatribuit,București neatribuit,București,București neatribuit,1
Staer 23,Staer 23,Baldana,București neatribuit,București neatribuit,București,București neatribuit,1
Staer 23,Staer 23,Baneasa,Sector 1,Sector 1,București,Nord,1
Staer 23,Staer 23,Banul Antonache,Sector 1,Sector 1,București,Nord,1
Staer 23,Staer 23,Barbu Mumuleanu,București neatribuit,București neatribuit,București,București neatribuit,1
Staer 23,Staer 23,Berveni,Sector 1,Sector 1,București,Nord,1
Staer 23,Staer 23,Blandesti,București neatribuit,București neatribuit,București,București neatribuit,1
Staer 23,Staer 23,Bogdan Gheorghe Tudor,București neatribuit,București neatribuit,București,București neatribuit,1
Staer 23,Staer 23,Boian,Sector 4,Sector 4,București,Sud,1
Staer 23,Staer 23,Boltei,Sector 4,Sector 4,București,Sud,1
Staer 23,Staer 23,Borsa,Sector 1,Sector 1,București,Nord,1
Staer 23,Staer 23,Bozieni,Sector 6,Sector 6,București,Vest,1
Staer 23,Staer 23,Bradetului,Sector 4,Sector 4,București,Sud,1
Staer 23,Staer 23,Brancoveanu S4,București neatribuit,București neatribuit,București,București neatribuit,1
Staer 23,Staer 23,Brancovenu,București neatribuit,București neatribuit,București,București neatribuit,1
Staer 23,Staer 23,Brebenei,București neatribuit,București neatribuit,București,București neatribuit,1
Staer 23,Staer 23,Brebu,București neatribuit,București neatribuit,București,București neatribuit,1
Staer 23,Staer 23,"Bucharest , Sector 1 , Str Petru si Pavel",București neatribuit,București neatribuit,București,București neatribuit,1
Staer 23,Staer 23,Bucovina,Sector 3,Sector 3,București,Est,1
Staer 23,Staer 23,Bulevardul Banul Manta,Sector 1,Sector 1,București,Nord,1
Staer 23,Staer 23,Bulevardul Basarabiei,Sector 2,Sector 2,București,Nord-Est,1
Staer 23,Staer 23,Bulevardul Camil Resu,Sector 3,Sector 3,București,Est,1
Staer 23,Staer 23,Bulevardul Carol,București neatribuit,București neatribuit,București,București neatribuit,1
Staer 23,Staer 23,Bulevardul Const Brancoveanu,Sector 4,Sector 4,București,Sud,1
Staer 23,Staer 23,Bulevardul D 1 Dec,București neatribuit,București neatribuit,București,București neatribuit,1
Staer 23,Staer 23,Bulevardul Dimitrie Pompeiu,București neatribuit,București neatribuit,București,București neatribuit,1
Staer 23,Staer 23,Bulevardul Dinicu Golescu,Sector 1,Sector 1,București,Nord,1
Staer 23,Staer 23,Bulevardul Doamna Ghica,Sector 2,Sector 2,București,Nord-Est,1
Staer 23,Staer 23,Bulevardul Eroilor,București neatribuit,București neatribuit,București,București neatribuit,1
Staer 23,Staer 23,Bulevardul Ferdinand I,Sector 2,Sector 2,București,Nord-Est,1
Staer 23,Staer 23,Bulevardul Gh. Sincai,București neatribuit,București neatribuit,București,București neatribuit,1
Staer 23,Staer 23,Bulevardul Gheorghe Sincai,București neatribuit,București neatribuit,București,București neatribuit,1
Staer 23,Staer 23,Bulevardul Iancu de Hunedoara,Sector 1,Sector 1,București,Nord,1
Staer 23,Staer 23,Bulevardul IC Bratianu,București neatribuit,București neatribuit,București,București neatribuit,1
Staer 23,Staer 23,Bulevardul Lacul Tei,București neatribuit,București neatribuit,București,București neatribuit,1
Staer 23,Staer 23,Bulevardul Libertatii,București neatribuit,București neatribuit,București,București neatribuit,1
Staer 23,Staer 23,Bulevardul Marasesti,Sector 4,Sector 4,București,Sud,1
Staer 23,Staer 23,Bulevardul Mircea Vodă,Sector 3,Sector 3,București,Est,1
Staer 23,Staer 23,Bulevardul Nicolae Titulescu,București neatribuit,București neatribuit,București,București neatribuit,1
Staer 23,Staer 23,Bulevardul Pictor Nicolae Grigorescu,Sector 3,Sector 3,București,Est,1
Staer 23,Staer 23,Bulevardul Pieptanari,București neatribuit,București neatribuit,București,București neatribuit,1
Staer 23,Staer 23,Bulevardul Rm. Sarat,Sector 3,Sector 3,București,Est,1
Staer 23,Staer 23,Bulevardul Schitu Magureanu,București neatribuit,București neatribuit,București,București neatribuit,1
Staer 23,Staer 23,Bulevardul Theiodor Pallady,București neatribuit,București neatribuit,București,București neatribuit,1
Staer 23,Staer 23,Bulevardul Theodor Palldy,București neatribuit,București neatribuit,București,București neatribuit,1
Staer 23,Staer 23,Bulevardul Ul C-Tin Brancoveanu,București neatribuit,București neatribuit,București,București neatribuit,1
Staer 23,Staer 23,Bulevardul Unirii,București neatribuit,București neatribuit,București,București neatribuit,1
Staer 23,Staer 23,Burdujeni,Sector 3,Sector 3,București,Est,1
Staer 23,Staer 23,Bv Regina Elisabeta,București neatribuit,București neatribuit,București,București neatribuit,1
Staer 23,Staer 23,Bv Tineretului,București neatribuit,București neatribuit,București,București neatribuit,1
Staer 23,Staer 23,Bv. Alexandru Obregia,Sector 4,Sector 4,București,Sud,1
Staer 23,Staer 23,Bv. C.brancoveanu,București neatribuit,București neatribuit,București,București neatribuit,1
Staer 23,Staer 23,Bv. Decebal,București neatribuit,București neatribuit,București,București neatribuit,1
Staer 23,Staer 23,Bv. Nicolae Grigorescu,București neatribuit,București neatribuit,București,București neatribuit,1
Staer 23,Staer 23,Bv. Obregia,București neatribuit,București neatribuit,București,București neatribuit,1
Staer 23,Staer 23,Bv. Octavian Goga,București neatribuit,București neatribuit,București,București neatribuit,1
Staer 23,Staer 23,Bv.al.obregia,București neatribuit,București neatribuit,București,București neatribuit,1
Staer 23,Staer 23,Bv.iuliu Maniu,București neatribuit,București neatribuit,București,București neatribuit,1
Staer 23,Staer 23,Bv.libertatii,București neatribuit,București neatribuit,București,București neatribuit,1
Staer 23,Staer 23,Bv.nicolae Balcescu,București neatribuit,București neatribuit,București,București neatribuit,1
Staer 23,Staer 23,Bv.ramnicu Sarat,București neatribuit,București neatribuit,București,București neatribuit,1
Staer 23,Staer 23,C-Tin Btancoveanu,București neatribuit,București neatribuit,București,București neatribuit,1
Staer 23,Staer 23,C-Tin Radulescu Motru,București neatribuit,București neatribuit,București,București neatribuit,1
Staer 23,Staer 23,C. Brancoveanu S4,București neatribuit,București neatribuit,București,București neatribuit,1
Staer 23,Staer 23,C.a. Rosetti,București neatribuit,București neatribuit,București,București neatribuit,1
Staer 23,Staer 23,C.brancusi,București neatribuit,București neatribuit,București,București neatribuit,1
Staer 23,Staer 23,Calea 13 Septembrie,București neatribuit,București neatribuit,București,București neatribuit,1
Staer 23,Staer 23,Calea Ea Dorobanti,Sector 1,Sector 1,București,Nord,1
Staer 23,Staer 23,Calea Ea Dorobantilor,București neatribuit,București neatribuit,București,București neatribuit,1
Staer 23,Staer 23,Calea Ea Giulesti,București neatribuit,București neatribuit,București,București neatribuit,1
Staer 23,Staer 23,Calea Ea Griviței,București neatribuit,București neatribuit,București,București neatribuit,1
Staer 23,Staer 23,Calea Sebastian,București neatribuit,București neatribuit,București,București neatribuit,1
Staer 23,Staer 23,Cap Constantin Vasilescu,București neatribuit,București neatribuit,București,București neatribuit,1
Staer 23,Staer 23,Cap Cristea Raducanu,București neatribuit,București neatribuit,București,București neatribuit,1
Staer 23,Staer 23,Cap Gheorghe Ion,Sector 4,Sector 4,București,Sud,1
Staer 23,Staer 23,Capitanu Constantin,București neatribuit,București neatribuit,București,București neatribuit,1
Staer 23,Staer 23,Caporal Gh Ion,București neatribuit,București neatribuit,București,București neatribuit,1
Staer 23,Staer 23,Caporal Gheorghe Ion,Sector 4,Sector 4,București,Sud,1
Staer 23,Staer 23,Caporal Vasilescu Constantin,București neatribuit,București neatribuit,București,București neatribuit,1
Staer 23,Staer 23,Caramidarii de Jos,Sector 4,Sector 4,București,Sud,1
Staer 23,Staer 23,Cartier Cosmopolis,București neatribuit,București neatribuit,București,București neatribuit,1
Staer 23,Staer 23,Cavafii Vechi,București neatribuit,București neatribuit,București,București neatribuit,1
Staer 23,Staer 23,Ceaikovski,București neatribuit,București neatribuit,București,București neatribuit,1
Staer 23,Staer 23,Cernauti,Sector 2,Sector 2,București,Nord-Est,1
Staer 23,Staer 23,Cernisoara,Sector 6,Sector 6,București,Vest,1
Staer 23,Staer 23,Cetatea Poenari,București neatribuit,București neatribuit,București,București neatribuit,1
Staer 23,Staer 23,Cheiul Dambovitei,București neatribuit,București neatribuit,București,București neatribuit,1
Staer 23,Staer 23,Chiciurei,Sector 3,Sector 3,București,Est,1
Staer 23,Staer 23,Cilniste,București neatribuit,București neatribuit,București,București neatribuit,1
Staer 23,Staer 23,Ciochina,Sector 4,Sector 4,București,Sud,1
Staer 23,Staer 23,Ciresului,Sector 2,Sector 2,București,Nord-Est,1
Staer 23,Staer 23,Ciuruleasa,București neatribuit,București neatribuit,București,București neatribuit,1
Staer 23,Staer 23,Cluceri Sandu,București neatribuit,București neatribuit,București,București neatribuit,1
Staer 23,Staer 23,Cobadin,București neatribuit,București neatribuit,București,București neatribuit,1
Staer 23,Staer 23,Col Iosif Albu,București neatribuit,București neatribuit,București,București neatribuit,1
Staer 23,Staer 23,Colonel Iosif Abu,București neatribuit,București neatribuit,București,București neatribuit,1
Staer 23,Staer 23,Colonel Iosif Albu,Sector 3,Sector 3,București,Est,1
Staer 23,Staer 23,Comisani,București neatribuit,București neatribuit,București,București neatribuit,1
Staer 23,Staer 23,Constantin Dragan,București neatribuit,București neatribuit,București,București neatribuit,1
Staer 23,Staer 23,Constantin Marin,București neatribuit,București neatribuit,București,București neatribuit,1
Staer 23,Staer 23,Constantin Pavel,București neatribuit,București neatribuit,București,București neatribuit,1
Staer 23,Staer 23,Constantin Radulescu Motru,Sector 4,Sector 4,București,Sud,1
Staer 23,Staer 23,Costache Conachi,Sector 2,Sector 2,București,Nord-Est,1
Staer 23,Staer 23,Cpt. Alexandru Serbanescu,București neatribuit,București neatribuit,București,București neatribuit,1
Staer 23,Staer 23,Crasna,București neatribuit,București neatribuit,București,București neatribuit,1
Staer 23,Staer 23,Cremenei,București neatribuit,București neatribuit,București,București neatribuit,1
Staer 23,Staer 23,Cremenita,Sector 2,Sector 2,București,Nord-Est,1
Staer 23,Staer 23,Crisului,București neatribuit,București neatribuit,București,București neatribuit,1
Staer 23,Staer 23,Ct.brancoveanu,București neatribuit,București neatribuit,București,București neatribuit,1
Staer 23,Staer 23,Cugir,București neatribuit,București neatribuit,București,București neatribuit,1
Staer 23,Staer 23,D.j.lister,București neatribuit,București neatribuit,București,București neatribuit,1
Staer 23,Staer 23,Dantelei,București neatribuit,București neatribuit,București,București neatribuit,1
Staer 23,Staer 23,Darza,București neatribuit,București neatribuit,București,București neatribuit,1
Staer 23,Staer 23,Dealul Malul Mierii,București neatribuit,București neatribuit,București,București neatribuit,1
Staer 23,Staer 23,Desesti,București neatribuit,București neatribuit,București,București neatribuit,1
Staer 23,Staer 23,Dezrobirii,Sector 6,Sector 6,București,Vest,1
Staer 23,Staer 23,Dihorului,București neatribuit,București neatribuit,București,București neatribuit,1
Staer 23,Staer 23,Dimitrie Grecescu,Sector 5,Sector 5,București,Sud-Vest,1
Staer 23,Staer 23,Doamna Oltea,București neatribuit,București neatribuit,București,București neatribuit,1
Staer 23,Staer 23,Doctor Burghelea,București neatribuit,București neatribuit,București,București neatribuit,1
Staer 23,Staer 23,Doctor Radovici,București neatribuit,București neatribuit,București,București neatribuit,1
Staer 23,Staer 23,Dolhasca,București neatribuit,București neatribuit,București,București neatribuit,1
Staer 23,Staer 23,Dr Cheile Turzii,București neatribuit,București neatribuit,București,București neatribuit,1
Staer 23,Staer 23,Dr Fermei,București neatribuit,București neatribuit,București,București neatribuit,1
Staer 23,Staer 23,Dr Garii,București neatribuit,București neatribuit,București,București neatribuit,1
Staer 23,Staer 23,Dr Gura Calitei,Sector 3,Sector 3,București,Est,1
Staer 23,Staer 23,Dr Gura Crivatului,București neatribuit,București neatribuit,București,București neatribuit,1
Staer 23,Staer 23,Dr Niculae D Staicovici,București neatribuit,București neatribuit,București,București neatribuit,1
Staer 23,Staer 23,Dr. Dealul Cucului,București neatribuit,București neatribuit,București,București neatribuit,1
Staer 23,Staer 23,Dr. Thoma Ionescu,București neatribuit,București neatribuit,București,București neatribuit,1
Staer 23,Staer 23,Drumul Bercenarului,București neatribuit,București neatribuit,București,București neatribuit,1
Staer 23,Staer 23,Drumul Cheile Turzi,București neatribuit,București neatribuit,București,București neatribuit,1
Staer 23,Staer 23,Drumul Ciorogârla,Sector 6,Sector 6,București,Vest,1
Staer 23,Staer 23,Drumul Cratestilor,București neatribuit,București neatribuit,București,București neatribuit,1
Staer 23,Staer 23,Drumul Dealu Armanului,București neatribuit,București neatribuit,București,București neatribuit,1
Staer 23,Staer 23,Drumul Garii,București neatribuit,București neatribuit,București,București neatribuit,1
Staer 23,Staer 23,Drumul Gira Solcii,București neatribuit,București neatribuit,București,București neatribuit,1
Staer 23,Staer 23,Drumul Giulaului,București neatribuit,București neatribuit,București,București neatribuit,1
Staer 23,Staer 23,Drumul Gura Crivatului,Sector 3,Sector 3,București,Est,1
Staer 23,Staer 23,Drumul Lapus,București neatribuit,București neatribuit,București,București neatribuit,1
Staer 23,Staer 23,Drumul Lunca Prutului,București neatribuit,București neatribuit,București,București neatribuit,1
Staer 23,Staer 23,Drumul Murgului,Sector 3,Sector 3,București,Est,1
Staer 23,Staer 23,Drumul Padurea Neagra,Sector 1,Sector 1,București,Nord,1
Staer 23,Staer 23,Drumul Satenilor,București neatribuit,București neatribuit,București,București neatribuit,1
Staer 23,Staer 23,Duminicii,Sector 4,Sector 4,București,Sud,1
Staer 23,Staer 23,Dumitru Iorgulescu,București neatribuit,București neatribuit,București,București neatribuit,1
Staer 23,Staer 23,Dumitru Minca,București neatribuit,București neatribuit,București,București neatribuit,1
Staer 23,Staer 23,Dumitru Samoila,București neatribuit,București neatribuit,București,București neatribuit,1
Staer 23,Staer 23,Dunarea Albastra,București neatribuit,București neatribuit,București,București neatribuit,1
Staer 23,Staer 23,Dunavat,București neatribuit,București neatribuit,București,București neatribuit,1
Staer 23,Staer 23,Eauaoltenitei,București neatribuit,București neatribuit,București,București neatribuit,1
Staer 23,Staer 23,Educatiei,București neatribuit,București neatribuit,București,București neatribuit,1
Staer 23,Staer 23,Elena Vacarescu,Sector 1,Sector 1,București,Nord,1
Staer 23,Staer 23,Elev Stefanescu,Sector 2,Sector 2,București,Nord-Est,1
Staer 23,Staer 23,Elev Stefanescu Stefan,Sector 2,Sector 2,București,Nord-Est,1
Staer 23,Staer 23,Elevatorului,București neatribuit,București neatribuit,București,București neatribuit,1
Staer 23,Staer 23,Emanoil Marius,București neatribuit,București neatribuit,București,București neatribuit,1
Staer 23,Staer 23,Emil Holut,București neatribuit,București neatribuit,București,București neatribuit,1
Staer 23,Staer 23,Episcopul Ilarion,București neatribuit,București neatribuit,București,București neatribuit,1
Staer 23,Staer 23,Erou Petre Tataru,București neatribuit,București neatribuit,București,București neatribuit,1
Staer 23,Staer 23,Eternitatii,Sector 5,Sector 5,București,Sud-Vest,1
Staer 23,Staer 23,Eufrosin Poteca,București neatribuit,București neatribuit,București,București neatribuit,1
Staer 23,Staer 23,Fabrica de Gheata,Sector 2,Sector 2,București,Nord-Est,1
Staer 23,Staer 23,Fainari,Sector 2,Sector 2,București,Nord-Est,1
Staer 23,Staer 23,Feleacu,Sector 1,Sector 1,București,Nord,1
Staer 23,Staer 23,Felicia Racovita,București neatribuit,București neatribuit,București,București neatribuit,1
Staer 23,Staer 23,Ferastrau,București neatribuit,București neatribuit,București,București neatribuit,1
Staer 23,Staer 23,Flamurei,București neatribuit,București neatribuit,București,București neatribuit,1
Staer 23,Staer 23,Floare de Cais,București neatribuit,București neatribuit,București,București neatribuit,1
Staer 23,Staer 23,Focsani,Sector 5,Sector 5,București,Sud-Vest,1
Staer 23,Staer 23,Franarului,Sector 5,Sector 5,București,Sud-Vest,1
Staer 23,Staer 23,Frigului,București neatribuit,București neatribuit,București,București neatribuit,1
Staer 23,Staer 23,Frinarului,București neatribuit,București neatribuit,București,București neatribuit,1
Staer 23,Staer 23,Frt Niculae Marinescu,București neatribuit,București neatribuit,București,București neatribuit,1
Staer 23,Staer 23,Galata ( Voluntari),București neatribuit,București neatribuit,București,București neatribuit,1
Staer 23,Staer 23,Geamandurii,Sector 2,Sector 2,București,Nord-Est,1
Staer 23,Staer 23,Gh.magheru,București neatribuit,București neatribuit,București,București neatribuit,1
Staer 23,Staer 23,Ghe Popescu,București neatribuit,București neatribuit,București,București neatribuit,1
Staer 23,Staer 23,Gheorghe Petrascu,București neatribuit,București neatribuit,București,București neatribuit,1
Staer 23,Staer 23,Gheorghe Tattarescu,București neatribuit,București neatribuit,București,București neatribuit,1
Staer 23,Staer 23,Gherghel Vasile,București neatribuit,București neatribuit,București,București neatribuit,1
Staer 23,Staer 23,Ghindei,București neatribuit,București neatribuit,București,București neatribuit,1
Staer 23,Staer 23,Gilortului,București neatribuit,București neatribuit,București,București neatribuit,1
Staer 23,Staer 23,Giovanni Baccaccio,București neatribuit,București neatribuit,București,București neatribuit,1
Staer 23,Staer 23,Girnitei,București neatribuit,București neatribuit,București,București neatribuit,1
Staer 23,Staer 23,Giurgilui,București neatribuit,București neatribuit,București,București neatribuit,1
Staer 23,Staer 23,Giuseppe Galibaldi,București neatribuit,București neatribuit,București,București neatribuit,1
Staer 23,Staer 23,Gladitei,Sector 4,Sector 4,București,Sud,1
Staer 23,Staer 23,Govora,Sector 4,Sector 4,București,Sud,1
Staer 23,Staer 23,Graului S4,București neatribuit,București neatribuit,București,București neatribuit,1
Staer 23,Staer 23,Greaca,București neatribuit,București neatribuit,București,București neatribuit,1
Staer 23,Staer 23,"Greenfield Residence, Drumul Padurea Neagra",București neatribuit,București neatribuit,București,București neatribuit,1
Staer 23,Staer 23,Grigore Iancu,București neatribuit,București neatribuit,București,București neatribuit,1
Staer 23,Staer 23,Grigore Voda,Sector 4,Sector 4,București,Sud,1
Staer 23,Staer 23,Gura Vadului,Sector 3,Sector 3,București,Est,1
Staer 23,Staer 23,Hartopului,București neatribuit,București neatribuit,București,București neatribuit,1
Staer 23,Staer 23,Hategana,București neatribuit,București neatribuit,București,București neatribuit,1
Staer 23,Staer 23,Hermann Oberth,București neatribuit,București neatribuit,București,București neatribuit,1
Staer 23,Staer 23,Herta,Sector 2,Sector 2,București,Nord-Est,1
Staer 23,Staer 23,Hirtopului,București neatribuit,București neatribuit,București,București neatribuit,1
Staer 23,Staer 23,Hispania,Sector 2,Sector 2,București,Nord-Est,1
Staer 23,Staer 23,I. Hunedoara,București neatribuit,București neatribuit,București,București neatribuit,1
Staer 23,Staer 23,Idilei,București neatribuit,București neatribuit,București,București neatribuit,1
Staer 23,Staer 23,Iernii,Sector 6,Sector 6,București,Vest,1
Staer 23,Staer 23,IL Caragiale,București neatribuit,București neatribuit,București,București neatribuit,1
Staer 23,Staer 23,Ilie David,București neatribuit,București neatribuit,București,București neatribuit,1
Staer 23,Staer 23,Ilioara,Sector 3,Sector 3,București,Est,1
Staer 23,Staer 23,Industriilor,Sector 3,Sector 3,București,Est,1
Staer 23,Staer 23,Int Barsei,București neatribuit,București neatribuit,București,București neatribuit,1
Staer 23,Staer 23,Int Parului,București neatribuit,București neatribuit,București,București neatribuit,1
Staer 23,Staer 23,Int Pasunilor,București neatribuit,București neatribuit,București,București neatribuit,1
Staer 23,Staer 23,Int. Baba Voica,București neatribuit,București neatribuit,București,București neatribuit,1
Staer 23,Staer 23,Int. Dimieni,București neatribuit,București neatribuit,București,București neatribuit,1
Staer 23,Staer 23,Int. Maior Avram Zenovie,București neatribuit,București neatribuit,București,București neatribuit,1
Staer 23,Staer 23,Int. Platinei,București neatribuit,București neatribuit,București,București neatribuit,1
Staer 23,Staer 23,Int. Recas,București neatribuit,București neatribuit,București,București neatribuit,1
Staer 23,Staer 23,Int. Sectorului,București neatribuit,București neatribuit,București,București neatribuit,1
Staer 23,Staer 23,Int. Urcusului,București neatribuit,București neatribuit,București,București neatribuit,1
Staer 23,Staer 23,Int. Vrabiei,București neatribuit,București neatribuit,București,București neatribuit,1
Staer 23,Staer 23,Intarea Agintului,București neatribuit,București neatribuit,București,București neatribuit,1
Staer 23,Staer 23,Intrarea Area Barsei,Sector 3,Sector 3,București,Est,1
Staer 23,Staer 23,Intrarea Area Colibasi,București neatribuit,București neatribuit,București,București neatribuit,1
Staer 23,Staer 23,Intrarea Area Gazonului,București neatribuit,București neatribuit,București,București neatribuit,1
Staer 23,Staer 23,Intrarea Area General Grigore Ipatescu,București neatribuit,București neatribuit,București,București neatribuit,1
Staer 23,Staer 23,Intrarea Area Ispravei,București neatribuit,București neatribuit,București,București neatribuit,1
Staer 23,Staer 23,Intrarea Area Rigas,Sector 1,Sector 1,București,Nord,1
Staer 23,Staer 23,Intrarea Area Targu Frumos,București neatribuit,București neatribuit,București,București neatribuit,1
Staer 23,Staer 23,Intrarea Area Vrabiei,București neatribuit,București neatribuit,București,București neatribuit,1
Staer 23,Staer 23,Intrarea Baltisoara,București neatribuit,București neatribuit,București,București neatribuit,1
Staer 23,Staer 23,Intrarea Biruintei,București neatribuit,București neatribuit,București,București neatribuit,1
Staer 23,Staer 23,Intrarea Humulesti,București neatribuit,București neatribuit,București,București neatribuit,1
Staer 23,Staer 23,Intrarea Iuliu Valaori,București neatribuit,București neatribuit,București,București neatribuit,1
Staer 23,Staer 23,Intrarea Lunca Barzesti,Sector 4,Sector 4,București,Sud,1
Staer 23,Staer 23,Intrarea Naruja,București neatribuit,București neatribuit,București,București neatribuit,1
Staer 23,Staer 23,Intrarea Scropoasa,București neatribuit,București neatribuit,București,București neatribuit,1
Staer 23,Staer 23,Intrarea Vacaresti,București neatribuit,București neatribuit,București,București neatribuit,1
Staer 23,Staer 23,Intrarea Viitorului,București neatribuit,București neatribuit,București,București neatribuit,1
Staer 23,Staer 23,Intrarea Zorilor,București neatribuit,București neatribuit,București,București neatribuit,1
Staer 23,Staer 23,Invatatorului,București neatribuit,București neatribuit,București,București neatribuit,1
Staer 23,Staer 23,Ioan Mihalache,București neatribuit,București neatribuit,București,București neatribuit,1
Staer 23,Staer 23,Ion Berindei,Sector 2,Sector 2,București,Nord-Est,1
Staer 23,Staer 23,Ion Ciopleanu,București neatribuit,București neatribuit,București,București neatribuit,1
Staer 23,Staer 23,Ion Enache,București neatribuit,București neatribuit,București,București neatribuit,1
Staer 23,Staer 23,Ion Iosif,București neatribuit,București neatribuit,București,București neatribuit,1
Staer 23,Staer 23,Ion Iriceanu,Sector 4,Sector 4,București,Sud,1
Staer 23,Staer 23,Ion Maiorescu,Sector 2,Sector 2,București,Nord-Est,1
Staer 23,Staer 23,Ion Manolescu,Sector 6,Sector 6,București,Vest,1
Staer 23,Staer 23,Ion Voda Viteazu,București neatribuit,București neatribuit,București,București neatribuit,1
Staer 23,Staer 23,Ion Voda Viteazul,București neatribuit,București neatribuit,București,București neatribuit,1
Staer 23,Staer 23,Ionescu Cristea,București neatribuit,București neatribuit,București,București neatribuit,1
Staer 23,Staer 23,Ionescu Gheorghe,Sector 4,Sector 4,București,Sud,1
Staer 23,Staer 23,Iosif Niculescu,București neatribuit,București neatribuit,București,București neatribuit,1
Staer 23,Staer 23,Iriceanu,București neatribuit,București neatribuit,București,București neatribuit,1
Staer 23,Staer 23,Irimicului,Sector 2,Sector 2,București,Nord-Est,1
Staer 23,Staer 23,Izvorul Oltuluio,București neatribuit,București neatribuit,București,București neatribuit,1
Staer 23,Staer 23,Izvorul Trotusului,Sector 4,Sector 4,București,Sud,1
Staer 23,Staer 23,Jirlau,București neatribuit,București neatribuit,București,București neatribuit,1
Staer 23,Staer 23,Jirului,București neatribuit,București neatribuit,București,București neatribuit,1
Staer 23,Staer 23,Justitiei,București neatribuit,București neatribuit,București,București neatribuit,1
Staer 23,Staer 23,L. Rebreanu,București neatribuit,București neatribuit,București,București neatribuit,1
Staer 23,Staer 23,L.metalurgiei,București neatribuit,București neatribuit,București,București neatribuit,1
Staer 23,Staer 23,Lacul Bucura,București neatribuit,București neatribuit,București,București neatribuit,1
Staer 23,Staer 23,Lalosu,București neatribuit,București neatribuit,București,București neatribuit,1
Staer 23,Staer 23,Lanternei,Sector 2,Sector 2,București,Nord-Est,1
Staer 23,Staer 23,Latea Gheorghe,Sector 6,Sector 6,București,Vest,1
Staer 23,Staer 23,Lectorului,Sector 1,Sector 1,București,Nord,1
Staer 23,Staer 23,Lipscani,București neatribuit,București neatribuit,București,București neatribuit,1
Staer 23,Staer 23,Locotenent Scarlat Mares,București neatribuit,București neatribuit,București,București neatribuit,1
Staer 23,Staer 23,Logofat Tautu,București neatribuit,București neatribuit,București,București neatribuit,1
Staer 23,Staer 23,Logofatul Tautu,București neatribuit,București neatribuit,București,București neatribuit,1
Staer 23,Staer 23,Lt Campeanu,București neatribuit,București neatribuit,București,București neatribuit,1
Staer 23,Staer 23,Lt Nicolae Pascu,Sector 3,Sector 3,București,Est,1
Staer 23,Staer 23,Lucernei,București neatribuit,București neatribuit,București,București neatribuit,1
Staer 23,Staer 23,Lucretiu Patrascanu,Sector 3,Sector 3,București,Est,1
Staer 23,Staer 23,Luic,București neatribuit,București neatribuit,București,București neatribuit,1
Staer 23,Staer 23,Luica-Intrarea Diademei,București neatribuit,București neatribuit,București,București neatribuit,1
Staer 23,Staer 23,Luicaa,București neatribuit,București neatribuit,București,București neatribuit,1
Staer 23,Staer 23,Luminisului,București neatribuit,București neatribuit,București,București neatribuit,1
Staer 23,Staer 23,Lunca Birzesti,București neatribuit,București neatribuit,București,București neatribuit,1
Staer 23,Staer 23,Lunca Prutului 34-42,București neatribuit,București neatribuit,București,București neatribuit,1
Staer 23,Staer 23,Luntrei,Sector 2,Sector 2,București,Nord-Est,1
Staer 23,Staer 23,Magurei,Sector 5,Sector 5,București,Sud-Vest,1
Staer 23,Staer 23,Maica Domnului,Sector 2,Sector 2,București,Nord-Est,1
Staer 23,Staer 23,Maior Av.st.sanatescu,București neatribuit,București neatribuit,București,București neatribuit,1
Staer 23,Staer 23,Malcoci,Sector 5,Sector 5,București,Sud-Vest,1
Staer 23,Staer 23,Marasesti,București neatribuit,București neatribuit,București,București neatribuit,1
Staer 23,Staer 23,Mares Scarlat,București neatribuit,București neatribuit,București,București neatribuit,1
Staer 23,Staer 23,Margeanului,Sector 5,Sector 5,București,Sud-Vest,1
Staer 23,Staer 23,Margelelor,Sector 6,Sector 6,București,Vest,1
Staer 23,Staer 23,Maria Lazarescu,București neatribuit,București neatribuit,București,București neatribuit,1
Staer 23,Staer 23,Masina de Paine,Sector 2,Sector 2,București,Nord-Est,1
Staer 23,Staer 23,Mehadia,București neatribuit,București neatribuit,București,București neatribuit,1
Staer 23,Staer 23,Mesterul Manole,București neatribuit,București neatribuit,București,București neatribuit,1
Staer 23,Staer 23,Mihai Bravu 309,București neatribuit,București neatribuit,București,București neatribuit,1
Staer 23,Staer 23,Mihail Tarnoveanu,București neatribuit,București neatribuit,București,București neatribuit,1
Staer 23,Staer 23,Mileanca,București neatribuit,București neatribuit,București,București neatribuit,1
Staer 23,Staer 23,Mirea Mioara Luiza S4,București neatribuit,București neatribuit,București,București neatribuit,1
Staer 23,Staer 23,Mitropolit Dosoftei,București neatribuit,București neatribuit,București,București neatribuit,1
Staer 23,Staer 23,Mitropolit Filaret,București neatribuit,București neatribuit,București,București neatribuit,1
Staer 23,Staer 23,Mixandrei,Sector 4,Sector 4,București,Sud,1
Staer 23,Staer 23,Modoran Ene,Sector 5,Sector 5,București,Sud-Vest,1
Staer 23,Staer 23,Mohorului,Sector 6,Sector 6,București,Vest,1
Staer 23,Staer 23,Mr Vasile Bacila,Sector 2,Sector 2,București,Nord-Est,1
Staer 23,Staer 23,Muntele Mare,București neatribuit,București neatribuit,București,București neatribuit,1
Staer 23,Staer 23,NECUNOSCUTĂ,București neatribuit,București neatribuit,București,București neatribuit,1
Staer 23,Staer 23,Negureni,București neatribuit,București neatribuit,București,București neatribuit,1
Staer 23,Staer 23,Negustori,București neatribuit,București neatribuit,București,București neatribuit,1
Staer 23,Staer 23,Nehoiu,București neatribuit,București neatribuit,București,București neatribuit,1
Staer 23,Staer 23,Nicolae Caranfil,București neatribuit,București neatribuit,București,București neatribuit,1
Staer 23,Staer 23,Nicopole,București neatribuit,București neatribuit,București,București neatribuit,1
Staer 23,Staer 23,Niculae T. Sebe,București neatribuit,București neatribuit,București,București neatribuit,1
Staer 23,Staer 23,Niculescu . R. Bazar,București neatribuit,București neatribuit,București,București neatribuit,1
Staer 23,Staer 23,Nucsoara,Sector 6,Sector 6,București,Vest,1
Staer 23,Staer 23,Occidentului,București neatribuit,București neatribuit,București,București neatribuit,1
Staer 23,Staer 23,Odoarei,București neatribuit,București neatribuit,București,București neatribuit,1
Staer 23,Staer 23,Ogorului,București neatribuit,București neatribuit,București,București neatribuit,1
Staer 23,Staer 23,Oian Judetul,București neatribuit,București neatribuit,București,București neatribuit,1
Staer 23,Staer 23,Oitelor,București neatribuit,București neatribuit,București,București neatribuit,1
Staer 23,Staer 23,Olteniti,București neatribuit,București neatribuit,București,București neatribuit,1
Staer 23,Staer 23,Oltului,București neatribuit,București neatribuit,București,București neatribuit,1
Staer 23,Staer 23,Orion,București neatribuit,București neatribuit,București,București neatribuit,1
Staer 23,Staer 23,Orzari,Sector 2,Sector 2,București,Nord-Est,1
Staer 23,Staer 23,Pacala,București neatribuit,București neatribuit,București,București neatribuit,1
Staer 23,Staer 23,Paciului,București neatribuit,București neatribuit,București,București neatribuit,1
Staer 23,Staer 23,Padurel,București neatribuit,București neatribuit,București,București neatribuit,1
Staer 23,Staer 23,Pajistei,Sector 4,Sector 4,București,Sud,1
Staer 23,Staer 23,Panciu,București neatribuit,București neatribuit,București,București neatribuit,1
Staer 23,Staer 23,Pandele Vasile,București neatribuit,București neatribuit,București,București neatribuit,1
Staer 23,Staer 23,Parcului,Sector 1,Sector 1,București,Nord,1
Staer 23,Staer 23,Partizanilor,Sector 6,Sector 6,București,Vest,1
Staer 23,Staer 23,Pasunilor,București neatribuit,București neatribuit,București,București neatribuit,1
Staer 23,Staer 23,Pazon Marin,București neatribuit,București neatribuit,București,București neatribuit,1
Staer 23,Staer 23,Peciu Nou,București neatribuit,București neatribuit,București,București neatribuit,1
Staer 23,Staer 23,Peerroni,București neatribuit,București neatribuit,București,București neatribuit,1
Staer 23,Staer 23,Pereni,Sector 5,Sector 5,București,Sud-Vest,1
Staer 23,Staer 23,Peroni,București neatribuit,București neatribuit,București,București neatribuit,1
Staer 23,Staer 23,Persani,București neatribuit,București neatribuit,București,București neatribuit,1
Staer 23,Staer 23,Pescarilor,Sector 2,Sector 2,București,Nord-Est,1
Staer 23,Staer 23,Petre Ionescu,București neatribuit,București neatribuit,București,București neatribuit,1
Staer 23,Staer 23,Petre Popovat,București neatribuit,București neatribuit,București,București neatribuit,1
Staer 23,Staer 23,Petru Voda,București neatribuit,București neatribuit,București,București neatribuit,1
Staer 23,Staer 23,Pictor Dimitrescu,București neatribuit,București neatribuit,București,București neatribuit,1
Staer 23,Staer 23,Pictor Mihail Dan,București neatribuit,București neatribuit,București,București neatribuit,1
Staer 23,Staer 23,Pictor Stefan Dimitrescui,București neatribuit,București neatribuit,București,București neatribuit,1
Staer 23,Staer 23,Pictor Stefan Luchian,București neatribuit,București neatribuit,București,București neatribuit,1
Staer 23,Staer 23,Plaiul Foii,București neatribuit,București neatribuit,București,București neatribuit,1
Staer 23,Staer 23,Plantelor,București neatribuit,București neatribuit,București,București neatribuit,1
Staer 23,Staer 23,Plevnei,Sector 6,Sector 6,București,Vest,1
Staer 23,Staer 23,Plt Maj Marin Pazon,Sector 3,Sector 3,București,Est,1
Staer 23,Staer 23,Plutonier Petre Ionescu,București neatribuit,București neatribuit,București,București neatribuit,1
Staer 23,Staer 23,Plutonier Radu Gheorghe,București neatribuit,București neatribuit,București,București neatribuit,1
Staer 23,Staer 23,Polona,Sector 1,Sector 1,București,Nord,1
Staer 23,Staer 23,Pomirla,București neatribuit,București neatribuit,București,București neatribuit,1
Staer 23,Staer 23,Pr Ghencea(cartier Latin),București neatribuit,București neatribuit,București,București neatribuit,1
Staer 23,Staer 23,Prelungirea Ungirea Ferentari,Sector 5,Sector 5,București,Sud-Vest,1
Staer 23,Staer 23,Prelungirea Ungirea Garii Catelului,București neatribuit,București neatribuit,București,București neatribuit,1
Staer 23,Staer 23,Prigoriilor,București neatribuit,București neatribuit,București,București neatribuit,1
Staer 23,Staer 23,Pta Alba Iulia,București neatribuit,București neatribuit,București,București neatribuit,1
Staer 23,Staer 23,Radulescu Motru,București neatribuit,București neatribuit,București,București neatribuit,1
Staer 23,Staer 23,Ramuri Tei,București neatribuit,București neatribuit,București,București neatribuit,1
Staer 23,Staer 23,Rarau,București neatribuit,București neatribuit,București,București neatribuit,1
Staer 23,Staer 23,Rasaritului,Sector 6,Sector 6,București,Vest,1
Staer 23,Staer 23,Rebreanu,București neatribuit,București neatribuit,București,București neatribuit,1
Staer 23,Staer 23,Recrutului,București neatribuit,București neatribuit,București,București neatribuit,1
Staer 23,Staer 23,Resita D,București neatribuit,București neatribuit,București,București neatribuit,1
Staer 23,Staer 23,Rezonantei,Sector 4,Sector 4,București,Sud,1
Staer 23,Staer 23,Rimnicu Sarat,București neatribuit,București neatribuit,București,București neatribuit,1
Staer 23,Staer 23,Ristea Ion,București neatribuit,București neatribuit,București,București neatribuit,1
Staer 23,Staer 23,Riul Vedea,București neatribuit,București neatribuit,București,București neatribuit,1
Staer 23,Staer 23,Rosca Pandele,București neatribuit,București neatribuit,București,București neatribuit,1
Staer 23,Staer 23,Runcu,Sector 4,Sector 4,București,Sud,1
Staer 23,Staer 23,Rusetu,București neatribuit,București neatribuit,București,București neatribuit,1
Staer 23,Staer 23,Sacasel,Sector 4,Sector 4,București,Sud,1
Staer 23,Staer 23,Salaj,Sector 5,Sector 5,București,Sud-Vest,1
Staer 23,Staer 23,Saleea Ciceu,București neatribuit,București neatribuit,București,București neatribuit,1
Staer 23,Staer 23,Samoila,București neatribuit,București neatribuit,București,București neatribuit,1
Staer 23,Staer 23,Samoila Dumitru,Sector 4,Sector 4,București,Sud,1
Staer 23,Staer 23,Sapte Drumuri,Sector 3,Sector 3,București,Est,1
Staer 23,Staer 23,Sbl. Ionescu Gheorghe,București neatribuit,București neatribuit,București,București neatribuit,1
Staer 23,Staer 23,Secerisului,București neatribuit,București neatribuit,București,București neatribuit,1
Staer 23,Staer 23,Sector 6,București neatribuit,București neatribuit,București,București neatribuit,1
Staer 23,Staer 23,Secuilor Nr6,București neatribuit,București neatribuit,București,București neatribuit,1
Staer 23,Staer 23,Segovia,București neatribuit,București neatribuit,București,București neatribuit,1
Staer 23,Staer 23,Senslav Voievod,București neatribuit,București neatribuit,București,București neatribuit,1
Staer 23,Staer 23,Serg. Nitu Vasile,București neatribuit,București neatribuit,București,București neatribuit,1
Staer 23,Staer 23,Serg.gheorghe Sandor,București neatribuit,București neatribuit,București,București neatribuit,1
Staer 23,Staer 23,Serg.marin Bonea,București neatribuit,București neatribuit,București,București neatribuit,1
Staer 23,Staer 23,Sergent David Ilie,București neatribuit,București neatribuit,București,București neatribuit,1
Staer 23,Staer 23,Sergent Florescu Nicolae,București neatribuit,București neatribuit,București,București neatribuit,1
Staer 23,Staer 23,Sergent Ilie David,București neatribuit,București neatribuit,București,București neatribuit,1
Staer 23,Staer 23,Sergent Maior Ion Nedeleanu,București neatribuit,București neatribuit,București,București neatribuit,1
Staer 23,Staer 23,Serghiescu Marin,București neatribuit,București neatribuit,București,București neatribuit,1
Staer 23,Staer 23,Sfinti Apostol,București neatribuit,București neatribuit,București,București neatribuit,1
Staer 23,Staer 23,Sfintii Constantin si Elena,București neatribuit,București neatribuit,București,București neatribuit,1
Staer 23,Staer 23,Sg .a.vram Petcu,București neatribuit,București neatribuit,București,București neatribuit,1
Staer 23,Staer 23,Sg Avram Petcu,București neatribuit,București neatribuit,București,București neatribuit,1
Staer 23,Staer 23,Sg Grigore Ion,București neatribuit,București neatribuit,București,București neatribuit,1
Staer 23,Staer 23,Sg Maj Dumitru Samoila,București neatribuit,București neatribuit,București,București neatribuit,1
Staer 23,Staer 23,Sg Turturica,București neatribuit,București neatribuit,București,București neatribuit,1
Staer 23,Staer 23,Simion Stefan,București neatribuit,București neatribuit,București,București neatribuit,1
Staer 23,Staer 23,Siret,Sector 1,Sector 1,București,Nord,1
Staer 23,Staer 23,Sld Constantin Dragan,București neatribuit,București neatribuit,București,București neatribuit,1
Staer 23,Staer 23,Sld Tina Petre,București neatribuit,București neatribuit,București,București neatribuit,1
Staer 23,Staer 23,Sleea Stogului,București neatribuit,București neatribuit,București,București neatribuit,1
Staer 23,Staer 23,Slt Cristescu Dima,Sector 2,Sector 2,București,Nord-Est,1
Staer 23,Staer 23,Slt. Gheorghe Stanescu,București neatribuit,București neatribuit,București,București neatribuit,1
Staer 23,Staer 23,Slt.dima Cristescu,București neatribuit,București neatribuit,București,București neatribuit,1
Staer 23,Staer 23,Slt.erou Gh Ionescu,București neatribuit,București neatribuit,București,București neatribuit,1
Staer 23,Staer 23,Slt.p.m.dragos Mladinovici,București neatribuit,București neatribuit,București,București neatribuit,1
Staer 23,Staer 23,Smaraldului,București neatribuit,București neatribuit,București,București neatribuit,1
Staer 23,Staer 23,Smaranda Braiescu,Sector 1,Sector 1,București,Nord,1
Staer 23,Staer 23,Sodat Florea Ionescu,București neatribuit,București neatribuit,București,București neatribuit,1
Staer 23,Staer 23,Sol. Stefan Simion,București neatribuit,București neatribuit,București,București neatribuit,1
Staer 23,Staer 23,Sol. Tusu Petre,București neatribuit,București neatribuit,București,București neatribuit,1
Staer 23,Staer 23,Sold Enache Ion,București neatribuit,București neatribuit,București,București neatribuit,1
Staer 23,Staer 23,Sold Ghita Serban,București neatribuit,București neatribuit,București,București neatribuit,1
Staer 23,Staer 23,Sold Niculae T Sebe,București neatribuit,București neatribuit,București,București neatribuit,1
Staer 23,Staer 23,Sold. Florea Ionescu,București neatribuit,București neatribuit,București,București neatribuit,1
Staer 23,Staer 23,Sold. Niculae,București neatribuit,București neatribuit,București,București neatribuit,1
Staer 23,Staer 23,Sold. Stelian Mihale,Sector 3,Sector 3,București,Est,1
Staer 23,Staer 23,Sold.lazar Florea,București neatribuit,București neatribuit,București,București neatribuit,1
Staer 23,Staer 23,Sold.vasile,București neatribuit,București neatribuit,București,București neatribuit,1
Staer 23,Staer 23,Soldat Cicodeica Ioan,București neatribuit,București neatribuit,București,București neatribuit,1
Staer 23,Staer 23,Soldat Constantin Dragan,București neatribuit,București neatribuit,București,București neatribuit,1
Staer 23,Staer 23,Soldat Florea Lazar,București neatribuit,București neatribuit,București,București neatribuit,1
Staer 23,Staer 23,Soldat Stefan Constantin,București neatribuit,București neatribuit,București,București neatribuit,1
Staer 23,Staer 23,Soldat Stefan Simion,București neatribuit,București neatribuit,București,București neatribuit,1
Staer 23,Staer 23,Soldat Tudor Ion,București neatribuit,București neatribuit,București,București neatribuit,1
Staer 23,Staer 23,Soldat Zambila Ionita,Sector 2,Sector 2,București,Nord-Est,1
Staer 23,Staer 23,Spatar Preda Buzescu,București neatribuit,București neatribuit,București,București neatribuit,1
Staer 23,Staer 23,Spataru Gorgan,Sector 2,Sector 2,București,Nord-Est,1
Staer 23,Staer 23,Spinului,București neatribuit,București neatribuit,București,București neatribuit,1
Staer 23,Staer 23,Spiridus,București neatribuit,București neatribuit,București,București neatribuit,1
Staer 23,Staer 23,Splaiul Aiul Independentei 332b,București neatribuit,București neatribuit,București,București neatribuit,1
Staer 23,Staer 23,Stanescu Gheorghe,București neatribuit,București neatribuit,București,București neatribuit,1
Staer 23,Staer 23,Stefan Dimitrescu,București neatribuit,București neatribuit,București,București neatribuit,1
Staer 23,Staer 23,Stefan Luchian,București neatribuit,București neatribuit,București,București neatribuit,1
Staer 23,Staer 23,Stelian Mihalea,București neatribuit,București neatribuit,București,București neatribuit,1
Staer 23,Staer 23,Stiubei,București neatribuit,București neatribuit,București,București neatribuit,1
Staer 23,Staer 23,Stolnicul Vasile,Sector 2,Sector 2,București,Nord-Est,1
Staer 23,Staer 23,Strada Ada Drumul Gura Ialomitei,București neatribuit,București neatribuit,București,București neatribuit,1
Staer 23,Staer 23,Strada Amintirii,Sector 1,Sector 1,București,Nord,1
Staer 23,Staer 23,Strada Biserica Mărcuța,Sector 2,Sector 2,București,Nord-Est,1
Staer 23,Staer 23,Strada Bradetulu Nr24a,București neatribuit,București neatribuit,București,București neatribuit,1
Staer 23,Staer 23,Strada Cimpoierilor 5,București neatribuit,București neatribuit,București,București neatribuit,1
Staer 23,Staer 23,Strada Copaceni,Sector 3,Sector 3,București,Est,1
Staer 23,Staer 23,Strada Cricovului,București neatribuit,București neatribuit,București,București neatribuit,1
Staer 23,Staer 23,Strada Drumului Murgului,București neatribuit,București neatribuit,București,București neatribuit,1
Staer 23,Staer 23,Strada Emil Gârleanu,Sector 3,Sector 3,București,Est,1
Staer 23,Staer 23,Strada Eufrosina Popescu,Sector 3,Sector 3,București,Est,1
Staer 23,Staer 23,Strada Grigore C Moisil,Sector 2,Sector 2,București,Nord-Est,1
Staer 23,Staer 23,Strada Grigore Ionescu,Sector 2,Sector 2,București,Nord-Est,1
Staer 23,Staer 23,Strada Iacob Andrei,Sector 5,Sector 5,București,Sud-Vest,1
Staer 23,Staer 23,Strada Iuliu Valaori 28,București neatribuit,București neatribuit,București,București neatribuit,1
Staer 23,Staer 23,Strada Lemnisorului,Sector 3,Sector 3,București,Est,1
Staer 23,Staer 23,Strada Lugojana,Sector 3,Sector 3,București,Est,1
Staer 23,Staer 23,Strada Luminitei,Sector 2,Sector 2,București,Nord-Est,1
Staer 23,Staer 23,Strada Maior Ion Coravu,Sector 2,Sector 2,București,Nord-Est,1
Staer 23,Staer 23,Strada Malu Mierii 86-90,București neatribuit,București neatribuit,București,București neatribuit,1
Staer 23,Staer 23,Strada Moinești,București neatribuit,București neatribuit,București,București neatribuit,1
Staer 23,Staer 23,Strada Murgeni,Sector 3,Sector 3,București,Est,1
Staer 23,Staer 23,Strada Parîncea,Sector 4,Sector 4,București,Sud,1
Staer 23,Staer 23,Strada Penes Curcanul 20-24,București neatribuit,București neatribuit,București,București neatribuit,1
Staer 23,Staer 23,Strada Peneș Curcanul,București neatribuit,București neatribuit,București,București neatribuit,1
Staer 23,Staer 23,Strada Rascoala din 1907,Sector 2,Sector 2,București,Nord-Est,1
Staer 23,Staer 23,Strada Răcari,Sector 3,Sector 3,București,Est,1
Staer 23,Staer 23,Strada Samuil Vulcan,Sector 5,Sector 5,București,Sud-Vest,1
Staer 23,Staer 23,Strada Sold.ion Iosif,București neatribuit,București neatribuit,București,București neatribuit,1
Staer 23,Staer 23,Strada Știrbei Vodă,Sector 1,Sector 1,București,Nord,1
Staer 23,Staer 23,Strada Teiul Doamnei,București neatribuit,București neatribuit,București,București neatribuit,1
Staer 23,Staer 23,Strada Transilvaniei,București neatribuit,București neatribuit,București,București neatribuit,1
Staer 23,Staer 23,Strada Trapezului,Sector 3,Sector 3,București,Est,1
Staer 23,Staer 23,Strada Valea Argeșului,București neatribuit,București neatribuit,București,București neatribuit,1
Staer 23,Staer 23,Strada Vidin,Sector 2,Sector 2,București,Nord-Est,1
Staer 23,Staer 23,Strada Zboina Neagră,Sector 6,Sector 6,București,Vest,1
Staer 23,Staer 23,Șoseaua Alexandrieinr195,București neatribuit,București neatribuit,București,București neatribuit,1
Staer 23,Staer 23,Șoseaua Andronache,Sector 2,Sector 2,București,Nord-Est,1
Staer 23,Staer 23,Șoseaua Centura,București neatribuit,București neatribuit,București,București neatribuit,1
Staer 23,Staer 23,Șoseaua Chitilei,București neatribuit,București neatribuit,București,București neatribuit,1
Staer 23,Staer 23,Șoseaua Dobroesti,Sector 2,Sector 2,București,Nord-Est,1
Staer 23,Staer 23,Șoseaua Dragonului,București neatribuit,București neatribuit,București,București neatribuit,1
Staer 23,Staer 23,Șoseaua Eaua.vergului Nr65 Bl17scg Etaj2.ap246 Int246,București neatribuit,București neatribuit,București,București neatribuit,1
Staer 23,Staer 23,Șoseaua Iancului(inr din Magura Vulturului),București neatribuit,București neatribuit,București,București neatribuit,1
Staer 23,Staer 23,Șoseaua Pantelimon S2,București neatribuit,București neatribuit,București,București neatribuit,1
Staer 23,Staer 23,Șoseaua Pavel Dimitrievici Kiseleff,București neatribuit,București neatribuit,București,București neatribuit,1
Staer 23,Staer 23,Șoseaua Popesti Leordeni,București neatribuit,București neatribuit,București,București neatribuit,1
Staer 23,Staer 23,Șoseaua Ștefan cel Mare,București neatribuit,București neatribuit,București,București neatribuit,1
Staer 23,Staer 23,Șoseaua Vergului,Sector 2,Sector 2,București,Nord-Est,1
Staer 23,Staer 23,Șoseaua Virtuții,Sector 6,Sector 6,București,Vest,1
Staer 23,Staer 23,Tarnava Mica,București neatribuit,București neatribuit,București,București neatribuit,1
Staer 23,Staer 23,Tatulesti,Sector 4,Sector 4,București,Sud,1
Staer 23,Staer 23,Teiul Doamnei,Sector 2,Sector 2,București,Nord-Est,1
Staer 23,Staer 23,Teius,București neatribuit,București neatribuit,București,București neatribuit,1
Staer 23,Staer 23,Telega,Sector 1,Sector 1,București,Nord,1
Staer 23,Staer 23,Telita,Sector 5,Sector 5,București,Sud-Vest,1
Staer 23,Staer 23,Tesatoarelor,Sector 2,Sector 2,București,Nord-Est,1
Staer 23,Staer 23,Th Sperantia,București neatribuit,București neatribuit,București,București neatribuit,1
Staer 23,Staer 23,Ticus,București neatribuit,București neatribuit,București,București neatribuit,1
Staer 23,Staer 23,Tiparnitei,Sector 5,Sector 5,București,Sud-Vest,1
Staer 23,Staer 23,Tohan,București neatribuit,București neatribuit,București,București neatribuit,1
Staer 23,Staer 23,Trei Brazi,Sector 4,Sector 4,București,Sud,1
Staer 23,Staer 23,Trotusului,București neatribuit,București neatribuit,București,București neatribuit,1
Staer 23,Staer 23,Tudor Gociu,Sector 4,Sector 4,București,Sud,1
Staer 23,Staer 23,Tulnicii,București neatribuit,București neatribuit,București,București neatribuit,1
Staer 23,Staer 23,Tunari,Sector 2,Sector 2,București,Nord-Est,1
Staer 23,Staer 23,Tunasi,București neatribuit,București neatribuit,București,București neatribuit,1
Staer 23,Staer 23,Turda,Sector 1,Sector 1,București,Nord,1
Staer 23,Staer 23,Tutunari,Sector 5,Sector 5,București,Sud-Vest,1
Staer 23,Staer 23,U Dealu Babii,București neatribuit,București neatribuit,București,București neatribuit,1
Staer 23,Staer 23,U Vulturesti,București neatribuit,București neatribuit,București,București neatribuit,1
Staer 23,Staer 23,U.1decembrie 1918,București neatribuit,București neatribuit,București,București neatribuit,1
Staer 23,Staer 23,Ul Unirii,București neatribuit,București neatribuit,București,București neatribuit,1
Staer 23,Staer 23,Ul. 1 Mai,București neatribuit,București neatribuit,București,București neatribuit,1
Staer 23,Staer 23,Ul. Camil Resu,București neatribuit,București neatribuit,București,București neatribuit,1
Staer 23,Staer 23,Ul.constantin Brancoveanu,București neatribuit,București neatribuit,București,București neatribuit,1
Staer 23,Staer 23,Ulmetului,București neatribuit,București neatribuit,București,București neatribuit,1
Staer 23,Staer 23,Ungheni,București neatribuit,București neatribuit,București,București neatribuit,1
Staer 23,Staer 23,Unirii,București neatribuit,București neatribuit,București,București neatribuit,1
Staer 23,Staer 23,Urziceni,Sector 4,Sector 4,București,Sud,1
Staer 23,Staer 23,Usarilor,București neatribuit,București neatribuit,București,București neatribuit,1
Staer 23,Staer 23,Usei,Sector 2,Sector 2,București,Nord-Est,1
Staer 23,Staer 23,Vacaresti,București neatribuit,București neatribuit,București,București neatribuit,1
Staer 23,Staer 23,Vailor,București neatribuit,București neatribuit,București,București neatribuit,1
Staer 23,Staer 23,Valea Buzaului,Sector 3,Sector 3,București,Est,1
Staer 23,Staer 23,Valea Ialomitei,Sector 6,Sector 6,București,Vest,1
Staer 23,Staer 23,Valea Lunga,Sector 6,Sector 6,București,Vest,1
Staer 23,Staer 23,Valea Oltului,Sector 6,Sector 6,București,Vest,1
Staer 23,Staer 23,Vasile Carlova,București neatribuit,București neatribuit,București,București neatribuit,1
Staer 23,Staer 23,Vasile Lascar 204,București neatribuit,București neatribuit,București,București neatribuit,1
Staer 23,Staer 23,Vatra Luminoasa,Sector 2,Sector 2,București,Nord-Est,1
Staer 23,Staer 23,Veraului,București neatribuit,București neatribuit,București,București neatribuit,1
Staer 23,Staer 23,Vicina,Sector 5,Sector 5,București,Sud-Vest,1
Staer 23,Staer 23,Vintila Mihailescu,Sector 6,Sector 6,București,Vest,1
Staer 23,Staer 23,Virgil Madgearu,București neatribuit,București neatribuit,București,București neatribuit,1
Staer 23,Staer 23,Vitejilor,București neatribuit,București neatribuit,București,București neatribuit,1
Staer 23,Staer 23,Vitioara,Sector 3,Sector 3,București,Est,1
Staer 23,Staer 23,Vlad Judetul,București neatribuit,București neatribuit,București,București neatribuit,1
Staer 23,Staer 23,Vladeasa,Sector 6,Sector 6,București,Vest,1
Staer 23,Staer 23,Voila,Sector 4,Sector 4,București,Sud,1
Staer 23,Staer 23,Vulcan Judetu,București neatribuit,București neatribuit,București,București neatribuit,1
Staer 23,Staer 23,Wilhelm Filderman,București neatribuit,București neatribuit,București,București neatribuit,1
Staer 23,Staer 23,Xadru Obregia,București neatribuit,București neatribuit,București,București neatribuit,1
Staer 23,Staer 23,Xander Von Humboldt,Sector 3,Sector 3,București,Est,1
Staer 23,Staer 23,Xandru Balasanu,București neatribuit,București neatribuit,București,București neatribuit,1
Staer 23,Staer 23,Xandru Iacovache,București neatribuit,București neatribuit,București,București neatribuit,1
Staer 23,Staer 23,Xandru Ioan-Cuza,București neatribuit,București neatribuit,București,București neatribuit,1
Staer 23,Staer 23,Xandru Moruzzi Voievod,București neatribuit,București neatribuit,București,București neatribuit,1
Staer 23,Staer 23,Xandru Obrejia,București neatribuit,București neatribuit,București,București neatribuit,1
Staer 23,Staer 23,Zaganului,București neatribuit,București neatribuit,București,București neatribuit,1
Staer 23,Staer 23,Zece Mese,București neatribuit,București neatribuit,București,București neatribuit,1
Staer 23,Staer 23,Zefirului,București neatribuit,București neatribuit,București,București neatribuit,1
Staer 23,Staer 23,Zemes,Sector 3,Sector 3,București,Est,1
Staer 23,Staer 23,Zizin,Sector 3,Sector 3,București,Est,1
Staer 23,Staer 23,Intrarea Mesteacanului,București neatribuit,București neatribuit,București,București neatribuit,1
Staer 23,Staer 23,Bulevardul Tineretului,București neatribuit,București neatribuit,București,București neatribuit,1
Staer 23,Staer 23,Aleea Ea Cetatuia,București neatribuit,București neatribuit,București,București neatribuit,1
Staer 23,Staer 23,70k,București neatribuit,București neatribuit,București,București neatribuit,1
Staer 23,Staer 23,Constatin Titel Petrescu,Sector 6,Sector 6,București,Vest,1
Staer 23,Staer 23,Strada Istriei,Sector 3,Sector 3,București,Est,1
Staer 23,Staer 23,Bulevardul Daciu,București neatribuit,București neatribuit,București,București neatribuit,1
Staer 23,Staer 23,Strada Amurgului,București neatribuit,București neatribuit,București,București neatribuit,1
Staer 23,Staer 23,Șoseaua Cernica,București neatribuit,București neatribuit,București,București neatribuit,1
Staer 23,Staer 23,Walter Maracineanu,București neatribuit,București neatribuit,București,București neatribuit,1
Staer 23,Staer 23,Scheiul de Jos,Sector 2,Sector 2,București,Nord-Est,1
Staer 23,Staer 23,Scolii,București neatribuit,București neatribuit,București,București neatribuit,1
Staer 23,Staer 23,Garian Alexandru,București neatribuit,București neatribuit,București,București neatribuit,1
Staer 23,Staer 23,Intrarea Biruintei,București neatribuit,București neatribuit,București,București neatribuit,1
Staer 23,Staer 23,Sperantei,București neatribuit,București neatribuit,București,București neatribuit,1
Staer 23,Staer 23,Aleea Ea Blajel,București neatribuit,București neatribuit,București,București neatribuit,1
Staer 23,Staer 23,Burnitei,Sector 3,Sector 3,București,Est,1
Staer 23,Staer 23,Drumul Gura Sirilului,București neatribuit,București neatribuit,București,București neatribuit,1
Staer 23,Staer 23,Drumul Gura Siriului,Sector 3,Sector 3,București,Est,1
Staer 23,Staer 23,Aleea Donea Diana Alexandra,Sector 4,Sector 4,București,Sud,1
Staer 23,Staer 23,Aleea Ea Ciceu,Sector 4,Sector 4,București,Sud,1
Staer 23,Staer 23,Aleea Ea Tomesti,Sector 4,Sector 4,București,Sud,1
Staer 23,Staer 23,Bulevardul Brancoveanu,Sector 4,Sector 4,București,Sud,1
Staer 23,Staer 23,Bulevardul C Brancoveanu,Sector 4,Sector 4,București,Sud,1
Staer 23,Staer 23,Drumul Binelui,Sector 4,Sector 4,București,Sud,1
Staer 23,Staer 23,Drumul Gazarului,Sector 4,Sector 4,București,Sud,1
Staer 23,Staer 23,Izvorul Trotusului,Sector 4,Sector 4,București,Sud,1
Staer 23,Staer 23,Liviu Rebreanu,București neatribuit,București neatribuit,București,București neatribuit,1
Staer 23,Staer 23,Luic,București neatribuit,București neatribuit,București,București neatribuit,1
Staer 23,Staer 23,Postalionului,București neatribuit,București neatribuit,București,București neatribuit,1
Staer 23,Staer 23,Strada Aurel Perșu,București neatribuit,București neatribuit,București,București neatribuit,1
Staer 23,Staer 23,Strada Turnu Măgurele,Sector 4,Sector 4,București,Sud,1
Staer 23,Staer 23,Iancu Jianu,Sector 5,Sector 5,București,Sud-Vest,1
Staer 23,Staer 23,Bulevardul Iuliu Maniu,Sector 6,Sector 6,București,Vest,1
Staer 23,Staer 23,Aleea Patulului,Sector 3,Sector 3,București,Est,1
Staer 23,Staer 23,Vatra Dornei,Sector 4,Sector 4,București,Sud,1
Staer 23,Staer 23,Sol Tina Petre,Sector 3,Sector 3,București,Est,1
Staer 23,Staer 23,1,Sector 1,Sector 1,București,Nord,1
Staer 23,Staer 23,Abuna,Sector 1,Sector 1,București,Nord,1
Staer 23,Staer 23,Abune,Sector 1,Sector 1,București,Nord,1
Staer 23,Staer 23,Academiei,Sector 1,Sector 1,București,Nord,1
Staer 23,Staer 23,Al Serbanescu,Sector 1,Sector 1,București,Nord,1
Staer 23,Staer 23,Aleea Ea Lagos,Sector 1,Sector 1,București,Nord,1
Staer 23,Staer 23,Aleea Ea Teisan,Sector 1,Sector 1,București,Nord,1
Staer 23,Staer 23,Aleea Tripoli,Sector 1,Sector 1,București,Nord,1
Staer 23,Staer 23,Andrei Poovici,Sector 1,Sector 1,București,Nord,1
Staer 23,Staer 23,Aron Cotrus,Sector 1,Sector 1,București,Nord,1
Staer 23,Staer 23,Bacului,Sector 1,Sector 1,București,Nord,1
Staer 23,Staer 23,Baiculesti,Sector 1,Sector 1,București,Nord,1
Staer 23,Staer 23,Biharia - Cartier Henri Coanda,Sector 1,Sector 1,București,Nord,1
Staer 23,Staer 23,Braziliei,Sector 1,Sector 1,București,Nord,1
Staer 23,Staer 23,Bucegi,Sector 1,Sector 1,București,Nord,1
Staer 23,Staer 23,Bulevardul Apicultorilor,Sector 1,Sector 1,București,Nord,1
Staer 23,Staer 23,Bulevardul Camil Ressu,Sector 1,Sector 1,București,Nord,1
Staer 23,Staer 23,Bulevardul George Constantin,Sector 1,Sector 1,București,Nord,1
Staer 23,Staer 23,Bulevardul Gheorghe Ionescu Sisesti,Sector 1,Sector 1,București,Nord,1
Staer 23,Staer 23,Bulevardul Iancu de Hunedoara,Sector 1,Sector 1,București,Nord,1
Staer 23,Staer 23,Bulevardul Ion Ionescu de la Brad,Sector 1,Sector 1,București,Nord,1
Staer 23,Staer 23,Bulevardul Iuliu Maniu * 21 Residence,Sector 1,Sector 1,București,Nord,1
Staer 23,Staer 23,Bulevardul Lascar Catargiu,Sector 1,Sector 1,București,Nord,1
Staer 23,Staer 23,Bulevardul Petrolistilor,Sector 1,Sector 1,București,Nord,1
Staer 23,Staer 23,Bulevardul Primaveri,Sector 1,Sector 1,București,Nord,1
Staer 23,Staer 23,Calea Ea Dorobanti,Sector 1,Sector 1,București,Nord,1
Staer 23,Staer 23,Calea Ea Dorobantilor,Sector 1,Sector 1,București,Nord,1
Staer 23,Staer 23,Calea Ea Griviței,Sector 1,Sector 1,București,Nord,1
Staer 23,Staer 23,Cantarului,Sector 1,Sector 1,București,Nord,1
Staer 23,Staer 23,Capalna,Sector 1,Sector 1,București,Nord,1
Staer 23,Staer 23,Capitan Aviator Alexandru Serbanescu,Sector 1,Sector 1,București,Nord,1
Staer 23,Staer 23,Cecilia Cutescu Storck,Sector 1,Sector 1,București,Nord,1
Staer 23,Staer 23,Comana,Sector 1,Sector 1,București,Nord,1
Staer 23,Staer 23,Coralilor,Sector 1,Sector 1,București,Nord,1
Staer 23,Staer 23,Cotesti,Sector 1,Sector 1,București,Nord,1
Staer 23,Staer 23,Cpt Nicolae Licaret,Sector 1,Sector 1,București,Nord,1
Staer 23,Staer 23,Dolomitului,Sector 1,Sector 1,București,Nord,1
Staer 23,Staer 23,Dr Agapia,Sector 1,Sector 1,București,Nord,1
Staer 23,Staer 23,Drumul Opalului,Sector 1,Sector 1,București,Nord,1
Staer 23,Staer 23,Drumul Sărmaș,Sector 1,Sector 1,București,Nord,1
Staer 23,Staer 23,Drumul Varful Berivoiul Mare,Sector 1,Sector 1,București,Nord,1
Staer 23,Staer 23,Francisc Munteanu,Sector 1,Sector 1,București,Nord,1
Staer 23,Staer 23,Frosa Sarandy,Sector 1,Sector 1,București,Nord,1
Staer 23,Staer 23,General Berthelot,Sector 1,Sector 1,București,Nord,1
Staer 23,Staer 23,General Constantin Coanda,Sector 1,Sector 1,București,Nord,1
Staer 23,Staer 23,George Enescu,Sector 1,Sector 1,București,Nord,1
Staer 23,Staer 23,Gheorghe Ionescu Sisesti,Sector 1,Sector 1,București,Nord,1
Staer 23,Staer 23,Gheorghe Lazar,Sector 1,Sector 1,București,Nord,1
Staer 23,Staer 23,Gheorghe Manu,Sector 1,Sector 1,București,Nord,1
Staer 23,Staer 23,Gheorghe Sisesti,Sector 1,Sector 1,București,Nord,1
Staer 23,Staer 23,Golovita,Sector 1,Sector 1,București,Nord,1
Staer 23,Staer 23,Goronului,Sector 1,Sector 1,București,Nord,1
Staer 23,Staer 23,Gral Nicolae Dona,Sector 1,Sector 1,București,Nord,1
Staer 23,Staer 23,Hrisovului,Sector 1,Sector 1,București,Nord,1
Staer 23,Staer 23,Ienuparului,Sector 1,Sector 1,București,Nord,1
Staer 23,Staer 23,Infratirii,Sector 1,Sector 1,București,Nord,1
Staer 23,Staer 23,Intrarea Area Rigas,Sector 1,Sector 1,București,Nord,1
Staer 23,Staer 23,Intrarea Area Straulesti,Sector 1,Sector 1,București,Nord,1
Staer 23,Staer 23,Intrarea Doctor Felix,Sector 1,Sector 1,București,Nord,1
Staer 23,Staer 23,Ion Brezoianu,Sector 1,Sector 1,București,Nord,1
Staer 23,Staer 23,Ion Otetelesanu,Sector 1,Sector 1,București,Nord,1
Staer 23,Staer 23,Ionescu Sisesti,Sector 1,Sector 1,București,Nord,1
Staer 23,Staer 23,Izbiceni,Sector 1,Sector 1,București,Nord,1
Staer 23,Staer 23,Jimbolia,Sector 1,Sector 1,București,Nord,1
Staer 23,Staer 23,Jules Michelette,Sector 1,Sector 1,București,Nord,1
Staer 23,Staer 23,Linistei,Sector 1,Sector 1,București,Nord,1
Staer 23,Staer 23,Luigi Cazzavilan,Sector 1,Sector 1,București,Nord,1
Staer 23,Staer 23,Maior Alexandru Campeanu,Sector 1,Sector 1,București,Nord,1
Staer 23,Staer 23,Mezes,Sector 1,Sector 1,București,Nord,1
Staer 23,Staer 23,Mircesti,Sector 1,Sector 1,București,Nord,1
Staer 23,Staer 23,Mitropolit Andrei Saguna,Sector 1,Sector 1,București,Nord,1
Staer 23,Staer 23,MLD Ion Mihalache,Sector 1,Sector 1,București,Nord,1
Staer 23,Staer 23,Murguta,Sector 1,Sector 1,București,Nord,1
Staer 23,Staer 23,Navigatiei,Sector 1,Sector 1,București,Nord,1
Staer 23,Staer 23,Nazarcea,Sector 1,Sector 1,București,Nord,1
Staer 23,Staer 23,Nicolae Constantinescu,Sector 1,Sector 1,București,Nord,1
Staer 23,Staer 23,Nicolae Titulesc,Sector 1,Sector 1,București,Nord,1
Staer 23,Staer 23,P-Ța Presei Libere,Sector 1,Sector 1,București,Nord,1
Staer 23,Staer 23,Panciu,Sector 1,Sector 1,București,Nord,1
Staer 23,Staer 23,Parangului,Sector 1,Sector 1,București,Nord,1
Staer 23,Staer 23,Petru Rares,Sector 1,Sector 1,București,Nord,1
Staer 23,Staer 23,Plutasilor,Sector 1,Sector 1,București,Nord,1
Staer 23,Staer 23,Prahova,Sector 1,Sector 1,București,Nord,1
Staer 23,Staer 23,Radu Popescu,Sector 1,Sector 1,București,Nord,1
Staer 23,Staer 23,Radu Voda,Sector 1,Sector 1,București,Nord,1
Staer 23,Staer 23,Retortei,Sector 1,Sector 1,București,Nord,1
Staer 23,Staer 23,Rotasului- Ansamblu Rezidentia Arcadia,Sector 1,Sector 1,București,Nord,1
Staer 23,Staer 23,Sisesti,Sector 1,Sector 1,București,Nord,1
Staer 23,Staer 23,Sld. Gheorghe Buciumat,Sector 1,Sector 1,București,Nord,1
Staer 23,Staer 23,Soldat Gheorghe Buciumat,Sector 1,Sector 1,București,Nord,1
Staer 23,Staer 23,Splaiul Independenței,Sector 1,Sector 1,București,Nord,1
Staer 23,Staer 23,Stanilesti,Sector 1,Sector 1,București,Nord,1
Staer 23,Staer 23,Stelutei,Sector 1,Sector 1,București,Nord,1
Staer 23,Staer 23,Stinjeneilor,Sector 1,Sector 1,București,Nord,1
Staer 23,Staer 23,Strada Amintirii,Sector 1,Sector 1,București,Nord,1
Staer 23,Staer 23,Strada Campia Libertatii,Sector 1,Sector 1,București,Nord,1
Staer 23,Staer 23,Strada Carol Knappe,Sector 1,Sector 1,București,Nord,1
Staer 23,Staer 23,Strada Căderea Bastiliei,Sector 1,Sector 1,București,Nord,1
Staer 23,Staer 23,Strada Elena Caragiani,Sector 1,Sector 1,București,Nord,1
Staer 23,Staer 23,Strada Gheorghe Țițeica,Sector 1,Sector 1,București,Nord,1
Staer 23,Staer 23,Strada Traian Vasile,Sector 1,Sector 1,București,Nord,1
Staer 23,Staer 23,Sub Cetate,Sector 1,Sector 1,București,Nord,1
Staer 23,Staer 23,Șoseaua Bucuresti-Targoviste,Sector 1,Sector 1,București,Nord,1
Staer 23,Staer 23,Șoseaua Nicolae Titulescu,Sector 1,Sector 1,București,Nord,1
Staer 23,Staer 23,Șoseaua Nordului,Sector 1,Sector 1,București,Nord,1
Staer 23,Staer 23,Șoseaua Odai,Sector 1,Sector 1,București,Nord,1
Staer 23,Staer 23,Șoseaua Orhideelor,Sector 1,Sector 1,București,Nord,1
Staer 23,Staer 23,Varful Inalt,Sector 1,Sector 1,București,Nord,1
Staer 23,Staer 23,Vasile Gherghel,Sector 1,Sector 1,București,Nord,1
Staer 23,Staer 23,Washington,Sector 1,Sector 1,București,Nord,1
Staer 23,Staer 23,Drumul Opalului(cartier Feliciti),București neatribuit,București neatribuit,București,București neatribuit,1
Staer 23,Staer 23,10 Mese,Sector 2,Sector 2,București,Nord-Est,1
Staer 23,Staer 23,Al.ipsilanti,Sector 2,Sector 2,București,Nord-Est,1
Staer 23,Staer 23,Al.otesani,Sector 2,Sector 2,București,Nord-Est,1
Staer 23,Staer 23,Aleea Brasoveni,Sector 2,Sector 2,București,Nord-Est,1
Staer 23,Staer 23,Aleea Diham,Sector 2,Sector 2,București,Nord-Est,1
Staer 23,Staer 23,Aleea Ea Argedava,Sector 2,Sector 2,București,Nord-Est,1
Staer 23,Staer 23,Aleea Ea Barajul Dunarii,Sector 2,Sector 2,București,Nord-Est,1
Staer 23,Staer 23,Aleea Ea Cizlau,Sector 2,Sector 2,București,Nord-Est,1
Staer 23,Staer 23,Aleea Ea Llia,Sector 2,Sector 2,București,Nord-Est,1
Staer 23,Staer 23,Aleea Ea Marius Emanoil Buteica,Sector 2,Sector 2,București,Nord-Est,1
Staer 23,Staer 23,Aleea Ea Sargetia,Sector 2,Sector 2,București,Nord-Est,1
Staer 23,Staer 23,Aleea Ea Sinaia,Sector 2,Sector 2,București,Nord-Est,1
Staer 23,Staer 23,Aleea Ea Teiul Doamnei,Sector 2,Sector 2,București,Nord-Est,1
Staer 23,Staer 23,Aleea Lacului,Sector 2,Sector 2,București,Nord-Est,1
Staer 23,Staer 23,Aleea Piatra Mare,Sector 2,Sector 2,București,Nord-Est,1
Staer 23,Staer 23,Andronache,Sector 2,Sector 2,București,Nord-Est,1
Staer 23,Staer 23,Apostol Nicolae,Sector 2,Sector 2,București,Nord-Est,1
Staer 23,Staer 23,Armeneasca,Sector 2,Sector 2,București,Nord-Est,1
Staer 23,Staer 23,Atea Nicolae Cerga,Sector 2,Sector 2,București,Nord-Est,1
Staer 23,Staer 23,Baba Novac,Sector 2,Sector 2,București,Nord-Est,1
Staer 23,Staer 23,Badea Cartan,Sector 2,Sector 2,București,Nord-Est,1
Staer 23,Staer 23,Barbat Voevod,Sector 2,Sector 2,București,Nord-Est,1
Staer 23,Staer 23,Buciumasilor,Sector 2,Sector 2,București,Nord-Est,1
Staer 23,Staer 23,Bulevardul Carol 1,Sector 2,Sector 2,București,Nord-Est,1
Staer 23,Staer 23,Bulevardul Dacia,Sector 2,Sector 2,București,Nord-Est,1
Staer 23,Staer 23,Bulevardul Ferdinand,Sector 2,Sector 2,București,Nord-Est,1
Staer 23,Staer 23,Bulevardul Ferdinand I,Sector 2,Sector 2,București,Nord-Est,1
Staer 23,Staer 23,Bulevardul Lacu Tei,Sector 2,Sector 2,București,Nord-Est,1
Staer 23,Staer 23,Bulevardul Mihai Bravu,Sector 2,Sector 2,București,Nord-Est,1
Staer 23,Staer 23,Bulevardul Nicolae Balcescu,Sector 2,Sector 2,București,Nord-Est,1
Staer 23,Staer 23,Bulevardul Pucheni,Sector 2,Sector 2,București,Nord-Est,1
Staer 23,Staer 23,Bvd Mircea Voda,Sector 2,Sector 2,București,Nord-Est,1
Staer 23,Staer 23,Campului,Sector 2,Sector 2,București,Nord-Est,1
Staer 23,Staer 23,Caporal Marcu a Zamfir,Sector 2,Sector 2,București,Nord-Est,1
Staer 23,Staer 23,Capreni,Sector 2,Sector 2,București,Nord-Est,1
Staer 23,Staer 23,Ciocarliei 18,Sector 2,Sector 2,București,Nord-Est,1
Staer 23,Staer 23,Ciresului,Sector 2,Sector 2,București,Nord-Est,1
Staer 23,Staer 23,Ciuca Stefan,Sector 2,Sector 2,București,Nord-Est,1
Staer 23,Staer 23,Constantin Merisescu,Sector 2,Sector 2,București,Nord-Est,1
Staer 23,Staer 23,Corabia,Sector 2,Sector 2,București,Nord-Est,1
Staer 23,Staer 23,Cpt. Ctin. Merisescu,Sector 2,Sector 2,București,Nord-Est,1
Staer 23,Staer 23,Cuiului,Sector 2,Sector 2,București,Nord-Est,1
Staer 23,Staer 23,Dambovicioara/vrancioaiei,Sector 2,Sector 2,București,Nord-Est,1
Staer 23,Staer 23,Danulesti,Sector 2,Sector 2,București,Nord-Est,1
Staer 23,Staer 23,Dascalului,Sector 2,Sector 2,București,Nord-Est,1
Staer 23,Staer 23,Delea Veche,Sector 2,Sector 2,București,Nord-Est,1
Staer 23,Staer 23,Dianei,Sector 2,Sector 2,București,Nord-Est,1
Staer 23,Staer 23,Dimitrie Harlescu,Sector 2,Sector 2,București,Nord-Est,1
Staer 23,Staer 23,Dna Ghica,Sector 2,Sector 2,București,Nord-Est,1
Staer 23,Staer 23,Dobrici,Sector 2,Sector 2,București,Nord-Est,1
Staer 23,Staer 23,Domana Ghica,Sector 2,Sector 2,București,Nord-Est,1
Staer 23,Staer 23,Drumul Becheanului,Sector 2,Sector 2,București,Nord-Est,1
Staer 23,Staer 23,Drumul Gura Caliței,Sector 2,Sector 2,București,Nord-Est,1
Staer 23,Staer 23,Dumbrava Rosie,Sector 2,Sector 2,București,Nord-Est,1
Staer 23,Staer 23,Dumitrescu Tanase,Sector 2,Sector 2,București,Nord-Est,1
Staer 23,Staer 23,Duzilor,Sector 2,Sector 2,București,Nord-Est,1
Staer 23,Staer 23,Elev Stefanescu,Sector 2,Sector 2,București,Nord-Est,1
Staer 23,Staer 23,Elev Stefanescu Stefan,Sector 2,Sector 2,București,Nord-Est,1
Staer 23,Staer 23,Energiei,Sector 2,Sector 2,București,Nord-Est,1
Staer 23,Staer 23,Episcop Ilarion,Sector 2,Sector 2,București,Nord-Est,1
Staer 23,Staer 23,Episcopul Ilarion,Sector 2,Sector 2,București,Nord-Est,1
Staer 23,Staer 23,Erou Bogarin Constantin,Sector 2,Sector 2,București,Nord-Est,1
Staer 23,Staer 23,Erta,Sector 2,Sector 2,București,Nord-Est,1
Staer 23,Staer 23,Escalei,Sector 2,Sector 2,București,Nord-Est,1
Staer 23,Staer 23,Eufrosin Poteca,Sector 2,Sector 2,București,Nord-Est,1
Staer 23,Staer 23,Fabrica de Gheata 2,Sector 2,Sector 2,București,Nord-Est,1
Staer 23,Staer 23,Fabrica de Glucoza- Complex Belvedere,Sector 2,Sector 2,București,Nord-Est,1
Staer 23,Staer 23,Federic Chopin,Sector 2,Sector 2,București,Nord-Est,1
Staer 23,Staer 23,Fluierului,Sector 2,Sector 2,București,Nord-Est,1
Staer 23,Staer 23,G Puccini,Sector 2,Sector 2,București,Nord-Est,1
Staer 23,Staer 23,General Dimitri Salmen,Sector 2,Sector 2,București,Nord-Est,1
Staer 23,Staer 23,Ghe Costea,Sector 2,Sector 2,București,Nord-Est,1
Staer 23,Staer 23,Gheorghe Petrascu,Sector 2,Sector 2,București,Nord-Est,1
Staer 23,Staer 23,Ghiocei,Sector 2,Sector 2,București,Nord-Est,1
Staer 23,Staer 23,Giacomo Puccini,Sector 2,Sector 2,București,Nord-Est,1
Staer 23,Staer 23,Gorgan Spataru,Sector 2,Sector 2,București,Nord-Est,1
Staer 23,Staer 23,Grigore Ioenescu,Sector 2,Sector 2,București,Nord-Est,1
Staer 23,Staer 23,Grigore Moisil,Sector 2,Sector 2,București,Nord-Est,1
Staer 23,Staer 23,Icoanei,Sector 2,Sector 2,București,Nord-Est,1
Staer 23,Staer 23,Inginerilor T,Sector 2,Sector 2,București,Nord-Est,1
Staer 23,Staer 23,Int.frunzei Str.ciobanasului,Sector 2,Sector 2,București,Nord-Est,1
Staer 23,Staer 23,Intrarea Area Baritonului,Sector 2,Sector 2,București,Nord-Est,1
Staer 23,Staer 23,Intrarea Area Calatorului,Sector 2,Sector 2,București,Nord-Est,1
Staer 23,Staer 23,Intrarea Area Horbotei,Sector 2,Sector 2,București,Nord-Est,1
Staer 23,Staer 23,Intrarea Area Serg Dardiac,Sector 2,Sector 2,București,Nord-Est,1
Staer 23,Staer 23,Intrarea Area Sergent Daediac,Sector 2,Sector 2,București,Nord-Est,1
Staer 23,Staer 23,Intrarea Cobilitei,Sector 2,Sector 2,București,Nord-Est,1
Staer 23,Staer 23,Intrarea Mecet,Sector 2,Sector 2,București,Nord-Est,1
Staer 23,Staer 23,Intrarea Odobesti,Sector 2,Sector 2,București,Nord-Est,1
Staer 23,Staer 23,Intrarea Precupetii Vechi,Sector 2,Sector 2,București,Nord-Est,1
Staer 23,Staer 23,Inului,Sector 2,Sector 2,București,Nord-Est,1
Staer 23,Staer 23,Ion Berindei 3,Sector 2,Sector 2,București,Nord-Est,1
Staer 23,Staer 23,Ion Heliade Radulescu,Sector 2,Sector 2,București,Nord-Est,1
Staer 23,Staer 23,Ion Polizu,Sector 2,Sector 2,București,Nord-Est,1
Staer 23,Staer 23,Jean Athanasiu,Sector 2,Sector 2,București,Nord-Est,1
Staer 23,Staer 23,Johann Strauss,Sector 2,Sector 2,București,Nord-Est,1
Staer 23,Staer 23,Judetul,Sector 2,Sector 2,București,Nord-Est,1
Staer 23,Staer 23,Judetului,Sector 2,Sector 2,București,Nord-Est,1
Staer 23,Staer 23,Lanternei,Sector 2,Sector 2,București,Nord-Est,1
Staer 23,Staer 23,Laptari Tei,Sector 2,Sector 2,București,Nord-Est,1
Staer 23,Staer 23,Laurentiu Claudian,Sector 2,Sector 2,București,Nord-Est,1
Staer 23,Staer 23,Leonida,Sector 2,Sector 2,București,Nord-Est,1
Staer 23,Staer 23,Locotenent Constantin Zlatescu,Sector 2,Sector 2,București,Nord-Est,1
Staer 23,Staer 23,Logofat Udriste,Sector 2,Sector 2,București,Nord-Est,1
Staer 23,Staer 23,Lt Bazican Ionescu,Sector 2,Sector 2,București,Nord-Est,1
Staer 23,Staer 23,Lt Victor Manu,Sector 2,Sector 2,București,Nord-Est,1
Staer 23,Staer 23,Luigi Galvani,Sector 2,Sector 2,București,Nord-Est,1
Staer 23,Staer 23,Luntrei,Sector 2,Sector 2,București,Nord-Est,1
Staer 23,Staer 23,Magura Vaii,Sector 2,Sector 2,București,Nord-Est,1
Staer 23,Staer 23,Maior Bacila,Sector 2,Sector 2,București,Nord-Est,1
Staer 23,Staer 23,Maior Bacila Vasile,Sector 2,Sector 2,București,Nord-Est,1
Staer 23,Staer 23,Maior Coravu,Sector 2,Sector 2,București,Nord-Est,1
Staer 23,Staer 23,Marcu Armasu,Sector 2,Sector 2,București,Nord-Est,1
Staer 23,Staer 23,Matasari,Sector 2,Sector 2,București,Nord-Est,1
Staer 23,Staer 23,Matei Voievod,Sector 2,Sector 2,București,Nord-Est,1
Staer 23,Staer 23,Medic Constantin Slatescu,Sector 2,Sector 2,București,Nord-Est,1
Staer 23,Staer 23,Mieilor,Sector 2,Sector 2,București,Nord-Est,1
Staer 23,Staer 23,Mogos Vornicul,Sector 2,Sector 2,București,Nord-Est,1
Staer 23,Staer 23,Moisil,Sector 2,Sector 2,București,Nord-Est,1
Staer 23,Staer 23,Nicolae Apostol,Sector 2,Sector 2,București,Nord-Est,1
Staer 23,Staer 23,Oborul Nou,Sector 2,Sector 2,București,Nord-Est,1
Staer 23,Staer 23,Opanez,Sector 2,Sector 2,București,Nord-Est,1
Staer 23,Staer 23,Otesan,Sector 2,Sector 2,București,Nord-Est,1
Staer 23,Staer 23,P.i. Ceaikovski,Sector 2,Sector 2,București,Nord-Est,1
Staer 23,Staer 23,Pasarani,Sector 2,Sector 2,București,Nord-Est,1
Staer 23,Staer 23,Pazon Marin,Sector 2,Sector 2,București,Nord-Est,1
Staer 23,Staer 23,Pescarilor,Sector 2,Sector 2,București,Nord-Est,1
Staer 23,Staer 23,Pictor Oscar Obedeanu,Sector 2,Sector 2,București,Nord-Est,1
Staer 23,Staer 23,Piotr ILICI Ceaikovski,Sector 2,Sector 2,București,Nord-Est,1
Staer 23,Staer 23,Poiana cu Aluni,Sector 2,Sector 2,București,Nord-Est,1
Staer 23,Staer 23,Popa Petre,Sector 2,Sector 2,București,Nord-Est,1
Staer 23,Staer 23,Portile de Fier,Sector 2,Sector 2,București,Nord-Est,1
Staer 23,Staer 23,Prudentei,Sector 2,Sector 2,București,Nord-Est,1
Staer 23,Staer 23,Rasnov,Sector 2,Sector 2,București,Nord-Est,1
Staer 23,Staer 23,Rauseni,Sector 2,Sector 2,București,Nord-Est,1
Staer 23,Staer 23,Renului,Sector 2,Sector 2,București,Nord-Est,1
Staer 23,Staer 23,Ritmului,Sector 2,Sector 2,București,Nord-Est,1
Staer 23,Staer 23,Ronda,Sector 2,Sector 2,București,Nord-Est,1
Staer 23,Staer 23,Ruschita,Sector 2,Sector 2,București,Nord-Est,1
Staer 23,Staer 23,Sanmedru12-14,Sector 2,Sector 2,București,Nord-Est,1
Staer 23,Staer 23,Scheiul de Jos,Sector 2,Sector 2,București,Nord-Est,1
Staer 23,Staer 23,Serg Nastase Pamfil,Sector 2,Sector 2,București,Nord-Est,1
Staer 23,Staer 23,Sf Spiridon,Sector 2,Sector 2,București,Nord-Est,1
Staer 23,Staer 23,Sfanta Treime,Sector 2,Sector 2,București,Nord-Est,1
Staer 23,Staer 23,Silvestru,Sector 2,Sector 2,București,Nord-Est,1
Staer 23,Staer 23,Simetriei,Sector 2,Sector 2,București,Nord-Est,1
Staer 23,Staer 23,Sipca,Sector 2,Sector 2,București,Nord-Est,1
Staer 23,Staer 23,Sld.lazar Florea,Sector 2,Sector 2,București,Nord-Est,1
Staer 23,Staer 23,Slt Cristescu Dima,Sector 2,Sector 2,București,Nord-Est,1
Staer 23,Staer 23,Sold Zambila Ionita,Sector 2,Sector 2,București,Nord-Est,1
Staer 23,Staer 23,Soldanului,Sector 2,Sector 2,București,Nord-Est,1
Staer 23,Staer 23,Spatarul Mihai,Sector 2,Sector 2,București,Nord-Est,1
Staer 23,Staer 23,Spinului,Sector 2,Sector 2,București,Nord-Est,1
Staer 23,Staer 23,Stefan Mihaileanu,Sector 2,Sector 2,București,Nord-Est,1
Staer 23,Staer 23,Stolnicul Vasile,Sector 2,Sector 2,București,Nord-Est,1
Staer 23,Staer 23,Stonicul Vasile,Sector 2,Sector 2,București,Nord-Est,1
Staer 23,Staer 23,Strada Aurel Vlaicu,Sector 2,Sector 2,București,Nord-Est,1
Staer 23,Staer 23,Strada Biserica Mărcuța,Sector 2,Sector 2,București,Nord-Est,1
Staer 23,Staer 23,Strada Calea Moșilor,Sector 2,Sector 2,București,Nord-Est,1
Staer 23,Staer 23,Strada Fabrica de Glucoză,Sector 2,Sector 2,București,Nord-Est,1
Staer 23,Staer 23,Strada Fantanica,Sector 2,Sector 2,București,Nord-Est,1
Staer 23,Staer 23,Strada Grigore C Moisil,Sector 2,Sector 2,București,Nord-Est,1
Staer 23,Staer 23,Strada Lt Petre Negulescu,Sector 2,Sector 2,București,Nord-Est,1
Staer 23,Staer 23,Strada Luminitei,Sector 2,Sector 2,București,Nord-Est,1
Staer 23,Staer 23,Strada Maior Atanasie Ionescu,Sector 2,Sector 2,București,Nord-Est,1
Staer 23,Staer 23,Strada Pancota,Sector 2,Sector 2,București,Nord-Est,1
Staer 23,Staer 23,Strada Pictor Ion Andreescu,Sector 2,Sector 2,București,Nord-Est,1
Staer 23,Staer 23,Strada Poiana cu Aluni,Sector 2,Sector 2,București,Nord-Est,1
Staer 23,Staer 23,Strada Vidin,Sector 2,Sector 2,București,Nord-Est,1
Staer 23,Staer 23,Strada Xandru cel Bun,Sector 2,Sector 2,București,Nord-Est,1
Staer 23,Staer 23,Sublt. Gheorghe Stanescu,Sector 2,Sector 2,București,Nord-Est,1
Staer 23,Staer 23,Șoseaua Eaua Pantelimon 256,Sector 2,Sector 2,București,Nord-Est,1
Staer 23,Staer 23,Șoseaua Pantelimon/citta Rezidence,Sector 2,Sector 2,București,Nord-Est,1
Staer 23,Staer 23,Șoseaua Pantelion,Sector 2,Sector 2,București,Nord-Est,1
Staer 23,Staer 23,Șoseaua Patelimon,Sector 2,Sector 2,București,Nord-Est,1
Staer 23,Staer 23,Șoseaua Vergukui,Sector 2,Sector 2,București,Nord-Est,1
Staer 23,Staer 23,Teleajen,Sector 2,Sector 2,București,Nord-Est,1
Staer 23,Staer 23,Tepes Voda,Sector 2,Sector 2,București,Nord-Est,1
Staer 23,Staer 23,Tugomir Voievod,Sector 2,Sector 2,București,Nord-Est,1
Staer 23,Staer 23,Tunari,Sector 2,Sector 2,București,Nord-Est,1
Staer 23,Staer 23,Tusnad,Sector 2,Sector 2,București,Nord-Est,1
Staer 23,Staer 23,U Basarabia,Sector 2,Sector 2,București,Nord-Est,1
Staer 23,Staer 23,Valea Magurei,Sector 2,Sector 2,București,Nord-Est,1
Staer 23,Staer 23,Vaporul lui Asan,Sector 2,Sector 2,București,Nord-Est,1
Staer 23,Staer 23,Vasile Conta,Sector 2,Sector 2,București,Nord-Est,1
Staer 23,Staer 23,Vergului,Sector 2,Sector 2,București,Nord-Est,1
Staer 23,Staer 23,Victor Manu,Sector 2,Sector 2,București,Nord-Est,1
Staer 23,Staer 23,Vidiu,Sector 2,Sector 2,București,Nord-Est,1
Staer 23,Staer 23,Visinilorm,Sector 2,Sector 2,București,Nord-Est,1
Staer 23,Staer 23,Vladislav Voevod,Sector 2,Sector 2,București,Nord-Est,1
Staer 23,Staer 23,Vrancioaia,Sector 2,Sector 2,București,Nord-Est,1
Staer 23,Staer 23,Vulcanei,Sector 2,Sector 2,București,Nord-Est,1
Staer 23,Staer 23,Aea Calarasi,Sector 3,Sector 3,București,Est,1
Staer 23,Staer 23,Agata Barsescu,Sector 3,Sector 3,București,Est,1
Staer 23,Staer 23,Agatha Barsescu,Sector 3,Sector 3,București,Est,1
Staer 23,Staer 23,Al Grigorescu,Sector 3,Sector 3,București,Est,1
Staer 23,Staer 23,Al.barajul Cucuteni,Sector 3,Sector 3,București,Est,1
Staer 23,Staer 23,Al.rm.valcea,Sector 3,Sector 3,București,Est,1
Staer 23,Staer 23,Aleea Calnau,Sector 3,Sector 3,București,Est,1
Staer 23,Staer 23,Aleea Calnau (ilioara 11),Sector 3,Sector 3,București,Est,1
Staer 23,Staer 23,Aleea Dragos Mladinovici,Sector 3,Sector 3,București,Est,1
Staer 23,Staer 23,Aleea Ea Baraju Bicaz,Sector 3,Sector 3,București,Est,1
Staer 23,Staer 23,Aleea Ea Barajul cu Cuteni,Sector 3,Sector 3,București,Est,1
Staer 23,Staer 23,Aleea Ea Blajel,Sector 3,Sector 3,București,Est,1
Staer 23,Staer 23,Aleea Ea Calistrat Hogas,Sector 3,Sector 3,București,Est,1
Staer 23,Staer 23,Aleea Ea Epubetrei,Sector 3,Sector 3,București,Est,1
Staer 23,Staer 23,Aleea Ea Ilia,Sector 3,Sector 3,București,Est,1
Staer 23,Staer 23,Aleea Ea In Agarbiceanu,Sector 3,Sector 3,București,Est,1
Staer 23,Staer 23,Aleea Ea Lipanesti,Sector 3,Sector 3,București,Est,1
Staer 23,Staer 23,Aleea Ea Manastirea Gabia,Sector 3,Sector 3,București,Est,1
Staer 23,Staer 23,Aleea Ea Mosistea,Sector 3,Sector 3,București,Est,1
Staer 23,Staer 23,Aleea Ea Poet Dimitrie Anghel,Sector 3,Sector 3,București,Est,1
Staer 23,Staer 23,Aleea Ea Popstavarul,Sector 3,Sector 3,București,Est,1
Staer 23,Staer 23,Aleea Ea Postavaru,Sector 3,Sector 3,București,Est,1
Staer 23,Staer 23,Aleea Ea Sld.adrian Carstea,Sector 3,Sector 3,București,Est,1
Staer 23,Staer 23,Aleea Ea Tandala,Sector 3,Sector 3,București,Est,1
Staer 23,Staer 23,Aleea Ea Tandala- Veris Residence 2,Sector 3,Sector 3,București,Est,1
Staer 23,Staer 23,Aleea Ea Varfu cu Dor,Sector 3,Sector 3,București,Est,1
Staer 23,Staer 23,Aleea Emanoil Buteica,Sector 3,Sector 3,București,Est,1
Staer 23,Staer 23,Aleea Emanuel Buteica,Sector 3,Sector 3,București,Est,1
Staer 23,Staer 23,Aleea Emil Bota,Sector 3,Sector 3,București,Est,1
Staer 23,Staer 23,Aleea Fruntas Tudor Constantin,Sector 3,Sector 3,București,Est,1
Staer 23,Staer 23,Aleea Gura Calnaului,Sector 3,Sector 3,București,Est,1
Staer 23,Staer 23,Aleea Iosif Hodos,Sector 3,Sector 3,București,Est,1
Staer 23,Staer 23,Aleea Leorda,Sector 3,Sector 3,București,Est,1
Staer 23,Staer 23,Aleea Mariu Emanoil Buteica,Sector 3,Sector 3,București,Est,1
Staer 23,Staer 23,Aleea Onisifor Ghibu,Sector 3,Sector 3,București,Est,1
Staer 23,Staer 23,Aleea Padurea Craiului,Sector 3,Sector 3,București,Est,1
Staer 23,Staer 23,Aleea Patulului,Sector 3,Sector 3,București,Est,1
Staer 23,Staer 23,Aleea Prisor,Sector 3,Sector 3,București,Est,1
Staer 23,Staer 23,Aleea Tornaadei,Sector 3,Sector 3,București,Est,1
Staer 23,Staer 23,Allea Mostistea,Sector 3,Sector 3,București,Est,1
Staer 23,Staer 23,Andrei Barseanu,Sector 3,Sector 3,București,Est,1
Staer 23,Staer 23,Anton Pan,Sector 3,Sector 3,București,Est,1
Staer 23,Staer 23,Arcusului,Sector 3,Sector 3,București,Est,1
Staer 23,Staer 23,Armenis,Sector 3,Sector 3,București,Est,1
Staer 23,Staer 23,Aron Cotrusnur,Sector 3,Sector 3,București,Est,1
Staer 23,Staer 23,Baia de Arama,Sector 3,Sector 3,București,Est,1
Staer 23,Staer 23,Balta Albina,Sector 3,Sector 3,București,Est,1
Staer 23,Staer 23,Becateti,Sector 3,Sector 3,București,Est,1
Staer 23,Staer 23,Berechet,Sector 3,Sector 3,București,Est,1
Staer 23,Staer 23,Bogdan Gheorghe Tudor,Sector 3,Sector 3,București,Est,1
Staer 23,Staer 23,Bonca Marin,Sector 3,Sector 3,București,Est,1
Staer 23,Staer 23,Bonea Marin,Sector 3,Sector 3,București,Est,1
Staer 23,Staer 23,Bramnicu Sarat,Sector 3,Sector 3,București,Est,1
Staer 23,Staer 23,Brancusi Constantin,Sector 3,Sector 3,București,Est,1
Staer 23,Staer 23,Brandusilor,Sector 3,Sector 3,București,Est,1
Staer 23,Staer 23,Bratariu,Sector 3,Sector 3,București,Est,1
Staer 23,Staer 23,"Bulevardul Cam,il Ressu",Sector 3,Sector 3,București,Est,1
Staer 23,Staer 23,Bulevardul Cami Ressu,Sector 3,Sector 3,București,Est,1
Staer 23,Staer 23,Bulevardul Camil Resu,Sector 3,Sector 3,București,Est,1
Staer 23,Staer 23,Bulevardul Coposu,Sector 3,Sector 3,București,Est,1
Staer 23,Staer 23,Bulevardul I. C. Brătianu,Sector 3,Sector 3,București,Est,1
Staer 23,Staer 23,Bulevardul IC Bratianu,Sector 3,Sector 3,București,Est,1
Staer 23,Staer 23,Bulevardul Nicolae Grigoresacu,Sector 3,Sector 3,București,Est,1
Staer 23,Staer 23,Bulevardul Ramnicul Sarat,Sector 3,Sector 3,București,Est,1
Staer 23,Staer 23,Bulevardul Ramnicusarat,Sector 3,Sector 3,București,Est,1
Staer 23,Staer 23,Bulevardul Splaiu Uniri,Sector 3,Sector 3,București,Est,1
Staer 23,Staer 23,Bulevardul Teodor Paladi,Sector 3,Sector 3,București,Est,1
Staer 23,Staer 23,Bulevardul Th Pallady,Sector 3,Sector 3,București,Est,1
Staer 23,Staer 23,Bulevardul Theodor Palladi,Sector 3,Sector 3,București,Est,1
Staer 23,Staer 23,Bv. Unirii,Sector 3,Sector 3,București,Est,1
Staer 23,Staer 23,Bv.ramnicu Sarat,Sector 3,Sector 3,București,Est,1
Staer 23,Staer 23,Bvd 1 Decembrie 1918,Sector 3,Sector 3,București,Est,1
Staer 23,Staer 23,Calea Ea Giulesti,Sector 3,Sector 3,București,Est,1
Staer 23,Staer 23,Calea Ea Mosilor,Sector 3,Sector 3,București,Est,1
Staer 23,Staer 23,Calea Ea Viran 199,Sector 3,Sector 3,București,Est,1
Staer 23,Staer 23,Calea Văcărești,Sector 3,Sector 3,București,Est,1
Staer 23,Staer 23,Camill Ressu,Sector 3,Sector 3,București,Est,1
Staer 23,Staer 23,Campia Libertati,Sector 3,Sector 3,București,Est,1
Staer 23,Staer 23,Campineanca,Sector 3,Sector 3,București,Est,1
Staer 23,Staer 23,Capitan Nicolae Licaret,Sector 3,Sector 3,București,Est,1
Staer 23,Staer 23,Cazangiilor,Sector 3,Sector 3,București,Est,1
Staer 23,Staer 23,Cercelus,Sector 3,Sector 3,București,Est,1
Staer 23,Staer 23,Chiciurei,Sector 3,Sector 3,București,Est,1
Staer 23,Staer 23,Ciucean,Sector 3,Sector 3,București,Est,1
Staer 23,Staer 23,Constantin Brancus,Sector 3,Sector 3,București,Est,1
Staer 23,Staer 23,Corneliu Coposu,Sector 3,Sector 3,București,Est,1
Staer 23,Staer 23,Crivatului,Sector 3,Sector 3,București,Est,1
Staer 23,Staer 23,Ctin Brancusi,Sector 3,Sector 3,București,Est,1
Staer 23,Staer 23,Dem Gh Teodorescu,Sector 3,Sector 3,București,Est,1
Staer 23,Staer 23,Depozitului,Sector 3,Sector 3,București,Est,1
Staer 23,Staer 23,Digilentei,Sector 3,Sector 3,București,Est,1
Staer 23,Staer 23,Dimitrie Anghel,Sector 3,Sector 3,București,Est,1
Staer 23,Staer 23,Doamna Chiajna,Sector 3,Sector 3,București,Est,1
Staer 23,Staer 23,Dr Gura Ariesului,Sector 3,Sector 3,București,Est,1
Staer 23,Staer 23,Dr Gura Calitei,Sector 3,Sector 3,București,Est,1
Staer 23,Staer 23,Dr.malul Rosu,Sector 3,Sector 3,București,Est,1
Staer 23,Staer 23,Drumul Fagetului,Sector 3,Sector 3,București,Est,1
Staer 23,Staer 23,Drumul Garlitei,Sector 3,Sector 3,București,Est,1
Staer 23,Staer 23,Drumul Ghura Siriului,Sector 3,Sector 3,București,Est,1
Staer 23,Staer 23,Drumul Gura Aeriesului,Sector 3,Sector 3,București,Est,1
Staer 23,Staer 23,Drumul Gura Ariesului 18-28,Sector 3,Sector 3,București,Est,1
Staer 23,Staer 23,Drumul Gura Calitei Lot 17,Sector 3,Sector 3,București,Est,1
Staer 23,Staer 23,Drumul Gura Caliteti,Sector 3,Sector 3,București,Est,1
Staer 23,Staer 23,Drumul Gura Calmatului,Sector 3,Sector 3,București,Est,1
Staer 23,Staer 23,Drumul Gura Putenei,Sector 3,Sector 3,București,Est,1
Staer 23,Staer 23,Drumul Gura Sirului,Sector 3,Sector 3,București,Est,1
Staer 23,Staer 23,Drumul Între Tarlale,Sector 3,Sector 3,București,Est,1
Staer 23,Staer 23,Drumul Lunca Jaristeii,Sector 3,Sector 3,București,Est,1
Staer 23,Staer 23,Drumul Lunca Jasitei,Sector 3,Sector 3,București,Est,1
Staer 23,Staer 23,Drumul Lunca Marcusului,Sector 3,Sector 3,București,Est,1
Staer 23,Staer 23,Drumul Malu Rosu,Sector 3,Sector 3,București,Est,1
Staer 23,Staer 23,Drumul Mugurului,Sector 3,Sector 3,București,Est,1
Staer 23,Staer 23,Drumul Murgului,Sector 3,Sector 3,București,Est,1
Staer 23,Staer 23,Drumul Putnei,Sector 3,Sector 3,București,Est,1
Staer 23,Staer 23,Drumul Satenilor,Sector 3,Sector 3,București,Est,1
Staer 23,Staer 23,Dumbrava Rosie,Sector 3,Sector 3,București,Est,1
Staer 23,Staer 23,Eagului,Sector 3,Sector 3,București,Est,1
Staer 23,Staer 23,Econimiei,Sector 3,Sector 3,București,Est,1
Staer 23,Staer 23,Economiei,Sector 3,Sector 3,București,Est,1
Staer 23,Staer 23,Eea Calarasilor,Sector 3,Sector 3,București,Est,1
Staer 23,Staer 23,Elev Stefan Stefanescu,Sector 3,Sector 3,București,Est,1
Staer 23,Staer 23,Emanoil Butega,Sector 3,Sector 3,București,Est,1
Staer 23,Staer 23,Emanoil Buteica Aleea,Sector 3,Sector 3,București,Est,1
Staer 23,Staer 23,Etului,Sector 3,Sector 3,București,Est,1
Staer 23,Staer 23,Eugeniu Carada,Sector 3,Sector 3,București,Est,1
Staer 23,Staer 23,Everest,Sector 3,Sector 3,București,Est,1
Staer 23,Staer 23,Feteesti,Sector 3,Sector 3,București,Est,1
Staer 23,Staer 23,Ghe Petrascu,Sector 3,Sector 3,București,Est,1
Staer 23,Staer 23,Gheorghe Bogdan Tudor,Sector 3,Sector 3,București,Est,1
Staer 23,Staer 23,Gheorghe Tatarescu,Sector 3,Sector 3,București,Est,1
Staer 23,Staer 23,Gheorghe Tattarescu,Sector 3,Sector 3,București,Est,1
Staer 23,Staer 23,Gura Solcii,Sector 3,Sector 3,București,Est,1
Staer 23,Staer 23,Int Badeni,Sector 3,Sector 3,București,Est,1
Staer 23,Staer 23,Int Horbotei,Sector 3,Sector 3,București,Est,1
Staer 23,Staer 23,Int Ion Ciopleanu,Sector 3,Sector 3,București,Est,1
Staer 23,Staer 23,Int Muncii,Sector 3,Sector 3,București,Est,1
Staer 23,Staer 23,Int Parului,Sector 3,Sector 3,București,Est,1
Staer 23,Staer 23,Intarea Barsei,Sector 3,Sector 3,București,Est,1
Staer 23,Staer 23,Intrarea Area Garii Catelu,Sector 3,Sector 3,București,Est,1
Staer 23,Staer 23,Intrarea Area Lianei,Sector 3,Sector 3,București,Est,1
Staer 23,Staer 23,Intrarea Area Patinoarului,Sector 3,Sector 3,București,Est,1
Staer 23,Staer 23,Intrarea Area Sectorului,Sector 3,Sector 3,București,Est,1
Staer 23,Staer 23,Intrarea Area Vaslei,Sector 3,Sector 3,București,Est,1
Staer 23,Staer 23,Intrarea Parfumului,Sector 3,Sector 3,București,Est,1
Staer 23,Staer 23,Ionescu D Petre,Sector 3,Sector 3,București,Est,1
Staer 23,Staer 23,Irisului,Sector 3,Sector 3,București,Est,1
Staer 23,Staer 23,Jan Stekiadi,Sector 3,Sector 3,București,Est,1
Staer 23,Staer 23,Jan Steriadi,Sector 3,Sector 3,București,Est,1
Staer 23,Staer 23,Lalelelor,Sector 3,Sector 3,București,Est,1
Staer 23,Staer 23,Lct Aurel Botea,Sector 3,Sector 3,București,Est,1
Staer 23,Staer 23,Levantica,Sector 3,Sector 3,București,Est,1
Staer 23,Staer 23,Levanticai,Sector 3,Sector 3,București,Est,1
Staer 23,Staer 23,Loc Nicolae Pascu,Sector 3,Sector 3,București,Est,1
Staer 23,Staer 23,Logofat Tautu,Sector 3,Sector 3,București,Est,1
Staer 23,Staer 23,Logofat Udriste,Sector 3,Sector 3,București,Est,1
Staer 23,Staer 23,Lt Alexandru Popescu,Sector 3,Sector 3,București,Est,1
Staer 23,Staer 23,Lt Petre Lazarescu,Sector 3,Sector 3,București,Est,1
Staer 23,Staer 23,Lucretiu Patrascan,Sector 3,Sector 3,București,Est,1
Staer 23,Staer 23,M Bravu,Sector 3,Sector 3,București,Est,1
Staer 23,Staer 23,Malul cu Flori,Sector 3,Sector 3,București,Est,1
Staer 23,Staer 23,Mariucanr,Sector 3,Sector 3,București,Est,1
Staer 23,Staer 23,Marius Emanuel Buteica,Sector 3,Sector 3,București,Est,1
Staer 23,Staer 23,Matache Dobrescu,Sector 3,Sector 3,București,Est,1
Staer 23,Staer 23,Maximilian Poper,Sector 3,Sector 3,București,Est,1
Staer 23,Staer 23,Mesterul Manole,Sector 3,Sector 3,București,Est,1
Staer 23,Staer 23,Mihai Bravu 90-96,Sector 3,Sector 3,București,Est,1
Staer 23,Staer 23,Mihai Bravu- Pct Reper Profi,Sector 3,Sector 3,București,Est,1
Staer 23,Staer 23,Mircea Badescu,Sector 3,Sector 3,București,Est,1
Staer 23,Staer 23,Muresana,Sector 3,Sector 3,București,Est,1
Staer 23,Staer 23,NECUNOSCUTĂ,Sector 3,Sector 3,București,Est,1
Staer 23,Staer 23,Nicolae Licaret,Sector 3,Sector 3,București,Est,1
Staer 23,Staer 23,Nicolae Pascu,Sector 3,Sector 3,București,Est,1
Staer 23,Staer 23,Nicolae Sebe,Sector 3,Sector 3,București,Est,1
Staer 23,Staer 23,Nita Elinescu,Sector 3,Sector 3,București,Est,1
Staer 23,Staer 23,Paladdy,Sector 3,Sector 3,București,Est,1
Staer 23,Staer 23,Pallady,Sector 3,Sector 3,București,Est,1
Staer 23,Staer 23,Paunesti,Sector 3,Sector 3,București,Est,1
Staer 23,Staer 23,Peles,Sector 3,Sector 3,București,Est,1
Staer 23,Staer 23,Pelinului,Sector 3,Sector 3,București,Est,1
Staer 23,Staer 23,Penes Curcanu,Sector 3,Sector 3,București,Est,1
Staer 23,Staer 23,Petre Ionescu,Sector 3,Sector 3,București,Est,1
Staer 23,Staer 23,Piata Natiunile Unite,Sector 3,Sector 3,București,Est,1
Staer 23,Staer 23,Pictor Ghe Petrascu,Sector 3,Sector 3,București,Est,1
Staer 23,Staer 23,Pictor Victor Br,Sector 3,Sector 3,București,Est,1
Staer 23,Staer 23,Pictor Victor Brauner,Sector 3,Sector 3,București,Est,1
Staer 23,Staer 23,Plt Mj Marin Pazon,Sector 3,Sector 3,București,Est,1
Staer 23,Staer 23,Pltmaj Marin Pazon,Sector 3,Sector 3,București,Est,1
Staer 23,Staer 23,Plutonier Nedelcu Ion,Sector 3,Sector 3,București,Est,1
Staer 23,Staer 23,Plutonier Petre Ionescu,Sector 3,Sector 3,București,Est,1
Staer 23,Staer 23,Poet Panait Cerna,Sector 3,Sector 3,București,Est,1
Staer 23,Staer 23,Popa Nan,Sector 3,Sector 3,București,Est,1
Staer 23,Staer 23,Postalionului,Sector 3,Sector 3,București,Est,1
Staer 23,Staer 23,Prevedirii,Sector 3,Sector 3,București,Est,1
Staer 23,Staer 23,Prieteniei,Sector 3,Sector 3,București,Est,1
Staer 23,Staer 23,Prisca Dornei,Sector 3,Sector 3,București,Est,1
Staer 23,Staer 23,Radu Calomfirescu,Sector 3,Sector 3,București,Est,1
Staer 23,Staer 23,Ramnicu Sarat 31,Sector 3,Sector 3,București,Est,1
Staer 23,Staer 23,Rauseni,Sector 3,Sector 3,București,Est,1
Staer 23,Staer 23,Sf.vineri,Sector 3,Sector 3,București,Est,1
Staer 23,Staer 23,Sg Dumitru Pene,Sector 3,Sector 3,București,Est,1
Staer 23,Staer 23,Sg Pene Dumitru,Sector 3,Sector 3,București,Est,1
Staer 23,Staer 23,Sld. Grigore Iancu,Sector 3,Sector 3,București,Est,1
Staer 23,Staer 23,Sld.niculae T.sebe,Sector 3,Sector 3,București,Est,1
Staer 23,Staer 23,Soldat Ghita Serban,Sector 3,Sector 3,București,Est,1
Staer 23,Staer 23,Soldat Marin Nicolae,Sector 3,Sector 3,București,Est,1
Staer 23,Staer 23,Soldat Nicolae Sb,Sector 3,Sector 3,București,Est,1
Staer 23,Staer 23,Soldat Nicolae Sebe,Sector 3,Sector 3,București,Est,1
Staer 23,Staer 23,Soldat Niculae Sebe,Sector 3,Sector 3,București,Est,1
Staer 23,Staer 23,Soldat Niculae T Sebe,Sector 3,Sector 3,București,Est,1
Staer 23,Staer 23,Soldat Popa Florea,Sector 3,Sector 3,București,Est,1
Staer 23,Staer 23,Soldat Stelian Mihale,Sector 3,Sector 3,București,Est,1
Staer 23,Staer 23,Srg Bonea Marin,Sector 3,Sector 3,București,Est,1
Staer 23,Staer 23,Stefan Nicolau,Sector 3,Sector 3,București,Est,1
Staer 23,Staer 23,Stelian Mihale,Sector 3,Sector 3,București,Est,1
Staer 23,Staer 23,Stiubei,Sector 3,Sector 3,București,Est,1
Staer 23,Staer 23,Strada Ada Bogdan Ghoerghe Tudor,Sector 3,Sector 3,București,Est,1
Staer 23,Staer 23,Strada Agricultori,Sector 3,Sector 3,București,Est,1
Staer 23,Staer 23,Strada Copaceni,Sector 3,Sector 3,București,Est,1
Staer 23,Staer 23,Strada Fetești,Sector 3,Sector 3,București,Est,1
Staer 23,Staer 23,Strada Iancu Brezeanu,Sector 3,Sector 3,București,Est,1
Staer 23,Staer 23,Strada Ileana Cosânzeana,Sector 3,Sector 3,București,Est,1
Staer 23,Staer 23,Strada Jean Steriade,Sector 3,Sector 3,București,Est,1
Staer 23,Staer 23,Strada Lemnisorului,Sector 3,Sector 3,București,Est,1
Staer 23,Staer 23,Strada Tufănica,Sector 3,Sector 3,București,Est,1
Staer 23,Staer 23,Șoseaua Pantelimon,Sector 3,Sector 3,București,Est,1
Staer 23,Staer 23,Ticusi,Sector 3,Sector 3,București,Est,1
Staer 23,Staer 23,Tina Petre,Sector 3,Sector 3,București,Est,1
Staer 23,Staer 23,Transport 60 Lei,Sector 3,Sector 3,București,Est,1
Staer 23,Staer 23,Trilului,Sector 3,Sector 3,București,Est,1
Staer 23,Staer 23,Troscotului,Sector 3,Sector 3,București,Est,1
Staer 23,Staer 23,Tudor George Bogdan,Sector 3,Sector 3,București,Est,1
Staer 23,Staer 23,U Gura Ariesului,Sector 3,Sector 3,București,Est,1
Staer 23,Staer 23,U Gura Garlitei,Sector 3,Sector 3,București,Est,1
Staer 23,Staer 23,U Malu Rosu,Sector 3,Sector 3,București,Est,1
Staer 23,Staer 23,Uil Gura Calitei,Sector 3,Sector 3,București,Est,1
Staer 23,Staer 23,Ul Gura Putnei,Sector 3,Sector 3,București,Est,1
Staer 23,Staer 23,Ul Nicolae Grigorescu,Sector 3,Sector 3,București,Est,1
Staer 23,Staer 23,Unirii,Sector 3,Sector 3,București,Est,1
Staer 23,Staer 23,Unitatii,Sector 3,Sector 3,București,Est,1
Staer 23,Staer 23,Vailor,Sector 3,Sector 3,București,Est,1
Staer 23,Staer 23,Valea Buzaului,Sector 3,Sector 3,București,Est,1
Staer 23,Staer 23,Valea Buzaunlui,Sector 3,Sector 3,București,Est,1
Staer 23,Staer 23,Valea Mieilor,Sector 3,Sector 3,București,Est,1
Staer 23,Staer 23,Vasanesti,Sector 3,Sector 3,București,Est,1
Staer 23,Staer 23,Vasile Voiculescu,Sector 3,Sector 3,București,Est,1
Staer 23,Staer 23,Victor Braunaer,Sector 3,Sector 3,București,Est,1
Staer 23,Staer 23,Victor Brawner,Sector 3,Sector 3,București,Est,1
Staer 23,Staer 23,Victor Browner,Sector 3,Sector 3,București,Est,1
Staer 23,Staer 23,Viseul de Sus,Sector 3,Sector 3,București,Est,1
Staer 23,Staer 23,Vlad Dracu,Sector 3,Sector 3,București,Est,1
Staer 23,Staer 23,Voevod Alexandru Moruzzi,Sector 3,Sector 3,București,Est,1
Staer 23,Staer 23,Voiosiei,Sector 3,Sector 3,București,Est,1
Staer 23,Staer 23,Vulcan Judetu,Sector 3,Sector 3,București,Est,1
Staer 23,Staer 23,Vulcan Judetul,Sector 3,Sector 3,București,Est,1
Staer 23,Staer 23,Vulturilor,Sector 3,Sector 3,București,Est,1
Staer 23,Staer 23,X,Sector 3,Sector 3,București,Est,1
Staer 23,Staer 23,X Vlahuta,Sector 3,Sector 3,București,Est,1
Staer 23,Staer 23,Xander Von Humboldt,Sector 3,Sector 3,București,Est,1
Staer 23,Staer 23,Xandru Papiu Ilarian,Sector 3,Sector 3,București,Est,1
Staer 23,Staer 23,4,Sector 4,Sector 4,București,Sud,1
Staer 23,Staer 23,56jilavei,Sector 4,Sector 4,București,Sud,1
Staer 23,Staer 23,Aa Covasna,Sector 4,Sector 4,București,Sud,1
Staer 23,Staer 23,Al Somesul Cald,Sector 4,Sector 4,București,Sud,1
Staer 23,Staer 23,Al. Cetatea Veche,Sector 4,Sector 4,București,Sud,1
Staer 23,Staer 23,Al. Raul Sadului,Sector 4,Sector 4,București,Sud,1
Staer 23,Staer 23,Al.aliorului,Sector 4,Sector 4,București,Sud,1
Staer 23,Staer 23,Al.leorda,Sector 4,Sector 4,București,Sud,1
Staer 23,Staer 23,Al.sld.barbu Nicolae,Sector 4,Sector 4,București,Sud,1
Staer 23,Staer 23,Aleea Barbu Ch Nicolae Sold,Sector 4,Sector 4,București,Sud,1
Staer 23,Staer 23,Aleea Covansa,Sector 4,Sector 4,București,Sud,1
Staer 23,Staer 23,Aleea Ea Borcea,Sector 4,Sector 4,București,Sud,1
Staer 23,Staer 23,Aleea Ea Istru,Sector 4,Sector 4,București,Sud,1
Staer 23,Staer 23,Aleea Ea Liorului,Sector 4,Sector 4,București,Sud,1
Staer 23,Staer 23,Aleea Ea Marius Emanoil Buteica,Sector 4,Sector 4,București,Sud,1
Staer 23,Staer 23,Aleea Ea Moldovita,Sector 4,Sector 4,București,Sud,1
Staer 23,Staer 23,Aleea Ea Scolarilor,Sector 4,Sector 4,București,Sud,1
Staer 23,Staer 23,Aleea Ea Somesului,Sector 4,Sector 4,București,Sud,1
Staer 23,Staer 23,Aleea Ea Urucu Adrian Dan,Sector 4,Sector 4,București,Sud,1
Staer 23,Staer 23,Aleea Ea Vacaresti,Sector 4,Sector 4,București,Sud,1
Staer 23,Staer 23,Aleea Ornamnentului,Sector 4,Sector 4,București,Sud,1
Staer 23,Staer 23,Aleea Pantelimon,Sector 4,Sector 4,București,Sud,1
Staer 23,Staer 23,Aleea Sg.maj.victor Popescu,Sector 4,Sector 4,București,Sud,1
Staer 23,Staer 23,Aleea Simesul MIC,Sector 4,Sector 4,București,Sud,1
Staer 23,Staer 23,Aleea Soldat Barbu Nicolae,Sector 4,Sector 4,București,Sud,1
Staer 23,Staer 23,Aleea Stl. Dragos Mladinovici,Sector 4,Sector 4,București,Sud,1
Staer 23,Staer 23,Aleea Tohani,Sector 4,Sector 4,București,Sud,1
Staer 23,Staer 23,Allea Calinesti,Sector 4,Sector 4,București,Sud,1
Staer 23,Staer 23,Almasul MIC,Sector 4,Sector 4,București,Sud,1
Staer 23,Staer 23,Alpinesti,Sector 4,Sector 4,București,Sud,1
Staer 23,Staer 23,Anghel Moldovanu,Sector 4,Sector 4,București,Sud,1
Staer 23,Staer 23,Antom Bacalbasa,Sector 4,Sector 4,București,Sud,1
Staer 23,Staer 23,Anton Balcalbasa,Sector 4,Sector 4,București,Sud,1
Staer 23,Staer 23,Anton Colorian,Sector 4,Sector 4,București,Sud,1
Staer 23,Staer 23,Armasu Mare,Sector 4,Sector 4,București,Sud,1
Staer 23,Staer 23,Autrel Persu,Sector 4,Sector 4,București,Sud,1
Staer 23,Staer 23,Bacalbasa Anton,Sector 4,Sector 4,București,Sud,1
Staer 23,Staer 23,Balea,Sector 4,Sector 4,București,Sud,1
Staer 23,Staer 23,Bardului,Sector 4,Sector 4,București,Sud,1
Staer 23,Staer 23,Bibescu Voda,Sector 4,Sector 4,București,Sud,1
Staer 23,Staer 23,Biruinte,Sector 4,Sector 4,București,Sud,1
Staer 23,Staer 23,Bogdan Gheorghe Tudor,Sector 4,Sector 4,București,Sud,1
Staer 23,Staer 23,Bordesti,Sector 4,Sector 4,București,Sud,1
Staer 23,Staer 23,Bracoveanu,Sector 4,Sector 4,București,Sud,1
Staer 23,Staer 23,Brailita,Sector 4,Sector 4,București,Sud,1
Staer 23,Staer 23,Brumul Postalionului,Sector 4,Sector 4,București,Sud,1
Staer 23,Staer 23,Bulevardul A Obregia,Sector 4,Sector 4,București,Sud,1
Staer 23,Staer 23,Bulevardul B;d. Comstantin Brancoveanu,Sector 4,Sector 4,București,Sud,1
Staer 23,Staer 23,Bulevardul Cantemir,Sector 4,Sector 4,București,Sud,1
Staer 23,Staer 23,Bulevardul Constantin Bracoveanu,Sector 4,Sector 4,București,Sud,1
Staer 23,Staer 23,Bulevardul Constantin Brnacoveanu,Sector 4,Sector 4,București,Sud,1
Staer 23,Staer 23,Bulevardul Marasesti,Sector 4,Sector 4,București,Sud,1
Staer 23,Staer 23,Bulevardul Matalurgiei,Sector 4,Sector 4,București,Sud,1
Staer 23,Staer 23,Bulevardul Metalorgiei,Sector 4,Sector 4,București,Sud,1
Staer 23,Staer 23,Bulevardul Metalurgiei - Cartierul Solar,Sector 4,Sector 4,București,Sud,1
Staer 23,Staer 23,Bulevardul Metalurgii,Sector 4,Sector 4,București,Sud,1
Staer 23,Staer 23,Bulevardul Metralurgiei,Sector 4,Sector 4,București,Sud,1
Staer 23,Staer 23,Bv. Metalurgiei,Sector 4,Sector 4,București,Sud,1
Staer 23,Staer 23,Bv.libertatii,Sector 4,Sector 4,București,Sud,1
Staer 23,Staer 23,C-Nti Brancoveanu,Sector 4,Sector 4,București,Sud,1
Staer 23,Staer 23,Calea Ea Piscului,Sector 4,Sector 4,București,Sud,1
Staer 23,Staer 23,Calea Ea Resita D,Sector 4,Sector 4,București,Sud,1
Staer 23,Staer 23,Calea Ea Stefan Voda,Sector 4,Sector 4,București,Sud,1
Staer 23,Staer 23,Calea Ea Vacarasti,Sector 4,Sector 4,București,Sud,1
Staer 23,Staer 23,Cap Constantin Vasilescu,Sector 4,Sector 4,București,Sud,1
Staer 23,Staer 23,Capitan Grigore Marin,Sector 4,Sector 4,București,Sud,1
Staer 23,Staer 23,Caporal Gh Ion,Sector 4,Sector 4,București,Sud,1
Staer 23,Staer 23,Caporal Grogore Marin,Sector 4,Sector 4,București,Sud,1
Staer 23,Staer 23,Caramidari de Jos,Sector 4,Sector 4,București,Sud,1
Staer 23,Staer 23,Cararuia,Sector 4,Sector 4,București,Sud,1
Staer 23,Staer 23,Cararuii,Sector 4,Sector 4,București,Sud,1
Staer 23,Staer 23,Carteier Solar Bld Metalurgiei,Sector 4,Sector 4,București,Sud,1
Staer 23,Staer 23,Cechina,Sector 4,Sector 4,București,Sud,1
Staer 23,Staer 23,Cetatea Poenari,Sector 4,Sector 4,București,Sud,1
Staer 23,Staer 23,Ceteatea Veche,Sector 4,Sector 4,București,Sud,1
Staer 23,Staer 23,Cheiul Dambovitei,Sector 4,Sector 4,București,Sud,1
Staer 23,Staer 23,Chiperesti,Sector 4,Sector 4,București,Sud,1
Staer 23,Staer 23,Ciochina,Sector 4,Sector 4,București,Sud,1
Staer 23,Staer 23,Cons.brancoveanu,Sector 4,Sector 4,București,Sud,1
Staer 23,Staer 23,Const Radulescu Motru,Sector 4,Sector 4,București,Sud,1
Staer 23,Staer 23,Constamtin Brancoveanu,Sector 4,Sector 4,București,Sud,1
Staer 23,Staer 23,Constantin Radulescu Motru,Sector 4,Sector 4,București,Sud,1
Staer 23,Staer 23,Constrantin Radulescu Motru,Sector 4,Sector 4,București,Sud,1
Staer 23,Staer 23,Danubiu,Sector 4,Sector 4,București,Sud,1
Staer 23,Staer 23,Dealu Drumu Alunis,Sector 4,Sector 4,București,Sud,1
Staer 23,Staer 23,Dealul Drumul Babei,Sector 4,Sector 4,București,Sud,1
Staer 23,Staer 23,Dealul Mare,Sector 4,Sector 4,București,Sud,1
Staer 23,Staer 23,Delhauti,Sector 4,Sector 4,București,Sud,1
Staer 23,Staer 23,Dimitre Cantemir,Sector 4,Sector 4,București,Sud,1
Staer 23,Staer 23,Doctor Constantin Istrati,Sector 4,Sector 4,București,Sud,1
Staer 23,Staer 23,Dr Dealul Alunis,Sector 4,Sector 4,București,Sud,1
Staer 23,Staer 23,Dr Dealul Bradului,Sector 4,Sector 4,București,Sud,1
Staer 23,Staer 23,Dr Jilavei,Sector 4,Sector 4,București,Sud,1
Staer 23,Staer 23,Drtumul Dealu Bradului,Sector 4,Sector 4,București,Sud,1
Staer 23,Staer 23,Drumul Babii,Sector 4,Sector 4,București,Sud,1
Staer 23,Staer 23,Drumul Binelui (complex Galaxy ),Sector 4,Sector 4,București,Sud,1
Staer 23,Staer 23,Drumul Binelui 45-47,Sector 4,Sector 4,București,Sud,1
Staer 23,Staer 23,Drumul Binelui Profi Drumul Jilavei,Sector 4,Sector 4,București,Sud,1
Staer 23,Staer 23,Drumul Binelui(joy Rezident ),Sector 4,Sector 4,București,Sud,1
Staer 23,Staer 23,Drumul Binelui(viva Parc Metalurgiei),Sector 4,Sector 4,București,Sud,1
Staer 23,Staer 23,Drumul Bnelui,Sector 4,Sector 4,București,Sud,1
Staer 23,Staer 23,Drumul Cucului,Sector 4,Sector 4,București,Sud,1
Staer 23,Staer 23,Drumul Dalu Babii,Sector 4,Sector 4,București,Sud,1
Staer 23,Staer 23,Drumul Dealul Bistrii,Sector 4,Sector 4,București,Sud,1
Staer 23,Staer 23,Drumul Dealul Corbului,Sector 4,Sector 4,București,Sud,1
Staer 23,Staer 23,Drumul Dealul Crisului,Sector 4,Sector 4,București,Sud,1
Staer 23,Staer 23,Drumul Fagetului,Sector 4,Sector 4,București,Sud,1
Staer 23,Staer 23,Drumul Garlitei,Sector 4,Sector 4,București,Sud,1
Staer 23,Staer 23,Drumul Gura Caliței,Sector 4,Sector 4,București,Sud,1
Staer 23,Staer 23,Drumul Jiilavei,Sector 4,Sector 4,București,Sud,1
Staer 23,Staer 23,Drumul Jilavei- Venus Residence 2,Sector 4,Sector 4,București,Sud,1
Staer 23,Staer 23,Drumul Jilavei(complex Kristal),Sector 4,Sector 4,București,Sud,1
Staer 23,Staer 23,Drumul Jilvai,Sector 4,Sector 4,București,Sud,1
Staer 23,Staer 23,Drumul Julavei,Sector 4,Sector 4,București,Sud,1
Staer 23,Staer 23,Drumul P:ostalionului,Sector 4,Sector 4,București,Sud,1
Staer 23,Staer 23,Drumul Ul Binelui,Sector 4,Sector 4,București,Sud,1
Staer 23,Staer 23,Druumul Jilavei,Sector 4,Sector 4,București,Sud,1
Staer 23,Staer 23,Dumbravesti,Sector 4,Sector 4,București,Sud,1
Staer 23,Staer 23,Dumitru Brumareascu,Sector 4,Sector 4,București,Sud,1
Staer 23,Staer 23,Dumitru Lataretu Sergent,Sector 4,Sector 4,București,Sud,1
Staer 23,Staer 23,Dumul Jilavei,Sector 4,Sector 4,București,Sud,1
Staer 23,Staer 23,Ea Radulescu,Sector 4,Sector 4,București,Sud,1
Staer 23,Staer 23,Evidentiatilor,Sector 4,Sector 4,București,Sud,1
Staer 23,Staer 23,Fratii Fagarasanu,Sector 4,Sector 4,București,Sud,1
Staer 23,Staer 23,Frumisani,Sector 4,Sector 4,București,Sud,1
Staer 23,Staer 23,Frumul Jilavei,Sector 4,Sector 4,București,Sud,1
Staer 23,Staer 23,Fruntas Marinescu Nicolae,Sector 4,Sector 4,București,Sud,1
Staer 23,Staer 23,Ftumusani,Sector 4,Sector 4,București,Sud,1
Staer 23,Staer 23,George,Sector 4,Sector 4,București,Sud,1
Staer 23,Staer 23,George Bacovia,Sector 4,Sector 4,București,Sud,1
Staer 23,Staer 23,Gheorghe Condurache,Sector 4,Sector 4,București,Sud,1
Staer 23,Staer 23,Gheorghe Ionescu,Sector 4,Sector 4,București,Sud,1
Staer 23,Staer 23,Gheorghe Vasilescu,Sector 4,Sector 4,București,Sud,1
Staer 23,Staer 23,Ghimbati,Sector 4,Sector 4,București,Sud,1
Staer 23,Staer 23,Ghinpati,Sector 4,Sector 4,București,Sud,1
Staer 23,Staer 23,Giovani Boccaccio,Sector 4,Sector 4,București,Sud,1
Staer 23,Staer 23,Giovanni Boccaccio,Sector 4,Sector 4,București,Sud,1
Staer 23,Staer 23,Gradinarilor,Sector 4,Sector 4,București,Sud,1
Staer 23,Staer 23,Gramont,Sector 4,Sector 4,București,Sud,1
Staer 23,Staer 23,Grigore Marin Caporal,Sector 4,Sector 4,București,Sud,1
Staer 23,Staer 23,Grigore Musceleanu,Sector 4,Sector 4,București,Sud,1
Staer 23,Staer 23,Grigore Voda,Sector 4,Sector 4,București,Sud,1
Staer 23,Staer 23,Hartegana,Sector 4,Sector 4,București,Sud,1
Staer 23,Staer 23,Huedin 7,Sector 4,Sector 4,București,Sud,1
Staer 23,Staer 23,Iancu Cojescu,Sector 4,Sector 4,București,Sud,1
Staer 23,Staer 23,Imparatu Traian,Sector 4,Sector 4,București,Sud,1
Staer 23,Staer 23,Inginer Stefan Hepites,Sector 4,Sector 4,București,Sud,1
Staer 23,Staer 23,Int Actiunii,Sector 4,Sector 4,București,Sud,1
Staer 23,Staer 23,Int Adierii,Sector 4,Sector 4,București,Sud,1
Staer 23,Staer 23,Int Baltisoara,Sector 4,Sector 4,București,Sud,1
Staer 23,Staer 23,Int Barsei,Sector 4,Sector 4,București,Sud,1
Staer 23,Staer 23,Int Crisul Alb,Sector 4,Sector 4,București,Sud,1
Staer 23,Staer 23,Int Crisului,Sector 4,Sector 4,București,Sud,1
Staer 23,Staer 23,Int Drumul Binelui,Sector 4,Sector 4,București,Sud,1
Staer 23,Staer 23,Int Fagetelu,Sector 4,Sector 4,București,Sud,1
Staer 23,Staer 23,Int Targu Frumos,Sector 4,Sector 4,București,Sud,1
Staer 23,Staer 23,Intarea Orastie,Sector 4,Sector 4,București,Sud,1
Staer 23,Staer 23,Intarea Targu Frumos,Sector 4,Sector 4,București,Sud,1
Staer 23,Staer 23,Intersectie Baldana cu Iancu Cojescu,Sector 4,Sector 4,București,Sud,1
Staer 23,Staer 23,Intrarea Adierii,Sector 4,Sector 4,București,Sud,1
Staer 23,Staer 23,Intrarea Area Cascioarelor,Sector 4,Sector 4,București,Sud,1
Staer 23,Staer 23,Intrarea Area Ciurului,Sector 4,Sector 4,București,Sud,1
Staer 23,Staer 23,Intrarea Area Deciu,Sector 4,Sector 4,București,Sud,1
Staer 23,Staer 23,Intrarea Area Digului,Sector 4,Sector 4,București,Sud,1
Staer 23,Staer 23,Intrarea Area Fabulri,Sector 4,Sector 4,București,Sud,1
Staer 23,Staer 23,Intrarea Area Poganesti,Sector 4,Sector 4,București,Sud,1
Staer 23,Staer 23,Intrarea Area Ulmeni,Sector 4,Sector 4,București,Sud,1
Staer 23,Staer 23,Intrarea Baltisoara,Sector 4,Sector 4,București,Sud,1
Staer 23,Staer 23,Intrarea Humulesti,Sector 4,Sector 4,București,Sud,1
Staer 23,Staer 23,Intrarea Naruja,Sector 4,Sector 4,București,Sud,1
Staer 23,Staer 23,Intrarea Scropoasa,Sector 4,Sector 4,București,Sud,1
Staer 23,Staer 23,Ioescu Gheorghe,Sector 4,Sector 4,București,Sud,1
Staer 23,Staer 23,Ion Iliceanu,Sector 4,Sector 4,București,Sud,1
Staer 23,Staer 23,Ion Iriceanu,Sector 4,Sector 4,București,Sud,1
Staer 23,Staer 23,Ion Nedeleanu,Sector 4,Sector 4,București,Sud,1
Staer 23,Staer 23,Iordache Nastase,Sector 4,Sector 4,București,Sud,1
Staer 23,Staer 23,Iriceanu,Sector 4,Sector 4,București,Sud,1
Staer 23,Staer 23,Izv Crisului,Sector 4,Sector 4,București,Sud,1
Staer 23,Staer 23,Jepilor,Sector 4,Sector 4,București,Sud,1
Staer 23,Staer 23,Jepilor (langa Scoala 308),Sector 4,Sector 4,București,Sud,1
Staer 23,Staer 23,Joita,Sector 4,Sector 4,București,Sud,1
Staer 23,Staer 23,Justitiei,Sector 4,Sector 4,București,Sud,1
Staer 23,Staer 23,L Binelui,Sector 4,Sector 4,București,Sud,1
Staer 23,Staer 23,L.metalurgiei,Sector 4,Sector 4,București,Sud,1
Staer 23,Staer 23,La Motesti,Sector 4,Sector 4,București,Sud,1
Staer 23,Staer 23,Luica 37,Sector 4,Sector 4,București,Sud,1
Staer 23,Staer 23,Mantuleasa,Sector 4,Sector 4,București,Sud,1
Staer 23,Staer 23,Marin Grigore,Sector 4,Sector 4,București,Sud,1
Staer 23,Staer 23,Metalurgiei 92-94,Sector 4,Sector 4,București,Sud,1
Staer 23,Staer 23,Mitropolit Filaret,Sector 4,Sector 4,București,Sud,1
Staer 23,Staer 23,Nicolae Belerciu,Sector 4,Sector 4,București,Sud,1
Staer 23,Staer 23,Nicolae Florescu,Sector 4,Sector 4,București,Sud,1
Staer 23,Staer 23,Nul Binelui,Sector 4,Sector 4,București,Sud,1
Staer 23,Staer 23,Nutu Vasile,Sector 4,Sector 4,București,Sud,1
Staer 23,Staer 23,Obolului,Sector 4,Sector 4,București,Sud,1
Staer 23,Staer 23,Octavian,Sector 4,Sector 4,București,Sud,1
Staer 23,Staer 23,Odei 82,Sector 4,Sector 4,București,Sud,1
Staer 23,Staer 23,Orastiei,Sector 4,Sector 4,București,Sud,1
Staer 23,Staer 23,Oravita,Sector 4,Sector 4,București,Sud,1
Staer 23,Staer 23,Padesul,Sector 4,Sector 4,București,Sud,1
Staer 23,Staer 23,Padesului,Sector 4,Sector 4,București,Sud,1
Staer 23,Staer 23,Papiu Ilarian,Sector 4,Sector 4,București,Sud,1
Staer 23,Staer 23,Pasnselelor,Sector 4,Sector 4,București,Sud,1
Staer 23,Staer 23,Paturoiu,Sector 4,Sector 4,București,Sud,1
Staer 23,Staer 23,Penelului,Sector 4,Sector 4,București,Sud,1
Staer 23,Staer 23,Perilor,Sector 4,Sector 4,București,Sud,1
Staer 23,Staer 23,Persu Aurel,Sector 4,Sector 4,București,Sud,1
Staer 23,Staer 23,Piata Natiunile Unite,Sector 4,Sector 4,București,Sud,1
Staer 23,Staer 23,Picovul Dulce,Sector 4,Sector 4,București,Sud,1
Staer 23,Staer 23,Pictor St Dimitrescu,Sector 4,Sector 4,București,Sud,1
Staer 23,Staer 23,Plutonier Maj. Marin Pazon,Sector 4,Sector 4,București,Sud,1
Staer 23,Staer 23,Poenaru Bordea,Sector 4,Sector 4,București,Sud,1
Staer 23,Staer 23,Poiana Florilor,Sector 4,Sector 4,București,Sud,1
Staer 23,Staer 23,Postasului,Sector 4,Sector 4,București,Sud,1
Staer 23,Staer 23,Principatele Unite,Sector 4,Sector 4,București,Sud,1
Staer 23,Staer 23,Radu Tempea,Sector 4,Sector 4,București,Sud,1
Staer 23,Staer 23,Radu Voda,Sector 4,Sector 4,București,Sud,1
Staer 23,Staer 23,Radulescu Motru,Sector 4,Sector 4,București,Sud,1
Staer 23,Staer 23,Rau Mara,Sector 4,Sector 4,București,Sud,1
Staer 23,Staer 23,Rauseni,Sector 4,Sector 4,București,Sud,1
Staer 23,Staer 23,Rediu,Sector 4,Sector 4,București,Sud,1
Staer 23,Staer 23,Resitei,Sector 4,Sector 4,București,Sud,1
Staer 23,Staer 23,Rimnicu Sarat,Sector 4,Sector 4,București,Sud,1
Staer 23,Staer 23,Runcu,Sector 4,Sector 4,București,Sud,1
Staer 23,Staer 23,Salcetului,Sector 4,Sector 4,București,Sud,1
Staer 23,Staer 23,Scumpiei,Sector 4,Sector 4,București,Sud,1
Staer 23,Staer 23,Seaua Giurgiului,Sector 4,Sector 4,București,Sud,1
Staer 23,Staer 23,Serg David Ilie,Sector 4,Sector 4,București,Sud,1
Staer 23,Staer 23,Serg Tache Gheorghe,Sector 4,Sector 4,București,Sud,1
Staer 23,Staer 23,Serg.ilie David,Sector 4,Sector 4,București,Sud,1
Staer 23,Staer 23,Serg.ion Iriceanu,Sector 4,Sector 4,București,Sud,1
Staer 23,Staer 23,Serg.maj.samoila Dumitru,Sector 4,Sector 4,București,Sud,1
Staer 23,Staer 23,Sergent Ion Iriceanu,Sector 4,Sector 4,București,Sud,1
Staer 23,Staer 23,Sergent Iricianu Ion,Sector 4,Sector 4,București,Sud,1
Staer 23,Staer 23,Serget Ion Iriceanu,Sector 4,Sector 4,București,Sud,1
Staer 23,Staer 23,Sg Avram Petcu,Sector 4,Sector 4,București,Sud,1
Staer 23,Staer 23,Sg David Ilie,Sector 4,Sector 4,București,Sud,1
Staer 23,Staer 23,Sg Maior Dumitru Samoila,Sector 4,Sector 4,București,Sud,1
Staer 23,Staer 23,"Sg, Gheorghe Tache",Sector 4,Sector 4,București,Sud,1
Staer 23,Staer 23,Sg. Ion Iriceanu,Sector 4,Sector 4,București,Sud,1
Staer 23,Staer 23,Simigiului,Sector 4,Sector 4,București,Sud,1
Staer 23,Staer 23,Sistematizarii,Sector 4,Sector 4,București,Sud,1
Staer 23,Staer 23,Sld Ionescu Florea,Sector 4,Sector 4,București,Sud,1
Staer 23,Staer 23,Sld Nicolae Belerciu,Sector 4,Sector 4,București,Sud,1
Staer 23,Staer 23,Sld Stelian N Mihalache,Sector 4,Sector 4,București,Sud,1
Staer 23,Staer 23,Slt Erou Gheorghe Ionescu,Sector 4,Sector 4,București,Sud,1
Staer 23,Staer 23,Slt Ionescu Gheorghe,Sector 4,Sector 4,București,Sud,1
Staer 23,Staer 23,Sold Enache Ion,Sector 4,Sector 4,București,Sud,1
Staer 23,Staer 23,Sold Tudor Tatu,Sector 4,Sector 4,București,Sud,1
Staer 23,Staer 23,Soldat Dumitru Minca,Sector 4,Sector 4,București,Sud,1
Staer 23,Staer 23,Soldat Minca Dumitru,Sector 4,Sector 4,București,Sud,1
Staer 23,Staer 23,Soldatului,Sector 4,Sector 4,București,Sud,1
Staer 23,Staer 23,Spatar Preda Buzescu,Sector 4,Sector 4,București,Sud,1
Staer 23,Staer 23,Spineni,Sector 4,Sector 4,București,Sud,1
Staer 23,Staer 23,Splaiul Aiul Idependentei,Sector 4,Sector 4,București,Sud,1
Staer 23,Staer 23,Srg Nicolae Florescu,Sector 4,Sector 4,București,Sud,1
Staer 23,Staer 23,Stamate Costache,Sector 4,Sector 4,București,Sud,1
Staer 23,Staer 23,Stanei,Sector 4,Sector 4,București,Sud,1
Staer 23,Staer 23,Stefan Hetites,Sector 4,Sector 4,București,Sud,1
Staer 23,Staer 23,Strada Ada Baltita 23,Sector 4,Sector 4,București,Sud,1
Staer 23,Staer 23,Strada Ada Binelui,Sector 4,Sector 4,București,Sud,1
Staer 23,Staer 23,Strada Ada Constantin Brancoveanu,Sector 4,Sector 4,București,Sud,1
Staer 23,Staer 23,Strada Ada Postalionuluii,Sector 4,Sector 4,București,Sud,1
Staer 23,Staer 23,Strada Căminului,Sector 4,Sector 4,București,Sud,1
Staer 23,Staer 23,Strada Cornești,Sector 4,Sector 4,București,Sud,1
Staer 23,Staer 23,Strada Drumul Bilelui,Sector 4,Sector 4,București,Sud,1
Staer 23,Staer 23,Strada Gazelei,Sector 4,Sector 4,București,Sud,1
Staer 23,Staer 23,Strada George Georgescu,Sector 4,Sector 4,București,Sud,1
Staer 23,Staer 23,Strada Luminoasa,Sector 4,Sector 4,București,Sud,1
Staer 23,Staer 23,Strada Moldovița,Sector 4,Sector 4,București,Sud,1
Staer 23,Staer 23,Strada Peneș Curcanul,Sector 4,Sector 4,București,Sud,1
Staer 23,Staer 23,Strada Petre Ispirescu,Sector 4,Sector 4,București,Sud,1
Staer 23,Staer 23,Strada Picturii,Sector 4,Sector 4,București,Sud,1
Staer 23,Staer 23,Strada Poștalionului,Sector 4,Sector 4,București,Sud,1
Staer 23,Staer 23,Strada Scorusului,Sector 4,Sector 4,București,Sud,1
Staer 23,Staer 23,Strada Secuilor,Sector 4,Sector 4,București,Sud,1
Staer 23,Staer 23,Strada Serg.florescu Nicolae,Sector 4,Sector 4,București,Sud,1
Staer 23,Staer 23,Strada Stupilor,Sector 4,Sector 4,București,Sud,1
Staer 23,Staer 23,Stupiilor,Sector 4,Sector 4,București,Sud,1
Staer 23,Staer 23,Șoseaua Giurgiuui,Sector 4,Sector 4,București,Sud,1
Staer 23,Staer 23,Șoseaua Oltenietei,Sector 4,Sector 4,București,Sud,1
Staer 23,Staer 23,Șoseaua Oltenirei,Sector 4,Sector 4,București,Sud,1
Staer 23,Staer 23,Șoseaua Oltenita,Sector 4,Sector 4,București,Sud,1
Staer 23,Staer 23,Șoseaua Oltetitei,Sector 4,Sector 4,București,Sud,1
Staer 23,Staer 23,Timus Nicolae,Sector 4,Sector 4,București,Sud,1
Staer 23,Staer 23,Tristiana,Sector 4,Sector 4,București,Sud,1
Staer 23,Staer 23,Trivale,Sector 4,Sector 4,București,Sud,1
Staer 23,Staer 23,Trotusului,Sector 4,Sector 4,București,Sud,1
Staer 23,Staer 23,Tudor Gorgiu,Sector 4,Sector 4,București,Sud,1
Staer 23,Staer 23,Turnu - Magurele 2- 10,Sector 4,Sector 4,București,Sud,1
Staer 23,Staer 23,U Alexandru Obregia,Sector 4,Sector 4,București,Sud,1
Staer 23,Staer 23,U Dealu Ferului,Sector 4,Sector 4,București,Sud,1
Staer 23,Staer 23,U Dealul Alunis,Sector 4,Sector 4,București,Sud,1
Staer 23,Staer 23,U Jilavei,Sector 4,Sector 4,București,Sud,1
Staer 23,Staer 23,U Metalurgiei,Sector 4,Sector 4,București,Sud,1
Staer 23,Staer 23,Ul Dealu Babii,Sector 4,Sector 4,București,Sud,1
Staer 23,Staer 23,Ul Dealul Babii,Sector 4,Sector 4,București,Sud,1
Staer 23,Staer 23,Ul Gura Ariesului,Sector 4,Sector 4,București,Sud,1
Staer 23,Staer 23,Ul Jilavei,Sector 4,Sector 4,București,Sud,1
Staer 23,Staer 23,V,Sector 4,Sector 4,București,Sud,1
Staer 23,Staer 23,Vacaresti,Sector 4,Sector 4,București,Sud,1
Staer 23,Staer 23,Verzisor,Sector 4,Sector 4,București,Sud,1
Staer 23,Staer 23,Verzisori - Soho Unirii,Sector 4,Sector 4,București,Sud,1
Staer 23,Staer 23,Verzisorilor,Sector 4,Sector 4,București,Sud,1
Staer 23,Staer 23,Vitan Brazesti,Sector 4,Sector 4,București,Sud,1
Staer 23,Staer 23,Vitejescu,Sector 4,Sector 4,București,Sud,1
Staer 23,Staer 23,Voila T=80 Lei,Sector 4,Sector 4,București,Sud,1
Staer 23,Staer 23,Vuetului,Sector 4,Sector 4,București,Sud,1
Staer 23,Staer 23,Vulcanesti,Sector 4,Sector 4,București,Sud,1
Staer 23,Staer 23,Vulturei,Sector 4,Sector 4,București,Sud,1
Staer 23,Staer 23,Vultureni,Sector 4,Sector 4,București,Sud,1
Staer 23,Staer 23,Wea Calinesti,Sector 4,Sector 4,București,Sud,1
Staer 23,Staer 23,Xandru Balasanu,Sector 4,Sector 4,București,Sud,1
Staer 23,Staer 23,Zanoaga,Sector 4,Sector 4,București,Sud,1
Staer 23,Staer 23,Zarnesti,Sector 4,Sector 4,București,Sud,1
Staer 23,Staer 23,Aleea Ea Botoran,Sector 5,Sector 5,București,Sud-Vest,1
Staer 23,Staer 23,Aleea Ea Botorani,Sector 5,Sector 5,București,Sud-Vest,1
Staer 23,Staer 23,Aleea Ea Podul Girgiului,Sector 5,Sector 5,București,Sud-Vest,1
Staer 23,Staer 23,Aleea Ea Salaj 5,Sector 5,Sector 5,București,Sud-Vest,1
Staer 23,Staer 23,Aleea Imasului,Sector 5,Sector 5,București,Sud-Vest,1
Staer 23,Staer 23,Aleea Leresti,Sector 5,Sector 5,București,Sud-Vest,1
Staer 23,Staer 23,Aleea Posada,Sector 5,Sector 5,București,Sud-Vest,1
Staer 23,Staer 23,Aleea Resita,Sector 5,Sector 5,București,Sud-Vest,1
Staer 23,Staer 23,Altoiului,Sector 5,Sector 5,București,Sud-Vest,1
Staer 23,Staer 23,Anghel Nutu,Sector 5,Sector 5,București,Sud-Vest,1
Staer 23,Staer 23,Aramesti,Sector 5,Sector 5,București,Sud-Vest,1
Staer 23,Staer 23,Aramesti 8,Sector 5,Sector 5,București,Sud-Vest,1
Staer 23,Staer 23,Balomir,Sector 5,Sector 5,București,Sud-Vest,1
Staer 23,Staer 23,Bulevardul Națiunile Unite,Sector 5,Sector 5,București,Sud-Vest,1
Staer 23,Staer 23,Bulevardul Prof.dr.gh.marinescu,Sector 5,Sector 5,București,Sud-Vest,1
Staer 23,Staer 23,Bulevardul Regina Elisabeta,Sector 5,Sector 5,București,Sud-Vest,1
Staer 23,Staer 23,Busuiocului,Sector 5,Sector 5,București,Sud-Vest,1
Staer 23,Staer 23,Campenesti,Sector 5,Sector 5,București,Sud-Vest,1
Staer 23,Staer 23,Capitan Garbea Ion,Sector 5,Sector 5,București,Sud-Vest,1
Staer 23,Staer 23,Caporal Gheorghe N Dragut,Sector 5,Sector 5,București,Sud-Vest,1
Staer 23,Staer 23,Caporal Ilina,Sector 5,Sector 5,București,Sud-Vest,1
Staer 23,Staer 23,Caporal Ivan Anghelache,Sector 5,Sector 5,București,Sud-Vest,1
Staer 23,Staer 23,Caporal Preda,Sector 5,Sector 5,București,Sud-Vest,1
Staer 23,Staer 23,Carol Davila,Sector 5,Sector 5,București,Sud-Vest,1
Staer 23,Staer 23,Central Adress Residence,Sector 5,Sector 5,București,Sud-Vest,1
Staer 23,Staer 23,Cobadin,Sector 5,Sector 5,București,Sud-Vest,1
Staer 23,Staer 23,Constantin Manescu,Sector 5,Sector 5,București,Sud-Vest,1
Staer 23,Staer 23,Constantin Musat,Sector 5,Sector 5,București,Sud-Vest,1
Staer 23,Staer 23,Constantin Radulesc -Motru,Sector 5,Sector 5,București,Sud-Vest,1
Staer 23,Staer 23,Cooperativei,Sector 5,Sector 5,București,Sud-Vest,1
Staer 23,Staer 23,Craisorului,Sector 5,Sector 5,București,Sud-Vest,1
Staer 23,Staer 23,Cupidon,Sector 5,Sector 5,București,Sud-Vest,1
Staer 23,Staer 23,Daicareanu,Sector 5,Sector 5,București,Sud-Vest,1
Staer 23,Staer 23,Daljesti,Sector 5,Sector 5,București,Sud-Vest,1
Staer 23,Staer 23,Dealul Cotmeana,Sector 5,Sector 5,București,Sud-Vest,1
Staer 23,Staer 23,Dimitrie Grecescu,Sector 5,Sector 5,București,Sud-Vest,1
Staer 23,Staer 23,Doctor Grigore Romiceanu,Sector 5,Sector 5,București,Sud-Vest,1
Staer 23,Staer 23,Dorneasca,Sector 5,Sector 5,București,Sud-Vest,1
Staer 23,Staer 23,Dr Constantin Istrate,Sector 5,Sector 5,București,Sud-Vest,1
Staer 23,Staer 23,Dragan Nicolae,Sector 5,Sector 5,București,Sud-Vest,1
Staer 23,Staer 23,Drumul Floarea de Colt,Sector 5,Sector 5,București,Sud-Vest,1
Staer 23,Staer 23,Dumitru Botez,Sector 5,Sector 5,București,Sud-Vest,1
Staer 23,Staer 23,Echinoctiului,Sector 5,Sector 5,București,Sud-Vest,1
Staer 23,Staer 23,Elev Popovici-Nicolae,Sector 5,Sector 5,București,Sud-Vest,1
Staer 23,Staer 23,Ene Modoran,Sector 5,Sector 5,București,Sud-Vest,1
Staer 23,Staer 23,Erie Eroul,Sector 5,Sector 5,București,Sud-Vest,1
Staer 23,Staer 23,Eroul Tatar Petre,Sector 5,Sector 5,București,Sud-Vest,1
Staer 23,Staer 23,Ferentari,Sector 5,Sector 5,București,Sud-Vest,1
Staer 23,Staer 23,Franarului,Sector 5,Sector 5,București,Sud-Vest,1
Staer 23,Staer 23,Gheorghe Halmageanu,Sector 5,Sector 5,București,Sud-Vest,1
Staer 23,Staer 23,Gherghina,Sector 5,Sector 5,București,Sud-Vest,1
Staer 23,Staer 23,Ghimpati,Sector 5,Sector 5,București,Sud-Vest,1
Staer 23,Staer 23,Grindu,Sector 5,Sector 5,București,Sud-Vest,1
Staer 23,Staer 23,Iacobeni,Sector 5,Sector 5,București,Sud-Vest,1
Staer 23,Staer 23,Iliana Cosanzeana,Sector 5,Sector 5,București,Sud-Vest,1
Staer 23,Staer 23,Ing D.tacu,Sector 5,Sector 5,București,Sud-Vest,1
Staer 23,Staer 23,Ing Teodor Dragu,Sector 5,Sector 5,București,Sud-Vest,1
Staer 23,Staer 23,Ing Theodor Dragu,Sector 5,Sector 5,București,Sud-Vest,1
Staer 23,Staer 23,Int Pasunilor,Sector 5,Sector 5,București,Sud-Vest,1
Staer 23,Staer 23,Int Stefan Voda,Sector 5,Sector 5,București,Sud-Vest,1
Staer 23,Staer 23,Int.humulesti,Sector 5,Sector 5,București,Sud-Vest,1
Staer 23,Staer 23,Intrarea Area Ciolpani,Sector 5,Sector 5,București,Sud-Vest,1
Staer 23,Staer 23,Intrarea Area Rastu Lacul,Sector 5,Sector 5,București,Sud-Vest,1
Staer 23,Staer 23,Intrarea Area Vrabiei,Sector 5,Sector 5,București,Sud-Vest,1
Staer 23,Staer 23,Intrarea Ogradei,Sector 5,Sector 5,București,Sud-Vest,1
Staer 23,Staer 23,Intrarea Turceni,Sector 5,Sector 5,București,Sud-Vest,1
Staer 23,Staer 23,Ion Brezoianu,Sector 5,Sector 5,București,Sud-Vest,1
Staer 23,Staer 23,Ion Cornea,Sector 5,Sector 5,București,Sud-Vest,1
Staer 23,Staer 23,Lucernei,Sector 5,Sector 5,București,Sud-Vest,1
Staer 23,Staer 23,Magurei,Sector 5,Sector 5,București,Sud-Vest,1
Staer 23,Staer 23,Marin Constantin,Sector 5,Sector 5,București,Sud-Vest,1
Staer 23,Staer 23,Modoran Ene,Sector 5,Sector 5,București,Sud-Vest,1
Staer 23,Staer 23,Moruzestilor,Sector 5,Sector 5,București,Sud-Vest,1
Staer 23,Staer 23,Munti Carpati,Sector 5,Sector 5,București,Sud-Vest,1
Staer 23,Staer 23,Muntii Caroati,Sector 5,Sector 5,București,Sud-Vest,1
Staer 23,Staer 23,Musatinilor,Sector 5,Sector 5,București,Sud-Vest,1
Staer 23,Staer 23,Nae Popa,Sector 5,Sector 5,București,Sud-Vest,1
Staer 23,Staer 23,Nandru,Sector 5,Sector 5,București,Sud-Vest,1
Staer 23,Staer 23,Navalnicului,Sector 5,Sector 5,București,Sud-Vest,1
Staer 23,Staer 23,Nd Cocea,Sector 5,Sector 5,București,Sud-Vest,1
Staer 23,Staer 23,Nedeia,Sector 5,Sector 5,București,Sud-Vest,1
Staer 23,Staer 23,Nutu Ion,Sector 5,Sector 5,București,Sud-Vest,1
Staer 23,Staer 23,Odihnei,Sector 5,Sector 5,București,Sud-Vest,1
Staer 23,Staer 23,Ogrezeni,Sector 5,Sector 5,București,Sud-Vest,1
Staer 23,Staer 23,Panerului,Sector 5,Sector 5,București,Sud-Vest,1
Staer 23,Staer 23,Pastravilor,Sector 5,Sector 5,București,Sud-Vest,1
Staer 23,Staer 23,Peleaga,Sector 5,Sector 5,București,Sud-Vest,1
Staer 23,Staer 23,Persicani,Sector 5,Sector 5,București,Sud-Vest,1
Staer 23,Staer 23,Piata Neamt,Sector 5,Sector 5,București,Sud-Vest,1
Staer 23,Staer 23,Piatra Neamt,Sector 5,Sector 5,București,Sud-Vest,1
Staer 23,Staer 23,Platinei,Sector 5,Sector 5,București,Sud-Vest,1
Staer 23,Staer 23,Podu Giurgiului,Sector 5,Sector 5,București,Sud-Vest,1
Staer 23,Staer 23,Popa Nae,Sector 5,Sector 5,București,Sud-Vest,1
Staer 23,Staer 23,Prelungirea Ungirea Ferentari,Sector 5,Sector 5,București,Sud-Vest,1
Staer 23,Staer 23,Progresukui,Sector 5,Sector 5,București,Sud-Vest,1
Staer 23,Staer 23,Prundeni,Sector 5,Sector 5,București,Sud-Vest,1
Staer 23,Staer 23,Radarului,Sector 5,Sector 5,București,Sud-Vest,1
Staer 23,Staer 23,Sabielor,Sector 5,Sector 5,București,Sud-Vest,1
Staer 23,Staer 23,Samoil Vulcan,Sector 5,Sector 5,București,Sud-Vest,1
Staer 23,Staer 23,Sapientei,Sector 5,Sector 5,București,Sud-Vest,1
Staer 23,Staer 23,Sarul Dornei,Sector 5,Sector 5,București,Sud-Vest,1
Staer 23,Staer 23,Scarlat Otulescu,Sector 5,Sector 5,București,Sud-Vest,1
Staer 23,Staer 23,Scoartei,Sector 5,Sector 5,București,Sud-Vest,1
Staer 23,Staer 23,Serg.serban Manea,Sector 5,Sector 5,București,Sud-Vest,1
Staer 23,Staer 23,Sergent Dumitru Tablan,Sector 5,Sector 5,București,Sud-Vest,1
Staer 23,Staer 23,Sfantul Elefterie,Sector 5,Sector 5,București,Sud-Vest,1
Staer 23,Staer 23,Sg Dumitru Tablan,Sector 5,Sector 5,București,Sud-Vest,1
Staer 23,Staer 23,Sld Ene Modoran,Sector 5,Sector 5,București,Sud-Vest,1
Staer 23,Staer 23,Sld.croitoru Vasile,Sector 5,Sector 5,București,Sud-Vest,1
Staer 23,Staer 23,Sld.modoran Ene,Sector 5,Sector 5,București,Sud-Vest,1
Staer 23,Staer 23,Sold Tunsu Petre,Sector 5,Sector 5,București,Sud-Vest,1
Staer 23,Staer 23,Soldat Croitoru,Sector 5,Sector 5,București,Sud-Vest,1
Staer 23,Staer 23,Soldat Croitoru Vasile,Sector 5,Sector 5,București,Sud-Vest,1
Staer 23,Staer 23,Soldat Modoran Ene,Sector 5,Sector 5,București,Sud-Vest,1
Staer 23,Staer 23,Stana de Vale,Sector 5,Sector 5,București,Sud-Vest,1
Staer 23,Staer 23,Stefan-Voda,Sector 5,Sector 5,București,Sud-Vest,1
Staer 23,Staer 23,Strada Ileana Cosânzeana,Sector 5,Sector 5,București,Sud-Vest,1
Staer 23,Staer 23,Strada Maior Vasile Bacila,Sector 5,Sector 5,București,Sud-Vest,1
Staer 23,Staer 23,Strada Sergent Major Ion Nedeleanu,Sector 5,Sector 5,București,Sud-Vest,1
Staer 23,Staer 23,Strada Sold. Ion Cândea,Sector 5,Sector 5,București,Sud-Vest,1
Staer 23,Staer 23,Suhaia,Sector 5,Sector 5,București,Sud-Vest,1
Staer 23,Staer 23,Suranesti,Sector 5,Sector 5,București,Sud-Vest,1
Staer 23,Staer 23,Surlei,Sector 5,Sector 5,București,Sud-Vest,1
Staer 23,Staer 23,Șoseaua Alexandria,Sector 5,Sector 5,București,Sud-Vest,1
Staer 23,Staer 23,Șoseaua Alexandriei,Sector 5,Sector 5,București,Sud-Vest,1
Staer 23,Staer 23,Șoseaua Eaua Alexandria 7,Sector 5,Sector 5,București,Sud-Vest,1
Staer 23,Staer 23,Tapsanului,Sector 5,Sector 5,București,Sud-Vest,1
Staer 23,Staer 23,Teodor Dragu,Sector 5,Sector 5,București,Sud-Vest,1
Staer 23,Staer 23,Teodor Dragu Ing,Sector 5,Sector 5,București,Sud-Vest,1
Staer 23,Staer 23,Tepelus,Sector 5,Sector 5,București,Sud-Vest,1
Staer 23,Staer 23,Topolnita,Sector 5,Sector 5,București,Sud-Vest,1
Staer 23,Staer 23,Tutunari,Sector 5,Sector 5,București,Sud-Vest,1
Staer 23,Staer 23,Uranus,Sector 5,Sector 5,București,Sud-Vest,1
Staer 23,Staer 23,Valea Poieni,Sector 5,Sector 5,București,Sud-Vest,1
Staer 23,Staer 23,Vaslui,Sector 5,Sector 5,București,Sud-Vest,1
Staer 23,Staer 23,Vergei,Sector 5,Sector 5,București,Sud-Vest,1
Staer 23,Staer 23,Vicina,Sector 5,Sector 5,București,Sud-Vest,1
Staer 23,Staer 23,Vigonie,Sector 5,Sector 5,București,Sud-Vest,1
Staer 23,Staer 23,Voicesti,Sector 5,Sector 5,București,Sud-Vest,1
Staer 23,Staer 23,Xandru Iacovache,Sector 5,Sector 5,București,Sud-Vest,1
Staer 23,Staer 23,Zaharia Carcalachi,Sector 5,Sector 5,București,Sud-Vest,1
Staer 23,Staer 23,Zamfir Olaru,Sector 5,Sector 5,București,Sud-Vest,1
Staer 23,Staer 23,Zebrei,Sector 5,Sector 5,București,Sud-Vest,1
Staer 23,Staer 23,Zetari,Sector 5,Sector 5,București,Sud-Vest,1
Staer 23,Staer 23,9 Mai,Sector 6,Sector 6,București,Vest,1
Staer 23,Staer 23,Acvariului,Sector 6,Sector 6,București,Vest,1
Staer 23,Staer 23,Al. Iacobescu,Sector 6,Sector 6,București,Vest,1
Staer 23,Staer 23,Aleea Baiut,Sector 6,Sector 6,București,Vest,1
Staer 23,Staer 23,Aleea Barsanesti,Sector 6,Sector 6,București,Vest,1
Staer 23,Staer 23,Aleea Dealul Macinului,Sector 6,Sector 6,București,Vest,1
Staer 23,Staer 23,Aleea Ea Arheologilor,Sector 6,Sector 6,București,Vest,1
Staer 23,Staer 23,Aleea Ea Arinii Dornei,Sector 6,Sector 6,București,Vest,1
Staer 23,Staer 23,Aleea Ea Campul cu Flori,Sector 6,Sector 6,București,Vest,1
Staer 23,Staer 23,Aleea Ea Campul cu Florin,Sector 6,Sector 6,București,Vest,1
Staer 23,Staer 23,Aleea Ea Cetatuia,Sector 6,Sector 6,București,Vest,1
Staer 23,Staer 23,Aleea Ea Compozitorilor,Sector 6,Sector 6,București,Vest,1
Staer 23,Staer 23,Aleea Ea Poiana Muntelui,Sector 6,Sector 6,București,Vest,1
Staer 23,Staer 23,Aleea Ea Potaisa,Sector 6,Sector 6,București,Vest,1
Staer 23,Staer 23,Aleea Ea Topoloveni,Sector 6,Sector 6,București,Vest,1
Staer 23,Staer 23,Aleea Ea Valea Florilor,Sector 6,Sector 6,București,Vest,1
Staer 23,Staer 23,Aleea Ghirlandei,Sector 6,Sector 6,București,Vest,1
Staer 23,Staer 23,Aleea Raul Doamnei,Sector 6,Sector 6,București,Vest,1
Staer 23,Staer 23,Aleea Valea Calugareasca,Sector 6,Sector 6,București,Vest,1
Staer 23,Staer 23,Amilcar C Sandulescu,Sector 6,Sector 6,București,Vest,1
Staer 23,Staer 23,Apusului,Sector 6,Sector 6,București,Vest,1
Staer 23,Staer 23,Budieni,Sector 6,Sector 6,București,Vest,1
Staer 23,Staer 23,Bulevardul Anul 1864,Sector 6,Sector 6,București,Vest,1
Staer 23,Staer 23,Bulevardul Ceahlaul,Sector 6,Sector 6,București,Vest,1
Staer 23,Staer 23,Bulevardul Ghencea,Sector 6,Sector 6,București,Vest,1
Staer 23,Staer 23,Bulevardul Iuliu Iuliu Maniu,Sector 6,Sector 6,București,Vest,1
Staer 23,Staer 23,Bulevardul Preciziei,Sector 6,Sector 6,București,Vest,1
Staer 23,Staer 23,Bulevardul Timisioara,Sector 6,Sector 6,București,Vest,1
Staer 23,Staer 23,Bulevardul Tineretului,Sector 6,Sector 6,București,Vest,1
Staer 23,Staer 23,Bv.iuliu Maniu,Sector 6,Sector 6,București,Vest,1
Staer 23,Staer 23,Calea Ea Crângași,Sector 6,Sector 6,București,Vest,1
Staer 23,Staer 23,Calea Ea Plevnei,Sector 6,Sector 6,București,Vest,1
Staer 23,Staer 23,Castranov,Sector 6,Sector 6,București,Vest,1
Staer 23,Staer 23,Ceahlau,Sector 6,Sector 6,București,Vest,1
Staer 23,Staer 23,Cernisoara,Sector 6,Sector 6,București,Vest,1
Staer 23,Staer 23,Cetatea Histria,Sector 6,Sector 6,București,Vest,1
Staer 23,Staer 23,Chilia Veche,Sector 6,Sector 6,București,Vest,1
Staer 23,Staer 23,Cooperativei,Sector 6,Sector 6,București,Vest,1
Staer 23,Staer 23,Ctin Titel Petrescu,Sector 6,Sector 6,București,Vest,1
Staer 23,Staer 23,Dambovita,Sector 6,Sector 6,București,Vest,1
Staer 23,Staer 23,Dezrobirii,Sector 6,Sector 6,București,Vest,1
Staer 23,Staer 23,Dreptatii,Sector 6,Sector 6,București,Vest,1
Staer 23,Staer 23,Drumul Ciorogârla,Sector 6,Sector 6,București,Vest,1
Staer 23,Staer 23,Drumul Valea Larga,Sector 6,Sector 6,București,Vest,1
Staer 23,Staer 23,Elena Farago,Sector 6,Sector 6,București,Vest,1
Staer 23,Staer 23,Floare Rosie,Sector 6,Sector 6,București,Vest,1
Staer 23,Staer 23,Gheorghe Ranetti,Sector 6,Sector 6,București,Vest,1
Staer 23,Staer 23,Iernii,Sector 6,Sector 6,București,Vest,1
Staer 23,Staer 23,Intrarea Area Panificatiei,Sector 6,Sector 6,București,Vest,1
Staer 23,Staer 23,Intrarea Pinului,Sector 6,Sector 6,București,Vest,1
Staer 23,Staer 23,Leaota,Sector 6,Sector 6,București,Vest,1
Staer 23,Staer 23,Lt. Gheorghe Saidac,Sector 6,Sector 6,București,Vest,1
Staer 23,Staer 23,Malva,Sector 6,Sector 6,București,Vest,1
Staer 23,Staer 23,Moinesti,Sector 6,Sector 6,București,Vest,1
Staer 23,Staer 23,Partizanilor,Sector 6,Sector 6,București,Vest,1
Staer 23,Staer 23,Petuniei,Sector 6,Sector 6,București,Vest,1
Staer 23,Staer 23,Piscu Crasani,Sector 6,Sector 6,București,Vest,1
Staer 23,Staer 23,Rasaritului,Sector 6,Sector 6,București,Vest,1
Staer 23,Staer 23,Raul Dorna,Sector 6,Sector 6,București,Vest,1
Staer 23,Staer 23,Serg Apostol Constantin,Sector 6,Sector 6,București,Vest,1
Staer 23,Staer 23,Serg Cutieru Alexandru,Sector 6,Sector 6,București,Vest,1
Staer 23,Staer 23,Soldat Spiridon Matei,Sector 6,Sector 6,București,Vest,1
Staer 23,Staer 23,Splaiul Aiul Independei,Sector 6,Sector 6,București,Vest,1
Staer 23,Staer 23,Storcatoarelor,Sector 6,Sector 6,București,Vest,1
Staer 23,Staer 23,"Strada Cetățuia, Nr4",Sector 6,Sector 6,București,Vest,1
Staer 23,Staer 23,Strada Constantin Titel Petrescu,Sector 6,Sector 6,București,Vest,1
Staer 23,Staer 23,Strada Cupolei,Sector 6,Sector 6,București,Vest,1
Staer 23,Staer 23,Strada Lt.av. Gh. Negel,Sector 6,Sector 6,București,Vest,1
Staer 23,Staer 23,Strada Lujerului,Sector 6,Sector 6,București,Vest,1
Staer 23,Staer 23,Strada N. Filimon,Sector 6,Sector 6,București,Vest,1
Staer 23,Staer 23,Strada Preciziei,Sector 6,Sector 6,București,Vest,1
Staer 23,Staer 23,Strada Rosia Montana,Sector 6,Sector 6,București,Vest,1
Staer 23,Staer 23,Strada Valea Argeșului,Sector 6,Sector 6,București,Vest,1
Staer 23,Staer 23,Strada Zboina Neagră,Sector 6,Sector 6,București,Vest,1
Staer 23,Staer 23,Targu Neamt,Sector 6,Sector 6,București,Vest,1
Staer 23,Staer 23,Valea Oltului,Sector 6,Sector 6,București,Vest,1
Staer 23,Staer 23,Velei,Sector 6,Sector 6,București,Vest,1
Staer 23,Staer 23,Vintila Mihailescu,Sector 6,Sector 6,București,Vest,1
Staer 23,Staer 23,Xandru Iacobescu,Sector 6,Sector 6,București,Vest,1
Staer 23,Staer 23,132,Sector 2,Sector 2,București,Nord-Est,1
Staer 23,Staer 23,Tina Petre,Sector 3,Sector 3,București,Est,1
Staer 23,Staer 23,Soldat Zambila Ionita,Sector 2,Sector 2,București,Nord-Est,1
Staer 23,Staer 23,17,1 Dec 1918,—,Ilfov,Ilfov neatribuit,1
Staer 23,Staer 23,12,1 Decembrie,—,Ilfov,Sud,1
Staer 23,Staer 23,16,1 Decembrie,—,Ilfov,Sud,1
Staer 23,Staer 23,3,1 Decembrie,—,Ilfov,Sud,1
Staer 23,Staer 23,Ansamblu Green City,1 Decembrie,—,Ilfov,Sud,1
Staer 23,Staer 23,Doi,1 Decembrie,—,Ilfov,Sud,1
Staer 23,Staer 23,Grigore Moisil,1 Decembrie,—,Ilfov,Sud,1
Staer 23,Staer 23,I. Barbu,1 Decembrie,—,Ilfov,Sud,1
Staer 23,Staer 23,I.l. Caragiale,1 Decembrie,—,Ilfov,Sud,1
Staer 23,Staer 23,Intrarea Area Zorilor,1 Decembrie,—,Ilfov,Sud,1
Staer 23,Staer 23,Ion Antonescu,1 Decembrie,—,Ilfov,Sud,1
Staer 23,Staer 23,Ion Luca Caragiale,1 Decembrie,—,Ilfov,Sud,1
Staer 23,Staer 23,Mihail Sadoveanu,1 Decembrie,—,Ilfov,Sud,1
Staer 23,Staer 23,Prelungirea Oituz,1 Decembrie,—,Ilfov,Sud,1
Staer 23,Staer 23,Primaverii,1 Decembrie,—,Ilfov,Sud,1
Staer 23,Staer 23,Regina Elisabeta,1 Decembrie,—,Ilfov,Sud,1
Staer 23,Staer 23,Spilalberto(baltii),1 Decembrie,—,Ilfov,Sud,1
Staer 23,Staer 23,Strada Șos. Giurgiului,1 Decembrie,—,Ilfov,Sud,1
Staer 23,Staer 23,Șoseaua Bucuresti-Giurgiu,1 Decembrie,—,Ilfov,Sud,1
Staer 23,Staer 23,Tineretului,1 Decembrie,—,Ilfov,Sud,1
Staer 23,Staer 23,21,1 Decembrie ( Complex Green City),—,Ilfov,Ilfov neatribuit,1
Staer 23,Staer 23,17,1 Decembrie(green City),—,Ilfov,Ilfov neatribuit,1
Staer 23,Staer 23,Giurgiului,1decembrie,—,Ilfov,Ilfov neatribuit,1
Staer 23,Staer 23,Sperantei,1decembrie,—,Ilfov,Ilfov neatribuit,1
Staer 23,Staer 23,Bisericii,Adunatii Copaceni,—,Ilfov,Ilfov neatribuit,1
Staer 23,Staer 23,Teiului,Adunatii Copaceni/sat Darajleasca,—,Ilfov,Ilfov neatribuit,1
Staer 23,Staer 23,Iasomiei,Afumați,—,Ilfov,Nord-Est,1
Staer 23,Staer 23,Dn2,Afumați,—,Ilfov,Nord-Est,1
Staer 23,Staer 23,Fagului,Afumați,—,Ilfov,Nord-Est,1
Staer 23,Staer 23,Linia de Centura Dreapta,Afumați,—,Ilfov,Nord-Est,1
Staer 23,Staer 23,Marasesti,Afumați,—,Ilfov,Nord-Est,1
Staer 23,Staer 23,Oituz,Afumați,—,Ilfov,Nord-Est,1
Staer 23,Staer 23,Stefan cel Mare,Afumați,—,Ilfov,Nord-Est,1
Staer 23,Staer 23,Teiului,Afumați,—,Ilfov,Nord-Est,1
Staer 23,Staer 23,Alunisu,Alunisu,—,Ilfov,Ilfov neatribuit,1
Staer 23,Staer 23,Ateneului,Balaceanca,—,Ilfov,Ilfov neatribuit,1
Staer 23,Staer 23,Garii,Balaceanca,—,Ilfov,Ilfov neatribuit,1
Staer 23,Staer 23,Gradinari,Balaceanca,—,Ilfov,Ilfov neatribuit,1
Staer 23,Staer 23,Graului,Balaceanca,—,Ilfov,Ilfov neatribuit,1
Staer 23,Staer 23,Primaverii,Balaceanca,—,Ilfov,Ilfov neatribuit,1
Staer 23,Staer 23,Primaveriii,Balaceanca,—,Ilfov,Ilfov neatribuit,1
Staer 23,Staer 23,Castanilor 5,Balotești,—,Ilfov,Nord,1
Staer 23,Staer 23,Daliei,Balotești,—,Ilfov,Nord,1
Staer 23,Staer 23,Fantanilor,Balotești,—,Ilfov,Nord,1
Staer 23,Staer 23,Intrarea Area Puntii,Balotești,—,Ilfov,Nord,1
Staer 23,Staer 23,Lunii,Balotești,—,Ilfov,Nord,1
Staer 23,Staer 23,Privighetorilor,Balotești,—,Ilfov,Nord,1
Staer 23,Staer 23,Stadionului,Balotești,—,Ilfov,Nord,1
Staer 23,Staer 23,Unirii,Balotești,—,Ilfov,Nord,1
Staer 23,Staer 23,Viselor,Balotești,—,Ilfov,Nord,1
Staer 23,Staer 23,Amurgului,Balotești,—,Ilfov,Nord,1
Staer 23,Staer 23,23 August,Baneasa,—,Ilfov,Ilfov neatribuit,1
Staer 23,Staer 23,1 Dec,Berceni (Ilfov),—,Ilfov,Sud,1
Staer 23,Staer 23,Armoniei,Berceni (Ilfov),—,Ilfov,Sud,1
Staer 23,Staer 23,Aviatoriilor,Berceni (Ilfov),—,Ilfov,Sud,1
Staer 23,Staer 23,Balta Alba,Berceni (Ilfov),—,Ilfov,Sud,1
Staer 23,Staer 23,Berzei,Berceni (Ilfov),—,Ilfov,Sud,1
Staer 23,Staer 23,Bistita,Berceni (Ilfov),—,Ilfov,Sud,1
Staer 23,Staer 23,Cameliei,Berceni (Ilfov),—,Ilfov,Sud,1
Staer 23,Staer 23,Chindiei,Berceni (Ilfov),—,Ilfov,Sud,1
Staer 23,Staer 23,Cimpului,Berceni (Ilfov),—,Ilfov,Sud,1
Staer 23,Staer 23,Ciulin-Petru Rares,Berceni (Ilfov),—,Ilfov,Sud,1
Staer 23,Staer 23,Ciulini,Berceni (Ilfov),—,Ilfov,Sud,1
Staer 23,Staer 23,Codrului,Berceni (Ilfov),—,Ilfov,Sud,1
Staer 23,Staer 23,Crangului,Berceni (Ilfov),—,Ilfov,Sud,1
Staer 23,Staer 23,E VI,Berceni (Ilfov),—,Ilfov,Sud,1
Staer 23,Staer 23,Elena Cuza,Berceni (Ilfov),—,Ilfov,Sud,1
Staer 23,Staer 23,Ficusului,Berceni (Ilfov),—,Ilfov,Sud,1
Staer 23,Staer 23,Ghiocelului,Berceni (Ilfov),—,Ilfov,Sud,1
Staer 23,Staer 23,Gradinari,Berceni (Ilfov),—,Ilfov,Sud,1
Staer 23,Staer 23,Gradinilor,Berceni (Ilfov),—,Ilfov,Sud,1
Staer 23,Staer 23,Int Lacramioarei,Berceni (Ilfov),—,Ilfov,Sud,1
Staer 23,Staer 23,Int. Marasesti,Berceni (Ilfov),—,Ilfov,Sud,1
Staer 23,Staer 23,Int.ciulini,Berceni (Ilfov),—,Ilfov,Sud,1
Staer 23,Staer 23,Intarea Ciulin,Berceni (Ilfov),—,Ilfov,Sud,1
Staer 23,Staer 23,Intrarea Area Cercului,Berceni (Ilfov),—,Ilfov,Sud,1
Staer 23,Staer 23,Intrarea Area Circului,Berceni (Ilfov),—,Ilfov,Sud,1
Staer 23,Staer 23,Intrarea Area Lotrisor,Berceni (Ilfov),—,Ilfov,Sud,1
Staer 23,Staer 23,Intrarea Area Saturn,Berceni (Ilfov),—,Ilfov,Sud,1
Staer 23,Staer 23,Intrarea Area Stelutei,Berceni (Ilfov),—,Ilfov,Sud,1
Staer 23,Staer 23,Intrarea Maslinului,Berceni (Ilfov),—,Ilfov,Sud,1
Staer 23,Staer 23,Ion Creanga,Berceni (Ilfov),—,Ilfov,Sud,1
Staer 23,Staer 23,Ion Luca Caragiale,Berceni (Ilfov),—,Ilfov,Sud,1
Staer 23,Staer 23,Izvorul Oiltului,Berceni (Ilfov),—,Ilfov,Sud,1
Staer 23,Staer 23,Lebedei,Berceni (Ilfov),—,Ilfov,Sud,1
Staer 23,Staer 23,Magnoliei,Berceni (Ilfov),—,Ilfov,Sud,1
Staer 23,Staer 23,Marasesti,Berceni (Ilfov),—,Ilfov,Sud,1
Staer 23,Staer 23,Marasti,Berceni (Ilfov),—,Ilfov,Sud,1
Staer 23,Staer 23,Matei Basarab,Berceni (Ilfov),—,Ilfov,Sud,1
Staer 23,Staer 23,Mihai Bravu,Berceni (Ilfov),—,Ilfov,Sud,1
Staer 23,Staer 23,Mihai Eminescu,Berceni (Ilfov),—,Ilfov,Sud,1
Staer 23,Staer 23,Mioirita,Berceni (Ilfov),—,Ilfov,Sud,1
Staer 23,Staer 23,NECUNOSCUTĂ,Berceni (Ilfov),—,Ilfov,Sud,1
Staer 23,Staer 23,Nicolae Labis,Berceni (Ilfov),—,Ilfov,Sud,1
Staer 23,Staer 23,Nuferilor,Berceni (Ilfov),—,Ilfov,Sud,1
Staer 23,Staer 23,Orhidei,Berceni (Ilfov),—,Ilfov,Sud,1
Staer 23,Staer 23,Petru Reres,Berceni (Ilfov),—,Ilfov,Sud,1
Staer 23,Staer 23,Plopilor,Berceni (Ilfov),—,Ilfov,Sud,1
Staer 23,Staer 23,Plopului,Berceni (Ilfov),—,Ilfov,Sud,1
Staer 23,Staer 23,Radu Voda,Berceni (Ilfov),—,Ilfov,Sud,1
Staer 23,Staer 23,Regina Maria,Berceni (Ilfov),—,Ilfov,Sud,1
Staer 23,Staer 23,Salcamilor,Berceni (Ilfov),—,Ilfov,Sud,1
Staer 23,Staer 23,Se Intra din Str Lacramioarei,Berceni (Ilfov),—,Ilfov,Sud,1
Staer 23,Staer 23,Sf Ana,Berceni (Ilfov),—,Ilfov,Sud,1
Staer 23,Staer 23,Sfantu Petru,Berceni (Ilfov),—,Ilfov,Sud,1
Staer 23,Staer 23,Stocului,Berceni (Ilfov),—,Ilfov,Sud,1
Staer 23,Staer 23,Strada 1 Decembrie 1918,Berceni (Ilfov),—,Ilfov,Sud,1
Staer 23,Staer 23,Strada Ada Serelor,Berceni (Ilfov),—,Ilfov,Sud,1
Staer 23,Staer 23,Strada Lăcrămioarei,Berceni (Ilfov),—,Ilfov,Sud,1
Staer 23,Staer 23,Strada Libertatii,Berceni (Ilfov),—,Ilfov,Sud,1
Staer 23,Staer 23,Toamnei(vadul Mosului),Berceni (Ilfov),—,Ilfov,Sud,1
Staer 23,Staer 23,Tudor Arghezi,Berceni (Ilfov),—,Ilfov,Sud,1
Staer 23,Staer 23,Tudor Vladimireascu,Berceni (Ilfov),—,Ilfov,Sud,1
Staer 23,Staer 23,Umbrelutelor,Berceni (Ilfov),—,Ilfov,Sud,1
Staer 23,Staer 23,Valea Mamina,Berceni (Ilfov),—,Ilfov,Sud,1
Staer 23,Staer 23,Valea Maminei,Berceni (Ilfov),—,Ilfov,Sud,1
Staer 23,Staer 23,Verbinei,Berceni (Ilfov),—,Ilfov,Sud,1
Staer 23,Staer 23,Cazanului,Berceni T=60 Lei,—,Ilfov,Ilfov neatribuit,1
Staer 23,Staer 23,Eroilor,Berceni T=60 Lei,—,Ilfov,Ilfov neatribuit,1
Staer 23,Staer 23,Lacramioarei,Berceni T=60 Lei,—,Ilfov,Ilfov neatribuit,1
Staer 23,Staer 23,Padurea Craiului,Berceni T=60 Lei,—,Ilfov,Ilfov neatribuit,1
Staer 23,Staer 23,Primaverii,Berceni T=60 Lei,—,Ilfov,Ilfov neatribuit,1
Staer 23,Staer 23,Stefan cel Mare,Berceni T=60 Lei,—,Ilfov,Ilfov neatribuit,1
Staer 23,Staer 23,Trandafirilor,Berceni T=60 Lei,—,Ilfov,Ilfov neatribuit,1
Staer 23,Staer 23,Vasile Goldis,Berceni T=60 Lei,—,Ilfov,Ilfov neatribuit,1
Staer 23,Staer 23,Marasesti,Berceni Trans 60 Lei,—,Ilfov,Ilfov neatribuit,1
Staer 23,Staer 23,Independentei,Berceni Transport 60 Lei,—,Ilfov,Ilfov neatribuit,1
Staer 23,Staer 23,Plopilor,Berceni Transport 60 Lei,—,Ilfov,Ilfov neatribuit,1
Staer 23,Staer 23,Aeroportului,Bragadiru,—,Ilfov,Sud-Vest,1
Staer 23,Staer 23,Ametistului,Bragadiru,—,Ilfov,Sud-Vest,1
Staer 23,Staer 23,Anemonelor,Bragadiru,—,Ilfov,Sud-Vest,1
Staer 23,Staer 23,Crisu Rece,Bragadiru,—,Ilfov,Sud-Vest,1
Staer 23,Staer 23,Crisul Repede - Strong Residence,Bragadiru,—,Ilfov,Sud-Vest,1
Staer 23,Staer 23,Curcubeului,Bragadiru,—,Ilfov,Sud-Vest,1
Staer 23,Staer 23,Dantelei,Bragadiru,—,Ilfov,Sud-Vest,1
Staer 23,Staer 23,Dealului,Bragadiru,—,Ilfov,Sud-Vest,1
Staer 23,Staer 23,Dunarii,Bragadiru,—,Ilfov,Sud-Vest,1
Staer 23,Staer 23,Ierni,Bragadiru,—,Ilfov,Sud-Vest,1
Staer 23,Staer 23,Int. Leordeni,Bragadiru,—,Ilfov,Sud-Vest,1
Staer 23,Staer 23,Intrarea Area Povernei,Bragadiru,—,Ilfov,Sud-Vest,1
Staer 23,Staer 23,Intrarea Leordeni,Bragadiru,—,Ilfov,Sud-Vest,1
Staer 23,Staer 23,Marasesti,Bragadiru,—,Ilfov,Sud-Vest,1
Staer 23,Staer 23,Margelelor 26a,Bragadiru,—,Ilfov,Sud-Vest,1
Staer 23,Staer 23,Mugurelui,Bragadiru,—,Ilfov,Sud-Vest,1
Staer 23,Staer 23,Muzelor,Bragadiru,—,Ilfov,Sud-Vest,1
Staer 23,Staer 23,Oltenitei,Bragadiru,—,Ilfov,Sud-Vest,1
Staer 23,Staer 23,Orhideelor,Bragadiru,—,Ilfov,Sud-Vest,1
Staer 23,Staer 23,Plevnei,Bragadiru,—,Ilfov,Sud-Vest,1
Staer 23,Staer 23,Prelungirea Ungirea Ghencei,Bragadiru,—,Ilfov,Sud-Vest,1
Staer 23,Staer 23,Sarmis,Bragadiru,—,Ilfov,Sud-Vest,1
Staer 23,Staer 23,Smaraldului,Bragadiru,—,Ilfov,Sud-Vest,1
Staer 23,Staer 23,Smardan,Bragadiru,—,Ilfov,Sud-Vest,1
Staer 23,Staer 23,Smirdan,Bragadiru,—,Ilfov,Sud-Vest,1
Staer 23,Staer 23,Victoriei,Bragadiru,—,Ilfov,Sud-Vest,1
Staer 23,Staer 23,Vitejiei,Bragadiru,—,Ilfov,Sud-Vest,1
Staer 23,Staer 23,Crisul Repede,Bragadiru,—,Ilfov,Sud-Vest,1
Staer 23,Staer 23,Monumentului,Bragadiru,—,Ilfov,Sud-Vest,1
Staer 23,Staer 23,Dunarii,Bragadiru,—,Ilfov,Sud-Vest,1
Staer 23,Staer 23,Marasesti,Bragadiru,—,Ilfov,Sud-Vest,1
Staer 23,Staer 23,Aviatori,Brănești,—,Ilfov,Est,1
Staer 23,Staer 23,Aviatori Transp 80 Lei,Brănești,—,Ilfov,Est,1
Staer 23,Staer 23,Stoiciului,Brănești,—,Ilfov,Est,1
Staer 23,Staer 23,Violetelor,Brănești,—,Ilfov,Est,1
Staer 23,Staer 23,Calea Ea Bucuresti,Brănești,—,Ilfov,Est,1
Staer 23,Staer 23,Craitei,Brănești,—,Ilfov,Est,1
Staer 23,Staer 23,George Cosbuc,Brănești,—,Ilfov,Est,1
Staer 23,Staer 23,IL Caragiale,Brănești,—,Ilfov,Est,1
Staer 23,Staer 23,Ile Caragiale,Brănești,—,Ilfov,Est,1
Staer 23,Staer 23,Liliacului,Brănești,—,Ilfov,Est,1
Staer 23,Staer 23,Lotrului,Brănești,—,Ilfov,Est,1
Staer 23,Staer 23,Nicolae Balcescu,Brănești,—,Ilfov,Est,1
Staer 23,Staer 23,Noua,Brănești,—,Ilfov,Est,1
Staer 23,Staer 23,Nrgru Voda,Brănești,—,Ilfov,Est,1
Staer 23,Staer 23,Nufarului,Brănești,—,Ilfov,Est,1
Staer 23,Staer 23,Salcamului,Brănești,—,Ilfov,Est,1
Staer 23,Staer 23,Stoiciului,Brănești,—,Ilfov,Est,1
Staer 23,Staer 23,Strada Unirii,Brănești,—,Ilfov,Est,1
Staer 23,Staer 23,Ciresului,Bucuresti Soseaua Fundeni,—,Ilfov,Ilfov neatribuit,1
Staer 23,Staer 23,Calea Victoriei,București,—,Ilfov,Ilfov neatribuit,1
Staer 23,Staer 23,Drumul Potcoavei,București,—,Ilfov,Ilfov neatribuit,1
Staer 23,Staer 23,Progresului,București,—,Ilfov,Ilfov neatribuit,1
Staer 23,Staer 23,Sold.ene Modoran,București,—,Ilfov,Ilfov neatribuit,1
Staer 23,Staer 23,Solstitiului,București,—,Ilfov,Ilfov neatribuit,1
Staer 23,Staer 23,Ungureni,București,—,Ilfov,Ilfov neatribuit,1
Staer 23,Staer 23,Agricultori,Buftea,—,Ilfov,Nord,1
Staer 23,Staer 23,Aleea Ea Barzei,Buftea,—,Ilfov,Nord,1
Staer 23,Staer 23,Aleea Ea Bazei,Buftea,—,Ilfov,Nord,1
Staer 23,Staer 23,Aleea Ea Campului,Buftea,—,Ilfov,Nord,1
Staer 23,Staer 23,Aleea Ea Constructorului,Buftea,—,Ilfov,Nord,1
Staer 23,Staer 23,Aleea Plopilor,Buftea,—,Ilfov,Nord,1
Staer 23,Staer 23,Badea Popescu,Buftea,—,Ilfov,Nord,1
Staer 23,Staer 23,Bulevardul Mihai Eminescu,Buftea,—,Ilfov,Nord,1
Staer 23,Staer 23,Closca,Buftea,—,Ilfov,Nord,1
Staer 23,Staer 23,Intrarea Area Platanului,Buftea,—,Ilfov,Nord,1
Staer 23,Staer 23,Intrarea Constructorului,Buftea,—,Ilfov,Nord,1
Staer 23,Staer 23,Santierului,Buftea,—,Ilfov,Nord,1
Staer 23,Staer 23,Șoseaua Bucuresti Targoviste,Buftea,—,Ilfov,Nord,1
Staer 23,Staer 23,Șoseaua Oltului,Buftea,—,Ilfov,Nord,1
Staer 23,Staer 23,Tufan,Periș,—,Ilfov,Nord,1
Staer 23,Staer 23,Pacii,Caciulati,—,Ilfov,Ilfov neatribuit,1
Staer 23,Staer 23,Virtutii,Caciulati,—,Ilfov,Ilfov neatribuit,1
Staer 23,Staer 23,Nucilor,Caldararu,—,Ilfov,Ilfov neatribuit,1
Staer 23,Staer 23,Tineretului,Cernica,—,Ilfov,Est,1
Staer 23,Staer 23,Kaltenbeck,Candeasca/belgiugatele,—,Ilfov,Ilfov neatribuit,1
Staer 23,Staer 23,Intrarea Uzinei,Catelu,—,Ilfov,Ilfov neatribuit,1
Staer 23,Staer 23,Intrarea Area Uzinei,Glina,—,Ilfov,Est,1
Staer 23,Staer 23,1 Decembrie 1918,Cernica,—,Ilfov,Est,1
Staer 23,Staer 23,Bizantului,Cernica,—,Ilfov,Est,1
Staer 23,Staer 23,IL Ccaragiale,Cernica,—,Ilfov,Est,1
Staer 23,Staer 23,Sticletelui,Cernica,—,Ilfov,Est,1
Staer 23,Staer 23,Postei,Cernica,—,Ilfov,Est,1
Staer 23,Staer 23,Burebista,Cernica,—,Ilfov,Est,1
Staer 23,Staer 23,Pescarilor,Cernica,—,Ilfov,Est,1
Staer 23,Staer 23,Tineretului,Cernica,—,Ilfov,Est,1
Staer 23,Staer 23,26,Cheiul Dambovitei,—,Ilfov,Ilfov neatribuit,1
Staer 23,Staer 23,Acvilei,Chiajna–Roșu–Dudu,—,Ilfov,Vest,1
Staer 23,Staer 23,Dezrobirii,Chiajna–Roșu–Dudu,—,Ilfov,Vest,1
Staer 23,Staer 23,Drumul Bacriului,Chiajna–Roșu–Dudu,—,Ilfov,Vest,1
Staer 23,Staer 23,IL Caragiale,Chiajna–Roșu–Dudu,—,Ilfov,Vest,1
Staer 23,Staer 23,Ilie Petre,Chiajna–Roșu–Dudu,—,Ilfov,Vest,1
Staer 23,Staer 23,Intrarea Nicolae Iorga,Chiajna–Roșu–Dudu,—,Ilfov,Vest,1
Staer 23,Staer 23,Intrarea Nuferilor,Chiajna–Roșu–Dudu,—,Ilfov,Vest,1
Staer 23,Staer 23,N. Iorga,Chiajna–Roșu–Dudu,—,Ilfov,Vest,1
Staer 23,Staer 23,NECUNOSCUTĂ,Chiajna–Roșu–Dudu,—,Ilfov,Vest,1
Staer 23,Staer 23,Serg Ilie Petre,Chiajna–Roșu–Dudu,—,Ilfov,Vest,1
Staer 23,Staer 23,Soarelui,Chiajna–Roșu–Dudu,—,Ilfov,Vest,1
Staer 23,Staer 23,Preot Sebe Costin,Chiajna–Roșu–Dudu,—,Ilfov,Vest,1
Staer 23,Staer 23,Campului,Chiajna–Roșu–Dudu,—,Ilfov,Vest,1
Staer 23,Staer 23,Sergent Ilie Petre,Chiajna–Roșu–Dudu,—,Ilfov,Vest,1
Staer 23,Staer 23,Acvilei,Chiajna–Roșu–Dudu,—,Ilfov,Vest,1
Staer 23,Staer 23,Drumul Bacriului,Chiajna–Roșu–Dudu,—,Ilfov,Vest,1
Staer 23,Staer 23,Campului,Chiajna–Roșu–Dudu,—,Ilfov,Vest,1
Staer 23,Staer 23,Weiner Palada,Chiajna–Roșu–Dudu,—,Ilfov,Vest,1
Staer 23,Staer 23,Rezervelor,Chijna,—,Ilfov,Ilfov neatribuit,1
Staer 23,Staer 23,Aurel Vlaicu,Chitila,—,Ilfov,Vest,1
Staer 23,Staer 23,Gutuiului,Chitila,—,Ilfov,Vest,1
Staer 23,Staer 23,Ronda,Chitila,—,Ilfov,Vest,1
Staer 23,Staer 23,Șoseaua Banatului,Chitila,—,Ilfov,Vest,1
Staer 23,Staer 23,Vasile Parvan,Chitila,—,Ilfov,Vest,1
Staer 23,Staer 23,Duzilor,Chitila,—,Ilfov,Vest,1
Staer 23,Staer 23,Principala,Ciofliceni,—,Ilfov,Ilfov neatribuit,1
Staer 23,Staer 23,Stefan cel Mare,Ciofliceni,—,Ilfov,Ilfov neatribuit,1
Staer 23,Staer 23,Stadionului,Ciolpani,—,Ilfov,Ilfov neatribuit,1
Staer 23,Staer 23,Daciei,Ciorogârla,—,Ilfov,Vest,1
Staer 23,Staer 23,Magnoliei,Ciorogârla,—,Ilfov,Vest,1
Staer 23,Staer 23,Viitorului,Ciorogârla,—,Ilfov,Vest,1
Staer 23,Staer 23,Ciurari,Clinceni,—,Ilfov,Sud-Vest,1
Staer 23,Staer 23,Drumul Mare,Clinceni,—,Ilfov,Sud-Vest,1
Staer 23,Staer 23,Int Viilor,Clinceni,—,Ilfov,Sud-Vest,1
Staer 23,Staer 23,Intrarea Dispensarului,Clinceni,—,Ilfov,Sud-Vest,1
Staer 23,Staer 23,Monumentul Eroilor,Clinceni,—,Ilfov,Sud-Vest,1
Staer 23,Staer 23,Ortansei,Clinceni,—,Ilfov,Sud-Vest,1
Staer 23,Staer 23,Argesului,Clinceni,—,Ilfov,Sud-Vest,1
Staer 23,Staer 23,Padurea Craiului,Comana Berceni,—,Ilfov,Ilfov neatribuit,1
Staer 23,Staer 23,Baltii,Copaceni,—,Ilfov,Ilfov neatribuit,1
Staer 23,Staer 23,Liliacului,Copaceni,—,Ilfov,Ilfov neatribuit,1
Staer 23,Staer 23,Miron Cristea,Copaceni,—,Ilfov,Ilfov neatribuit,1
Staer 23,Staer 23,Sf Ioan,Copaceni,—,Ilfov,Ilfov neatribuit,1
Staer 23,Staer 23,Principala,Copaceni - Langa 1 Decembrie,—,Ilfov,Ilfov neatribuit,1
Staer 23,Staer 23,Sf Ioan,Copaceni T=75 Lei,—,Ilfov,Ilfov neatribuit,1
Staer 23,Staer 23,Cantonului,Corbeanca,—,Ilfov,Nord,1
Staer 23,Staer 23,Lancierilor,Corbeanca,—,Ilfov,Nord,1
Staer 23,Staer 23,Lizierei,Corbeanca,—,Ilfov,Nord,1
Staer 23,Staer 23,Sat.petresti,Corbeanca,—,Ilfov,Nord,1
Staer 23,Staer 23,Unirii,Corbeanca,—,Ilfov,Nord,1
Staer 23,Staer 23,Hipodromului,Corbeanca,—,Ilfov,Nord,1
Staer 23,Staer 23,Padurii - Complex Paradisul Verde,Corbeanca,—,Ilfov,Nord,1
Staer 23,Staer 23,Molidului,Corbeanca,—,Ilfov,Nord,1
Staer 23,Staer 23,Zagreb,Corbeanca,—,Ilfov,Nord,1
Staer 23,Staer 23,Cornilor,Cornetu,—,Ilfov,Sud-Vest,1
Staer 23,Staer 23,Crinului,Cornetu,—,Ilfov,Sud-Vest,1
Staer 23,Staer 23,Pinului,Cornetu,—,Ilfov,Sud-Vest,1
Staer 23,Staer 23,Podisor,Cornetu,—,Ilfov,Sud-Vest,1
Staer 23,Staer 23,Tineretului,Crernica,—,Ilfov,Ilfov neatribuit,1
Staer 23,Staer 23,Codrului,Cretesti,—,Ilfov,Ilfov neatribuit,1
Staer 23,Staer 23,Izvor,Cretesti,—,Ilfov,Ilfov neatribuit,1
Staer 23,Staer 23,Mihai Bravu,Cucuieti,—,Ilfov,Ilfov neatribuit,1
Staer 23,Staer 23,1 Decembrie 1918,Darasti,—,Ilfov,Ilfov neatribuit,1
Staer 23,Staer 23,Intrarea Arcului,Darasti,—,Ilfov,Ilfov neatribuit,1
Staer 23,Staer 23,Campului,Darăști-Ilfov,—,Ilfov,Ilfov neatribuit,1
Staer 23,Staer 23,Revolutiei,Darăști-Ilfov,—,Ilfov,Ilfov neatribuit,1
Staer 23,Staer 23,Victoriei,Darăști-Ilfov,—,Ilfov,Ilfov neatribuit,1
Staer 23,Staer 23,Calea Ea Bucuresti,Dascălu,—,Ilfov,Nord-Est,1
Staer 23,Staer 23,Crizantemelor,Dascălu,—,Ilfov,Nord-Est,1
Staer 23,Staer 23,Rasaritului,Dealu Verde,—,Ilfov,Ilfov neatribuit,1
Staer 23,Staer 23,Salcamului,Dealu Verde,—,Ilfov,Ilfov neatribuit,1
Staer 23,Staer 23,Artistilor,Decembrie,—,Ilfov,Ilfov neatribuit,1
Staer 23,Staer 23,Aja,Dimieni,—,Ilfov,Ilfov neatribuit,1
Staer 23,Staer 23,Targului,Dobreni,—,Ilfov,Ilfov neatribuit,1
Staer 23,Staer 23,Caisului,Dobroești,—,Ilfov,Nord-Est,1
Staer 23,Staer 23,Doinei,Dobroești,—,Ilfov,Nord-Est,1
Staer 23,Staer 23,Stejarului,Dobroești,—,Ilfov,Nord-Est,1
Staer 23,Staer 23,22dec 1989,Dobroești,—,Ilfov,Nord-Est,1
Staer 23,Staer 23,Aleea Lacului,Dobroești,—,Ilfov,Nord-Est,1
Staer 23,Staer 23,Caisului,Dobroești,—,Ilfov,Nord-Est,1
Staer 23,Staer 23,Drumul Fermei,Dobroești,—,Ilfov,Nord-Est,1
Staer 23,Staer 23,Horia,Dobroești,—,Ilfov,Nord-Est,1
Staer 23,Staer 23,Int Oituz,Dobroești,—,Ilfov,Nord-Est,1
Staer 23,Staer 23,Randunicii,Dobroești,—,Ilfov,Nord-Est,1
Staer 23,Staer 23,Salciei,Dobroești,—,Ilfov,Nord-Est,1
Staer 23,Staer 23,Ste. Doinei,Dobroești,—,Ilfov,Nord-Est,1
Staer 23,Staer 23,Tudor Vladimirescu,Dobroești,—,Ilfov,Nord-Est,1
Staer 23,Staer 23,Victor Dumitrescu,Dobroești,—,Ilfov,Nord-Est,1
Staer 23,Staer 23,Bulevardul Garii,Dobroești,—,Ilfov,Nord-Est,1
Staer 23,Staer 23,Caisului,Dobroești,—,Ilfov,Nord-Est,1
Staer 23,Staer 23,Crisan,Dobroești,—,Ilfov,Nord-Est,1
Staer 23,Staer 23,Dumul Garii,Dobroești,—,Ilfov,Nord-Est,1
Staer 23,Staer 23,Lalelelor,Dobroești,—,Ilfov,Nord-Est,1
Staer 23,Staer 23,Mesteacanului,Dobroești,—,Ilfov,Nord-Est,1
Staer 23,Staer 23,Sold. Gheorghe Dumitru,Dobroești,—,Ilfov,Nord-Est,1
Staer 23,Staer 23,Strada Ciresului,Dobroești,—,Ilfov,Nord-Est,1
Staer 23,Staer 23,Tudor Vladimirescu,Dobroești,—,Ilfov,Nord-Est,1
Staer 23,Staer 23,Victoriei,Dobroești,—,Ilfov,Nord-Est,1
Staer 23,Staer 23,Doinei,Dobroești,—,Ilfov,Nord-Est,1
Staer 23,Staer 23,Intrarea Ciresului,Dobroești,—,Ilfov,Nord-Est,1
Staer 23,Staer 23,Parului,Dobroești,—,Ilfov,Nord-Est,1
Staer 23,Staer 23,Afroditei,Domnești,—,Ilfov,Sud-Vest,1
Staer 23,Staer 23,Cararuia,Domnești,—,Ilfov,Sud-Vest,1
Staer 23,Staer 23,Crengutei (intratrea Floarea Lotus ),Domnești,—,Ilfov,Sud-Vest,1
Staer 23,Staer 23,Diana,Domnești,—,Ilfov,Sud-Vest,1
Staer 23,Staer 23,Drumul Targului,Domnești,—,Ilfov,Sud-Vest,1
Staer 23,Staer 23,Fortului,Domnești,—,Ilfov,Sud-Vest,1
Staer 23,Staer 23,Int. Sipotul Apelor,Domnești,—,Ilfov,Sud-Vest,1
Staer 23,Staer 23,Platanului,Domnești,—,Ilfov,Sud-Vest,1
Staer 23,Staer 23,Rasaritului,Domnești,—,Ilfov,Sud-Vest,1
Staer 23,Staer 23,Șoseaua Tudor Vladimirescu,Domnești,—,Ilfov,Sud-Vest,1
Staer 23,Staer 23,Vointei,Domnești,—,Ilfov,Sud-Vest,1
Staer 23,Staer 23,Zefirului,Domnești,—,Ilfov,Sud-Vest,1
Staer 23,Staer 23,Trei Brazi,Domnești,—,Ilfov,Sud-Vest,1
Staer 23,Staer 23,Republicii,Dragomirești,—,Ilfov,Vest,1
Staer 23,Staer 23,Libertatii,Dragomirești,—,Ilfov,Vest,1
Staer 23,Staer 23,Scolii,Dragomirești,—,Ilfov,Vest,1
Staer 23,Staer 23,Ulmului,Dragomirești,—,Ilfov,Vest,1
Staer 23,Staer 23,Florilor,Dragomirești,—,Ilfov,Vest,1
Staer 23,Staer 23,Micsunelelor,Dragomirești,—,Ilfov,Vest,1
Staer 23,Staer 23,Intrarea 1 Decembrie 1918,Drarasti-Ilfov,—,Ilfov,Ilfov neatribuit,1
Staer 23,Staer 23,Orhideelor,Chiajna–Roșu–Dudu,—,Ilfov,Vest,1
Staer 23,Staer 23,Soarelui,Chiajna–Roșu–Dudu,—,Ilfov,Vest,1
Staer 23,Staer 23,Tineretului,Chiajna–Roșu–Dudu,—,Ilfov,Vest,1
Staer 23,Staer 23,Lahovari,Balotești,—,Ilfov,Nord,1
Staer 23,Staer 23,Ion Lahovari,Dumbrăveni,—,Ilfov,Ilfov neatribuit,1
Staer 23,Staer 23,Nalbei,Dumbrăveni,—,Ilfov,Ilfov neatribuit,1
Staer 23,Staer 23,Duzilor,Dumitrana,—,Ilfov,Ilfov neatribuit,1
Staer 23,Staer 23,Liliacului,Măgurele,—,Ilfov,Sud-Vest,1
Staer 23,Staer 23,Romanitei,Măgurele,—,Ilfov,Sud-Vest,1
Staer 23,Staer 23,Garofitei,Fierbienti,—,Ilfov,Ilfov neatribuit,1
Staer 23,Staer 23,Brazilor,Frumusani,—,Ilfov,Ilfov neatribuit,1
Staer 23,Staer 23,Aleea Ea Lacului,Fundeni,—,Ilfov,Ilfov neatribuit,1
Staer 23,Staer 23,Caisului,Fundeni,—,Ilfov,Ilfov neatribuit,1
Staer 23,Staer 23,Drumul Garii,Fundeni,—,Ilfov,Ilfov neatribuit,1
Staer 23,Staer 23,Meterrezului,Fundeni,—,Ilfov,Ilfov neatribuit,1
Staer 23,Staer 23,Stejarului,Fundeni,—,Ilfov,Ilfov neatribuit,1
Staer 23,Staer 23,Strada Cireșului,Fundeni,—,Ilfov,Ilfov neatribuit,1
Staer 23,Staer 23,Stejarului,Dobroești,—,Ilfov,Nord-Est,1
Staer 23,Staer 23,Doinei,Dobroești,—,Ilfov,Nord-Est,1
Staer 23,Staer 23,Intrarea Area Schtulyui,Ganeasa,—,Ilfov,Ilfov neatribuit,1
Staer 23,Staer 23,Șoseaua Ghermanesti,Ghermănești,—,Ilfov,Ilfov neatribuit,1
Staer 23,Staer 23,Dezrobirii,Glina,—,Ilfov,Est,1
Staer 23,Staer 23,Dezrobirii- Cartier Allegria,Glina,—,Ilfov,Est,1
Staer 23,Staer 23,Helesteului,Glina,—,Ilfov,Est,1
Staer 23,Staer 23,Hotarului,Glina,—,Ilfov,Est,1
Staer 23,Staer 23,Ingusta,Glina,—,Ilfov,Est,1
Staer 23,Staer 23,Int Morii,Glina,—,Ilfov,Est,1
Staer 23,Staer 23,Invingatorilor,Glina,—,Ilfov,Est,1
Staer 23,Staer 23,Magurei,Glina,—,Ilfov,Est,1
Staer 23,Staer 23,Primaverii,Glina,—,Ilfov,Est,1
Staer 23,Staer 23,Rasaritului,Glina,—,Ilfov,Est,1
Staer 23,Staer 23,Revolutiei,Glina,—,Ilfov,Est,1
Staer 23,Staer 23,Rozelor,Glina,—,Ilfov,Est,1
Staer 23,Staer 23,Sf Ciprian,Glina,—,Ilfov,Est,1
Staer 23,Staer 23,Sf Petru,Glina,—,Ilfov,Est,1
Staer 23,Staer 23,Sf Petru Dn 4 Cartier Provis,Glina,—,Ilfov,Est,1
Staer 23,Staer 23,Sfantul Ciprian,Glina,—,Ilfov,Est,1
Staer 23,Staer 23,Stadionului,Glina,—,Ilfov,Est,1
Staer 23,Staer 23,Uzinei,Glina,—,Ilfov,Est,1
Staer 23,Staer 23,Vaii,Glina,—,Ilfov,Est,1
Staer 23,Staer 23,Victoriei,Glina,—,Ilfov,Est,1
Staer 23,Staer 23,Sf. Ciprian,Popești-Leordeni,—,Ilfov,Sud,1
Staer 23,Staer 23,Mihai Eminescu,Gradiste,—,Ilfov,Ilfov neatribuit,1
Staer 23,Staer 23,Nuferilor,Gradistea,—,Ilfov,Ilfov neatribuit,1
Staer 23,Staer 23,Orhideelor,Gradistea,—,Ilfov,Ilfov neatribuit,1
Staer 23,Staer 23,Victorie\ei,Gradistea,—,Ilfov,Ilfov neatribuit,1
Staer 23,Staer 23,Șoseaua Gruiu Snagov,Gruiu,—,Ilfov,Nord,1
Staer 23,Staer 23,Ungureni,Gruiu,—,Ilfov,Nord,1
Staer 23,Staer 23,Maresal Ion Alntonescu,I Decembrie,—,Ilfov,Ilfov neatribuit,1
Staer 23,Staer 23,Macesului,Ilfov,—,Ilfov,Ilfov neatribuit,1
Staer 23,Staer 23,Valea cu Tei,Ilfov,—,Ilfov,Ilfov neatribuit,1
Staer 23,Staer 23,23 August,Jilava,—,Ilfov,Sud,1
Staer 23,Staer 23,Ciulini,Jilava,—,Ilfov,Sud,1
Staer 23,Staer 23,Fagului,Jilava,—,Ilfov,Sud,1
Staer 23,Staer 23,Gari,Jilava,—,Ilfov,Sud,1
Staer 23,Staer 23,Garoafei,Jilava,—,Ilfov,Sud,1
Staer 23,Staer 23,Lalelelor,Jilava,—,Ilfov,Sud,1
Staer 23,Staer 23,Libertaii,Jilava,—,Ilfov,Sud,1
Staer 23,Staer 23,Moli,Jilava,—,Ilfov,Sud,1
Staer 23,Staer 23,Nicolae Balcescu,Jilava,—,Ilfov,Sud,1
Staer 23,Staer 23,Pantei,Jilava,—,Ilfov,Sud,1
Staer 23,Staer 23,Tineretului,Jilava,—,Ilfov,Sud,1
Staer 23,Staer 23,Trandafirilor,Jilava,—,Ilfov,Sud,1
Staer 23,Staer 23,Verii,Jilava,—,Ilfov,Sud,1
Staer 23,Staer 23,Zorelelor,Jilava,—,Ilfov,Sud,1
Staer 23,Staer 23,Garii,Jilava,—,Ilfov,Sud,1
Staer 23,Staer 23,Morii,Jilava,—,Ilfov,Sud,1
Staer 23,Staer 23,Matei Basarab,Lipia,—,Ilfov,Ilfov neatribuit,1
Staer 23,Staer 23,Amurgului,Măgurele,—,Ilfov,Sud-Vest,1
Staer 23,Staer 23,Albastrelelor,Măgurele,—,Ilfov,Sud-Vest,1
Staer 23,Staer 23,Marasesti,Măgurele,—,Ilfov,Sud-Vest,1
Staer 23,Staer 23,Miraslau,Măgurele,—,Ilfov,Sud-Vest,1
Staer 23,Staer 23,Deal,Măgurele,—,Ilfov,Sud-Vest,1
Staer 23,Staer 23,Crangului,Manolache,—,Ilfov,Ilfov neatribuit,1
Staer 23,Staer 23,Lunga,Manolache,—,Ilfov,Ilfov neatribuit,1
Staer 23,Staer 23,Albastrelelor,Măgurele,—,Ilfov,Sud-Vest,1
Staer 23,Staer 23,Begoniei,Măgurele,—,Ilfov,Sud-Vest,1
Staer 23,Staer 23,Bujorilor,Măgurele,—,Ilfov,Sud-Vest,1
Staer 23,Staer 23,Campul cu Maci,Măgurele,—,Ilfov,Sud-Vest,1
Staer 23,Staer 23,Ciocarliei,Măgurele,—,Ilfov,Sud-Vest,1
Staer 23,Staer 23,Fabrici,Măgurele,—,Ilfov,Sud-Vest,1
Staer 23,Staer 23,Georgre Calinescu,Măgurele,—,Ilfov,Sud-Vest,1
Staer 23,Staer 23,Int Crinului,Măgurele,—,Ilfov,Sud-Vest,1
Staer 23,Staer 23,Intrarea Berbecului,Măgurele,—,Ilfov,Sud-Vest,1
Staer 23,Staer 23,Leului,Măgurele,—,Ilfov,Sud-Vest,1
Staer 23,Staer 23,Nuferilor,Măgurele,—,Ilfov,Sud-Vest,1
Staer 23,Staer 23,Pestilor,Măgurele,—,Ilfov,Sud-Vest,1
Staer 23,Staer 23,Rovine,Măgurele,—,Ilfov,Sud-Vest,1
Staer 23,Staer 23,Silimbar,Măgurele,—,Ilfov,Sud-Vest,1
Staer 23,Staer 23,Strada Fizicienilor,Măgurele,—,Ilfov,Sud-Vest,1
Staer 23,Staer 23,Strada Turturelelor,Măgurele,—,Ilfov,Sud-Vest,1
Staer 23,Staer 23,Sulfinei,Măgurele,—,Ilfov,Sud-Vest,1
Staer 23,Staer 23,T=40 Lei,Măgurele,—,Ilfov,Sud-Vest,1
Staer 23,Staer 23,Toporasi,Măgurele,—,Ilfov,Sud-Vest,1
Staer 23,Staer 23,Uranus,Măgurele,—,Ilfov,Sud-Vest,1
Staer 23,Staer 23,Grigore Lupu,Moara Vlăsiei,—,Ilfov,Ilfov neatribuit,1
Staer 23,Staer 23,Liviu Rebreanu,Moara Vlăsiei,—,Ilfov,Ilfov neatribuit,1
Staer 23,Staer 23,Mihai Eminescu,Moara Vlăsiei,—,Ilfov,Ilfov neatribuit,1
Staer 23,Staer 23,Octavian Goga,Moara Vlăsiei,—,Ilfov,Ilfov neatribuit,1
Staer 23,Staer 23,Primaverii,Moara Vlăsiei,—,Ilfov,Ilfov neatribuit,1
Staer 23,Staer 23,Șoseaua Eroilor,Moara Vlăsiei,—,Ilfov,Ilfov neatribuit,1
Staer 23,Staer 23,Chitila Padure,Mogoșoaia,—,Ilfov,Nord,1
Staer 23,Staer 23,Crangului,Mogoșoaia,—,Ilfov,Nord,1
Staer 23,Staer 23,Fierarului,Mogoșoaia,—,Ilfov,Nord,1
Staer 23,Staer 23,Mogosoaia,Mogoșoaia,—,Ilfov,Nord,1
Staer 23,Staer 23,Nichita Stanescu,Mogoșoaia,—,Ilfov,Nord,1
Staer 23,Staer 23,Paunului,Mogoșoaia,—,Ilfov,Nord,1
Staer 23,Staer 23,Stadionului,Mogoșoaia,—,Ilfov,Nord,1
Staer 23,Staer 23,Tudor Arghezi,Mogoșoaia,—,Ilfov,Nord,1
Staer 23,Staer 23,Vanatorilor,Mogoșoaia,—,Ilfov,Nord,1
Staer 23,Staer 23,Viilor,Mogoșoaia,—,Ilfov,Nord,1
Staer 23,Staer 23,Cimpului,Pantelimon,—,Ilfov,Nord-Est,1
Staer 23,Staer 23,Toamnei,Ostratu,—,Ilfov,Ilfov neatribuit,1
Staer 23,Staer 23,9 Mai,Otopeni,—,Ilfov,Nord,1
Staer 23,Staer 23,Aviator Adrian Iovan,Otopeni,—,Ilfov,Nord,1
Staer 23,Staer 23,Avram Iancu,Otopeni,—,Ilfov,Nord,1
Staer 23,Staer 23,Calea Ea Bucuresti,Otopeni,—,Ilfov,Nord,1
Staer 23,Staer 23,Calea Ea Bucurestilor,Otopeni,—,Ilfov,Nord,1
Staer 23,Staer 23,Campului,Otopeni,—,Ilfov,Nord,1
Staer 23,Staer 23,Ferme M,Otopeni,—,Ilfov,Nord,1
Staer 23,Staer 23,George Enescu,Otopeni,—,Ilfov,Nord,1
Staer 23,Staer 23,Grivitei,Otopeni,—,Ilfov,Nord,1
Staer 23,Staer 23,Intrarea Area Paltinului,Otopeni,—,Ilfov,Nord,1
Staer 23,Staer 23,Intrarea Area Randunelelor,Otopeni,—,Ilfov,Nord,1
Staer 23,Staer 23,Intrarea Sergiu Celibidache,Otopeni,—,Ilfov,Nord,1
Staer 23,Staer 23,Marasesti,Otopeni,—,Ilfov,Nord,1
Staer 23,Staer 23,Marin Sorescu,Otopeni,—,Ilfov,Nord,1
Staer 23,Staer 23,Munteniei,Otopeni,—,Ilfov,Nord,1
Staer 23,Staer 23,Nichita Stanescu,Otopeni,—,Ilfov,Nord,1
Staer 23,Staer 23,Strada Ciprian Porumbescu,Otopeni,—,Ilfov,Nord,1
Staer 23,Staer 23,Tudor Vladimirescu,Otopeni,—,Ilfov,Nord,1
Staer 23,Staer 23,Constantin Brancoveanu,Otopeni,—,Ilfov,Nord,1
Staer 23,Staer 23,Acvilei,Pantelimon,—,Ilfov,Nord-Est,1
Staer 23,Staer 23,Aleea Ea Satu Mare,Pantelimon,—,Ilfov,Nord-Est,1
Staer 23,Staer 23,Ambroziei,Pantelimon,—,Ilfov,Nord-Est,1
Staer 23,Staer 23,Apusului,Pantelimon,—,Ilfov,Nord-Est,1
Staer 23,Staer 23,Arad,Pantelimon,—,Ilfov,Nord-Est,1
Staer 23,Staer 23,Armatei,Pantelimon,—,Ilfov,Nord-Est,1
Staer 23,Staer 23,Brasov,Pantelimon,—,Ilfov,Nord-Est,1
Staer 23,Staer 23,Bufnitei - Ultima Casa de pe Partea Stanga,Pantelimon,—,Ilfov,Nord-Est,1
Staer 23,Staer 23,Calea Ea Bucurestilor,Pantelimon,—,Ilfov,Nord-Est,1
Staer 23,Staer 23,Caras Severin,Pantelimon,—,Ilfov,Nord-Est,1
Staer 23,Staer 23,Clementinelor,Pantelimon,—,Ilfov,Nord-Est,1
Staer 23,Staer 23,Clemetinelor,Pantelimon,—,Ilfov,Nord-Est,1
Staer 23,Staer 23,Cocostarcului,Pantelimon,—,Ilfov,Nord-Est,1
Staer 23,Staer 23,Cotofenei,Pantelimon,—,Ilfov,Nord-Est,1
Staer 23,Staer 23,Crisului,Pantelimon,—,Ilfov,Nord-Est,1
Staer 23,Staer 23,Dragnarilor,Pantelimon,—,Ilfov,Nord-Est,1
Staer 23,Staer 23,Drumul Garii,Pantelimon,—,Ilfov,Nord-Est,1
Staer 23,Staer 23,Dumintru N Dumitru,Pantelimon,—,Ilfov,Nord-Est,1
Staer 23,Staer 23,Dunarii,Pantelimon,—,Ilfov,Nord-Est,1
Staer 23,Staer 23,Duzilor,Pantelimon,—,Ilfov,Nord-Est,1
Staer 23,Staer 23,Ecaterina Mihaika,Pantelimon,—,Ilfov,Nord-Est,1
Staer 23,Staer 23,Ecaterina Mihaila,Pantelimon,—,Ilfov,Nord-Est,1
Staer 23,Staer 23,Fanului,Pantelimon,—,Ilfov,Nord-Est,1
Staer 23,Staer 23,Fermei,Pantelimon,—,Ilfov,Nord-Est,1
Staer 23,Staer 23,Frasinului,Pantelimon,—,Ilfov,Nord-Est,1
Staer 23,Staer 23,George Tarnea,Pantelimon,—,Ilfov,Nord-Est,1
Staer 23,Staer 23,Gradinarilor,Pantelimon,—,Ilfov,Nord-Est,1
Staer 23,Staer 23,Grigore Ghica,Pantelimon,—,Ilfov,Nord-Est,1
Staer 23,Staer 23,Ienuparului,Pantelimon,—,Ilfov,Nord-Est,1
Staer 23,Staer 23,Ifarului,Pantelimon,—,Ilfov,Nord-Est,1
Staer 23,Staer 23,Intrarea Area Cernei,Pantelimon,—,Ilfov,Nord-Est,1
Staer 23,Staer 23,Intrarea Bujorului,Pantelimon,—,Ilfov,Nord-Est,1
Staer 23,Staer 23,Intrarea Campului,Pantelimon,—,Ilfov,Nord-Est,1
Staer 23,Staer 23,Ion Sulea,Pantelimon,—,Ilfov,Nord-Est,1
Staer 23,Staer 23,Iosif Sava,Pantelimon,—,Ilfov,Nord-Est,1
Staer 23,Staer 23,Lavandei,Pantelimon,—,Ilfov,Nord-Est,1
Staer 23,Staer 23,Licuricilor,Pantelimon,—,Ilfov,Nord-Est,1
Staer 23,Staer 23,Nerei,Pantelimon,—,Ilfov,Nord-Est,1
Staer 23,Staer 23,Nevei,Pantelimon,—,Ilfov,Nord-Est,1
Staer 23,Staer 23,Nicolae Grigorescu,Pantelimon,—,Ilfov,Nord-Est,1
Staer 23,Staer 23,Nistrului,Pantelimon,—,Ilfov,Nord-Est,1
Staer 23,Staer 23,Oitelor 18,Pantelimon,—,Ilfov,Nord-Est,1
Staer 23,Staer 23,Pitigoiului,Pantelimon,—,Ilfov,Nord-Est,1
Staer 23,Staer 23,Poet George Tarnea,Pantelimon,—,Ilfov,Nord-Est,1
Staer 23,Staer 23,Portocalilor,Pantelimon,—,Ilfov,Nord-Est,1
Staer 23,Staer 23,Randunici,Pantelimon,—,Ilfov,Nord-Est,1
Staer 23,Staer 23,Razorului,Pantelimon,—,Ilfov,Nord-Est,1
Staer 23,Staer 23,Reoilor,Pantelimon,—,Ilfov,Nord-Est,1
Staer 23,Staer 23,Rotarilor,Pantelimon,—,Ilfov,Nord-Est,1
Staer 23,Staer 23,Salaj,Pantelimon,—,Ilfov,Nord-Est,1
Staer 23,Staer 23,Sf Andrei,Pantelimon,—,Ilfov,Nord-Est,1
Staer 23,Staer 23,Sf Ghoerghe,Pantelimon,—,Ilfov,Nord-Est,1
Staer 23,Staer 23,Sfantul Andrei,Pantelimon,—,Ilfov,Nord-Est,1
Staer 23,Staer 23,Sinaia,Pantelimon,—,Ilfov,Nord-Est,1
Staer 23,Staer 23,Siretului,Pantelimon,—,Ilfov,Nord-Est,1
Staer 23,Staer 23,Sticletelui,Pantelimon,—,Ilfov,Nord-Est,1
Staer 23,Staer 23,Valcea,Pantelimon,—,Ilfov,Nord-Est,1
Staer 23,Staer 23,Vatra Dornei,Pantelimon,—,Ilfov,Nord-Est,1
Staer 23,Staer 23,Velei,Pantelimon,—,Ilfov,Nord-Est,1
Staer 23,Staer 23,Vidrei,Pantelimon,—,Ilfov,Nord-Est,1
Staer 23,Staer 23,Viilor I,Pantelimon,—,Ilfov,Nord-Est,1
Staer 23,Staer 23,Visinilor,Pantelimon,—,Ilfov,Nord-Est,1
Staer 23,Staer 23,Vulturului,Pantelimon,—,Ilfov,Nord-Est,1
Staer 23,Staer 23,Zambilelor,Pantelimon,—,Ilfov,Nord-Est,1
Staer 23,Staer 23,Aleea Ea Gladiolei,Pantelimon,—,Ilfov,Nord-Est,1
Staer 23,Staer 23,Dumitru N Dumitru,Pantelimon,—,Ilfov,Nord-Est,1
Staer 23,Staer 23,Ecaterina Teodoroiu,Pantelimon,—,Ilfov,Nord-Est,1
Staer 23,Staer 23,Fericirii,Pantelimon,—,Ilfov,Nord-Est,1
Staer 23,Staer 23,Sulfinei,Pantelimon,—,Ilfov,Nord-Est,1
Staer 23,Staer 23,Zaganului,Pantelimon,—,Ilfov,Nord-Est,1
Staer 23,Staer 23,Hunedoara,Pantelion,—,Ilfov,Ilfov neatribuit,1
Staer 23,Staer 23,Ecaterina Mihaila,Pantilimon,—,Ilfov,Ilfov neatribuit,1
Staer 23,Staer 23,Agricultori,Brănești,—,Ilfov,Est,1
Staer 23,Staer 23,Aviator,Brănești,—,Ilfov,Est,1
Staer 23,Staer 23,Calea Ea Bucuresti,Brănești,—,Ilfov,Est,1
Staer 23,Staer 23,Naframei,Patelimon,—,Ilfov,Ilfov neatribuit,1
Staer 23,Staer 23,Alunului,Periș,—,Ilfov,Nord,1
Staer 23,Staer 23,Carpenului,Periș,—,Ilfov,Nord,1
Staer 23,Staer 23,Prof.ion Dorobantu,Periș,—,Ilfov,Nord,1
Staer 23,Staer 23,Brebeneilor,Petrachioaia,—,Ilfov,Ilfov neatribuit,1
Staer 23,Staer 23,Ciresului,Petrachioaia,—,Ilfov,Ilfov neatribuit,1
Staer 23,Staer 23,Toporasilor,Petrachioaia,—,Ilfov,Ilfov neatribuit,1
Staer 23,Staer 23,Institutului,Corbeanca,—,Ilfov,Nord,1
Staer 23,Staer 23,Bulevardul Pipera( Ibiza Sol Complex ),Voluntari–Pipera,—,Ilfov,Nord,1
Staer 23,Staer 23,Drumul Negru,Voluntari–Pipera,—,Ilfov,Nord,1
Staer 23,Staer 23,Frasari,Voluntari–Pipera,—,Ilfov,Nord,1
Staer 23,Staer 23,Serban Ion,Voluntari–Pipera,—,Ilfov,Nord,1
Staer 23,Staer 23,Strada Ada Vila 7,Voluntari–Pipera,—,Ilfov,Nord,1
Staer 23,Staer 23,Orizontului,Popești-Leordeni,—,Ilfov,Sud,1
Staer 23,Staer 23,Paraul Rece,Popești-Leordeni,—,Ilfov,Sud,1
Staer 23,Staer 23,Echinoctiului,Popești-Leordeni,—,Ilfov,Sud,1
Staer 23,Staer 23,Șoseaua Oltenitei,Popești-Leordeni,—,Ilfov,Sud,1
Staer 23,Staer 23,Apusului,Popești-Leordeni,—,Ilfov,Sud,1
Staer 23,Staer 23,Drumul Fermei,Popești-Leordeni,—,Ilfov,Sud,1
Staer 23,Staer 23,Agnes,Popești-Leordeni,—,Ilfov,Sud,1
Staer 23,Staer 23,Aiu Unirii,Popești-Leordeni,—,Ilfov,Sud,1
Staer 23,Staer 23,Amurgului- Palm Residence,Popești-Leordeni,—,Ilfov,Sud,1
Staer 23,Staer 23,Apusului,Popești-Leordeni,—,Ilfov,Sud,1
Staer 23,Staer 23,Campului,Popești-Leordeni,—,Ilfov,Sud,1
Staer 23,Staer 23,Ciresilor,Popești-Leordeni,—,Ilfov,Sud,1
Staer 23,Staer 23,Fortului,Popești-Leordeni,—,Ilfov,Sud,1
Staer 23,Staer 23,Gabriel Pantazica,Popești-Leordeni,—,Ilfov,Sud,1
Staer 23,Staer 23,Ion Scortaru,Popești-Leordeni,—,Ilfov,Sud,1
Staer 23,Staer 23,Leonard Murialdo,Popești-Leordeni,—,Ilfov,Sud,1
Staer 23,Staer 23,Livezi,Popești-Leordeni,—,Ilfov,Sud,1
Staer 23,Staer 23,Paraul Rece,Popești-Leordeni,—,Ilfov,Sud,1
Staer 23,Staer 23,Piriul Rece,Popești-Leordeni,—,Ilfov,Sud,1
Staer 23,Staer 23,Plopului,Popești-Leordeni,—,Ilfov,Sud,1
Staer 23,Staer 23,Porumbacului,Popești-Leordeni,—,Ilfov,Sud,1
Staer 23,Staer 23,Postesti Vest,Popești-Leordeni,—,Ilfov,Sud,1
Staer 23,Staer 23,Rasaritului,Popești-Leordeni,—,Ilfov,Sud,1
Staer 23,Staer 23,Sf Andrei,Popești-Leordeni,—,Ilfov,Sud,1
Staer 23,Staer 23,Sf Ioan,Popești-Leordeni,—,Ilfov,Sud,1
Staer 23,Staer 23,Sf Voievozi,Popești-Leordeni,—,Ilfov,Sud,1
Staer 23,Staer 23,Sfintii Voievozi,Popești-Leordeni,—,Ilfov,Sud,1
Staer 23,Staer 23,Solstiului,Popești-Leordeni,—,Ilfov,Sud,1
Staer 23,Staer 23,Soroiu Stroici Elena,Popești-Leordeni,—,Ilfov,Sud,1
Staer 23,Staer 23,Șoseaua Berceni,Popești-Leordeni,—,Ilfov,Sud,1
Staer 23,Staer 23,Șoseaua Eaua Lordeni,Popești-Leordeni,—,Ilfov,Sud,1
Staer 23,Staer 23,Viilor,Popești-Leordeni,—,Ilfov,Sud,1
Staer 23,Staer 23,Amurgului,Popești-Leordeni,—,Ilfov,Sud,1
Staer 23,Staer 23,Drumul Fermei,Popești-Leordeni,—,Ilfov,Sud,1
Staer 23,Staer 23,Sfintii Voievozi,Popești-Leordeni,—,Ilfov,Sud,1
Staer 23,Staer 23,Șoseaua Oltenitei,Popești-Leordeni,—,Ilfov,Sud,1
Staer 23,Staer 23,Apollo Residence,Popești-Leordeni,—,Ilfov,Sud,1
Staer 23,Staer 23,Drumul Fermei,Popești-Leordeni,—,Ilfov,Sud,1
Staer 23,Staer 23,Oituz,Popești-Leordeni,—,Ilfov,Sud,1
Staer 23,Staer 23,Solstitiului,Popești-Leordeni,—,Ilfov,Sud,1
Staer 23,Staer 23,1mai,Popești-Leordeni,—,Ilfov,Sud,1
Staer 23,Staer 23,Agnes,Popești-Leordeni,—,Ilfov,Sud,1
Staer 23,Staer 23,Aiu Unirii,Popești-Leordeni,—,Ilfov,Sud,1
Staer 23,Staer 23,Amurgului - Viva Residence,Popești-Leordeni,—,Ilfov,Sud,1
Staer 23,Staer 23,Amurgului(moon Residence 2),Popești-Leordeni,—,Ilfov,Sud,1
Staer 23,Staer 23,Ancutei,Popești-Leordeni,—,Ilfov,Sud,1
Staer 23,Staer 23,Bateriei 9,Popești-Leordeni,—,Ilfov,Sud,1
Staer 23,Staer 23,Biruintei - Complex Apollo Residence 3,Popești-Leordeni,—,Ilfov,Sud,1
Staer 23,Staer 23,Biruintei- Siena Residence,Popești-Leordeni,—,Ilfov,Sud,1
Staer 23,Staer 23,Breaza,Popești-Leordeni,—,Ilfov,Sud,1
Staer 23,Staer 23,C Vacarescu,Popești-Leordeni,—,Ilfov,Sud,1
Staer 23,Staer 23,Campului,Popești-Leordeni,—,Ilfov,Sud,1
Staer 23,Staer 23,Cheile Dambovitei,Popești-Leordeni,—,Ilfov,Sud,1
Staer 23,Staer 23,Cheiul Dambovitei Trend Residence,Popești-Leordeni,—,Ilfov,Sud,1
Staer 23,Staer 23,Cheiul Dambovitei(complex Trend Residence),Popești-Leordeni,—,Ilfov,Sud,1
Staer 23,Staer 23,Confort City,Popești-Leordeni,—,Ilfov,Sud,1
Staer 23,Staer 23,Durmul Fermei,Popești-Leordeni,—,Ilfov,Sud,1
Staer 23,Staer 23,Echinotiului,Popești-Leordeni,—,Ilfov,Sud,1
Staer 23,Staer 23,Echinoxului,Popești-Leordeni,—,Ilfov,Sud,1
Staer 23,Staer 23,Fecioarei,Popești-Leordeni,—,Ilfov,Sud,1
Staer 23,Staer 23,Fortului,Popești-Leordeni,—,Ilfov,Sud,1
Staer 23,Staer 23,Garian Alexandru,Popești-Leordeni,—,Ilfov,Sud,1
Staer 23,Staer 23,Garoafelor,Popești-Leordeni,—,Ilfov,Sud,1
Staer 23,Staer 23,Gheorghe Costaforu,Popești-Leordeni,—,Ilfov,Sud,1
Staer 23,Staer 23,Greaca,Popești-Leordeni,—,Ilfov,Sud,1
Staer 23,Staer 23,Industriei,Popești-Leordeni,—,Ilfov,Sud,1
Staer 23,Staer 23,Int. Fecioarei,Popești-Leordeni,—,Ilfov,Sud,1
Staer 23,Staer 23,Intrarea Area Drumul Fermei,Popești-Leordeni,—,Ilfov,Sud,1
Staer 23,Staer 23,Ion Scortaru,Popești-Leordeni,—,Ilfov,Sud,1
Staer 23,Staer 23,Leonardo Murialdo,Popești-Leordeni,—,Ilfov,Sud,1
Staer 23,Staer 23,Livezi,Popești-Leordeni,—,Ilfov,Sud,1
Staer 23,Staer 23,Miraslau,Popești-Leordeni,—,Ilfov,Sud,1
Staer 23,Staer 23,Mireslau,Popești-Leordeni,—,Ilfov,Sud,1
Staer 23,Staer 23,Murgului,Popești-Leordeni,—,Ilfov,Sud,1
Staer 23,Staer 23,NECUNOSCUTĂ,Popești-Leordeni,—,Ilfov,Sud,1
Staer 23,Staer 23,Oituz 54j,Popești-Leordeni,—,Ilfov,Sud,1
Staer 23,Staer 23,Oltenitei,Popești-Leordeni,—,Ilfov,Sud,1
Staer 23,Staer 23,Orizontului- Theta Rezidence,Popești-Leordeni,—,Ilfov,Sud,1
Staer 23,Staer 23,Orizontului(leordeni),Popești-Leordeni,—,Ilfov,Sud,1
Staer 23,Staer 23,Pavel Ceamur,Popești-Leordeni,—,Ilfov,Sud,1
Staer 23,Staer 23,Piriul Rece,Popești-Leordeni,—,Ilfov,Sud,1
Staer 23,Staer 23,Pogoanelor,Popești-Leordeni,—,Ilfov,Sud,1
Staer 23,Staer 23,Popestivest,Popești-Leordeni,—,Ilfov,Sud,1
Staer 23,Staer 23,Posada,Popești-Leordeni,—,Ilfov,Sud,1
Staer 23,Staer 23,Rosiori,Popești-Leordeni,—,Ilfov,Sud,1
Staer 23,Staer 23,Sabarului,Popești-Leordeni,—,Ilfov,Sud,1
Staer 23,Staer 23,Sf Vasile,Popești-Leordeni,—,Ilfov,Sud,1
Staer 23,Staer 23,Sfantul Gheorghe,Popești-Leordeni,—,Ilfov,Sud,1
Staer 23,Staer 23,Soldtitiului,Popești-Leordeni,—,Ilfov,Sud,1
Staer 23,Staer 23,Soroiu Stroici Elena,Popești-Leordeni,—,Ilfov,Sud,1
Staer 23,Staer 23,Spaiul Unirii,Popești-Leordeni,—,Ilfov,Sud,1
Staer 23,Staer 23,Sperentei,Popești-Leordeni,—,Ilfov,Sud,1
Staer 23,Staer 23,Șoseaua Oltenitei- Gama Residence,Popești-Leordeni,—,Ilfov,Sud,1
Staer 23,Staer 23,Tractoristilor,Popești-Leordeni,—,Ilfov,Sud,1
Staer 23,Staer 23,Trancioveanu Iosif,Popești-Leordeni,—,Ilfov,Sud,1
Staer 23,Staer 23,Uil Fermei,Popești-Leordeni,—,Ilfov,Sud,1
Staer 23,Staer 23,Xandru Garian,Popești-Leordeni,—,Ilfov,Sud,1
Staer 23,Staer 23,Zorilor,Popești-Leordeni,—,Ilfov,Sud,1
Staer 23,Staer 23,Drumul Fermei,Popești-Leordeni,—,Ilfov,Sud,1
Staer 23,Staer 23,Maica Tereza,Popești-Leordeni,—,Ilfov,Sud,1
Staer 23,Staer 23,Pavlichieni,Popești-Leordeni,—,Ilfov,Sud,1
Staer 23,Staer 23,Biruinte,Popești-Leordeni,—,Ilfov,Sud,1
Staer 23,Staer 23,Drumul Fermei,Popești-Leordeni,—,Ilfov,Sud,1
Staer 23,Staer 23,Șoseaua Postei,Posta,—,Ilfov,Ilfov neatribuit,1
Staer 23,Staer 23,3a,Privighetorilor,—,Ilfov,Ilfov neatribuit,1
Staer 23,Staer 23,Arges,Pruni,—,Ilfov,Ilfov neatribuit,1
Staer 23,Staer 23,1864,Chiajna–Roșu–Dudu,—,Ilfov,Vest,1
Staer 23,Staer 23,General David Praporgescu,Chiajna–Roșu–Dudu,—,Ilfov,Vest,1
Staer 23,Staer 23,Drumul Bacriului,Chiajna–Roșu–Dudu,—,Ilfov,Vest,1
Staer 23,Staer 23,Rezervelor,Chiajna–Roșu–Dudu,—,Ilfov,Vest,1
Staer 23,Staer 23,Dealu Mare,Samurcasi - Crevedia,—,Ilfov,Ilfov neatribuit,1
Staer 23,Staer 23,Islazului,Gruiu,—,Ilfov,Nord,1
Staer 23,Staer 23,Ion Barbu,Sat 1 Decembrie,—,Ilfov,Ilfov neatribuit,1
Staer 23,Staer 23,Șoseaua Baku,Afumați,—,Ilfov,Nord-Est,1
Staer 23,Staer 23,Șoseaua Bucuresti-Urziceni,Afumați,—,Ilfov,Nord-Est,1
Staer 23,Staer 23,Tudor Vladimirescu,"Sat Berceni , Comuna Berceni",—,Ilfov,Ilfov neatribuit,1
Staer 23,Staer 23,Eroilor,Sat Berceni Com. Berceni,—,Ilfov,Ilfov neatribuit,1
Staer 23,Staer 23,Garii,Sat Catelu,—,Ilfov,Ilfov neatribuit,1
Staer 23,Staer 23,Principala,Sat Copaceni,—,Ilfov,Ilfov neatribuit,1
Staer 23,Staer 23,Bisericii,Sat Cosereni,—,Ilfov,Ilfov neatribuit,1
Staer 23,Staer 23,Macesului,Ștefăneștii de Jos,—,Ilfov,Nord-Est,1
Staer 23,Staer 23,Dr.fermei,Dobroești,—,Ilfov,Nord-Est,1
Staer 23,Staer 23,Orhideelor,Chiajna–Roșu–Dudu,—,Ilfov,Vest,1
Staer 23,Staer 23,Tineretului,Chiajna–Roșu–Dudu,—,Ilfov,Vest,1
Staer 23,Staer 23,Ciresului,Sat Fundeni,—,Ilfov,Ilfov neatribuit,1
Staer 23,Staer 23,Parului,Dobroești,—,Ilfov,Nord-Est,1
Staer 23,Staer 23,Mierlei,Glina,—,Ilfov,Est,1
Staer 23,Staer 23,Șoseaua Giurgiului,Jilava,—,Ilfov,Sud,1
Staer 23,Staer 23,Strada Grigore Alexandrescu,Periș,—,Ilfov,Nord,1
Staer 23,Staer 23,Drumul Fermei,Popești-Leordeni,—,Ilfov,Sud,1
Staer 23,Staer 23,Rezervelor,Chiajna–Roșu–Dudu,—,Ilfov,Vest,1
Staer 23,Staer 23,Rezervelor,Chiajna–Roșu–Dudu,—,Ilfov,Vest,1
Staer 23,Staer 23,Principala,Sat Sintesti - Vidra,—,Ilfov,Ilfov neatribuit,1
Staer 23,Staer 23,Parmac 5,"Sat Sintesti,com Vidra",—,Ilfov,Ilfov neatribuit,1
Staer 23,Staer 23,Bisericii,Sat Vidra,—,Ilfov,Ilfov neatribuit,1
Staer 23,Staer 23,Begoniilor,Ștefăneștii de Jos,—,Ilfov,Nord-Est,1
Staer 23,Staer 23,Aurel Vlaicu,Voluntari–Pipera,—,Ilfov,Nord,1
Staer 23,Staer 23,Calea Ea Bucuresti,Săftica,—,Ilfov,Ilfov neatribuit,1
Staer 23,Staer 23,Splaiul Aiul Unirii,Sector 4,—,Ilfov,Ilfov neatribuit,1
Staer 23,Staer 23,Campului,Sintesti,—,Ilfov,Ilfov neatribuit,1
Staer 23,Staer 23,Principala,Sintesti - Vidra,—,Ilfov,Ilfov neatribuit,1
Staer 23,Staer 23,Florilor,Snagov,—,Ilfov,Nord,1
Staer 23,Staer 23,Liliacului,Snagov,—,Ilfov,Nord,1
Staer 23,Staer 23,Liliacului,Snagov,—,Ilfov,Nord,1
Staer 23,Staer 23,35,Solstitiului,—,Ilfov,Ilfov neatribuit,1
Staer 23,Staer 23,Viitorului( Cartier Alegria ),Sos Oltenitei Dn4( Spre Frumusani),—,Ilfov,Ilfov neatribuit,1
Staer 23,Staer 23,Fagarasi,Ștefăneștii de Jos,—,Ilfov,Nord-Est,1
Staer 23,Staer 23,Liberattii,Ștefăneștii de Jos,—,Ilfov,Nord-Est,1
Staer 23,Staer 23,Libertatii,Ștefăneștii de Jos,—,Ilfov,Nord-Est,1
Staer 23,Staer 23,Șoseaua De Centura,Ștefăneștii de Jos,—,Ilfov,Nord-Est,1
Staer 23,Staer 23,Cosmopolis,Ștefăneștii de Jos,—,Ilfov,Nord-Est,1
Staer 23,Staer 23,Crinilor,Ștefăneștii de Jos,—,Ilfov,Nord-Est,1
Staer 23,Staer 23,Trandafirilor,Ștefăneștii de Jos,—,Ilfov,Nord-Est,1
Staer 23,Staer 23,Libertatii,Stefanestuii de Jos,—,Ilfov,Ilfov neatribuit,1
Staer 23,Staer 23,Complex Cosmopolis Str Hortensiei,Ștefăneștii de Jos,—,Ilfov,Nord-Est,1
Staer 23,Staer 23,"Europa,cartier Cosmopolis",Ștefăneștii de Jos,—,Ilfov,Nord-Est,1
Staer 23,Staer 23,Fericirii,Ștefăneștii de Jos,—,Ilfov,Nord-Est,1
Staer 23,Staer 23,Linia de Centura- Cosmopolis,Ștefăneștii de Jos,—,Ilfov,Nord-Est,1
Staer 23,Staer 23,Salcamului,Ștefăneștii de Jos,—,Ilfov,Nord-Est,1
Staer 23,Staer 23,Strada Ada Lavandei - Cosmopolis,Ștefăneștii de Jos,—,Ilfov,Nord-Est,1
Staer 23,Staer 23,Strada Irisului,Ștefăneștii de Jos,—,Ilfov,Nord-Est,1
Staer 23,Staer 23,Șoseaua Linia de Centura,Ștefăneștii de Jos,—,Ilfov,Nord-Est,1
Staer 23,Staer 23,Atena,Tamas,—,Ilfov,Ilfov neatribuit,1
Staer 23,Staer 23,Nordului,Tamas,—,Ilfov,Ilfov neatribuit,1
Staer 23,Staer 23,Radu cel Frumos,Tinganu,—,Ilfov,Ilfov neatribuit,1
Staer 23,Staer 23,1 Dec,Tunari,—,Ilfov,Nord,1
Staer 23,Staer 23,Aero City,Tunari,—,Ilfov,Nord,1
Staer 23,Staer 23,Campului,Tunari,—,Ilfov,Nord,1
Staer 23,Staer 23,Ecaterina Teodoroiu,Tunari,—,Ilfov,Nord,1
Staer 23,Staer 23,Izlasului,Tunari,—,Ilfov,Nord,1
Staer 23,Staer 23,Mihail Eminescu,Tunari,—,Ilfov,Nord,1
Staer 23,Staer 23,Murgului,Tunari,—,Ilfov,Nord,1
Staer 23,Staer 23,Nordului,Tunari,—,Ilfov,Nord,1
Staer 23,Staer 23,Oituz,Tunari,—,Ilfov,Nord,1
Staer 23,Staer 23,Orientului (mira Residance),Tunari,—,Ilfov,Nord,1
Staer 23,Staer 23,Orientului * Mira Rezidence,Tunari,—,Ilfov,Nord,1
Staer 23,Staer 23,Petuniei,Tunari,—,Ilfov,Nord,1
Staer 23,Staer 23,Primaverii,Tunari,—,Ilfov,Nord,1
Staer 23,Staer 23,Tudor Arghezi,Tunari,—,Ilfov,Nord,1
Staer 23,Staer 23,Washington,Tunari,—,Ilfov,Nord,1
Staer 23,Staer 23,X Ioan Cuza,Tunari,—,Ilfov,Nord,1
Staer 23,Staer 23,Xandru Ioan Cuza,Tunari,—,Ilfov,Nord,1
Staer 23,Staer 23,Poiana Florilor,Țegheș,—,Ilfov,Ilfov neatribuit,1
Staer 23,Staer 23,Strada Căminului,Țegheș,—,Ilfov,Ilfov neatribuit,1
Staer 23,Staer 23,Calea Ea Bucurestiului,Măgurele,—,Ilfov,Sud-Vest,1
Staer 23,Staer 23,Benzinariei,Vidra,—,Ilfov,Sud,1
Staer 23,Staer 23,Bisericii,Vidra,—,Ilfov,Sud,1
Staer 23,Staer 23,Ciresului,Vidra,—,Ilfov,Sud,1
Staer 23,Staer 23,Ciulinari,Vidra,—,Ilfov,Sud,1
Staer 23,Staer 23,Dragaica,Vidra,—,Ilfov,Sud,1
Staer 23,Staer 23,Lalelelor,Vidra,—,Ilfov,Sud,1
Staer 23,Staer 23,Linistei,Vidra,—,Ilfov,Sud,1
Staer 23,Staer 23,Macesului,Vidra,—,Ilfov,Sud,1
Staer 23,Staer 23,Margaretei,Vidra,—,Ilfov,Sud,1
Staer 23,Staer 23,Melodia,Vidra,—,Ilfov,Sud,1
Staer 23,Staer 23,Morii,Vidra,—,Ilfov,Sud,1
Staer 23,Staer 23,Nucului,Vidra,—,Ilfov,Sud,1
Staer 23,Staer 23,Nuferilor,Vidra,—,Ilfov,Sud,1
Staer 23,Staer 23,Prelungirea Ungirea Dealu Verde,Vidra,—,Ilfov,Sud,1
Staer 23,Staer 23,Rozelor,Vidra,—,Ilfov,Sud,1
Staer 23,Staer 23,Teiuliu,Vidra,—,Ilfov,Sud,1
Staer 23,Staer 23,Strada Ada Prel Dealu Verde,Vidra - Ansamblul Dealu Verde,—,Ilfov,Ilfov neatribuit,1
Staer 23,Staer 23,Salcamilor,Vidra - Dealul Verde,—,Ilfov,Ilfov neatribuit,1
Staer 23,Staer 23,Drumul Mare,Vidra - Sat Cretesti,—,Ilfov,Ilfov neatribuit,1
Staer 23,Staer 23,Vadul Mosului,Vidra - Sat Cretesti,—,Ilfov,Ilfov neatribuit,1
Staer 23,Staer 23,Zbarcea,Vidra - Sat Cretesti,—,Ilfov,Ilfov neatribuit,1
Staer 23,Staer 23,Principala,Vidra T=85 Lei,—,Ilfov,Ilfov neatribuit,1
Staer 23,Staer 23,Ciulinari,Vidra-Cretesti,—,Ilfov,Ilfov neatribuit,1
Staer 23,Staer 23,Principala,Vidra-Cretesti,—,Ilfov,Ilfov neatribuit,1
Staer 23,Staer 23,Baladei,Virteju,—,Ilfov,Ilfov neatribuit,1
Staer 23,Staer 23,Clabucet,Voltuntari,—,Ilfov,Ilfov neatribuit,1
Staer 23,Staer 23,A.s.puskin,Voluntari–Pipera,—,Ilfov,Nord,1
Staer 23,Staer 23,Aleea Ardealului,Voluntari–Pipera,—,Ilfov,Nord,1
Staer 23,Staer 23,Amza Pellea,Voluntari–Pipera,—,Ilfov,Nord,1
Staer 23,Staer 23,Bacau,Voluntari–Pipera,—,Ilfov,Nord,1
Staer 23,Staer 23,Bulevardul Dunarii,Voluntari–Pipera,—,Ilfov,Nord,1
Staer 23,Staer 23,Bulevardul Eroilor,Voluntari–Pipera,—,Ilfov,Nord,1
Staer 23,Staer 23,Bulevardul Iancu Nicolae,Voluntari–Pipera,—,Ilfov,Nord,1
Staer 23,Staer 23,Bulevardul Independentei,Voluntari–Pipera,—,Ilfov,Nord,1
Staer 23,Staer 23,Bulevardul Pipera - Strada Matei Basarab,Voluntari–Pipera,—,Ilfov,Nord,1
Staer 23,Staer 23,Bulevardul Tudor Vladimirescu,Voluntari–Pipera,—,Ilfov,Nord,1
Staer 23,Staer 23,Bulevardul Voluntari,Voluntari–Pipera,—,Ilfov,Nord,1
Staer 23,Staer 23,Campul Pipera,Voluntari–Pipera,—,Ilfov,Nord,1
Staer 23,Staer 23,Crizantemelor,Voluntari–Pipera,—,Ilfov,Nord,1
Staer 23,Staer 23,Dragos Voda,Voluntari–Pipera,—,Ilfov,Nord,1
Staer 23,Staer 23,Drumul Becheanului,Voluntari–Pipera,—,Ilfov,Nord,1
Staer 23,Staer 23,Erou Nita Pintea,Voluntari–Pipera,—,Ilfov,Nord,1
Staer 23,Staer 23,Floarea Soarelui,Voluntari–Pipera,—,Ilfov,Nord,1
Staer 23,Staer 23,Galata,Voluntari–Pipera,—,Ilfov,Nord,1
Staer 23,Staer 23,George Bacovia,Voluntari–Pipera,—,Ilfov,Nord,1
Staer 23,Staer 23,George Bacovianr,Voluntari–Pipera,—,Ilfov,Nord,1
Staer 23,Staer 23,Harghita,Voluntari–Pipera,—,Ilfov,Nord,1
Staer 23,Staer 23,Iancu Brezeanu,Voluntari–Pipera,—,Ilfov,Nord,1
Staer 23,Staer 23,Ion Funaghi,Voluntari–Pipera,—,Ilfov,Nord,1
Staer 23,Staer 23,Ion Sion,Voluntari–Pipera,—,Ilfov,Nord,1
Staer 23,Staer 23,Izvorului,Voluntari–Pipera,—,Ilfov,Nord,1
Staer 23,Staer 23,Liliacului,Voluntari–Pipera,—,Ilfov,Nord,1
Staer 23,Staer 23,Lotusului,Voluntari–Pipera,—,Ilfov,Nord,1
Staer 23,Staer 23,Mircea Eliade,Voluntari–Pipera,—,Ilfov,Nord,1
Staer 23,Staer 23,Mircea Marinescu,Voluntari–Pipera,—,Ilfov,Nord,1
Staer 23,Staer 23,Narciselor,Voluntari–Pipera,—,Ilfov,Nord,1
Staer 23,Staer 23,Neajlov,Voluntari–Pipera,—,Ilfov,Nord,1
Staer 23,Staer 23,Pipera,Voluntari–Pipera,—,Ilfov,Nord,1
Staer 23,Staer 23,Popa Sapca,Voluntari–Pipera,—,Ilfov,Nord,1
Staer 23,Staer 23,Popasului,Voluntari–Pipera,—,Ilfov,Nord,1
Staer 23,Staer 23,Predeal,Voluntari–Pipera,—,Ilfov,Nord,1
Staer 23,Staer 23,Rozelor,Voluntari–Pipera,—,Ilfov,Nord,1
Staer 23,Staer 23,Scoli,Voluntari–Pipera,—,Ilfov,Nord,1
Staer 23,Staer 23,Siret,Voluntari–Pipera,—,Ilfov,Nord,1
Staer 23,Staer 23,Stefan cel Mare,Voluntari–Pipera,—,Ilfov,Nord,1
Staer 23,Staer 23,Strada Erou Iancu Nicolae,Voluntari–Pipera,—,Ilfov,Nord,1
Staer 23,Staer 23,Strada Prutului,Voluntari–Pipera,—,Ilfov,Nord,1
Staer 23,Staer 23,Strada Scolii,Voluntari–Pipera,—,Ilfov,Nord,1
Staer 23,Staer 23,Tarcau,Voluntari–Pipera,—,Ilfov,Nord,1
Staer 23,Staer 23,Ul Potcoavei,Voluntari–Pipera,—,Ilfov,Nord,1
Staer 23,Staer 23,Vasile Alecsandri,Voluntari–Pipera,—,Ilfov,Nord,1
Staer 23,Staer 23,Drumul Becheanului,Voluntari–Pipera,—,Ilfov,Nord,1
Staer 23,Staer 23,Campul Pipera,Voluntari–Pipera,—,Ilfov,Nord,1
Staer 23,Staer 23,Vasilica Tastaman,Voluntari–Pipera,—,Ilfov,Nord,1
Staer 23,Staer 23,Ecaterina Teodoroiu,Voluntari–Pipera,—,Ilfov,Nord,1
Staer 23,Staer 23,Emil Racovita,Voluntari–Pipera,—,Ilfov,Nord,1
Staer 23,Staer 23,Matei Millo,Voluntari–Pipera,—,Ilfov,Nord,1
Staer 23,Staer 23,Popa Sapca,Voluntari–Pipera,—,Ilfov,Nord,1
Staer 23,Staer 23,Drumul Biserici,Voluntari–Pipera,—,Ilfov,Nord,1
Staer 23,Staer 23,Emil Racovita _ Cartier Azur 1,Voluntari–Pipera,—,Ilfov,Nord,1
Staer 23,Staer 23,Drumul Biserici,Voluntari–Pipera,—,Ilfov,Nord,1
Staer 7,Staer 7,Bulevardul Ion Mihalache,Sector 1,Sector 1,București,Nord,1
Staer 7,Staer 7,Turda,Sector 1,Sector 1,București,Nord,1
Staer 7,Staer 7,Aleea Calnau,București neatribuit,București neatribuit,București,București neatribuit,1
Staer 7,Staer 7,Aleea Ea Borcea,Sector 4,Sector 4,București,Sud,1
Staer 7,Staer 7,Aleea Ea Salaj,Sector 5,Sector 5,București,Sud-Vest,1
Staer 7,Staer 7,Aleea Ea Tibiscum,București neatribuit,București neatribuit,București,București neatribuit,1
Staer 7,Staer 7,Aleea Izvorul Oltului,Sector 4,Sector 4,București,Sud,1
Staer 7,Staer 7,Aleea Otesani,Sector 2,Sector 2,București,Nord-Est,1
Staer 7,Staer 7,Almasul Mare,Sector 4,Sector 4,București,Sud,1
Staer 7,Staer 7,Aron Cotrus,Sector 1,Sector 1,București,Nord,1
Staer 7,Staer 7,Atletilor,București neatribuit,București neatribuit,București,București neatribuit,1
Staer 7,Staer 7,Aurel Botea,București neatribuit,București neatribuit,București,București neatribuit,1
Staer 7,Staer 7,Aurelian Petre,București neatribuit,București neatribuit,București,București neatribuit,1
Staer 7,Staer 7,Babeni,București neatribuit,București neatribuit,București,București neatribuit,1
Staer 7,Staer 7,Belizarie,Sector 1,Sector 1,București,Nord,1
Staer 7,Staer 7,Bulevardul Constructorilor,Sector 6,Sector 6,București,Vest,1
Staer 7,Staer 7,Bulevardul Dimitrie Cantemir,București neatribuit,București neatribuit,București,București neatribuit,1
Staer 7,Staer 7,Bulevardul Dimitrie Pompei,Sector 2,Sector 2,București,Nord-Est,1
Staer 7,Staer 7,Bulevardul Dinicu Golescu,Sector 1,Sector 1,București,Nord,1
Staer 7,Staer 7,Bulevardul Iuliu Maniu,Sector 6,Sector 6,București,Vest,1
Staer 7,Staer 7,Bulevardul Libertati,București neatribuit,București neatribuit,București,București neatribuit,1
Staer 7,Staer 7,Bvd Apicultorilor,București neatribuit,București neatribuit,București,București neatribuit,1
Staer 7,Staer 7,C-Tin Titel Petrescu,București neatribuit,București neatribuit,București,București neatribuit,1
Staer 7,Staer 7,Cap.valer Dumitrescu,București neatribuit,București neatribuit,București,București neatribuit,1
Staer 7,Staer 7,Cpt Valer Dumitrescu,Sector 2,Sector 2,București,Nord-Est,1
Staer 7,Staer 7,D-Ul Camil Ressu,București neatribuit,București neatribuit,București,București neatribuit,1
Staer 7,Staer 7,Dragos Voda,București neatribuit,București neatribuit,București,București neatribuit,1
Staer 7,Staer 7,Elev Popovici Niculae,București neatribuit,București neatribuit,București,București neatribuit,1
Staer 7,Staer 7,Floruta Ion,București neatribuit,București neatribuit,București,București neatribuit,1
Staer 7,Staer 7,Garnitei,Sector 4,Sector 4,București,Sud,1
Staer 7,Staer 7,Ilvali Suliga,București neatribuit,București neatribuit,București,București neatribuit,1
Staer 7,Staer 7,Intrarea Area Ciucia,București neatribuit,București neatribuit,București,București neatribuit,1
Staer 7,Staer 7,Intrarea Biruintei,București neatribuit,București neatribuit,București,București neatribuit,1
Staer 7,Staer 7,Labirint,București neatribuit,București neatribuit,București,București neatribuit,1
Staer 7,Staer 7,Lucieni,București neatribuit,București neatribuit,București,București neatribuit,1
Staer 7,Staer 7,Mihai Bravu,București neatribuit,București neatribuit,București,București neatribuit,1
Staer 7,Staer 7,Moroieni,Sector 2,Sector 2,București,Nord-Est,1
Staer 7,Staer 7,NECUNOSCUTĂ,București neatribuit,București neatribuit,București,București neatribuit,1
Staer 7,Staer 7,Nicolae Hagi Stoica,București neatribuit,București neatribuit,București,București neatribuit,1
Staer 7,Staer 7,Pache Potropopescu,București neatribuit,București neatribuit,București,București neatribuit,1
Staer 7,Staer 7,Palanca,București neatribuit,București neatribuit,București,București neatribuit,1
Staer 7,Staer 7,Partizanilor,Sector 6,Sector 6,București,Vest,1
Staer 7,Staer 7,Pescarilor,Sector 2,Sector 2,București,Nord-Est,1
Staer 7,Staer 7,Pescarusului,București neatribuit,București neatribuit,București,București neatribuit,1
Staer 7,Staer 7,Prelungirea Ungirea Ghencea,Sector 6,Sector 6,București,Vest,1
Staer 7,Staer 7,Raul Colentina,București neatribuit,București neatribuit,București,București neatribuit,1
Staer 7,Staer 7,Rezervelor,Sector 6,Sector 6,București,Vest,1
Staer 7,Staer 7,Romniceanu,București neatribuit,București neatribuit,București,București neatribuit,1
Staer 7,Staer 7,Sect 1,București neatribuit,București neatribuit,București,București neatribuit,1
Staer 7,Staer 7,Sighet,Sector 2,Sector 2,București,Nord-Est,1
Staer 7,Staer 7,Spinis,Sector 4,Sector 4,București,Sud,1
Staer 7,Staer 7,Splaiul Aiul Unirii,București neatribuit,București neatribuit,București,București neatribuit,1
Staer 7,Staer 7,Stefan cel Mare,București neatribuit,București neatribuit,București,București neatribuit,1
Staer 7,Staer 7,Strada Izvorul Muresului,București neatribuit,București neatribuit,București,București neatribuit,1
Staer 7,Staer 7,Strada Maior Ion Coravu,Sector 2,Sector 2,București,Nord-Est,1
Staer 7,Staer 7,Strada Rascoala din 1907,Sector 2,Sector 2,București,Nord-Est,1
Staer 7,Staer 7,Strada Slt Popa,Sector 5,Sector 5,București,Sud-Vest,1
Staer 7,Staer 7,Strada Vasile Lascăr,Sector 2,Sector 2,București,Nord-Est,1
Staer 7,Staer 7,Șoseaua Dobroiesti,Sector 2,Sector 2,București,Nord-Est,1
Staer 7,Staer 7,Șoseaua Pantelimon,București neatribuit,București neatribuit,București,București neatribuit,1
Staer 7,Staer 7,Șoseaua Vergului,Sector 2,Sector 2,București,Nord-Est,1
Staer 7,Staer 7,Tina Petre,Sector 3,Sector 3,București,Est,1
Staer 7,Staer 7,V Iuliu Maniu,București neatribuit,București neatribuit,București,București neatribuit,1
Staer 7,Staer 7,Veronica Micle,Sector 1,Sector 1,București,Nord,1
Staer 7,Staer 7,13 Sptembrie,Sector 5,Sector 5,București,Sud-Vest,1
Staer 7,Staer 7,Aleea Ea Platanului,Sector 5,Sector 5,București,Sud-Vest,1
Staer 7,Staer 7,Calea 13 Septembrie,Sector 5,Sector 5,București,Sud-Vest,1
Staer 7,Staer 7,Strada Sirenelor,Sector 5,Sector 5,București,Sud-Vest,1
Staer 7,Staer 7,Topliceanu Vasile,Sector 5,Sector 5,București,Sud-Vest,1
Staer 7,Staer 7,Dorneasca,București neatribuit,București neatribuit,București,București neatribuit,1
Staer 7,Staer 7,Bulevardul Ion Mihalache,Sector 1,Sector 1,București,Nord,1
Staer 7,Staer 7,Rallet Dimitrie,București neatribuit,București neatribuit,București,București neatribuit,1
Staer 7,Staer 7,Izlaz,București neatribuit,București neatribuit,București,București neatribuit,1
Staer 7,Staer 7,Borsec,București neatribuit,București neatribuit,București,București neatribuit,1
Staer 7,Staer 7,Intrarea Izlazului,București neatribuit,București neatribuit,București,București neatribuit,1
Staer 7,Staer 7,Mihail Sadoveanu,București neatribuit,București neatribuit,București,București neatribuit,1
Staer 7,Staer 7,Stefan cel Mare,București neatribuit,București neatribuit,București,București neatribuit,1
Staer 7,Staer 7,Șoseaua Bucuresti-Urziceni,București neatribuit,București neatribuit,București,București neatribuit,1
Staer 7,Staer 7,6,București neatribuit,București neatribuit,București,București neatribuit,1
Staer 7,Staer 7,Sector 4,București neatribuit,București neatribuit,București,București neatribuit,1
Staer 7,Staer 7,Șoseaua Andronache,Sector 2,Sector 2,București,Nord-Est,1
Staer 7,Staer 7,Aleea Andronache,Sector 2,Sector 2,București,Nord-Est,1
Staer 7,Staer 7,Barometrului,Sector 2,Sector 2,București,Nord-Est,1
Staer 7,Staer 7,Cornisei,Sector 2,Sector 2,București,Nord-Est,1
Staer 7,Staer 7,Falticeni,Sector 2,Sector 2,București,Nord-Est,1
Staer 7,Staer 7,Gataia,Sector 2,Sector 2,București,Nord-Est,1
Staer 7,Staer 7,Magneziului,Sector 2,Sector 2,București,Nord-Est,1
Staer 7,Staer 7,Spataru Gorgan,Sector 2,Sector 2,București,Nord-Est,1
Staer 7,Staer 7,Tusnad,Sector 2,Sector 2,București,Nord-Est,1
Staer 7,Staer 7,Erou Ion Scorta,București neatribuit,București neatribuit,București,București neatribuit,1
Staer 7,Staer 7,Aleea Sg Maj Emil Holut,Sector 4,Sector 4,București,Sud,1
Staer 7,Staer 7,Joita,Sector 4,Sector 4,București,Sud,1
Staer 7,Staer 7,Muntele Lung,Sector 4,Sector 4,București,Sud,1
Staer 7,Staer 7,Bvd 1 Decembrie 1918,Sector 3,Sector 3,București,Est,1
Staer 7,Staer 7,Campineanca,Sector 3,Sector 3,București,Est,1
Staer 7,Staer 7,Av.alexandru Serbanescu,Sector 1,Sector 1,București,Nord,1
Staer 7,Staer 7,Aviator Stefan Protopopescu,București neatribuit,București neatribuit,București,București neatribuit,1
Staer 7,Staer 7,Aviatorilor,București neatribuit,București neatribuit,București,București neatribuit,1
Staer 7,Staer 7,Bulevardul Basarabiei,Sector 2,Sector 2,București,Nord-Est,1
Staer 7,Staer 7,Ecerii,București neatribuit,București neatribuit,București,București neatribuit,1
Staer 7,Staer 7,Int Reconstructiei,București neatribuit,București neatribuit,București,București neatribuit,1
Staer 7,Staer 7,"Traian Popovici ,fost Unitatii",București neatribuit,București neatribuit,București,București neatribuit,1
Staer 7,Staer 7,Baicului,Sector 2,Sector 2,București,Nord-Est,1
Staer 7,Staer 7,Strada Dimitrie Grozdea,Sector 2,Sector 2,București,Nord-Est,1
Staer 7,Staer 7,Unirii,București neatribuit,București neatribuit,București,București neatribuit,1
Staer 7,Staer 7,Aleea Ea Calistrat Hogas,Sector 3,Sector 3,București,Est,1
Staer 7,Staer 7,Aleea Prevederii,Sector 3,Sector 3,București,Est,1
Staer 7,Staer 7,Petrascu,Sector 3,Sector 3,București,Est,1
Staer 7,Staer 7,Aleea Ea Barajul Lotru,Sector 3,Sector 3,București,Est,1
Staer 7,Staer 7,Bulevardul Camil Ressu,Sector 3,Sector 3,București,Est,1
Staer 7,Staer 7,Aleea Ea Privighetorilor,Sector 1,Sector 1,București,Nord,1
Staer 7,Staer 7,Bvd Apicultorilor,Sector 1,Sector 1,București,Nord,1
Staer 7,Staer 7,Dr Padurea Pustnicului,Sector 1,Sector 1,București,Nord,1
Staer 7,Staer 7,Drumul Padurea Neagra,Sector 1,Sector 1,București,Nord,1
Staer 7,Staer 7,Marinarilor,Sector 1,Sector 1,București,Nord,1
Staer 7,Staer 7,Padurea Drumul Pustnicului,Sector 1,Sector 1,București,Nord,1
Staer 7,Staer 7,Drumul Padurea Pustnicul,Sector 1,Sector 1,București,Nord,1
Staer 7,Staer 7,Samuila Dumitru,București neatribuit,București neatribuit,București,București neatribuit,1
Staer 7,Staer 7,Aleea Ea Calinesti,Sector 4,Sector 4,București,Sud,1
Staer 7,Staer 7,Aleea Ea Donea D. Alexandra,Sector 4,Sector 4,București,Sud,1
Staer 7,Staer 7,Aleea Ea Moldovita,Sector 4,Sector 4,București,Sud,1
Staer 7,Staer 7,Aleea Slatioara,Sector 4,Sector 4,București,Sud,1
Staer 7,Staer 7,Aleea Soldat Barbu Nicolae,Sector 4,Sector 4,București,Sud,1
Staer 7,Staer 7,Aleea Terasei,Sector 4,Sector 4,București,Sud,1
Staer 7,Staer 7,Bvd Alexandru Obregia,Sector 4,Sector 4,București,Sud,1
Staer 7,Staer 7,"Cap, Gh, Ion",Sector 4,Sector 4,București,Sud,1
Staer 7,Staer 7,Cetatea Alba,Sector 4,Sector 4,București,Sud,1
Staer 7,Staer 7,Garnitei,Sector 4,Sector 4,București,Sud,1
Staer 7,Staer 7,Intrarea Are Marasesti,Sector 4,Sector 4,București,Sud,1
Staer 7,Staer 7,Lucica,Sector 4,Sector 4,București,Sud,1
Staer 7,Staer 7,Pictor St .dumitrescu,Sector 4,Sector 4,București,Sud,1
Staer 7,Staer 7,Pomaria,Sector 4,Sector 4,București,Sud,1
Staer 7,Staer 7,Secuilor,Sector 4,Sector 4,București,Sud,1
Staer 7,Staer 7,Stolnici,Sector 4,Sector 4,București,Sud,1
Staer 7,Staer 7,Strada Măriuca,Sector 4,Sector 4,București,Sud,1
Staer 7,Staer 7,Strada Nitu Vasile,Sector 4,Sector 4,București,Sud,1
Staer 7,Staer 7,Strada Parincia,Sector 4,Sector 4,București,Sud,1
Staer 7,Staer 7,Șoseaua Olteniței,Sector 4,Sector 4,București,Sud,1
Staer 7,Staer 7,Aleea Somesul Cald,Sector 4,Sector 4,București,Sud,1
Staer 7,Staer 7,Ghimpati,Sector 4,Sector 4,București,Sud,1
Staer 7,Staer 7,Baltita,Sector 4,Sector 4,București,Sud,1
Staer 7,Staer 7,Șoseaua Giurgiului,Sector 4,Sector 4,București,Sud,1
Staer 7,Staer 7,Paduroiu,Sector 4,Sector 4,București,Sud,1
Staer 7,Staer 7,Aleea Emil Racovita,Sector 4,Sector 4,București,Sud,1
Staer 7,Staer 7,19,București neatribuit,București neatribuit,București,București neatribuit,1
Staer 7,Staer 7,8,București neatribuit,București neatribuit,București,București neatribuit,1
Staer 7,Staer 7,Bulevardul Teodor Paladi,Sector 3,Sector 3,București,Est,1
Staer 7,Staer 7,Bulevardul Muncii,București neatribuit,București neatribuit,București,București neatribuit,1
Staer 7,Staer 7,Aleea Florilor,București neatribuit,București neatribuit,București,București neatribuit,1
Staer 7,Staer 7,Garofitei,București neatribuit,București neatribuit,București,București neatribuit,1
Staer 7,Staer 7,Izvor,București neatribuit,București neatribuit,București,București neatribuit,1
Staer 7,Staer 7,Giovanni Boccaccio,Sector 4,Sector 4,București,Sud,1
Staer 7,Staer 7,Padesu,Sector 4,Sector 4,București,Sud,1
Staer 7,Staer 7,Bulevardul Timisoarei,București neatribuit,București neatribuit,București,București neatribuit,1
Staer 7,Staer 7,Cluj,București neatribuit,București neatribuit,București,București neatribuit,1
Staer 7,Staer 7,Vasile Lupu,București neatribuit,București neatribuit,București,București neatribuit,1
Staer 7,Staer 7,Smaraldului,București neatribuit,București neatribuit,București,București neatribuit,1
Staer 7,Staer 7,Soldat Nicolae Sebe,București neatribuit,București neatribuit,București,București neatribuit,1
Staer 7,Staer 7,Ion Campineanu,București neatribuit,București neatribuit,București,București neatribuit,1
Staer 7,Staer 7,Aleea Avrig,Sector 2,Sector 2,București,Nord-Est,1
Staer 7,Staer 7,Chiristigiilor,Sector 2,Sector 2,București,Nord-Est,1
Staer 7,Staer 7,Popa Lazar,Sector 2,Sector 2,București,Nord-Est,1
Staer 7,Staer 7,Șoseaua Colentina,Sector 2,Sector 2,București,Nord-Est,1
Staer 7,Staer 7,Șoseaua Ștefan cel Mare,Sector 2,Sector 2,București,Nord-Est,1
Staer 7,Staer 7,Vaporul lui Assan,Sector 2,Sector 2,București,Nord-Est,1
Staer 7,Staer 7,Foisorului,Sector 3,Sector 3,București,Est,1
Staer 7,Staer 7,Motilor,Sector 3,Sector 3,București,Est,1
Staer 7,Staer 7,Salciilor,București neatribuit,București neatribuit,București,București neatribuit,1
Staer 7,Staer 7,Tomis,Sector 3,Sector 3,București,Est,1
Staer 7,Staer 7,Mohorului,Sector 6,Sector 6,București,Vest,1
Staer 7,Staer 7,Burnitei,Sector 3,Sector 3,București,Est,1
Staer 7,Staer 7,Aleea Onisifor Ghibu,Sector 3,Sector 3,București,Est,1
Staer 7,Staer 7,Șoseaua De Centura,București neatribuit,București neatribuit,București,București neatribuit,1
Staer 7,Staer 7,Int Birsei,Sector 3,Sector 3,București,Est,1
Staer 7,Staer 7,Pescarusului,Sector 3,Sector 3,București,Est,1
Staer 7,Staer 7,Austrului,Sector 2,Sector 2,București,Nord-Est,1
Staer 7,Staer 7,Stinjeneilor,București neatribuit,București neatribuit,București,București neatribuit,1
Staer 7,Staer 7,Aleea Tibistum,Sector 2,Sector 2,București,Nord-Est,1
Staer 7,Staer 7,Foisorului,Sector 3,Sector 3,București,Est,1
Staer 7,Staer 7,Theodor Sperantia,Sector 3,Sector 3,București,Est,1
Staer 7,Staer 7,Recrutului,Sector 5,Sector 5,București,Sud-Vest,1
Staer 7,Staer 7,Ciuca Stefan,Sector 2,Sector 2,București,Nord-Est,1
Staer 7,Staer 7,Șoseaua Andronache,Sector 2,Sector 2,București,Nord-Est,1
Staer 7,Staer 7,Strada Panselelor,Sector 4,Sector 4,București,Sud,1
Staer 7,Staer 7,Capalna,Sector 1,Sector 1,București,Nord,1
Staer 7,Staer 7,Smaranda Braiescu,Sector 1,Sector 1,București,Nord,1
Staer 7,Staer 7,Popa Nicolae,Sector 2,Sector 2,București,Nord-Est,1
Staer 7,Staer 7,Rauseni,Sector 2,Sector 2,București,Nord-Est,1
Staer 7,Staer 7,Strada Fantanica,Sector 2,Sector 2,București,Nord-Est,1
Staer 7,Staer 7,Plt Maj Marin Pazon,Sector 3,Sector 3,București,Est,1
Staer 7,Staer 7,Belizarie,Sector 1,Sector 1,București,Nord,1
Staer 7,Staer 7,Darmanesti,Sector 1,Sector 1,București,Nord,1
Staer 7,Staer 7,Erou Iancu Nicolae,Sector 1,Sector 1,București,Nord,1
Staer 7,Staer 7,Aleea Cetatea Veche,Sector 4,Sector 4,București,Sud,1
Staer 7,Staer 7,Aleea Covasna,Sector 4,Sector 4,București,Sud,1
Staer 7,Staer 7,Aleea Ea Uioara,Sector 4,Sector 4,București,Sud,1
Staer 7,Staer 7,Aleea Emil Racovita,Sector 4,Sector 4,București,Sud,1
Staer 7,Staer 7,Garnitei,Sector 4,Sector 4,București,Sud,1
Staer 7,Staer 7,Grigore Voda,Sector 4,Sector 4,București,Sud,1
Staer 7,Staer 7,Imparatul Traian,Sector 4,Sector 4,București,Sud,1
Staer 7,Staer 7,Iriceanu Ion,Sector 4,Sector 4,București,Sud,1
Staer 7,Staer 7,Șoseaua Olteniței,Sector 4,Sector 4,București,Sud,1
Staer 7,Staer 7,Secuilor,Sector 4,Sector 4,București,Sud,1
Staer 7,Staer 7,Șoseaua Mihai Bravu,Sector 2,Sector 2,București,Nord-Est,1
Staer 7,Staer 7,Strada Nasaud,Sector 5,Sector 5,București,Sud-Vest,1
Staer 7,Staer 7,Muresana,Sector 3,Sector 3,București,Est,1
Staer 7,Staer 7,Cpt Valer Dumitrescu,Sector 2,Sector 2,București,Nord-Est,1
Staer 7,Staer 7,Enache Sandu,Sector 2,Sector 2,București,Nord-Est,1
Staer 7,Staer 7,Litoralului,Sector 2,Sector 2,București,Nord-Est,1
Staer 7,Staer 7,Masina de Piine,Sector 2,Sector 2,București,Nord-Est,1
Staer 7,Staer 7,Nada Florilor,Sector 2,Sector 2,București,Nord-Est,1
Staer 7,Staer 7,Rascoala 1907,Sector 2,Sector 2,București,Nord-Est,1
Staer 7,Staer 7,Ripiceni,Sector 2,Sector 2,București,Nord-Est,1
Staer 7,Staer 7,Simion Busuioc,Sector 2,Sector 2,București,Nord-Est,1
Staer 7,Staer 7,Strada Maior Vasile Bacila,Sector 2,Sector 2,București,Nord-Est,1
Staer 7,Staer 7,Lavitei,Sector 2,Sector 2,București,Nord-Est,1
Staer 7,Staer 7,Sg Maj Simion Busuioc,Sector 2,Sector 2,București,Nord-Est,1
Staer 7,Staer 7,Ceahlau,Sector 6,Sector 6,București,Vest,1
Staer 7,Staer 7,Strada Olănești,Sector 6,Sector 6,București,Vest,1
Staer 7,Staer 7,Ripiceni,Sector 2,Sector 2,București,Nord-Est,1
Staer 7,Staer 7,Aleea Ea Dobrina,Sector 2,Sector 2,București,Nord-Est,1
Staer 7,Staer 7,Aleea Socului,Sector 2,Sector 2,București,Nord-Est,1
Staer 7,Staer 7,Renului,Sector 2,Sector 2,București,Nord-Est,1
Staer 7,Staer 7,Șoseaua Pantelimon,Sector 2,Sector 2,București,Nord-Est,1
Staer 7,Staer 7,Arhitect Ion Berindei,București neatribuit,București neatribuit,București,București neatribuit,1
Staer 7,Staer 7,Dna Ghica,Sector 2,Sector 2,București,Nord-Est,1
Staer 7,Staer 7,Intrarea Heliade Intre VII,Sector 2,Sector 2,București,Nord-Est,1
Staer 7,Staer 7,Nada Florilor,Sector 2,Sector 2,București,Nord-Est,1
Staer 7,Staer 7,Pancota,Sector 2,Sector 2,București,Nord-Est,1
Staer 7,Staer 7,Pincota,Sector 2,Sector 2,București,Nord-Est,1
Staer 7,Staer 7,Aleea Ea Valea Florilor,Sector 6,Sector 6,București,Vest,1
Staer 7,Staer 7,Aleea Tincani,Sector 6,Sector 6,București,Vest,1
Staer 7,Staer 7,Tg Neamnt,Sector 6,Sector 6,București,Vest,1
Staer 7,Staer 7,Ul Valea Danului,Sector 6,Sector 6,București,Vest,1
Staer 7,Staer 7,Baia Mare,Sector 3,Sector 3,București,Est,1
Staer 7,Staer 7,Bulevardul Ramnicu Sarat,Sector 3,Sector 3,București,Est,1
Staer 7,Staer 7,Lotrioara,Sector 3,Sector 3,București,Est,1
Staer 7,Staer 7,Popovici,Sector 3,Sector 3,București,Est,1
Staer 7,Staer 7,Ramnicu Valcea,Sector 3,Sector 3,București,Est,1
Staer 7,Staer 7,Șoseaua Mihai Bravu,Sector 3,Sector 3,București,Est,1
Staer 7,Staer 7,Aleea Raul Doamnei,Sector 6,Sector 6,București,Vest,1
Staer 7,Staer 7,Bulevardul 1 Mai,Sector 6,Sector 6,București,Vest,1
Staer 7,Staer 7,W.a. Mozart,Sector 1,Sector 1,București,Nord,1
Staer 7,Staer 7,George Bizet,Sector 1,Sector 1,București,Nord,1
Staer 7,Staer 7,Capreni,Sector 2,Sector 2,București,Nord-Est,1
Staer 7,Staer 7,Radovanu,Sector 2,Sector 2,București,Nord-Est,1
Staer 7,Staer 7,Strada Maior Vasile Bacila,Sector 2,Sector 2,București,Nord-Est,1
Staer 7,Staer 7,Dudului,Sector 6,Sector 6,București,Vest,1
Staer 7,Staer 7,Plevnei,Sector 6,Sector 6,București,Vest,1
Staer 7,Staer 7,Inginerilor Tei,Sector 2,Sector 2,București,Nord-Est,1
Staer 7,Staer 7,Intrarea Area Glucozei,Sector 2,Sector 2,București,Nord-Est,1
Staer 7,Staer 7,Strada Gheorghe Țițeica,Sector 2,Sector 2,București,Nord-Est,1
Staer 7,Staer 7,Apusului,Sector 6,Sector 6,București,Vest,1
Staer 7,Staer 7,Bulevardul Iuliu Maniu,Sector 6,Sector 6,București,Vest,1
Staer 7,Staer 7,Floare Rosie,Sector 6,Sector 6,București,Vest,1
Staer 7,Staer 7,Iriceanu Ion,Sector 6,Sector 6,București,Vest,1
Staer 7,Staer 7,Preciziei,Sector 6,Sector 6,București,Vest,1
Staer 7,Staer 7,Strada Cetatea de Balta,Sector 6,Sector 6,București,Vest,1
Staer 7,Staer 7,Strada Rosia Montana,Sector 6,Sector 6,București,Vest,1
Staer 7,Staer 7,Șoseaua Virtuții,Sector 6,Sector 6,București,Vest,1
Staer 7,Staer 7,Valea Lunga,Sector 6,Sector 6,București,Vest,1
Staer 7,Staer 7,Drumul Osiei,Sector 6,Sector 6,București,Vest,1
Staer 7,Staer 7,Ghe Petrascu,Sector 3,Sector 3,București,Est,1
Staer 7,Staer 7,Strada Campia Libertatii,Sector 3,Sector 3,București,Est,1
Staer 7,Staer 7,Xandru Vlahuta,Sector 3,Sector 3,București,Est,1
Staer 7,Staer 7,Aleea Avrig,Sector 2,Sector 2,București,Nord-Est,1
Staer 7,Staer 7,Ritmului,Sector 2,Sector 2,București,Nord-Est,1
Staer 7,Staer 7,Fetesti,Sector 3,Sector 3,București,Est,1
Staer 7,Staer 7,Bucegi,Sector 1,Sector 1,București,Nord,1
Staer 7,Staer 7,Sapte Drumuri,Sector 3,Sector 3,București,Est,1
Staer 7,Staer 7,Londra,Sector 1,Sector 1,București,Nord,1
Staer 7,Staer 7,Aleea Ea Baiculesti,Sector 1,Sector 1,București,Nord,1
Staer 7,Staer 7,Aleea Ea Cislau,Sector 2,Sector 2,București,Nord-Est,1
Staer 7,Staer 7,Marcu Armasu,Sector 2,Sector 2,București,Nord-Est,1
Staer 7,Staer 7,Strada Biserica Mărcuța,Sector 2,Sector 2,București,Nord-Est,1
Staer 7,Staer 7,Bulevardul Mircea Vodă,Sector 3,Sector 3,București,Est,1
Staer 7,Staer 7,Valea Furcii,Sector 6,Sector 6,București,Vest,1
Staer 7,Staer 7,Șoseaua Giurgiului,Sector 4,Sector 4,București,Sud,1
Staer 7,Staer 7,Berzovia,Sector 5,Sector 5,București,Sud-Vest,1
Staer 7,Staer 7,Caporal Ilina,Sector 5,Sector 5,București,Sud-Vest,1
Staer 7,Staer 7,Fat Frumos,Sector 5,Sector 5,București,Sud-Vest,1
Staer 7,Staer 7,Soldat Modoran Ene,Sector 5,Sector 5,București,Sud-Vest,1
Staer 7,Staer 7,Intrarea Aviator Caranda,Sector 6,Sector 6,București,Vest,1
Staer 7,Staer 7,Baia Mare,Sector 3,Sector 3,București,Est,1
Staer 7,Staer 7,Aleea Patulului,Sector 3,Sector 3,București,Est,1
Staer 7,Staer 7,Gura Ialomitei,Sector 3,Sector 3,București,Est,1
Staer 7,Staer 7,Plut Ion Nedelcu,Sector 3,Sector 3,București,Est,1
Staer 7,Staer 7,Intrarea Are Nicolae Musca,Sector 5,Sector 5,București,Sud-Vest,1
Staer 7,Staer 7,Pescarusului,București neatribuit,București neatribuit,București,București neatribuit,1
Staer 7,Staer 7,Garnitei,Sector 4,Sector 4,București,Sud,1
Staer 7,Staer 7,Strada Frumusani,Sector 4,Sector 4,București,Sud,1
Staer 7,Staer 7,Hambarului,București neatribuit,București neatribuit,București,București neatribuit,1
Staer 7,Staer 7,Strada Xandru cel Bun,București neatribuit,București neatribuit,București,București neatribuit,1
Staer 7,Staer 7,Arhitect Petre Antonescu,Sector 2,Sector 2,București,Nord-Est,1
Staer 7,Staer 7,Ripiceni,Sector 2,Sector 2,București,Nord-Est,1
Staer 7,Staer 7,Aleea Ea Borcea,Sector 4,Sector 4,București,Sud,1
Staer 7,Staer 7,Strada Cuza Voda,Sector 4,Sector 4,București,Sud,1
Staer 7,Staer 7,Strada Pridvorului,Sector 4,Sector 4,București,Sud,1
Staer 7,Staer 7,Aleea Ea Barajul Sadului,Sector 3,Sector 3,București,Est,1
Staer 7,Staer 7,Bulevardul 1 Decembrie 1918,Sector 3,Sector 3,București,Est,1
Staer 7,Staer 7,Bulevardul Pictor Nicolae Grigorescu,Sector 3,Sector 3,București,Est,1
Staer 7,Staer 7,Jan Steliadi,Sector 3,Sector 3,București,Est,1
Staer 7,Staer 7,Postovarului,Sector 3,Sector 3,București,Est,1
Staer 7,Staer 7,Drumul Lunca Sateasca,Sector 3,Sector 3,București,Est,1
Staer 7,Staer 7,Pl Radu Gheorghe,Sector 3,Sector 3,București,Est,1
Staer 7,Staer 7,Plt Petre Ionescu,Sector 3,Sector 3,București,Est,1
Staer 7,Staer 7,Poenaru Bordea,București neatribuit,București neatribuit,București,București neatribuit,1
Staer 7,Staer 7,Agatha Barsescu,Sector 3,Sector 3,București,Est,1
Staer 7,Staer 7,Aleea Emil Bota,Sector 3,Sector 3,București,Est,1
Staer 7,Staer 7,Anastasie Panu,Sector 3,Sector 3,București,Est,1
Staer 7,Staer 7,Ion Mortun,Sector 3,Sector 3,București,Est,1
Staer 7,Staer 7,Duetului,Sector 1,Sector 1,București,Nord,1
Staer 7,Staer 7,Șoseaua Bucuresti-Targoviste,Sector 1,Sector 1,București,Nord,1
Staer 7,Staer 7,Intrarea Movilitei,Sector 1,Sector 1,București,Nord,1
Staer 7,Staer 7,Aleea Ea Barajul Sadului,Sector 3,Sector 3,București,Est,1
Staer 7,Staer 7,Strada Turnu Măgurele,Sector 4,Sector 4,București,Sud,1
Staer 7,Staer 7,1 Dfecembrie,București neatribuit,București neatribuit,București,București neatribuit,1
Staer 7,Staer 7,1decembrie 1918,București neatribuit,București neatribuit,București,București neatribuit,1
Staer 7,Staer 7,7drumuri,București neatribuit,București neatribuit,București,București neatribuit,1
Staer 7,Staer 7,Abanosului,București neatribuit,București neatribuit,București,București neatribuit,1
Staer 7,Staer 7,Actiunii,Sector 4,Sector 4,București,Sud,1
Staer 7,Staer 7,Agnita,Sector 6,Sector 6,București,Vest,1
Staer 7,Staer 7,Aiu Unirii,București neatribuit,București neatribuit,București,București neatribuit,1
Staer 7,Staer 7,Aiud,București neatribuit,București neatribuit,București,București neatribuit,1
Staer 7,Staer 7,Al Lunca Siretului,București neatribuit,București neatribuit,București,București neatribuit,1
Staer 7,Staer 7,Al. Circului,București neatribuit,București neatribuit,București,București neatribuit,1
Staer 7,Staer 7,Al.vlahuta,București neatribuit,București neatribuit,București,București neatribuit,1
Staer 7,Staer 7,Albatrosului,București neatribuit,București neatribuit,București,București neatribuit,1
Staer 7,Staer 7,Aleea A Calarasilor,București neatribuit,București neatribuit,București,București neatribuit,1
Staer 7,Staer 7,Aleea Adrian Carstea,Sector 3,Sector 3,București,Est,1
Staer 7,Staer 7,Aleea Aliorului,Sector 4,Sector 4,București,Sud,1
Staer 7,Staer 7,Aleea Andronache,Sector 2,Sector 2,București,Nord-Est,1
Staer 7,Staer 7,Aleea Apostol Margarit,București neatribuit,București neatribuit,București,București neatribuit,1
Staer 7,Staer 7,Aleea Baiut,Sector 6,Sector 6,București,Vest,1
Staer 7,Staer 7,Aleea Banu Udrea,Sector 3,Sector 3,București,Est,1
Staer 7,Staer 7,Aleea Barajul Bistrita,Sector 3,Sector 3,București,Est,1
Staer 7,Staer 7,Aleea Barajul Cucuteni,Sector 3,Sector 3,București,Est,1
Staer 7,Staer 7,Aleea Barajul Rovinari,Sector 3,Sector 3,București,Est,1
Staer 7,Staer 7,Aleea Bistricioara,Sector 2,Sector 2,București,Nord-Est,1
Staer 7,Staer 7,Aleea Calnau,București neatribuit,București neatribuit,București,București neatribuit,1
Staer 7,Staer 7,Aleea Codri Neamtului,București neatribuit,București neatribuit,București,București neatribuit,1
Staer 7,Staer 7,Aleea Dealul Macinului,Sector 6,Sector 6,București,Vest,1
Staer 7,Staer 7,Aleea Dumbrava Noua,Sector 5,Sector 5,București,Sud-Vest,1
Staer 7,Staer 7,Aleea E.moldovitei,București neatribuit,București neatribuit,București,București neatribuit,1
Staer 7,Staer 7,Aleea Ea Adjud,București neatribuit,București neatribuit,București,București neatribuit,1
Staer 7,Staer 7,Aleea Ea Ariesul Mare,București neatribuit,București neatribuit,București,București neatribuit,1
Staer 7,Staer 7,Aleea Ea Baraj Bicaz,București neatribuit,București neatribuit,București,București neatribuit,1
Staer 7,Staer 7,Aleea Ea Barajul,București neatribuit,București neatribuit,București,București neatribuit,1
Staer 7,Staer 7,Aleea Ea Barajului Rovinari,București neatribuit,București neatribuit,București,București neatribuit,1
Staer 7,Staer 7,Aleea Ea Botta Emil,București neatribuit,București neatribuit,București,București neatribuit,1
Staer 7,Staer 7,Aleea Ea Bran,București neatribuit,București neatribuit,București,București neatribuit,1
Staer 7,Staer 7,Aleea Ea Budacu,București neatribuit,București neatribuit,București,București neatribuit,1
Staer 7,Staer 7,Aleea Ea Calinesti,Sector 4,Sector 4,București,Sud,1
Staer 7,Staer 7,Aleea Ea Calistrat Cogas,București neatribuit,București neatribuit,București,București neatribuit,1
Staer 7,Staer 7,Aleea Ea Calistrat Hogas,Sector 3,Sector 3,București,Est,1
Staer 7,Staer 7,Aleea Ea Canau,București neatribuit,București neatribuit,București,București neatribuit,1
Staer 7,Staer 7,Aleea Ea Câmpul Mosilor,București neatribuit,București neatribuit,București,București neatribuit,1
Staer 7,Staer 7,Aleea Ea Cioflea,București neatribuit,București neatribuit,București,București neatribuit,1
Staer 7,Staer 7,Aleea Ea Codlea,București neatribuit,București neatribuit,București,București neatribuit,1
Staer 7,Staer 7,Aleea Ea Cozia,Sector 2,Sector 2,București,Nord-Est,1
Staer 7,Staer 7,Aleea Ea Craiesti,Sector 6,Sector 6,București,Vest,1
Staer 7,Staer 7,Aleea Ea Cumidava,Sector 2,Sector 2,București,Nord-Est,1
Staer 7,Staer 7,Aleea Ea Deda,București neatribuit,București neatribuit,București,București neatribuit,1
Staer 7,Staer 7,Aleea Ea Dumbravita,Sector 6,Sector 6,București,Vest,1
Staer 7,Staer 7,Aleea Ea Florin Ciungan,Sector 3,Sector 3,București,Est,1
Staer 7,Staer 7,Aleea Ea Fruntas C-Tin Tudor,București neatribuit,București neatribuit,București,București neatribuit,1
Staer 7,Staer 7,Aleea Ea Giurgeni,Sector 3,Sector 3,București,Est,1
Staer 7,Staer 7,Aleea Ea Ion Agarbiceanu,Sector 3,Sector 3,București,Est,1
Staer 7,Staer 7,Aleea Ea Leceni,București neatribuit,București neatribuit,București,București neatribuit,1
Staer 7,Staer 7,Aleea Ea Lunca Cernei,Sector 6,Sector 6,București,Vest,1
Staer 7,Staer 7,Aleea Ea Lungsoara,București neatribuit,București neatribuit,București,București neatribuit,1
Staer 7,Staer 7,Aleea Ea Lunguletii,București neatribuit,București neatribuit,București,București neatribuit,1
Staer 7,Staer 7,Aleea Ea Moldovita,Sector 4,Sector 4,București,Sud,1
Staer 7,Staer 7,Aleea Ea Parva,Sector 6,Sector 6,București,Vest,1
Staer 7,Staer 7,Aleea Ea Platanului,Sector 5,Sector 5,București,Sud-Vest,1
Staer 7,Staer 7,Aleea Ea Poarta Sarutului,Sector 6,Sector 6,București,Vest,1
Staer 7,Staer 7,Aleea Ea Poiana cu Aluni,București neatribuit,București neatribuit,București,București neatribuit,1
Staer 7,Staer 7,Aleea Ea Privighetorilor,Sector 1,Sector 1,București,Nord,1
Staer 7,Staer 7,Aleea Ea Radaseni,Sector 5,Sector 5,București,Sud-Vest,1
Staer 7,Staer 7,Aleea Ea Ramnicu Valcea,Sector 3,Sector 3,București,Est,1
Staer 7,Staer 7,Aleea Ea Scolarilor,București neatribuit,București neatribuit,București,București neatribuit,1
Staer 7,Staer 7,Aleea Ea Somesul MIC,Sector 4,Sector 4,București,Sud,1
Staer 7,Staer 7,Aleea Ea Somesul Rece,București neatribuit,București neatribuit,București,București neatribuit,1
Staer 7,Staer 7,Aleea Ea Staila,București neatribuit,București neatribuit,București,București neatribuit,1
Staer 7,Staer 7,Aleea Ea Stanila,București neatribuit,București neatribuit,București,București neatribuit,1
Staer 7,Staer 7,Aleea Ea Suraia,Sector 3,Sector 3,București,Est,1
Staer 7,Staer 7,Aleea Ea Teiul Doamnei,Sector 2,Sector 2,București,Nord-Est,1
Staer 7,Staer 7,Aleea Ea Tomesti,Sector 4,Sector 4,București,Sud,1
Staer 7,Staer 7,Aleea Ea Topoloveni,Sector 6,Sector 6,București,Vest,1
Staer 7,Staer 7,Aleea Ea Valea Tricovului,București neatribuit,București neatribuit,București,București neatribuit,1
Staer 7,Staer 7,Aleea Emanoil Buteica,Sector 3,Sector 3,București,Est,1
Staer 7,Staer 7,Aleea Florin Ciunga,București neatribuit,București neatribuit,București,București neatribuit,1
Staer 7,Staer 7,Aleea Fuiorului,Sector 3,Sector 3,București,Est,1
Staer 7,Staer 7,Aleea Ghirlandei,Sector 6,Sector 6,București,Vest,1
Staer 7,Staer 7,Aleea Gradinii,București neatribuit,București neatribuit,București,București neatribuit,1
Staer 7,Staer 7,Aleea Iosif Hodos,Sector 3,Sector 3,București,Est,1
Staer 7,Staer 7,Aleea Izvorul Oltului,Sector 4,Sector 4,București,Sud,1
Staer 7,Staer 7,Aleea Lamotesti,Sector 4,Sector 4,București,Sud,1
Staer 7,Staer 7,Aleea Leorda,Sector 3,Sector 3,București,Est,1
Staer 7,Staer 7,Aleea Lunca Bradului,Sector 3,Sector 3,București,Est,1
Staer 7,Staer 7,Aleea Luncsoara,Sector 2,Sector 2,București,Nord-Est,1
Staer 7,Staer 7,Aleea Magura Vulturului,Sector 2,Sector 2,București,Nord-Est,1
Staer 7,Staer 7,Aleea Mirea Mioara Luiza,Sector 4,Sector 4,București,Sud,1
Staer 7,Staer 7,Aleea Otesani,Sector 2,Sector 2,București,Nord-Est,1
Staer 7,Staer 7,Aleea Pantelimon,București neatribuit,București neatribuit,București,București neatribuit,1
Staer 7,Staer 7,Aleea Pascani,Sector 6,Sector 6,București,Vest,1
Staer 7,Staer 7,Aleea Patulului,Sector 3,Sector 3,București,Est,1
Staer 7,Staer 7,Aleea Piata Mare,București neatribuit,București neatribuit,București,București neatribuit,1
Staer 7,Staer 7,Aleea Podul Giurgiului,București neatribuit,București neatribuit,București,București neatribuit,1
Staer 7,Staer 7,Aleea Posada,Sector 5,Sector 5,București,Sud-Vest,1
Staer 7,Staer 7,Aleea Ramnicul Valcea,Sector 3,Sector 3,București,Est,1
Staer 7,Staer 7,Aleea Raul Doamnei,Sector 6,Sector 6,București,Vest,1
Staer 7,Staer 7,Aleea Riul Sadului,București neatribuit,București neatribuit,București,București neatribuit,1
Staer 7,Staer 7,Aleea Sd,Sector 6,Sector 6,București,Vest,1
Staer 7,Staer 7,Aleea Slatioara,Sector 4,Sector 4,București,Sud,1
Staer 7,Staer 7,Aleea Socului,Sector 2,Sector 2,București,Nord-Est,1
Staer 7,Staer 7,Aleea Tincani,Sector 6,Sector 6,București,Vest,1
Staer 7,Staer 7,Aleea Valea Calugareasca,Sector 6,Sector 6,București,Vest,1
Staer 7,Staer 7,Aleea Valea Rosie,Sector 6,Sector 6,București,Vest,1
Staer 7,Staer 7,Aleea Vasile Goldis,Sector 3,Sector 3,București,Est,1
Staer 7,Staer 7,Aleea Xandru Moruzzi,Sector 3,Sector 3,București,Est,1
Staer 7,Staer 7,Aleea Zavideni,Sector 3,Sector 3,București,Est,1
Staer 7,Staer 7,All Fruntas Constantin Tudor,București neatribuit,București neatribuit,București,București neatribuit,1
Staer 7,Staer 7,Almasu MIC,Sector 4,Sector 4,București,Sud,1
Staer 7,Staer 7,Alpilor,București neatribuit,București neatribuit,București,București neatribuit,1
Staer 7,Staer 7,Alunelului,București neatribuit,București neatribuit,București,București neatribuit,1
Staer 7,Staer 7,Amman,București neatribuit,București neatribuit,București,București neatribuit,1
Staer 7,Staer 7,Anastasie Panu,Sector 3,Sector 3,București,Est,1
Staer 7,Staer 7,Andrei Barsanu,București neatribuit,București neatribuit,București,București neatribuit,1
Staer 7,Staer 7,Andrei Popovici,București neatribuit,București neatribuit,București,București neatribuit,1
Staer 7,Staer 7,Aninului,București neatribuit,București neatribuit,București,București neatribuit,1
Staer 7,Staer 7,Anton Pann,București neatribuit,București neatribuit,București,București neatribuit,1
Staer 7,Staer 7,Apusului,Sector 6,Sector 6,București,Vest,1
Staer 7,Staer 7,Argustului,București neatribuit,București neatribuit,București,București neatribuit,1
Staer 7,Staer 7,Arh Ionescu Grigores,București neatribuit,București neatribuit,București,București neatribuit,1
Staer 7,Staer 7,Arh Petre Antonesc,București neatribuit,București neatribuit,București,București neatribuit,1
Staer 7,Staer 7,Arh. Ionescu,București neatribuit,București neatribuit,București,București neatribuit,1
Staer 7,Staer 7,Aron Patrus,București neatribuit,București neatribuit,București,București neatribuit,1
Staer 7,Staer 7,Athanasie Enescu,Sector 1,Sector 1,București,Nord,1
Staer 7,Staer 7,Atletilor,București neatribuit,București neatribuit,București,București neatribuit,1
Staer 7,Staer 7,Aura Buzescu,București neatribuit,București neatribuit,București,București neatribuit,1
Staer 7,Staer 7,Aurului,Sector 2,Sector 2,București,Nord-Est,1
Staer 7,Staer 7,Av Poisteanu,București neatribuit,București neatribuit,București,București neatribuit,1
Staer 7,Staer 7,Av Stefan Protopopescu,București neatribuit,București neatribuit,București,București neatribuit,1
Staer 7,Staer 7,Aviator Fuica,București neatribuit,București neatribuit,București,București neatribuit,1
Staer 7,Staer 7,Azotului,București neatribuit,București neatribuit,București,București neatribuit,1
Staer 7,Staer 7,Azuga,Sector 2,Sector 2,București,Nord-Est,1
Staer 7,Staer 7,Bachus,București neatribuit,București neatribuit,București,București neatribuit,1
Staer 7,Staer 7,Badea Cartan,Sector 2,Sector 2,București,Nord-Est,1
Staer 7,Staer 7,Baia de Arama,București neatribuit,București neatribuit,București,București neatribuit,1
Staer 7,Staer 7,Baia Mare,Sector 3,Sector 3,București,Est,1
Staer 7,Staer 7,Baiculesti,Sector 1,Sector 1,București,Nord,1
Staer 7,Staer 7,Baladei,Sector 4,Sector 4,București,Sud,1
Staer 7,Staer 7,Balcabasa,București neatribuit,București neatribuit,București,București neatribuit,1
Staer 7,Staer 7,Banu Manta,București neatribuit,București neatribuit,București,București neatribuit,1
Staer 7,Staer 7,Barbat Voievod,Sector 2,Sector 2,București,Nord-Est,1
Staer 7,Staer 7,Barbu Delavrancea,București neatribuit,București neatribuit,București,București neatribuit,1
Staer 7,Staer 7,Barbu Nicolae,București neatribuit,București neatribuit,București,București neatribuit,1
Staer 7,Staer 7,Bardasului,București neatribuit,București neatribuit,București,București neatribuit,1
Staer 7,Staer 7,Bauxitei,București neatribuit,București neatribuit,București,București neatribuit,1
Staer 7,Staer 7,Becatei,București neatribuit,București neatribuit,București,București neatribuit,1
Staer 7,Staer 7,Bedesti,București neatribuit,București neatribuit,București,București neatribuit,1
Staer 7,Staer 7,Beiu Constantin,București neatribuit,București neatribuit,București,București neatribuit,1
Staer 7,Staer 7,Birca,Sector 5,Sector 5,București,Sud-Vest,1
Staer 7,Staer 7,Bizet Georges,București neatribuit,București neatribuit,București,București neatribuit,1
Staer 7,Staer 7,Branduselor,București neatribuit,București neatribuit,București,București neatribuit,1
Staer 7,Staer 7,Bucegi,Sector 1,Sector 1,București,Nord,1
Staer 7,Staer 7,Bucur,București neatribuit,București neatribuit,București,București neatribuit,1
Staer 7,Staer 7,Bulevardul Basarabiei,Sector 2,Sector 2,București,Nord-Est,1
Staer 7,Staer 7,Bulevardul Burebista,Sector 3,Sector 3,București,Est,1
Staer 7,Staer 7,Bulevardul C Brancoveanu,Sector 4,Sector 4,București,Sud,1
Staer 7,Staer 7,Bulevardul Carol,București neatribuit,București neatribuit,București,București neatribuit,1
Staer 7,Staer 7,Bulevardul Carol I,București neatribuit,București neatribuit,București,București neatribuit,1
Staer 7,Staer 7,Bulevardul Constructorilor,Sector 6,Sector 6,București,Vest,1
Staer 7,Staer 7,Bulevardul D 1 Dec,București neatribuit,București neatribuit,București,București neatribuit,1
Staer 7,Staer 7,Bulevardul D Panduri,București neatribuit,București neatribuit,București,București neatribuit,1
Staer 7,Staer 7,Bulevardul Dacia,Sector 2,Sector 2,București,Nord-Est,1
Staer 7,Staer 7,Bulevardul Dinicu Golescu,Sector 1,Sector 1,București,Nord,1
Staer 7,Staer 7,Bulevardul Drumul Taberei,Sector 6,Sector 6,București,Vest,1
Staer 7,Staer 7,Bulevardul Elisabeta,București neatribuit,București neatribuit,București,București neatribuit,1
Staer 7,Staer 7,Bulevardul Ferdinant 1,București neatribuit,București neatribuit,București,București neatribuit,1
Staer 7,Staer 7,Bulevardul Garii de Nord,Sector 1,Sector 1,București,Nord,1
Staer 7,Staer 7,Bulevardul Ghica,București neatribuit,București neatribuit,București,București neatribuit,1
Staer 7,Staer 7,Bulevardul Ghica Tei,Sector 2,Sector 2,București,Nord-Est,1
Staer 7,Staer 7,Bulevardul Ing.gheorghe Duca,București neatribuit,București neatribuit,București,București neatribuit,1
Staer 7,Staer 7,Bulevardul Libertatii,București neatribuit,București neatribuit,București,București neatribuit,1
Staer 7,Staer 7,Bulevardul Metalurgiei,Sector 4,Sector 4,București,Sud,1
Staer 7,Staer 7,Bulevardul N Titulescu,București neatribuit,București neatribuit,București,București neatribuit,1
Staer 7,Staer 7,Bulevardul Oltenia,București neatribuit,București neatribuit,București,București neatribuit,1
Staer 7,Staer 7,Bulevardul Pache Protopopescu,Sector 2,Sector 2,București,Nord-Est,1
Staer 7,Staer 7,Bulevardul Pieptanari,București neatribuit,București neatribuit,București,București neatribuit,1
Staer 7,Staer 7,Bulevardul Rm. Sarat,Sector 3,Sector 3,București,Est,1
Staer 7,Staer 7,Bulevardul Teodor Pallade,București neatribuit,București neatribuit,București,București neatribuit,1
Staer 7,Staer 7,Bulevardul Theodor Paladi,București neatribuit,București neatribuit,București,București neatribuit,1
Staer 7,Staer 7,Bulevardul Tineretului,București neatribuit,București neatribuit,București,București neatribuit,1
Staer 7,Staer 7,Bulevardul Ul Lacul Tei,București neatribuit,București neatribuit,București,București neatribuit,1
Staer 7,Staer 7,Bulevardul Vasile Milea,Sector 6,Sector 6,București,Vest,1
Staer 7,Staer 7,Buri Devea,București neatribuit,București neatribuit,București,București neatribuit,1
Staer 7,Staer 7,Bv.timisoara,București neatribuit,București neatribuit,București,București neatribuit,1
Staer 7,Staer 7,Bvd 1 Mai,București neatribuit,București neatribuit,București,București neatribuit,1
Staer 7,Staer 7,Bvd Burebista,București neatribuit,București neatribuit,București,București neatribuit,1
Staer 7,Staer 7,Bvd Chisinau,București neatribuit,București neatribuit,București,București neatribuit,1
Staer 7,Staer 7,Bvd Mircea Voda,București neatribuit,București neatribuit,București,București neatribuit,1
Staer 7,Staer 7,Bvd Nicolae Grigorescu,București neatribuit,București neatribuit,București,București neatribuit,1
Staer 7,Staer 7,Bvd Preciziei,București neatribuit,București neatribuit,București,București neatribuit,1
Staer 7,Staer 7,Bvd Timisoara,Sector 6,Sector 6,București,Vest,1
Staer 7,Staer 7,Bvd Unirii,București neatribuit,București neatribuit,București,București neatribuit,1
Staer 7,Staer 7,C-Tin Robescu,București neatribuit,București neatribuit,București,București neatribuit,1
Staer 7,Staer 7,Caela Dorobantilor,București neatribuit,București neatribuit,București,București neatribuit,1
Staer 7,Staer 7,Calea Ea Călărași,Sector 3,Sector 3,București,Est,1
Staer 7,Staer 7,Calea Ea Ghrivetei,București neatribuit,București neatribuit,București,București neatribuit,1
Staer 7,Staer 7,Calea Ea Mosilor 257,București neatribuit,București neatribuit,București,București neatribuit,1
Staer 7,Staer 7,Calea Ea Rahova,București neatribuit,București neatribuit,București,București neatribuit,1
Staer 7,Staer 7,Calea Ea Rahovei,Sector 5,Sector 5,București,Sud-Vest,1
Staer 7,Staer 7,Calea Ea Vacarestiu,București neatribuit,București neatribuit,București,București neatribuit,1
Staer 7,Staer 7,Calea Ea Victoriei,București neatribuit,București neatribuit,București,București neatribuit,1
Staer 7,Staer 7,Camil Resue,București neatribuit,București neatribuit,București,București neatribuit,1
Staer 7,Staer 7,Campinita,București neatribuit,București neatribuit,București,București neatribuit,1
Staer 7,Staer 7,Campului,București neatribuit,București neatribuit,București,București neatribuit,1
Staer 7,Staer 7,Capitan Valer Dumitrescu,București neatribuit,București neatribuit,București,București neatribuit,1
Staer 7,Staer 7,Caporal Ivan Anghelache,Sector 5,Sector 5,București,Sud-Vest,1
Staer 7,Staer 7,Capt Av. Alexandru Serbanescu,București neatribuit,București neatribuit,București,București neatribuit,1
Staer 7,Staer 7,Caraiman,București neatribuit,București neatribuit,București,București neatribuit,1
Staer 7,Staer 7,Carpenului,București neatribuit,București neatribuit,București,București neatribuit,1
Staer 7,Staer 7,Cart Brancusi,București neatribuit,București neatribuit,București,București neatribuit,1
Staer 7,Staer 7,Cehov,București neatribuit,București neatribuit,București,București neatribuit,1
Staer 7,Staer 7,Centurii,Sector 6,Sector 6,București,Vest,1
Staer 7,Staer 7,Cetate Histria,București neatribuit,București neatribuit,București,București neatribuit,1
Staer 7,Staer 7,Chilioara,București neatribuit,București neatribuit,București,București neatribuit,1
Staer 7,Staer 7,Chiristigiilor,Sector 2,Sector 2,București,Nord-Est,1
Staer 7,Staer 7,Chiscani,București neatribuit,București neatribuit,București,București neatribuit,1
Staer 7,Staer 7,Chiteica,București neatribuit,București neatribuit,București,București neatribuit,1
Staer 7,Staer 7,Ciberneticii.andronache,București neatribuit,București neatribuit,București,București neatribuit,1
Staer 7,Staer 7,Cluceru Sandu,București neatribuit,București neatribuit,București,București neatribuit,1
Staer 7,Staer 7,Codalbitei,București neatribuit,București neatribuit,București,București neatribuit,1
Staer 7,Staer 7,Colentiina,București neatribuit,București neatribuit,București,București neatribuit,1
Staer 7,Staer 7,Colentin,București neatribuit,București neatribuit,București,București neatribuit,1
Staer 7,Staer 7,Com Patelimon,București neatribuit,București neatribuit,București,București neatribuit,1
Staer 7,Staer 7,Confederatiei,București neatribuit,București neatribuit,București,București neatribuit,1
Staer 7,Staer 7,Consecventei,București neatribuit,București neatribuit,București,București neatribuit,1
Staer 7,Staer 7,Constantin Dobrogeanu,București neatribuit,București neatribuit,București,București neatribuit,1
Staer 7,Staer 7,Corabia,București neatribuit,București neatribuit,București,București neatribuit,1
Staer 7,Staer 7,Cornelia,București neatribuit,București neatribuit,București,București neatribuit,1
Staer 7,Staer 7,Costache Conachi,Sector 2,Sector 2,București,Nord-Est,1
Staer 7,Staer 7,Costila,București neatribuit,București neatribuit,București,București neatribuit,1
Staer 7,Staer 7,Cotnari,București neatribuit,București neatribuit,București,București neatribuit,1
Staer 7,Staer 7,Cozla,Sector 3,Sector 3,București,Est,1
Staer 7,Staer 7,Cpt Av Alexandru Serbanescu,București neatribuit,București neatribuit,București,București neatribuit,1
Staer 7,Staer 7,Cpt Nicolae Licaret,București neatribuit,București neatribuit,București,București neatribuit,1
Staer 7,Staer 7,Cpt.constantin Merisescu,București neatribuit,București neatribuit,București,București neatribuit,1
Staer 7,Staer 7,Craiului,București neatribuit,București neatribuit,București,București neatribuit,1
Staer 7,Staer 7,Crangasi,Sector 6,Sector 6,București,Vest,1
Staer 7,Staer 7,Crapului,București neatribuit,București neatribuit,București,București neatribuit,1
Staer 7,Staer 7,Cremenei,București neatribuit,București neatribuit,București,București neatribuit,1
Staer 7,Staer 7,Cremenita,Sector 2,Sector 2,București,Nord-Est,1
Staer 7,Staer 7,Crinului,București neatribuit,București neatribuit,București,București neatribuit,1
Staer 7,Staer 7,Crisana,Sector 1,Sector 1,București,Nord,1
Staer 7,Staer 7,Cristescu Dima,Sector 2,Sector 2,București,Nord-Est,1
Staer 7,Staer 7,Crisului,București neatribuit,București neatribuit,București,București neatribuit,1
Staer 7,Staer 7,Crivatului,Sector 3,Sector 3,București,Est,1
Staer 7,Staer 7,Cuptorul cu Paine,București neatribuit,București neatribuit,București,București neatribuit,1
Staer 7,Staer 7,D-An Ghica,București neatribuit,București neatribuit,București,București neatribuit,1
Staer 7,Staer 7,D-Dul Basarabia,București neatribuit,București neatribuit,București,București neatribuit,1
Staer 7,Staer 7,Danulesti,Sector 2,Sector 2,București,Nord-Est,1
Staer 7,Staer 7,Dealul Tugulea,Sector 6,Sector 6,București,Vest,1
Staer 7,Staer 7,Democratiei 4,București neatribuit,București neatribuit,București,București neatribuit,1
Staer 7,Staer 7,Despot Voda,Sector 2,Sector 2,București,Nord-Est,1
Staer 7,Staer 7,Dezrobirii,Sector 6,Sector 6,București,Vest,1
Staer 7,Staer 7,Diana Alexandra,București neatribuit,București neatribuit,București,București neatribuit,1
Staer 7,Staer 7,Dimitrie Onciu,București neatribuit,București neatribuit,București,București neatribuit,1
Staer 7,Staer 7,Doctor Iacob Felix,București neatribuit,București neatribuit,București,București neatribuit,1
Staer 7,Staer 7,Doftani,București neatribuit,București neatribuit,București,București neatribuit,1
Staer 7,Staer 7,Dogarilor,București neatribuit,București neatribuit,București,București neatribuit,1
Staer 7,Staer 7,Dr Alexandru Locusteanu,București neatribuit,București neatribuit,București,București neatribuit,1
Staer 7,Staer 7,Dr.louis Pasteur,București neatribuit,București neatribuit,București,București neatribuit,1
Staer 7,Staer 7,Dragos Voda,București neatribuit,București neatribuit,București,București neatribuit,1
Staer 7,Staer 7,Dristor,Sector 3,Sector 3,București,Est,1
Staer 7,Staer 7,Drobota,București neatribuit,București neatribuit,București,București neatribuit,1
Staer 7,Staer 7,Drumul Bisericii,București neatribuit,București neatribuit,București,București neatribuit,1
Staer 7,Staer 7,Drumul Coperativei,București neatribuit,București neatribuit,București,București neatribuit,1
Staer 7,Staer 7,Drumul Cretestilor,Sector 4,Sector 4,București,Sud,1
Staer 7,Staer 7,Drumul Gazarului,Sector 4,Sector 4,București,Sud,1
Staer 7,Staer 7,Drumul Lunca Dunarii,București neatribuit,București neatribuit,București,București neatribuit,1
Staer 7,Staer 7,Drumul Lunca Marcusului,Sector 3,Sector 3,București,Est,1
Staer 7,Staer 7,Drumul Murgului,Sector 3,Sector 3,București,Est,1
Staer 7,Staer 7,Drumul Regimentului,Sector 1,Sector 1,București,Nord,1
Staer 7,Staer 7,Drumul Sabareni,Sector 6,Sector 6,București,Vest,1
Staer 7,Staer 7,Drumul Savareni,București neatribuit,București neatribuit,București,București neatribuit,1
Staer 7,Staer 7,Drumul Timonierului,București neatribuit,București neatribuit,București,București neatribuit,1
Staer 7,Staer 7,Drumul Valea Danului,Sector 6,Sector 6,București,Vest,1
Staer 7,Staer 7,Drumul Valea Doftanei,Sector 6,Sector 6,București,Vest,1
Staer 7,Staer 7,Dumitrescu Tanase,București neatribuit,București neatribuit,București,București neatribuit,1
Staer 7,Staer 7,Dumitru Lazarescu,București neatribuit,București neatribuit,București,București neatribuit,1
Staer 7,Staer 7,Duplexurilor,București neatribuit,București neatribuit,București,București neatribuit,1
Staer 7,Staer 7,Ecaterina Teodoroiu,București neatribuit,București neatribuit,București,București neatribuit,1
Staer 7,Staer 7,Economiei,București neatribuit,București neatribuit,București,București neatribuit,1
Staer 7,Staer 7,Elena Clucereasa,București neatribuit,București neatribuit,București,București neatribuit,1
Staer 7,Staer 7,Elev Stefanescu Stefan,Sector 2,Sector 2,București,Nord-Est,1
Staer 7,Staer 7,Emanoil Porumbaru,București neatribuit,București neatribuit,București,București neatribuit,1
Staer 7,Staer 7,Emisferei,Sector 2,Sector 2,București,Nord-Est,1
Staer 7,Staer 7,Enache Sandu,Sector 2,Sector 2,București,Nord-Est,1
Staer 7,Staer 7,Enachita Vacarescu,București neatribuit,București neatribuit,București,București neatribuit,1
Staer 7,Staer 7,Ene Nita,București neatribuit,București neatribuit,București,București neatribuit,1
Staer 7,Staer 7,Episcop Vulcan,București neatribuit,București neatribuit,București,București neatribuit,1
Staer 7,Staer 7,Episcopiei,București neatribuit,București neatribuit,București,București neatribuit,1
Staer 7,Staer 7,Episcopul Vulcan,Sector 1,Sector 1,București,Nord,1
Staer 7,Staer 7,Eremia Grigorescu,București neatribuit,București neatribuit,București,București neatribuit,1
Staer 7,Staer 7,Erou Floruta Ion,București neatribuit,București neatribuit,București,București neatribuit,1
Staer 7,Staer 7,Erou Ion Scortan,Sector 2,Sector 2,București,Nord-Est,1
Staer 7,Staer 7,Existentei,Sector 2,Sector 2,București,Nord-Est,1
Staer 7,Staer 7,Fabrica de Paine,București neatribuit,București neatribuit,București,București neatribuit,1
Staer 7,Staer 7,Fabricii,București neatribuit,București neatribuit,București,București neatribuit,1
Staer 7,Staer 7,Fagrica de Gheata,București neatribuit,București neatribuit,București,București neatribuit,1
Staer 7,Staer 7,Falticeni,Sector 2,Sector 2,București,Nord-Est,1
Staer 7,Staer 7,Ferastrau,București neatribuit,București neatribuit,București,București neatribuit,1
Staer 7,Staer 7,Ferastraului,București neatribuit,București neatribuit,București,București neatribuit,1
Staer 7,Staer 7,Ferentari,București neatribuit,București neatribuit,București,București neatribuit,1
Staer 7,Staer 7,Fetesti - Living Combibox,București neatribuit,București neatribuit,București,București neatribuit,1
Staer 7,Staer 7,Fetesti.ozana,București neatribuit,București neatribuit,București,București neatribuit,1
Staer 7,Staer 7,Firidei,Sector 3,Sector 3,București,Est,1
Staer 7,Staer 7,Foisoru,București neatribuit,București neatribuit,București,București neatribuit,1
Staer 7,Staer 7,G-Ral Dimitie Salmen,București neatribuit,București neatribuit,București,București neatribuit,1
Staer 7,Staer 7,Gala Galaction,Sector 1,Sector 1,București,Nord,1
Staer 7,Staer 7,Garoafelor,București neatribuit,București neatribuit,București,București neatribuit,1
Staer 7,Staer 7,Geamandurii,Sector 2,Sector 2,București,Nord-Est,1
Staer 7,Staer 7,General Popovat,București neatribuit,București neatribuit,București,București neatribuit,1
Staer 7,Staer 7,George Bacovia,București neatribuit,București neatribuit,București,București neatribuit,1
Staer 7,Staer 7,George Enescu,Sector 1,Sector 1,București,Nord,1
Staer 7,Staer 7,Gh Petrascu,București neatribuit,București neatribuit,București,București neatribuit,1
Staer 7,Staer 7,Ghencea,Sector 6,Sector 6,București,Vest,1
Staer 7,Staer 7,Gheorghe Petrascu,București neatribuit,București neatribuit,București,București neatribuit,1
Staer 7,Staer 7,Gherghitei,Sector 2,Sector 2,București,Nord-Est,1
Staer 7,Staer 7,Giulesti,București neatribuit,București neatribuit,București,București neatribuit,1
Staer 7,Staer 7,Gladiolelor,București neatribuit,București neatribuit,București,București neatribuit,1
Staer 7,Staer 7,Glicinelor,Sector 5,Sector 5,București,Sud-Vest,1
Staer 7,Staer 7,Gradinarilor,București neatribuit,București neatribuit,București,București neatribuit,1
Staer 7,Staer 7,Grigore Tocilescu,București neatribuit,București neatribuit,București,București neatribuit,1
Staer 7,Staer 7,Grivitei,București neatribuit,București neatribuit,București,București neatribuit,1
Staer 7,Staer 7,Gura Vadului,Sector 3,Sector 3,București,Est,1
Staer 7,Staer 7,Hatisului,Sector 2,Sector 2,București,Nord-Est,1
Staer 7,Staer 7,Herastrau,București neatribuit,București neatribuit,București,București neatribuit,1
Staer 7,Staer 7,Herculane 8a,București neatribuit,București neatribuit,București,București neatribuit,1
Staer 7,Staer 7,Hercule,București neatribuit,București neatribuit,București,București neatribuit,1
Staer 7,Staer 7,Hispaniei,București neatribuit,București neatribuit,București,București neatribuit,1
Staer 7,Staer 7,Horei,București neatribuit,București neatribuit,București,București neatribuit,1
Staer 7,Staer 7,Husi,Sector 4,Sector 4,București,Sud,1
Staer 7,Staer 7,Icoanei,Sector 2,Sector 2,București,Nord-Est,1
Staer 7,Staer 7,Ielev Stefanescu,București neatribuit,București neatribuit,București,București neatribuit,1
Staer 7,Staer 7,IL Caragiale,București neatribuit,București neatribuit,București,București neatribuit,1
Staer 7,Staer 7,Ilarie Chendi,București neatribuit,București neatribuit,București,București neatribuit,1
Staer 7,Staer 7,Iliceanu Ion,București neatribuit,București neatribuit,București,București neatribuit,1
Staer 7,Staer 7,Ilioara,Sector 3,Sector 3,București,Est,1
Staer 7,Staer 7,Imachi,București neatribuit,București neatribuit,București,București neatribuit,1
Staer 7,Staer 7,Iman,Sector 2,Sector 2,București,Nord-Est,1
Staer 7,Staer 7,Imparatul Traian,Sector 4,Sector 4,București,Sud,1
Staer 7,Staer 7,In George Simionescu,București neatribuit,București neatribuit,București,București neatribuit,1
Staer 7,Staer 7,Industriilor,Sector 3,Sector 3,București,Est,1
Staer 7,Staer 7,Inginer Zablovschi,Sector 1,Sector 1,București,Nord,1
Staer 7,Staer 7,Inginerilor Tei,Sector 2,Sector 2,București,Nord-Est,1
Staer 7,Staer 7,Int Barsei,București neatribuit,București neatribuit,București,București neatribuit,1
Staer 7,Staer 7,Int Birsei,București neatribuit,București neatribuit,București,București neatribuit,1
Staer 7,Staer 7,Int Doinei,București neatribuit,București neatribuit,București,București neatribuit,1
Staer 7,Staer 7,Int Dridu,București neatribuit,București neatribuit,București,București neatribuit,1
Staer 7,Staer 7,Int Eufrosina Popescu,București neatribuit,București neatribuit,București,București neatribuit,1
Staer 7,Staer 7,Int Muncii,București neatribuit,București neatribuit,București,București neatribuit,1
Staer 7,Staer 7,Int Plopeni,București neatribuit,București neatribuit,București,București neatribuit,1
Staer 7,Staer 7,Int Reconstructiei,București neatribuit,București neatribuit,București,București neatribuit,1
Staer 7,Staer 7,Int Santierului,București neatribuit,București neatribuit,București,București neatribuit,1
Staer 7,Staer 7,Int Scorusului,București neatribuit,București neatribuit,București,București neatribuit,1
Staer 7,Staer 7,Int Taciunelui,București neatribuit,București neatribuit,București,București neatribuit,1
Staer 7,Staer 7,Int. Vagonetului,București neatribuit,București neatribuit,București,București neatribuit,1
Staer 7,Staer 7,Int.agatului,București neatribuit,București neatribuit,București,București neatribuit,1
Staer 7,Staer 7,Int.cap.nicolae Cerga,București neatribuit,București neatribuit,București,București neatribuit,1
Staer 7,Staer 7,Int.patinoarului,București neatribuit,București neatribuit,București,București neatribuit,1
Staer 7,Staer 7,Int.trei Brazi,București neatribuit,București neatribuit,București,București neatribuit,1
Staer 7,Staer 7,Intrarea Area Aniversari,București neatribuit,București neatribuit,București,București neatribuit,1
Staer 7,Staer 7,Intrarea Area Badeni,Sector 3,Sector 3,București,Est,1
Staer 7,Staer 7,Intrarea Area Horbotei,București neatribuit,București neatribuit,București,București neatribuit,1
Staer 7,Staer 7,Intrarea Area Ochiuri,București neatribuit,București neatribuit,București,București neatribuit,1
Staer 7,Staer 7,Intrarea Biruintei,București neatribuit,București neatribuit,București,București neatribuit,1
Staer 7,Staer 7,Intrarea Lunca Barzesti,Sector 4,Sector 4,București,Sud,1
Staer 7,Staer 7,Intrarea Mecet,Sector 2,Sector 2,București,Nord-Est,1
Staer 7,Staer 7,Intrarea Parului,Sector 3,Sector 3,București,Est,1
Staer 7,Staer 7,Intrarea Pinului,Sector 6,Sector 6,București,Vest,1
Staer 7,Staer 7,Intrarea Reconstructiei,Sector 3,Sector 3,București,Est,1
Staer 7,Staer 7,Intrarea Teodor Iliescu,București neatribuit,București neatribuit,București,București neatribuit,1
Staer 7,Staer 7,Invalid Suliga,București neatribuit,București neatribuit,București,București neatribuit,1
Staer 7,Staer 7,Invingatorilor,Sector 3,Sector 3,București,Est,1
Staer 7,Staer 7,Ioan Berindei,București neatribuit,București neatribuit,București,București neatribuit,1
Staer 7,Staer 7,Ioan Mihalache,București neatribuit,București neatribuit,București,București neatribuit,1
Staer 7,Staer 7,Ion Ghica,București neatribuit,București neatribuit,București,București neatribuit,1
Staer 7,Staer 7,Ion Iriceanu,Sector 4,Sector 4,București,Sud,1
Staer 7,Staer 7,Ion Nedeleanau,București neatribuit,București neatribuit,București,București neatribuit,1
Staer 7,Staer 7,Ion Nedeleanu,București neatribuit,București neatribuit,București,București neatribuit,1
Staer 7,Staer 7,Ionescu Grigore,București neatribuit,București neatribuit,București,București neatribuit,1
Staer 7,Staer 7,Irisului,Sector 3,Sector 3,București,Est,1
Staer 7,Staer 7,Istrat Higas,București neatribuit,București neatribuit,București,București neatribuit,1
Staer 7,Staer 7,Iuliu Barash,București neatribuit,București neatribuit,București,București neatribuit,1
Staer 7,Staer 7,Iustinian,București neatribuit,București neatribuit,București,București neatribuit,1
Staer 7,Staer 7,Jean Louis Calderon,București neatribuit,București neatribuit,București,București neatribuit,1
Staer 7,Staer 7,Jirului,București neatribuit,București neatribuit,București,București neatribuit,1
Staer 7,Staer 7,Jl Calderon,București neatribuit,București neatribuit,București,București neatribuit,1
Staer 7,Staer 7,Johan Sebastian Bach,București neatribuit,București neatribuit,București,București neatribuit,1
Staer 7,Staer 7,Johannes Ketler,București neatribuit,București neatribuit,București,București neatribuit,1
Staer 7,Staer 7,L Iancu de Hunedoara,București neatribuit,București neatribuit,București,București neatribuit,1
Staer 7,Staer 7,Labirint,București neatribuit,București neatribuit,București,București neatribuit,1
Staer 7,Staer 7,Lacul Zanoaga,București neatribuit,București neatribuit,București,București neatribuit,1
Staer 7,Staer 7,Lalosu,București neatribuit,București neatribuit,București,București neatribuit,1
Staer 7,Staer 7,Lamaseni,București neatribuit,București neatribuit,București,București neatribuit,1
Staer 7,Staer 7,Lastarisului,Sector 1,Sector 1,București,Nord,1
Staer 7,Staer 7,Latea Gheorghe,Sector 6,Sector 6,București,Vest,1
Staer 7,Staer 7,Lazar Florea,București neatribuit,București neatribuit,București,București neatribuit,1
Staer 7,Staer 7,Lecturii,Sector 2,Sector 2,București,Nord-Est,1
Staer 7,Staer 7,Leonida,București neatribuit,București neatribuit,București,București neatribuit,1
Staer 7,Staer 7,Lipiceni,București neatribuit,București neatribuit,București,București neatribuit,1
Staer 7,Staer 7,Litoralu;ui,București neatribuit,București neatribuit,București,București neatribuit,1
Staer 7,Staer 7,Liviu Rebreanu.titan,București neatribuit,București neatribuit,București,București neatribuit,1
Staer 7,Staer 7,Lobistei,București neatribuit,București neatribuit,București,București neatribuit,1
Staer 7,Staer 7,Logofat Dan,București neatribuit,București neatribuit,București,București neatribuit,1
Staer 7,Staer 7,Logofat Tautu,București neatribuit,București neatribuit,București,București neatribuit,1
Staer 7,Staer 7,Logofat Udriste,București neatribuit,București neatribuit,București,București neatribuit,1
Staer 7,Staer 7,Logofatul Tautu,București neatribuit,București neatribuit,București,București neatribuit,1
Staer 7,Staer 7,Lt Av Fuica,București neatribuit,București neatribuit,București,București neatribuit,1
Staer 7,Staer 7,Lt Col Dumitru Papazoglu,Sector 3,Sector 3,București,Est,1
Staer 7,Staer 7,Luceafarului,București neatribuit,București neatribuit,București,București neatribuit,1
Staer 7,Staer 7,Lucretiu Patrascu,București neatribuit,București neatribuit,București,București neatribuit,1
Staer 7,Staer 7,Macelar,București neatribuit,București neatribuit,București,București neatribuit,1
Staer 7,Staer 7,Macului,București neatribuit,București neatribuit,București,București neatribuit,1
Staer 7,Staer 7,Maica Teofana,București neatribuit,București neatribuit,București,București neatribuit,1
Staer 7,Staer 7,Maior Bacila Vasile,Sector 2,Sector 2,București,Nord-Est,1
Staer 7,Staer 7,Maior Mampeanu,București neatribuit,București neatribuit,București,București neatribuit,1
Staer 7,Staer 7,Maior Vasile Bocila,București neatribuit,București neatribuit,București,București neatribuit,1
Staer 7,Staer 7,Malcoci,Sector 5,Sector 5,București,Sud-Vest,1
Staer 7,Staer 7,Marcu Armasu,Sector 2,Sector 2,București,Nord-Est,1
Staer 7,Staer 7,Margeanului,Sector 5,Sector 5,București,Sud-Vest,1
Staer 7,Staer 7,Margine,București neatribuit,București neatribuit,București,București neatribuit,1
Staer 7,Staer 7,Maria Rosetti,București neatribuit,București neatribuit,București,București neatribuit,1
Staer 7,Staer 7,Marian Vasile,București neatribuit,București neatribuit,București,București neatribuit,1
Staer 7,Staer 7,Marius Emanuil Guteica,București neatribuit,București neatribuit,București,București neatribuit,1
Staer 7,Staer 7,Marului,Sector 3,Sector 3,București,Est,1
Staer 7,Staer 7,Masina de Piine,București neatribuit,București neatribuit,București,București neatribuit,1
Staer 7,Staer 7,Matui,București neatribuit,București neatribuit,București,București neatribuit,1
Staer 7,Staer 7,Maxim Dorki,București neatribuit,București neatribuit,București,București neatribuit,1
Staer 7,Staer 7,Maximilian Popa,București neatribuit,București neatribuit,București,București neatribuit,1
Staer 7,Staer 7,Maximilian Popper,București neatribuit,București neatribuit,București,București neatribuit,1
Staer 7,Staer 7,Mehadi,București neatribuit,București neatribuit,București,București neatribuit,1
Staer 7,Staer 7,Mehadia,București neatribuit,București neatribuit,București,București neatribuit,1
Staer 7,Staer 7,Mehadie,București neatribuit,București neatribuit,București,București neatribuit,1
Staer 7,Staer 7,Mihaela Ruxandra Marcu,Sector 6,Sector 6,București,Vest,1
Staer 7,Staer 7,Mihai Bravo,București neatribuit,București neatribuit,București,București neatribuit,1
Staer 7,Staer 7,Mihai Viteazu,București neatribuit,București neatribuit,București,București neatribuit,1
Staer 7,Staer 7,Militari,București neatribuit,București neatribuit,București,București neatribuit,1
Staer 7,Staer 7,Mixandrei,Sector 4,Sector 4,București,Sud,1
Staer 7,Staer 7,Moga Alexandru,București neatribuit,București neatribuit,București,București neatribuit,1
Staer 7,Staer 7,Mogos Vornicul,București neatribuit,București neatribuit,București,București neatribuit,1
Staer 7,Staer 7,Moinesti,Sector 6,Sector 6,București,Vest,1
Staer 7,Staer 7,Moinesti.militari,București neatribuit,București neatribuit,București,București neatribuit,1
Staer 7,Staer 7,Moise Nicoara 38a,București neatribuit,București neatribuit,București,București neatribuit,1
Staer 7,Staer 7,Mr Vasile Bacila,Sector 2,Sector 2,București,Nord-Est,1
Staer 7,Staer 7,Munteniei,Sector 1,Sector 1,București,Nord,1
Staer 7,Staer 7,Muntii Buzaului,Sector 2,Sector 2,București,Nord-Est,1
Staer 7,Staer 7,Muresana,Sector 3,Sector 3,București,Est,1
Staer 7,Staer 7,Mureseni,București neatribuit,București neatribuit,București,București neatribuit,1
Staer 7,Staer 7,Muuncii,București neatribuit,București neatribuit,București,București neatribuit,1
Staer 7,Staer 7,N.hagi Stoica,București neatribuit,București neatribuit,București,București neatribuit,1
Staer 7,Staer 7,Nades,București neatribuit,București neatribuit,București,București neatribuit,1
Staer 7,Staer 7,Neagoe Teodor,București neatribuit,București neatribuit,București,București neatribuit,1
Staer 7,Staer 7,Nicolae Caramfil,București neatribuit,București neatribuit,București,București neatribuit,1
Staer 7,Staer 7,Nicolae Caranfil,București neatribuit,București neatribuit,București,București neatribuit,1
Staer 7,Staer 7,Nicolae Filimon,București neatribuit,București neatribuit,București,București neatribuit,1
Staer 7,Staer 7,Nicolae Grigoresc,București neatribuit,București neatribuit,București,București neatribuit,1
Staer 7,Staer 7,Nicolae Hagi Stoica,București neatribuit,București neatribuit,București,București neatribuit,1
Staer 7,Staer 7,Nicolae Pascu,Sector 3,Sector 3,București,Est,1
Staer 7,Staer 7,Niculae Apostol,București neatribuit,București neatribuit,București,București neatribuit,1
Staer 7,Staer 7,Nita Elinescu,București neatribuit,București neatribuit,București,București neatribuit,1
Staer 7,Staer 7,Nita Ene,Sector 2,Sector 2,București,Nord-Est,1
Staer 7,Staer 7,Nucsoara,Sector 6,Sector 6,București,Vest,1
Staer 7,Staer 7,Nuferilor,București neatribuit,București neatribuit,București,București neatribuit,1
Staer 7,Staer 7,Obcina Mare,Sector 6,Sector 6,București,Vest,1
Staer 7,Staer 7,Oboru Nou,București neatribuit,București neatribuit,București,București neatribuit,1
Staer 7,Staer 7,Oborul Nou,Sector 2,Sector 2,București,Nord-Est,1
Staer 7,Staer 7,Odgonului,București neatribuit,București neatribuit,București,București neatribuit,1
Staer 7,Staer 7,Oinei,București neatribuit,București neatribuit,București,București neatribuit,1
Staer 7,Staer 7,Oltetului,București neatribuit,București neatribuit,București,București neatribuit,1
Staer 7,Staer 7,Oltului,București neatribuit,București neatribuit,București,București neatribuit,1
Staer 7,Staer 7,Oradea,Sector 2,Sector 2,București,Nord-Est,1
Staer 7,Staer 7,Orzari,Sector 2,Sector 2,București,Nord-Est,1
Staer 7,Staer 7,Oti Calin Dr,București neatribuit,București neatribuit,București,București neatribuit,1
Staer 7,Staer 7,P-Ta Foisorul de Foc,București neatribuit,București neatribuit,București,București neatribuit,1
Staer 7,Staer 7,P-Ța Presei Libere,București neatribuit,București neatribuit,București,București neatribuit,1
Staer 7,Staer 7,Padurea Pustinicu,București neatribuit,București neatribuit,București,București neatribuit,1
Staer 7,Staer 7,Pajura,București neatribuit,București neatribuit,București,București neatribuit,1
Staer 7,Staer 7,Pajurei,București neatribuit,București neatribuit,București,București neatribuit,1
Staer 7,Staer 7,Pancota,Sector 2,Sector 2,București,Nord-Est,1
Staer 7,Staer 7,Panduri,București neatribuit,București neatribuit,București,București neatribuit,1
Staer 7,Staer 7,Parcului,Sector 1,Sector 1,București,Nord,1
Staer 7,Staer 7,Pargarilor,Sector 2,Sector 2,București,Nord-Est,1
Staer 7,Staer 7,Patutului,București neatribuit,București neatribuit,București,București neatribuit,1
Staer 7,Staer 7,Paul Greuceanu,București neatribuit,București neatribuit,București,București neatribuit,1
Staer 7,Staer 7,Paunasul Codrilor,București neatribuit,București neatribuit,București,București neatribuit,1
Staer 7,Staer 7,Penes Curcanu,Sector 3,Sector 3,București,Est,1
Staer 7,Staer 7,Petre Antonesu,București neatribuit,București neatribuit,București,București neatribuit,1
Staer 7,Staer 7,Petre Cumapanici,București neatribuit,București neatribuit,București,București neatribuit,1
Staer 7,Staer 7,Petre Ionescu,București neatribuit,București neatribuit,București,București neatribuit,1
Staer 7,Staer 7,Petre Lazarescu,București neatribuit,București neatribuit,București,București neatribuit,1
Staer 7,Staer 7,Petre Paun,București neatribuit,București neatribuit,București,București neatribuit,1
Staer 7,Staer 7,Petricani,București neatribuit,București neatribuit,București,București neatribuit,1
Staer 7,Staer 7,Petroului,București neatribuit,București neatribuit,București,București neatribuit,1
Staer 7,Staer 7,Pewtre Paun,București neatribuit,București neatribuit,București,București neatribuit,1
Staer 7,Staer 7,Piata Alba Iulia,București neatribuit,București neatribuit,București,București neatribuit,1
Staer 7,Staer 7,Pict Nicolae Grigorescu,București neatribuit,București neatribuit,București,București neatribuit,1
Staer 7,Staer 7,Pictor N Grigorescu,București neatribuit,București neatribuit,București,București neatribuit,1
Staer 7,Staer 7,Pictor Stefan Dumitescu,București neatribuit,București neatribuit,București,București neatribuit,1
Staer 7,Staer 7,Pictor Stefan Dumitrescu,Sector 4,Sector 4,București,Sud,1
Staer 7,Staer 7,Pietei,Sector 1,Sector 1,București,Nord,1
Staer 7,Staer 7,Plivitului,București neatribuit,București neatribuit,București,București neatribuit,1
Staer 7,Staer 7,Plt Maj Marin Pazon,Sector 3,Sector 3,București,Est,1
Staer 7,Staer 7,Plt Marin Pazon,București neatribuit,București neatribuit,București,București neatribuit,1
Staer 7,Staer 7,Plugarilor,București neatribuit,București neatribuit,București,București neatribuit,1
Staer 7,Staer 7,Plumbuita,București neatribuit,București neatribuit,București,București neatribuit,1
Staer 7,Staer 7,Plut. Petre Ionescu,București neatribuit,București neatribuit,București,București neatribuit,1
Staer 7,Staer 7,Plutonier Petre Ionescu,București neatribuit,București neatribuit,București,București neatribuit,1
Staer 7,Staer 7,Plutonier Radu Gheorghe,București neatribuit,București neatribuit,București,București neatribuit,1
Staer 7,Staer 7,Podul Corbului,București neatribuit,București neatribuit,București,București neatribuit,1
Staer 7,Staer 7,Podul Neagului,București neatribuit,București neatribuit,București,București neatribuit,1
Staer 7,Staer 7,Poet Buzdugan,București neatribuit,București neatribuit,București,București neatribuit,1
Staer 7,Staer 7,Poet Grigore Alexandrescu,București neatribuit,București neatribuit,București,București neatribuit,1
Staer 7,Staer 7,Polovraci,București neatribuit,București neatribuit,București,București neatribuit,1
Staer 7,Staer 7,Popa Petre,Sector 2,Sector 2,București,Nord-Est,1
Staer 7,Staer 7,Popa Soare,București neatribuit,București neatribuit,București,București neatribuit,1
Staer 7,Staer 7,Popesti Leordeni-Splaiul Unirii,București neatribuit,București neatribuit,București,București neatribuit,1
Staer 7,Staer 7,Postalionului,București neatribuit,București neatribuit,București,București neatribuit,1
Staer 7,Staer 7,Preciziei,Sector 6,Sector 6,București,Vest,1
Staer 7,Staer 7,Prelungirea Garii Catelu,Sector 3,Sector 3,București,Est,1
Staer 7,Staer 7,Prevederii.salajan,București neatribuit,București neatribuit,București,București neatribuit,1
Staer 7,Staer 7,Principatele Unite 25-27,București neatribuit,București neatribuit,București,București neatribuit,1
Staer 7,Staer 7,Privitului,București neatribuit,București neatribuit,București,București neatribuit,1
Staer 7,Staer 7,Prl Ghencea,București neatribuit,București neatribuit,București,București neatribuit,1
Staer 7,Staer 7,Procopie Dumitrescu,București neatribuit,București neatribuit,București,București neatribuit,1
Staer 7,Staer 7,Profesor Constantin Georgian,București neatribuit,București neatribuit,București,București neatribuit,1
Staer 7,Staer 7,Profesor Ion Bogdan,București neatribuit,București neatribuit,București,București neatribuit,1
Staer 7,Staer 7,Puietilor,București neatribuit,București neatribuit,București,București neatribuit,1
Staer 7,Staer 7,Putul cu Tei,București neatribuit,București neatribuit,București,București neatribuit,1
Staer 7,Staer 7,Putul lui Zamfir,București neatribuit,București neatribuit,București,București neatribuit,1
Staer 7,Staer 7,Raditei,București neatribuit,București neatribuit,București,București neatribuit,1
Staer 7,Staer 7,Radu de la Afumati,București neatribuit,București neatribuit,București,București neatribuit,1
Staer 7,Staer 7,Ramnicu Vilcea,București neatribuit,București neatribuit,București,București neatribuit,1
Staer 7,Staer 7,Raspantiilor,București neatribuit,București neatribuit,București,București neatribuit,1
Staer 7,Staer 7,Rebreanu,București neatribuit,București neatribuit,București,București neatribuit,1
Staer 7,Staer 7,Refrenului,București neatribuit,București neatribuit,București,București neatribuit,1
Staer 7,Staer 7,Ritmului,Sector 2,Sector 2,București,Nord-Est,1
Staer 7,Staer 7,Robanesti,București neatribuit,București neatribuit,București,București neatribuit,1
Staer 7,Staer 7,Rodovanu,București neatribuit,București neatribuit,București,București neatribuit,1
Staer 7,Staer 7,Roman,București neatribuit,București neatribuit,București,București neatribuit,1
Staer 7,Staer 7,Rovinari,București neatribuit,București neatribuit,București,București neatribuit,1
Staer 7,Staer 7,Rovine,Sector 2,Sector 2,București,Nord-Est,1
Staer 7,Staer 7,Ruschita,București neatribuit,București neatribuit,București,București neatribuit,1
Staer 7,Staer 7,Rusetu,București neatribuit,București neatribuit,București,București neatribuit,1
Staer 7,Staer 7,Sacele,București neatribuit,București neatribuit,București,București neatribuit,1
Staer 7,Staer 7,Sachilarie Visaliu,București neatribuit,București neatribuit,București,București neatribuit,1
Staer 7,Staer 7,Saidac Gheorghe Lt,București neatribuit,București neatribuit,București,București neatribuit,1
Staer 7,Staer 7,Salaj,Sector 5,Sector 5,București,Sud-Vest,1
Staer 7,Staer 7,Salciilor,București neatribuit,București neatribuit,București,București neatribuit,1
Staer 7,Staer 7,Sarafinesti,București neatribuit,București neatribuit,București,București neatribuit,1
Staer 7,Staer 7,Savinesti,Sector 4,Sector 4,București,Sud,1
Staer 7,Staer 7,Scaietilor,București neatribuit,București neatribuit,București,București neatribuit,1
Staer 7,Staer 7,Sect 3,București neatribuit,București neatribuit,București,București neatribuit,1
Staer 7,Staer 7,Sector 2,București neatribuit,București neatribuit,București,București neatribuit,1
Staer 7,Staer 7,Sector 3,București neatribuit,București neatribuit,București,București neatribuit,1
Staer 7,Staer 7,Sector 5,București neatribuit,București neatribuit,București,București neatribuit,1
Staer 7,Staer 7,Sector5,București neatribuit,București neatribuit,București,București neatribuit,1
Staer 7,Staer 7,Semnalului,București neatribuit,București neatribuit,București,București neatribuit,1
Staer 7,Staer 7,Serbeta,București neatribuit,București neatribuit,București,București neatribuit,1
Staer 7,Staer 7,Serg Pene Dumitru,București neatribuit,București neatribuit,București,București neatribuit,1
Staer 7,Staer 7,Serg Sorescu,București neatribuit,București neatribuit,București,București neatribuit,1
Staer 7,Staer 7,Serg.serbanica Vasile,București neatribuit,București neatribuit,București,București neatribuit,1
Staer 7,Staer 7,Sergent Cara Anghel,București neatribuit,București neatribuit,București,București neatribuit,1
Staer 7,Staer 7,Sergent Latea Gheorghe,București neatribuit,București neatribuit,București,București neatribuit,1
Staer 7,Staer 7,Sergent Pene Dumitru,București neatribuit,București neatribuit,București,București neatribuit,1
Staer 7,Staer 7,Sergent Vasile Topriceanu,București neatribuit,București neatribuit,București,București neatribuit,1
Staer 7,Staer 7,Sf Niceta,București neatribuit,București neatribuit,București,București neatribuit,1
Staer 7,Staer 7,Sg George Iorga,București neatribuit,București neatribuit,București,București neatribuit,1
Staer 7,Staer 7,Sg Maj Dumitru Samoila,București neatribuit,București neatribuit,București,București neatribuit,1
Staer 7,Staer 7,Sg Pironasu Ion,București neatribuit,București neatribuit,București,București neatribuit,1
Staer 7,Staer 7,Sg Tache Gheorghe,București neatribuit,București neatribuit,București,București neatribuit,1
Staer 7,Staer 7,Sg Turturica,București neatribuit,București neatribuit,București,București neatribuit,1
Staer 7,Staer 7,Sighet,Sector 2,Sector 2,București,Nord-Est,1
Staer 7,Staer 7,Silozului,București neatribuit,București neatribuit,București,București neatribuit,1
Staer 7,Staer 7,Simion Busuioc,Sector 2,Sector 2,București,Nord-Est,1
Staer 7,Staer 7,Simion Mehedinti,Sector 6,Sector 6,București,Vest,1
Staer 7,Staer 7,Siruilui,București neatribuit,București neatribuit,București,București neatribuit,1
Staer 7,Staer 7,Slovei,București neatribuit,București neatribuit,București,București neatribuit,1
Staer 7,Staer 7,Slt Cristescu Dima,Sector 2,Sector 2,București,Nord-Est,1
Staer 7,Staer 7,Slt.dragos Maldinovici,București neatribuit,București neatribuit,București,București neatribuit,1
Staer 7,Staer 7,Smardan,București neatribuit,București neatribuit,București,București neatribuit,1
Staer 7,Staer 7,Soceni,București neatribuit,București neatribuit,București,București neatribuit,1
Staer 7,Staer 7,Soimusi,București neatribuit,București neatribuit,București,București neatribuit,1
Staer 7,Staer 7,Sold Bira Savu,București neatribuit,București neatribuit,București,București neatribuit,1
Staer 7,Staer 7,Sold Zambila Ionita,București neatribuit,București neatribuit,București,București neatribuit,1
Staer 7,Staer 7,Sold.stelian Tomovici,București neatribuit,București neatribuit,București,București neatribuit,1
Staer 7,Staer 7,Soldat N.sebe,București neatribuit,București neatribuit,București,București neatribuit,1
Staer 7,Staer 7,Soldat Nicolae Sebe,București neatribuit,București neatribuit,București,București neatribuit,1
Staer 7,Staer 7,Soldat Nicolae Sebea,București neatribuit,București neatribuit,București,București neatribuit,1
Staer 7,Staer 7,Soldat Niculae Sebe,București neatribuit,București neatribuit,București,București neatribuit,1
Staer 7,Staer 7,Soldat Petre Dumitru,București neatribuit,București neatribuit,București,București neatribuit,1
Staer 7,Staer 7,Soldat Savu Bara,București neatribuit,București neatribuit,București,București neatribuit,1
Staer 7,Staer 7,Soldat Tina Petre,București neatribuit,București neatribuit,București,București neatribuit,1
Staer 7,Staer 7,Spaiul Unirii,București neatribuit,București neatribuit,București,București neatribuit,1
Staer 7,Staer 7,Spatar Minescu,București neatribuit,București neatribuit,București,București neatribuit,1
Staer 7,Staer 7,Spataru Mihai,București neatribuit,București neatribuit,București,București neatribuit,1
Staer 7,Staer 7,Spataru Preda,Sector 5,Sector 5,București,Sud-Vest,1
Staer 7,Staer 7,Spinis,Sector 4,Sector 4,București,Sud,1
Staer 7,Staer 7,Spinului,București neatribuit,București neatribuit,București,București neatribuit,1
Staer 7,Staer 7,Sptar Minescu,București neatribuit,București neatribuit,București,București neatribuit,1
Staer 7,Staer 7,Srh.petre Antonescu,București neatribuit,București neatribuit,București,București neatribuit,1
Staer 7,Staer 7,Staminelor,București neatribuit,București neatribuit,București,București neatribuit,1
Staer 7,Staer 7,Stan Serban Bogdan,București neatribuit,București neatribuit,București,București neatribuit,1
Staer 7,Staer 7,Stanjeneilor,Sector 4,Sector 4,București,Sud,1
Staer 7,Staer 7,Stefan Mihaileanu,Sector 2,Sector 2,București,Nord-Est,1
Staer 7,Staer 7,Stejarului,București neatribuit,București neatribuit,București,București neatribuit,1
Staer 7,Staer 7,Stinjeneilor,București neatribuit,București neatribuit,București,București neatribuit,1
Staer 7,Staer 7,Stiucii,București neatribuit,București neatribuit,București,București neatribuit,1
Staer 7,Staer 7,Stolnicului Vasile,București neatribuit,București neatribuit,București,București neatribuit,1
Staer 7,Staer 7,Strada Alunișului,Sector 4,Sector 4,București,Sud,1
Staer 7,Staer 7,Strada Amurgului,București neatribuit,București neatribuit,București,București neatribuit,1
Staer 7,Staer 7,Strada Ardeleni,Sector 2,Sector 2,București,Nord-Est,1
Staer 7,Staer 7,Strada Aurel Perșu,București neatribuit,București neatribuit,București,București neatribuit,1
Staer 7,Staer 7,Strada Bârnova,Sector 5,Sector 5,București,Sud-Vest,1
Staer 7,Staer 7,Strada Biserica Mărcuța,Sector 2,Sector 2,București,Nord-Est,1
Staer 7,Staer 7,Strada Botorca,Sector 5,Sector 5,București,Sud-Vest,1
Staer 7,Staer 7,Strada Carol Knappe,Sector 1,Sector 1,București,Nord,1
Staer 7,Staer 7,Strada Căminului,București neatribuit,București neatribuit,București,București neatribuit,1
Staer 7,Staer 7,Strada Cetatea de Balta,București neatribuit,București neatribuit,București,București neatribuit,1
Staer 7,Staer 7,Strada Constantin Dobrogeanu Gherea,Sector 1,Sector 1,București,Nord,1
Staer 7,Staer 7,Strada Copaceni,Sector 3,Sector 3,București,Est,1
Staer 7,Staer 7,Strada Cricovului,București neatribuit,București neatribuit,București,București neatribuit,1
Staer 7,Staer 7,Strada Cupolei,Sector 6,Sector 6,București,Vest,1
Staer 7,Staer 7,Strada Deleni,București neatribuit,București neatribuit,București,București neatribuit,1
Staer 7,Staer 7,Strada Delinesti,Sector 6,Sector 6,București,Vest,1
Staer 7,Staer 7,Strada Dobrina,București neatribuit,București neatribuit,București,București neatribuit,1
Staer 7,Staer 7,Strada Elena Caragiani,București neatribuit,București neatribuit,București,București neatribuit,1
Staer 7,Staer 7,Strada Emil Gârleanu,Sector 3,Sector 3,București,Est,1
Staer 7,Staer 7,Strada Foisorului,București neatribuit,București neatribuit,București,București neatribuit,1
Staer 7,Staer 7,Strada Gheorghe Țițeica,București neatribuit,București neatribuit,București,București neatribuit,1
Staer 7,Staer 7,Strada Grota Lacurilor,Sector 3,Sector 3,București,Est,1
Staer 7,Staer 7,Strada Ileana Cosânzeana,București neatribuit,București neatribuit,București,București neatribuit,1
Staer 7,Staer 7,Strada Jean Steriade,București neatribuit,București neatribuit,București,București neatribuit,1
Staer 7,Staer 7,Strada Lujerului,Sector 6,Sector 6,București,Vest,1
Staer 7,Staer 7,Strada Odei,București neatribuit,București neatribuit,București,București neatribuit,1
Staer 7,Staer 7,Strada Oltina,Sector 5,Sector 5,București,Sud-Vest,1
Staer 7,Staer 7,Strada Paul Greceanu,Sector 2,Sector 2,București,Nord-Est,1
Staer 7,Staer 7,Strada Predeal,București neatribuit,București neatribuit,București,București neatribuit,1
Staer 7,Staer 7,Strada Prisaca Dornei,Sector 3,Sector 3,București,Est,1
Staer 7,Staer 7,Strada Rosia Montana,Sector 6,Sector 6,București,Vest,1
Staer 7,Staer 7,Strada Sanzieni,București neatribuit,București neatribuit,București,București neatribuit,1
Staer 7,Staer 7,Strada Slt Popa,Sector 5,Sector 5,București,Sud-Vest,1
Staer 7,Staer 7,Strada Sold.ion Iosif,București neatribuit,București neatribuit,București,București neatribuit,1
Staer 7,Staer 7,Strada Stoian Militaru,Sector 4,Sector 4,București,Sud,1
Staer 7,Staer 7,Strada Teofil,București neatribuit,București neatribuit,București,București neatribuit,1
Staer 7,Staer 7,Strada Theodor D. Speranția,Sector 3,Sector 3,București,Est,1
Staer 7,Staer 7,Strada Turnu Măgurele,Sector 4,Sector 4,București,Sud,1
Staer 7,Staer 7,Strada Valea Argeșului,București neatribuit,București neatribuit,București,București neatribuit,1
Staer 7,Staer 7,Strada Vasile Lascăr,Sector 2,Sector 2,București,Nord-Est,1
Staer 7,Staer 7,Strada Vedea,Sector 5,Sector 5,București,Sud-Vest,1
Staer 7,Staer 7,Strada Viscolului,Sector 6,Sector 6,București,Vest,1
Staer 7,Staer 7,Strada Vlaicu Vodă,Sector 3,Sector 3,București,Est,1
Staer 7,Staer 7,Strada Wolfgang Amadeus Mozart,București neatribuit,București neatribuit,București,București neatribuit,1
Staer 7,Staer 7,Strada Zagazului,Sector 1,Sector 1,București,Nord,1
Staer 7,Staer 7,Strada Ziduri Intre VII,Sector 2,Sector 2,București,Nord-Est,1
Staer 7,Staer 7,Subcetate,Sector 1,Sector 1,București,Nord,1
Staer 7,Staer 7,Sura Mare,București neatribuit,București neatribuit,București,București neatribuit,1
Staer 7,Staer 7,Șoseaua Alexandria,Sector 5,Sector 5,București,Sud-Vest,1
Staer 7,Staer 7,Șoseaua Buc-Targoviste,Sector 1,Sector 1,București,Nord,1
Staer 7,Staer 7,Șoseaua Bucuresti Magurele,Sector 5,Sector 5,București,Sud-Vest,1
Staer 7,Staer 7,Șoseaua București-Ploiești,Sector 1,Sector 1,București,Nord,1
Staer 7,Staer 7,Șoseaua Chitilei,București neatribuit,București neatribuit,București,București neatribuit,1
Staer 7,Staer 7,Șoseaua Cotroceni,București neatribuit,București neatribuit,București,București neatribuit,1
Staer 7,Staer 7,Șoseaua De Centura-Cosmopolis,București neatribuit,București neatribuit,București,București neatribuit,1
Staer 7,Staer 7,Șoseaua Garii Catelu,București neatribuit,București neatribuit,București,București neatribuit,1
Staer 7,Staer 7,Șoseaua Gheorghe Ionescu Sisesti,Sector 1,Sector 1,București,Nord,1
Staer 7,Staer 7,Șoseaua Inacului,București neatribuit,București neatribuit,București,București neatribuit,1
Staer 7,Staer 7,Șoseaua Mihai Bravul,București neatribuit,București neatribuit,București,București neatribuit,1
Staer 7,Staer 7,Șoseaua Pipera,București neatribuit,București neatribuit,București,București neatribuit,1
Staer 7,Staer 7,Șoseaua Pipera Tunari,București neatribuit,București neatribuit,București,București neatribuit,1
Staer 7,Staer 7,Șoseaua Vergului,Sector 2,Sector 2,București,Nord-Est,1
Staer 7,Staer 7,Șoseaua Virtutii.militari,București neatribuit,București neatribuit,București,București neatribuit,1
Staer 7,Staer 7,T.arghezi,București neatribuit,București neatribuit,București,București neatribuit,1
Staer 7,Staer 7,Tarnaveni,București neatribuit,București neatribuit,București,București neatribuit,1
Staer 7,Staer 7,Tarpezului,București neatribuit,București neatribuit,București,București neatribuit,1
Staer 7,Staer 7,Tataru Petre,București neatribuit,București neatribuit,București,București neatribuit,1
Staer 7,Staer 7,Teilor,București neatribuit,București neatribuit,București,București neatribuit,1
Staer 7,Staer 7,Teius,București neatribuit,București neatribuit,București,București neatribuit,1
Staer 7,Staer 7,Telia,București neatribuit,București neatribuit,București,București neatribuit,1
Staer 7,Staer 7,Teodor Palady,București neatribuit,București neatribuit,București,București neatribuit,1
Staer 7,Staer 7,Ticus,București neatribuit,București neatribuit,București,București neatribuit,1
Staer 7,Staer 7,Timisului,București neatribuit,București neatribuit,București,București neatribuit,1
Staer 7,Staer 7,Timpului,București neatribuit,București neatribuit,București,București neatribuit,1
Staer 7,Staer 7,Tinutului,București neatribuit,București neatribuit,București,București neatribuit,1
Staer 7,Staer 7,Titan-Auchan,București neatribuit,București neatribuit,București,București neatribuit,1
Staer 7,Staer 7,Titan-Rasarit de Soare,București neatribuit,București neatribuit,București,București neatribuit,1
Staer 7,Staer 7,Tolbei,București neatribuit,București neatribuit,București,București neatribuit,1
Staer 7,Staer 7,Triumfului,Sector 1,Sector 1,București,Nord,1
Staer 7,Staer 7,Triunghiului,București neatribuit,București neatribuit,București,București neatribuit,1
Staer 7,Staer 7,Tunasi,București neatribuit,București neatribuit,București,București neatribuit,1
Staer 7,Staer 7,Turistilor,București neatribuit,București neatribuit,București,București neatribuit,1
Staer 7,Staer 7,Turnatorilor,București neatribuit,București neatribuit,București,București neatribuit,1
Staer 7,Staer 7,Ul Lacul Tei,București neatribuit,București neatribuit,București,București neatribuit,1
Staer 7,Staer 7,Ul Unirii,București neatribuit,București neatribuit,București,București neatribuit,1
Staer 7,Staer 7,Unitatii(traian Popovici),București neatribuit,București neatribuit,București,București neatribuit,1
Staer 7,Staer 7,Uranus,Sector 5,Sector 5,București,Sud-Vest,1
Staer 7,Staer 7,Uruguay,București neatribuit,București neatribuit,București,București neatribuit,1
Staer 7,Staer 7,Usarilor,București neatribuit,București neatribuit,București,București neatribuit,1
Staer 7,Staer 7,Val.cricovului,București neatribuit,București neatribuit,București,București neatribuit,1
Staer 7,Staer 7,Valea Furcii,Sector 6,Sector 6,București,Vest,1
Staer 7,Staer 7,Valer Dumitrescu,București neatribuit,București neatribuit,București,București neatribuit,1
Staer 7,Staer 7,Vaporul lui Assan,București neatribuit,București neatribuit,București,București neatribuit,1
Staer 7,Staer 7,Vasile Carlova,București neatribuit,București neatribuit,București,București neatribuit,1
Staer 7,Staer 7,Vasile Lazar,București neatribuit,București neatribuit,București,București neatribuit,1
Staer 7,Staer 7,Vasile Topliceanu,București neatribuit,București neatribuit,București,București neatribuit,1
Staer 7,Staer 7,Vatra Dornei,Sector 4,Sector 4,București,Sud,1
Staer 7,Staer 7,Velnitei,București neatribuit,București neatribuit,București,București neatribuit,1
Staer 7,Staer 7,Vergului,Sector 2,Sector 2,București,Nord-Est,1
Staer 7,Staer 7,Veronica Miclea,București neatribuit,București neatribuit,București,București neatribuit,1
Staer 7,Staer 7,Visana,Sector 4,Sector 4,București,Sud,1
Staer 7,Staer 7,Vistier Nicu Stravinos,București neatribuit,București neatribuit,București,București neatribuit,1
Staer 7,Staer 7,Vistiernicul Stavrinos,Sector 6,Sector 6,București,Vest,1
Staer 7,Staer 7,Vlad Judetu,București neatribuit,București neatribuit,București,București neatribuit,1
Staer 7,Staer 7,Vlad Judetul,București neatribuit,București neatribuit,București,București neatribuit,1
Staer 7,Staer 7,Voila,Sector 4,Sector 4,București,Sud,1
Staer 7,Staer 7,Voinicului,București neatribuit,București neatribuit,București,București neatribuit,1
Staer 7,Staer 7,"Voluntari,liliacului",București neatribuit,București neatribuit,București,București neatribuit,1
Staer 7,Staer 7,Vorniceni,București neatribuit,București neatribuit,București,București neatribuit,1
Staer 7,Staer 7,Voronet,Sector 3,Sector 3,București,Est,1
Staer 7,Staer 7,Vrancioaia,Sector 2,Sector 2,București,Nord-Est,1
Staer 7,Staer 7,Wilhelm Filderman,București neatribuit,București neatribuit,București,București neatribuit,1
Staer 7,Staer 7,X Vlahuta,București neatribuit,București neatribuit,București,București neatribuit,1
Staer 7,Staer 7,Xandru Moga,București neatribuit,București neatribuit,București,București neatribuit,1
Staer 7,Staer 7,Xandru Moruzi,București neatribuit,București neatribuit,București,București neatribuit,1
Staer 7,Staer 7,Xandru Obreigia,București neatribuit,București neatribuit,București,București neatribuit,1
Staer 7,Staer 7,Xandru Oibreigia,București neatribuit,București neatribuit,București,București neatribuit,1
Staer 7,Staer 7,Xandru Papiu Ilarian,București neatribuit,București neatribuit,București,București neatribuit,1
Staer 7,Staer 7,Xandru Serbanescu,Sector 1,Sector 1,București,Nord,1
Staer 7,Staer 7,Xender Von Humboldt,București neatribuit,București neatribuit,București,București neatribuit,1
Staer 7,Staer 7,Zalau,București neatribuit,București neatribuit,București,București neatribuit,1
Staer 7,Staer 7,Zalelor,București neatribuit,București neatribuit,București,București neatribuit,1
Staer 7,Staer 7,Zemes,Sector 3,Sector 3,București,Est,1
Staer 7,Staer 7,Ziduri Mosi,București neatribuit,București neatribuit,București,București neatribuit,1
Staer 7,Staer 7,Zinca Golescu,București neatribuit,București neatribuit,București,București neatribuit,1
Staer 7,Staer 7,Zizin,Sector 3,Sector 3,București,Est,1
Staer 7,Staer 7,Liviu Rebreanu,București neatribuit,București neatribuit,București,București neatribuit,1
Staer 7,Staer 7,Aleea Prahovei,București neatribuit,București neatribuit,București,București neatribuit,1
Staer 7,Staer 7,Pincota,Sector 2,Sector 2,București,Nord-Est,1
Staer 7,Staer 7,Plugusor,Sector 2,Sector 2,București,Nord-Est,1
Staer 7,Staer 7,Bvd Timisoara,Sector 6,Sector 6,București,Vest,1
Staer 7,Staer 7,Calea Ea Calarasilor,Sector 3,Sector 3,București,Est,1
Staer 7,Staer 7,Strada Ileana Cosânzeana,București neatribuit,București neatribuit,București,București neatribuit,1
Staer 7,Staer 7,Vicina,Sector 5,Sector 5,București,Sud-Vest,1
Staer 7,Staer 7,Calea Văcărești,București neatribuit,București neatribuit,București,București neatribuit,1
Staer 7,Staer 7,Calea Ea Vitan,Sector 3,Sector 3,București,Est,1
Staer 7,Staer 7,Strada Campia Libertatii,București neatribuit,București neatribuit,București,București neatribuit,1
Staer 7,Staer 7,Strada Campia Libertatii,București neatribuit,București neatribuit,București,București neatribuit,1
Staer 7,Staer 7,V Timisoara,București neatribuit,București neatribuit,București,București neatribuit,1
Staer 7,Staer 7,Dunavat,Sector 5,Sector 5,București,Sud-Vest,1
Staer 7,Staer 7,Iosifesti,București neatribuit,București neatribuit,București,București neatribuit,1
Staer 7,Staer 7,Rusanesti,București neatribuit,București neatribuit,București,București neatribuit,1
Staer 7,Staer 7,Prelungirea Ungirea Ghencea,Sector 6,Sector 6,București,Vest,1
Staer 7,Staer 7,Aleea Ea Tripolii,București neatribuit,București neatribuit,București,București neatribuit,1
Staer 7,Staer 7,Splaiul Independenței,București neatribuit,București neatribuit,București,București neatribuit,1
Staer 7,Staer 7,Acvilei,București neatribuit,București neatribuit,București,București neatribuit,1
Staer 7,Staer 7,Complex Luna Residence,București neatribuit,București neatribuit,București,București neatribuit,1
Staer 7,Staer 7,Șoseaua Orhideelor,București neatribuit,București neatribuit,București,București neatribuit,1
Staer 7,Staer 7,8 Martie,București neatribuit,București neatribuit,București,București neatribuit,1
Staer 7,Staer 7,Malei Millo,București neatribuit,București neatribuit,București,București neatribuit,1
Staer 7,Staer 7,Victor Eftimiu,București neatribuit,București neatribuit,București,București neatribuit,1
Staer 7,Staer 7,Drumul Lunca Dunarii,Sector 3,Sector 3,București,Est,1
Staer 7,Staer 7,Aleea Ea Teiul Doamnei,Sector 2,Sector 2,București,Nord-Est,1
Staer 7,Staer 7,Aleea Piatra Mare,Sector 2,Sector 2,București,Nord-Est,1
Staer 7,Staer 7,Andronache,Sector 2,Sector 2,București,Nord-Est,1
Staer 7,Staer 7,Arhitect Petre Antonescu,Sector 2,Sector 2,București,Nord-Est,1
Staer 7,Staer 7,Banul Nicolae,Sector 2,Sector 2,București,Nord-Est,1
Staer 7,Staer 7,Bulevardul Lacul Tei,Sector 2,Sector 2,București,Nord-Est,1
Staer 7,Staer 7,Ciuca Stefan,Sector 2,Sector 2,București,Nord-Est,1
Staer 7,Staer 7,Corniseni,Sector 2,Sector 2,București,Nord-Est,1
Staer 7,Staer 7,Dascalului,Sector 2,Sector 2,București,Nord-Est,1
Staer 7,Staer 7,Declamarii,Sector 2,Sector 2,București,Nord-Est,1
Staer 7,Staer 7,Emanciparii,Sector 2,Sector 2,București,Nord-Est,1
Staer 7,Staer 7,Erou Ion Floruta,Sector 2,Sector 2,București,Nord-Est,1
Staer 7,Staer 7,Existentei,Sector 2,Sector 2,București,Nord-Est,1
Staer 7,Staer 7,Fabrica de Gheata,Sector 2,Sector 2,București,Nord-Est,1
Staer 7,Staer 7,Falticeni,Sector 2,Sector 2,București,Nord-Est,1
Staer 7,Staer 7,Hispaniei,Sector 2,Sector 2,București,Nord-Est,1
Staer 7,Staer 7,Iman,Sector 2,Sector 2,București,Nord-Est,1
Staer 7,Staer 7,Intrarea Heliade Intre VII,Sector 2,Sector 2,București,Nord-Est,1
Staer 7,Staer 7,Lavitei,Sector 2,Sector 2,București,Nord-Est,1
Staer 7,Staer 7,Litoralului,Sector 2,Sector 2,București,Nord-Est,1
Staer 7,Staer 7,Mantiunii,Sector 2,Sector 2,București,Nord-Est,1
Staer 7,Staer 7,Medianei,Sector 2,Sector 2,București,Nord-Est,1
Staer 7,Staer 7,Mior Vasile Bacila,Sector 2,Sector 2,București,Nord-Est,1
Staer 7,Staer 7,Mr. Bacila Vasile,Sector 2,Sector 2,București,Nord-Est,1
Staer 7,Staer 7,Nicolae Apostol,Sector 2,Sector 2,București,Nord-Est,1
Staer 7,Staer 7,Pancota,Sector 2,Sector 2,București,Nord-Est,1
Staer 7,Staer 7,Pasarani,Sector 2,Sector 2,București,Nord-Est,1
Staer 7,Staer 7,Popa Nicolae,Sector 2,Sector 2,București,Nord-Est,1
Staer 7,Staer 7,Puiandrului,Sector 2,Sector 2,București,Nord-Est,1
Staer 7,Staer 7,Radovanu,Sector 2,Sector 2,București,Nord-Est,1
Staer 7,Staer 7,Rascoala 1907,Sector 2,Sector 2,București,Nord-Est,1
Staer 7,Staer 7,Sandu Enache,Sector 2,Sector 2,București,Nord-Est,1
Staer 7,Staer 7,Simetriei,Sector 2,Sector 2,București,Nord-Est,1
Staer 7,Staer 7,Smeurei,Sector 2,Sector 2,București,Nord-Est,1
Staer 7,Staer 7,Spatarul Mihai,Sector 2,Sector 2,București,Nord-Est,1
Staer 7,Staer 7,Strada Xandru cel Bun,Sector 2,Sector 2,București,Nord-Est,1
Staer 7,Staer 7,Suviica,Sector 2,Sector 2,București,Nord-Est,1
Staer 7,Staer 7,Tamiioarei,Sector 2,Sector 2,București,Nord-Est,1
Staer 7,Staer 7,Teiul Doamnei,Sector 2,Sector 2,București,Nord-Est,1
Staer 7,Staer 7,Tesatoarelor,Sector 2,Sector 2,București,Nord-Est,1
Staer 7,Staer 7,Tusnad,Sector 2,Sector 2,București,Nord-Est,1
Staer 7,Staer 7,Radovanu,Sector 2,Sector 2,București,Nord-Est,1
Staer 7,Staer 7,Cornisei,Sector 2,Sector 2,București,Nord-Est,1
Staer 7,Staer 7,Tamaioarei,Sector 2,Sector 2,București,Nord-Est,1
Staer 7,Staer 7,Fabrica de Gheata,Sector 2,Sector 2,București,Nord-Est,1
Staer 7,Staer 7,Sgt Petrescu Vasile,Sector 2,Sector 2,București,Nord-Est,1
Staer 7,Staer 7,Gorgan Spatar,Sector 2,Sector 2,București,Nord-Est,1
Staer 7,Staer 7,Invalid Suliga Ion,Sector 2,Sector 2,București,Nord-Est,1
Staer 7,Staer 7,Aleea Arh. Petre Antonescu,Sector 2,Sector 2,București,Nord-Est,1
Staer 7,Staer 7,Aleea Arh. Petre Antonescu,Sector 2,Sector 2,București,Nord-Est,1
Staer 7,Staer 7,Splaiul Aiul Unirii,București neatribuit,București neatribuit,București,București neatribuit,1
Staer 7,Staer 7,Drumul Padurea Pusnicul,Sector 1,Sector 1,București,Nord,1
Staer 7,Staer 7,Gheorghe Doja,Sector 3,Sector 3,București,Est,1
Staer 7,Staer 7,Aleea Ea Cetatuia,București neatribuit,București neatribuit,București,București neatribuit,1
Staer 7,Staer 7,Soldat Zambila Ionita,Sector 2,Sector 2,București,Nord-Est,1
Staer 7,Staer 7,Intrarea Viitorului,București neatribuit,București neatribuit,București,București neatribuit,1
Staer 7,Staer 7,"Sat Ostratu-Cart. Paradisul Verde,strzambilei",București neatribuit,București neatribuit,București,București neatribuit,1
Staer 7,Staer 7,Zepelinului,București neatribuit,București neatribuit,București,București neatribuit,1
Staer 7,Staer 7,Aleea Ea Gardenia,București neatribuit,București neatribuit,București,București neatribuit,1
Staer 7,Staer 7,Islazului,București neatribuit,București neatribuit,București,București neatribuit,1
Staer 7,Staer 7,NECUNOSCUTĂ,București neatribuit,București neatribuit,București,București neatribuit,1
Staer 7,Staer 7,Bvd Basarabia,București neatribuit,București neatribuit,București,București neatribuit,1
Staer 7,Staer 7,Bulevardul Ceahlaul,Sector 6,Sector 6,București,Vest,1
Staer 7,Staer 7,Nicolae Oncescu,Sector 6,Sector 6,București,Vest,1
Staer 7,Staer 7,Nicolae Uncescu,Sector 6,Sector 6,București,Vest,1
Staer 7,Staer 7,Padureni,Sector 6,Sector 6,București,Vest,1
Staer 7,Staer 7,Melodiei,Sector 2,Sector 2,București,Nord-Est,1
Staer 7,Staer 7,Sat Samurcasi Cart Austrian Villige,București neatribuit,București neatribuit,București,București neatribuit,1
Staer 7,Staer 7,9,București neatribuit,București neatribuit,București,București neatribuit,1
Staer 7,Staer 7,Baiculesti,Sector 1,Sector 1,București,Nord,1
Staer 7,Staer 7,Strada Cupolei,Sector 6,Sector 6,București,Vest,1
Staer 7,Staer 7,Strada D-Na Ghica,Sector 2,Sector 2,București,Nord-Est,1
Staer 7,Staer 7,Bujorul Alb,Sector 2,Sector 2,București,Nord-Est,1
Staer 7,Staer 7,Domna Ghica,Sector 2,Sector 2,București,Nord-Est,1
Staer 7,Staer 7,Dragusin Deleanu,Sector 2,Sector 2,București,Nord-Est,1
Staer 7,Staer 7,Laptari Tei,Sector 2,Sector 2,București,Nord-Est,1
Staer 7,Staer 7,Olanelor,Sector 2,Sector 2,București,Nord-Est,1
Staer 7,Staer 7,Oradea,Sector 2,Sector 2,București,Nord-Est,1
Staer 7,Staer 7,Paharnicul Turturea,Sector 2,Sector 2,București,Nord-Est,1
Staer 7,Staer 7,Pincota,Sector 2,Sector 2,București,Nord-Est,1
Staer 7,Staer 7,Popa Iancu,Sector 2,Sector 2,București,Nord-Est,1
Staer 7,Staer 7,Ripiceni,Sector 2,Sector 2,București,Nord-Est,1
Staer 7,Staer 7,Șoseaua Colentina,Sector 2,Sector 2,București,Nord-Est,1
Staer 7,Staer 7,Tarnaveni,București neatribuit,București neatribuit,București,București neatribuit,1
Staer 7,Staer 7,Sandu Enache,Sector 2,Sector 2,București,Nord-Est,1
Staer 7,Staer 7,Aleea Mozaicului,Sector 3,Sector 3,București,Est,1
Staer 7,Staer 7,Bulevardul Doamna Ghica,Sector 2,Sector 2,București,Nord-Est,1
Staer 7,Staer 7,Aleea Otesani,Sector 2,Sector 2,București,Nord-Est,1
Staer 7,Staer 7,Bulevardul Doamna Ghica,Sector 2,Sector 2,București,Nord-Est,1
Staer 7,Staer 7,Dna Ghica,Sector 2,Sector 2,București,Nord-Est,1
Staer 7,Staer 7,Bulevardul Doamna Ghica,Sector 2,Sector 2,București,Nord-Est,1
Staer 7,Staer 7,Meterezului,București neatribuit,București neatribuit,București,București neatribuit,1
Staer 7,Staer 7,Ciresului,Sector 2,Sector 2,București,Nord-Est,1
Staer 7,Staer 7,Drumul Dobroesti Fundeni,București neatribuit,București neatribuit,București,București neatribuit,1
Staer 7,Staer 7,Drumul Droboesti Fundeni,București neatribuit,București neatribuit,București,București neatribuit,1
Staer 7,Staer 7,Intrarea Mesteacanului,București neatribuit,București neatribuit,București,București neatribuit,1
Staer 7,Staer 7,Aleea Lacului,Sector 2,Sector 2,București,Nord-Est,1
Staer 7,Staer 7,Intrarea Mesteacanului,București neatribuit,București neatribuit,București,București neatribuit,1
Staer 7,Staer 7,Caisului,Sector 2,Sector 2,București,Nord-Est,1
Staer 7,Staer 7,Ciresului,Sector 2,Sector 2,București,Nord-Est,1
Staer 7,Staer 7,Aleea C-Tin Sandu Aldea,Sector 1,Sector 1,București,Nord,1
Staer 7,Staer 7,Ciresica,București neatribuit,București neatribuit,București,București neatribuit,1
Staer 7,Staer 7,Constantin Aricescu,Sector 1,Sector 1,București,Nord,1
Staer 7,Staer 7,Finlanda,Sector 1,Sector 1,București,Nord,1
Staer 7,Staer 7,Madrid,Sector 1,Sector 1,București,Nord,1
Staer 7,Staer 7,Pitarul Hristache,Sector 1,Sector 1,București,Nord,1
Staer 7,Staer 7,Aleea Ea Istru,Sector 6,Sector 6,București,Vest,1
Staer 7,Staer 7,Aleea Ea Parva,Sector 6,Sector 6,București,Vest,1
Staer 7,Staer 7,Aleea Ea Poarta Sarutului,Sector 6,Sector 6,București,Vest,1
Staer 7,Staer 7,Aleea Ea Valea Florilor,Sector 6,Sector 6,București,Vest,1
Staer 7,Staer 7,Aleea Pascani,Sector 6,Sector 6,București,Vest,1
Staer 7,Staer 7,Aleea Poiana Mare,Sector 6,Sector 6,București,Vest,1
Staer 7,Staer 7,Aleea Timisul de Jos,Sector 6,Sector 6,București,Vest,1
Staer 7,Staer 7,Drumul Valea Cricovului,Sector 6,Sector 6,București,Vest,1
Staer 7,Staer 7,Obcina Mare,Sector 6,Sector 6,București,Vest,1
Staer 7,Staer 7,Sg Maj Cara Anghel,Sector 6,Sector 6,București,Vest,1
Staer 7,Staer 7,Bulevardul Timișoara,Sector 6,Sector 6,București,Vest,1
Staer 7,Staer 7,Bvd Timisoara,Sector 6,Sector 6,București,Vest,1
Staer 7,Staer 7,72,București neatribuit,București neatribuit,București,București neatribuit,1
Staer 7,Staer 7,Agatha Barsescu,Sector 3,Sector 3,București,Est,1
Staer 7,Staer 7,Aleea Ea Scolarilor,Sector 3,Sector 3,București,Est,1
Staer 7,Staer 7,Aleea Fizicienilor,Sector 3,Sector 3,București,Est,1
Staer 7,Staer 7,Breaza,Sector 3,Sector 3,București,Est,1
Staer 7,Staer 7,Bulevardul Camil Ressu,Sector 3,Sector 3,București,Est,1
Staer 7,Staer 7,Danubiu,Sector 3,Sector 3,București,Est,1
Staer 7,Staer 7,Liviu Rebreanu,Sector 3,Sector 3,București,Est,1
Staer 7,Staer 7,Mihai Bravu,Sector 3,Sector 3,București,Est,1
Staer 7,Staer 7,Strada Istriei,Sector 3,Sector 3,București,Est,1
Staer 7,Staer 7,Strada Răcari,Sector 3,Sector 3,București,Est,1
Staer 7,Staer 7,Agatha Barsescu,Sector 3,Sector 3,București,Est,1
Staer 7,Staer 7,Eagului,Sector 3,Sector 3,București,Est,1
Staer 7,Staer 7,35-37,București neatribuit,București neatribuit,București,București neatribuit,1
Staer 7,Staer 7,Aleea Baiut,Sector 6,Sector 6,București,Vest,1
Staer 7,Staer 7,Aleea Ea Valea Florilor,Sector 6,Sector 6,București,Vest,1
Staer 7,Staer 7,Drumul Taberei,Sector 6,Sector 6,București,Vest,1
Staer 7,Staer 7,Drumul Valea Tricovului,Sector 6,Sector 6,București,Vest,1
Staer 7,Staer 7,Pravat,Sector 6,Sector 6,București,Vest,1
Staer 7,Staer 7,Prelungirea Ungirea Ghencea,Sector 6,Sector 6,București,Vest,1
Staer 7,Staer 7,Splaiul Aiul Unirii,Sector 3,Sector 3,București,Est,1
Staer 7,Staer 7,Strada Știrbei Vodă,Sector 1,Sector 1,București,Nord,1
Staer 7,Staer 7,Paunasul Codrilor,Sector 5,Sector 5,București,Sud-Vest,1
Staer 7,Staer 7,Aleea Fizicienilor,Sector 3,Sector 3,București,Est,1
Staer 7,Staer 7,Ianovici Link,Sector 1,Sector 1,București,Nord,1
Staer 7,Staer 7,Johan Sebastian Bach,Sector 1,Sector 1,București,Nord,1
Staer 7,Staer 7,Aleea Ea Cumidava,Sector 2,Sector 2,București,Nord-Est,1
Staer 7,Staer 7,Drumul Fermei,Sector 2,Sector 2,București,Nord-Est,1
Staer 7,Staer 7,Intrarea Zorilor,Sector 2,Sector 2,București,Nord-Est,1
Staer 7,Staer 7,L. Ghe. Nicolae,Sector 2,Sector 2,București,Nord-Est,1
Staer 7,Staer 7,Mr Vasile Bacila,Sector 2,Sector 2,București,Nord-Est,1
Staer 7,Staer 7,Radovanu,Sector 2,Sector 2,București,Nord-Est,1
Staer 7,Staer 7,Rascoala DI 1907,Sector 2,Sector 2,București,Nord-Est,1
Staer 7,Staer 7,Spicului,Sector 2,Sector 2,București,Nord-Est,1
Staer 7,Staer 7,Aleea Lacului,Sector 2,Sector 2,București,Nord-Est,1
Staer 7,Staer 7,Moldovita,Sector 4,Sector 4,București,Sud,1
Staer 7,Staer 7,Bulevardul Mihail Kogălniceanu,Sector 5,Sector 5,București,Sud-Vest,1
Staer 7,Staer 7,Aleea Ea Cozia,Sector 2,Sector 2,București,Nord-Est,1
Staer 7,Staer 7,Strada Căminului,Sector 2,Sector 2,București,Nord-Est,1
Staer 7,Staer 7,Aleea Meseriasilor,Sector 6,Sector 6,București,Vest,1
Staer 7,Staer 7,Prelungirea Ungirea Ghence,București neatribuit,București neatribuit,București,București neatribuit,1
Staer 7,Staer 7,Prelungirea Ungirea Ghencea,Sector 6,Sector 6,București,Vest,1
Staer 7,Staer 7,Șoseaua Giulesti,Sector 6,Sector 6,București,Vest,1
Staer 7,Staer 7,Calea Ea Giulesti,Sector 6,Sector 6,București,Vest,1
Staer 7,Staer 7,Calea Giulesrti,Sector 6,Sector 6,București,Vest,1
Staer 7,Staer 7,Bulevardul Libertatii,București neatribuit,București neatribuit,București,București neatribuit,1
Staer 7,Staer 7,Invingatorilor14b,București neatribuit,București neatribuit,București,București neatribuit,1
Staer 7,Staer 7,Partiturii,București neatribuit,București neatribuit,București,București neatribuit,1
Staer 7,Staer 7,Ciurea,Sector 2,Sector 2,București,Nord-Est,1
Staer 7,Staer 7,Lirei,Sector 2,Sector 2,București,Nord-Est,1
Staer 7,Staer 7,Sechelariu Visarion,Sector 2,Sector 2,București,Nord-Est,1
Staer 7,Staer 7,Șoseaua Mihai Bravu,Sector 2,Sector 2,București,Nord-Est,1
Staer 7,Staer 7,Armatei,Sector 2,Sector 2,București,Nord-Est,1
Staer 7,Staer 7,Rasaritului,Sector 6,Sector 6,București,Vest,1
Staer 7,Staer 7,David Praporgescu,București neatribuit,București neatribuit,București,București neatribuit,1
Staer 7,Staer 7,Sg.mai.ion,Sector 5,Sector 5,București,Sud-Vest,1
Staer 7,Staer 7,Aleea Arh. Petre Antonescu,Sector 2,Sector 2,București,Nord-Est,1
Staer 7,Staer 7,Baicului,Sector 2,Sector 2,București,Nord-Est,1
Staer 7,Staer 7,1,Sector 1,Sector 1,București,Nord,1
Staer 7,Staer 7,Complexul Pacea,București neatribuit,București neatribuit,București,București neatribuit,1
Staer 7,Staer 7,Drumul Garii,București neatribuit,București neatribuit,București,București neatribuit,1
Staer 7,Staer 7,Aleea Petre Antonescu,Sector 2,Sector 2,București,Nord-Est,1
Staer 7,Staer 7,Bulevardul Lacul Tei,Sector 2,Sector 2,București,Nord-Est,1
Staer 7,Staer 7,Bvd Lacul Tei,Sector 2,Sector 2,București,Nord-Est,1
Staer 7,Staer 7,Dinu Vintila,Sector 2,Sector 2,București,Nord-Est,1
Staer 7,Staer 7,Grigore Moisil,Sector 2,Sector 2,București,Nord-Est,1
Staer 7,Staer 7,Inginerilor,Sector 2,Sector 2,București,Nord-Est,1
Staer 7,Staer 7,Int.glucozei,Sector 2,Sector 2,București,Nord-Est,1
Staer 7,Staer 7,L Lacul Tei,Sector 2,Sector 2,București,Nord-Est,1
Staer 7,Staer 7,Maria Ghicuseasa,Sector 2,Sector 2,București,Nord-Est,1
Staer 7,Staer 7,Pastorului,Sector 2,Sector 2,București,Nord-Est,1
Staer 7,Staer 7,Ripiceni,Sector 2,Sector 2,București,Nord-Est,1
Staer 7,Staer 7,Stavilarului,Sector 2,Sector 2,București,Nord-Est,1
Staer 7,Staer 7,Strada Gheorghe Țițeica,Sector 2,Sector 2,București,Nord-Est,1
Staer 7,Staer 7,Sebe Nicolae,București neatribuit,București neatribuit,București,București neatribuit,1
Staer 7,Staer 7,Estrategia E Desenvolvimento Sa,București neatribuit,București neatribuit,București,București neatribuit,1
Staer 7,Staer 7,Stefan cel Mare,București neatribuit,București neatribuit,București,București neatribuit,1
Staer 7,Staer 7,Goraslau,București neatribuit,București neatribuit,București,București neatribuit,1
Staer 7,Staer 7,Virtutie,București neatribuit,București neatribuit,București,București neatribuit,1
Staer 7,Staer 7,Ugareni,București neatribuit,București neatribuit,București,București neatribuit,1
Staer 7,Staer 7,Foisorului,Sector 3,Sector 3,București,Est,1
Staer 7,Staer 7,Zizin,Sector 3,Sector 3,București,Est,1
Staer 7,Staer 7,Zborului,București neatribuit,București neatribuit,București,București neatribuit,1
Staer 7,Staer 7,Sabinelor,Sector 5,Sector 5,București,Sud-Vest,1
Staer 7,Staer 7,Rezervelor,Sector 6,Sector 6,București,Vest,1
Staer 7,Staer 7,Mihai Bravu,București neatribuit,București neatribuit,București,București neatribuit,1
Staer 7,Staer 7,Șoseaua Mihai Bravu,București neatribuit,București neatribuit,București,București neatribuit,1
Staer 7,Staer 7,Aleea Ea Cetatuia,Sector 6,Sector 6,București,Vest,1
Staer 7,Staer 7,Apusului,Sector 6,Sector 6,București,Vest,1
Staer 7,Staer 7,Bulevardul Iuliu Maniu,Sector 6,Sector 6,București,Vest,1
Staer 7,Staer 7,Bvd Iuliu Maniu,Sector 6,Sector 6,București,Vest,1
Staer 7,Staer 7,Dreptatii,Sector 6,Sector 6,București,Vest,1
Staer 7,Staer 7,Drumul Bacriului,Sector 6,Sector 6,București,Vest,1
Staer 7,Staer 7,Fabricii,Sector 6,Sector 6,București,Vest,1
Staer 7,Staer 7,Rasaritului,Sector 6,Sector 6,București,Vest,1
Staer 7,Staer 7,Strada Cetatea de Balta,Sector 6,Sector 6,București,Vest,1
Staer 7,Staer 7,Bulevardul Iuliu Maniu,Sector 6,Sector 6,București,Vest,1
Staer 7,Staer 7,Ajustorului,Sector 6,Sector 6,București,Vest,1
Staer 7,Staer 7,Aleea Ea Agigea,Sector 6,Sector 6,București,Vest,1
Staer 7,Staer 7,Șoseaua Virtuții,Sector 6,Sector 6,București,Vest,1
Staer 7,Staer 7,Fabricii,Sector 6,Sector 6,București,Vest,1
Staer 7,Staer 7,Bulevardul 1mai,București neatribuit,București neatribuit,București,București neatribuit,1
Staer 7,Staer 7,Intrarea Area Barsei,Sector 3,Sector 3,București,Est,1
Staer 7,Staer 7,L. Basarabia,București neatribuit,București neatribuit,București,București neatribuit,1
Staer 7,Staer 7,Dragos Voda,București neatribuit,București neatribuit,București,București neatribuit,1
Staer 7,Staer 7,Silvestru,Sector 2,Sector 2,București,Nord-Est,1
Staer 7,Staer 7,Icoanei,Sector 2,Sector 2,București,Nord-Est,1
Staer 7,Staer 7,Motilor,Sector 3,Sector 3,București,Est,1
Staer 7,Staer 7,Calea Ea Mosilor,București neatribuit,București neatribuit,București,București neatribuit,1
Staer 7,Staer 7,Bulevardul Octavian Goga,Sector 3,Sector 3,București,Est,1
Staer 7,Staer 7,Aleea Avrig,Sector 2,Sector 2,București,Nord-Est,1
Staer 7,Staer 7,Aleea Luncsoara,Sector 2,Sector 2,București,Nord-Est,1
Staer 7,Staer 7,Șoseaua Colentina,Sector 2,Sector 2,București,Nord-Est,1
Staer 7,Staer 7,Strada Grigore Ionescu,Sector 2,Sector 2,București,Nord-Est,1
Staer 7,Staer 7,Șoseaua Olteniței,Sector 4,Sector 4,București,Sud,1
Staer 7,Staer 7,Strada Toamnei,Sector 2,Sector 2,București,Nord-Est,1
Staer 7,Staer 7,23 August,București neatribuit,București neatribuit,București,București neatribuit,1
Staer 7,Staer 7,23august,București neatribuit,București neatribuit,București,București neatribuit,1
Staer 7,Staer 7,3 August,București neatribuit,București neatribuit,București,București neatribuit,1
Staer 7,Staer 7,Calea Ea Bucurestilor,București neatribuit,București neatribuit,București,București neatribuit,1
Staer 7,Staer 7,Craitelor,București neatribuit,București neatribuit,București,București neatribuit,1
Staer 7,Staer 7,Drumul Lapus,București neatribuit,București neatribuit,București,București neatribuit,1
Staer 7,Staer 7,Grivita,București neatribuit,București neatribuit,București,București neatribuit,1
Staer 7,Staer 7,Henri Coanda,București neatribuit,București neatribuit,București,București neatribuit,1
Staer 7,Staer 7,Maramures,București neatribuit,București neatribuit,București,București neatribuit,1
Staer 7,Staer 7,Marasti,București neatribuit,București neatribuit,București,București neatribuit,1
Staer 7,Staer 7,Sofia,București neatribuit,București neatribuit,București,București neatribuit,1
Staer 7,Staer 7,Steaua Rosie,București neatribuit,București neatribuit,București,București neatribuit,1
Staer 7,Staer 7,Strada Matei Basarab,Sector 3,Sector 3,București,Est,1
Staer 7,Staer 7,Jan Steriadi,Sector 3,Sector 3,București,Est,1
Staer 7,Staer 7,Atanasie Ionescu,București neatribuit,București neatribuit,București,București neatribuit,1
Staer 7,Staer 7,Miletin,București neatribuit,București neatribuit,București,București neatribuit,1
Staer 7,Staer 7,Negoiu,București neatribuit,București neatribuit,București,București neatribuit,1
Staer 7,Staer 7,Popa Nan,București neatribuit,București neatribuit,București,București neatribuit,1
Staer 7,Staer 7,Prahova,Sector 1,Sector 1,București,Nord,1
Staer 7,Staer 7,Aleea Barajul Rovinari,Sector 3,Sector 3,București,Est,1
Staer 7,Staer 7,Ozari,Sector 3,Sector 3,București,Est,1
Staer 7,Staer 7,Strada Agricultori,Sector 3,Sector 3,București,Est,1
Staer 7,Staer 7,Șoseaua Mihai Bravu,Sector 3,Sector 3,București,Est,1
Staer 7,Staer 7,Birca,Sector 5,Sector 5,București,Sud-Vest,1
Staer 7,Staer 7,Liviu Rebreanu,Sector 3,Sector 3,București,Est,1
Staer 7,Staer 7,Strada Istriei,Sector 3,Sector 3,București,Est,1
Staer 7,Staer 7,Aleea Prevederii,Sector 3,Sector 3,București,Est,1
Staer 7,Staer 7,Sergent Petrache Florea,Sector 3,Sector 3,București,Est,1
Staer 7,Staer 7,Chindiei,București neatribuit,București neatribuit,București,București neatribuit,1
Staer 7,Staer 7,Veronica Micle,Sector 1,Sector 1,București,Nord,1
Staer 7,Staer 7,Palady,București neatribuit,București neatribuit,București,București neatribuit,1
Staer 7,Staer 7,Șoseaua Petrecani,București neatribuit,București neatribuit,București,București neatribuit,1
Staer 7,Staer 7,Panduri,București neatribuit,București neatribuit,București,București neatribuit,1
Staer 7,Staer 7,Aleea Ea Cislau,Sector 2,Sector 2,București,Nord-Est,1
Staer 7,Staer 7,Aleea Mozaicului,Sector 2,Sector 2,București,Nord-Est,1
Staer 7,Staer 7,Bulevardul Eroilor,Sector 2,Sector 2,București,Nord-Est,1
Staer 7,Staer 7,Codrii Cosminului,Sector 2,Sector 2,București,Nord-Est,1
Staer 7,Staer 7,George Calinescu,Sector 2,Sector 2,București,Nord-Est,1
Staer 7,Staer 7,Int Mioritei,Sector 2,Sector 2,București,Nord-Est,1
Staer 7,Staer 7,Livezilor 2,Sector 2,Sector 2,București,Nord-Est,1
Staer 7,Staer 7,Pescarusului,Sector 2,Sector 2,București,Nord-Est,1
Staer 7,Staer 7,Soldat Zambila Ionita,Sector 2,Sector 2,București,Nord-Est,1
Staer 7,Staer 7,Șoseaua Pantelimon,Sector 2,Sector 2,București,Nord-Est,1
Staer 7,Staer 7,Șoseaua Pantelimon,Sector 2,Sector 2,București,Nord-Est,1
Staer 7,Staer 7,Aleea Dumbrava Noua,Sector 5,Sector 5,București,Sud-Vest,1
Staer 7,Staer 7,Intrarea Slobozia,București neatribuit,București neatribuit,București,București neatribuit,1
Staer 7,Staer 7,Bvd Mircea Voda,București neatribuit,București neatribuit,București,București neatribuit,1
Staer 7,Staer 7,Șoseaua Orhideelor,București neatribuit,București neatribuit,București,București neatribuit,1
Staer 7,Staer 7,Șoseaua Afumati,București neatribuit,București neatribuit,București,București neatribuit,1
Staer 7,Staer 7,Piata Alba Iulia,București neatribuit,București neatribuit,București,București neatribuit,1
Staer 7,Staer 7,Muntii Gurghiului,Sector 6,Sector 6,București,Vest,1
Staer 7,Staer 7,Aleea Ea Dobrina,Sector 2,Sector 2,București,Nord-Est,1
Staer 7,Staer 7,Turda,Sector 1,Sector 1,București,Nord,1
Staer 7,Staer 7,Calea Ea Clarasi,București neatribuit,București neatribuit,București,București neatribuit,1
Staer 7,Staer 7,Bulevardul Decebal,Sector 3,Sector 3,București,Est,1
Staer 7,Staer 7,Strada Campia Libertatii,Sector 3,Sector 3,București,Est,1
Staer 7,Staer 7,Șoseaua Mihai Bravu,Sector 3,Sector 3,București,Est,1
Staer 7,Staer 7,Șoseaua Pantelimon,Sector 2,Sector 2,București,Nord-Est,1
Staer 7,Staer 7,Bulevardul Lascar Catargiu,Sector 1,Sector 1,București,Nord,1
Staer 7,Staer 7,Bulevardul Theodor Paladi,Sector 3,Sector 3,București,Est,1
Staer 7,Staer 7,Foisorului,Sector 3,Sector 3,București,Est,1
Staer 7,Staer 7,Eugen Gebeleandru,București neatribuit,București neatribuit,București,București neatribuit,1
Staer 7,Staer 7,Eugen Jebeleanu,București neatribuit,București neatribuit,București,București neatribuit,1
Staer 7,Staer 7,Frasari,București neatribuit,București neatribuit,București,București neatribuit,1
Staer 7,Staer 7,Matei Corvin,București neatribuit,București neatribuit,București,București neatribuit,1
Staer 7,Staer 7,Matei Millo,București neatribuit,București neatribuit,București,București neatribuit,1
Staer 7,Staer 7,Sat Dorobantu,București neatribuit,București neatribuit,București,București neatribuit,1
Staer 7,Staer 7,Sat Borodesti,București neatribuit,București neatribuit,București,București neatribuit,1
Staer 7,Staer 7,Aleea Postavarul,Sector 3,Sector 3,București,Est,1
Staer 7,Staer 7,Miraslau,București neatribuit,București neatribuit,București,București neatribuit,1
Staer 7,Staer 7,Anton Pann,București neatribuit,București neatribuit,București,București neatribuit,1
Staer 7,Staer 7,Const.vacarescu,București neatribuit,București neatribuit,București,București neatribuit,1
Staer 7,Staer 7,Erou Pantazica,București neatribuit,București neatribuit,București,București neatribuit,1
Staer 7,Staer 7,Laurentiu Raiciu,București neatribuit,București neatribuit,București,București neatribuit,1
Staer 7,Staer 7,Laurentiu Raicu,București neatribuit,București neatribuit,București,București neatribuit,1
Staer 7,Staer 7,Sfanta Agnes,București neatribuit,București neatribuit,București,București neatribuit,1
Staer 7,Staer 7,Slaiul Unirii,București neatribuit,București neatribuit,București,București neatribuit,1
Staer 7,Staer 7,Spaliul Unirii,București neatribuit,București neatribuit,București,București neatribuit,1
Staer 7,Staer 7,Strada Cicoarei,București neatribuit,București neatribuit,București,București neatribuit,1
Staer 7,Staer 7,Șoseaua Olteniței,Sector 4,Sector 4,București,Sud,1
Staer 7,Staer 7,Alunului,București neatribuit,București neatribuit,București,București neatribuit,1
Staer 7,Staer 7,NECUNOSCUTĂ,București neatribuit,București neatribuit,București,București neatribuit,1
Staer 7,Staer 7,Prelungirea Ungirea Ghencea,Sector 6,Sector 6,București,Vest,1
Staer 7,Staer 7,Bulevardul Ion Mihalache,Sector 1,Sector 1,București,Nord,1
Staer 7,Staer 7,Rodul Pamantului,Sector 3,Sector 3,București,Est,1
Staer 7,Staer 7,Strada Vasile Lascăr,Sector 2,Sector 2,București,Nord-Est,1
Staer 7,Staer 7,Zemes,Sector 3,Sector 3,București,Est,1
Staer 7,Staer 7,Sat Puchenii Mojneni/str Satul Nou,București neatribuit,București neatribuit,București,București neatribuit,1
Staer 7,Staer 7,Calea Ea Ferentari,Sector 5,Sector 5,București,Sud-Vest,1
Staer 7,Staer 7,Caporal Ivan Anghelache,Sector 5,Sector 5,București,Sud-Vest,1
Staer 7,Staer 7,Hercule,Sector 5,Sector 5,București,Sud-Vest,1
Staer 7,Staer 7,Strada Barca,Sector 5,Sector 5,București,Sud-Vest,1
Staer 7,Staer 7,Strada Mihail Sebastian,Sector 5,Sector 5,București,Sud-Vest,1
Staer 7,Staer 7,Strada Nasaud,Sector 5,Sector 5,București,Sud-Vest,1
Staer 7,Staer 7,Strada Petre Ispirescu,Sector 5,Sector 5,București,Sud-Vest,1
Staer 7,Staer 7,Șoseaua Alexandriei,Sector 5,Sector 5,București,Sud-Vest,1
Staer 7,Staer 7,Elena si Vasile Cojocaru,Sector 5,Sector 5,București,Sud-Vest,1
Staer 7,Staer 7,Spataru Preda,Sector 5,Sector 5,București,Sud-Vest,1
Staer 7,Staer 7,Birca,Sector 5,Sector 5,București,Sud-Vest,1
Staer 7,Staer 7,Calea Ea Vitan,Sector 3,Sector 3,București,Est,1
Staer 7,Staer 7,Lt Nicolae Pascu,Sector 3,Sector 3,București,Est,1
Staer 7,Staer 7,Linia de Centura Dreapta,București neatribuit,București neatribuit,București,București neatribuit,1
Staer 7,Staer 7,Pitar Mos,București neatribuit,București neatribuit,București,București neatribuit,1
Staer 7,Staer 7,Laborator,Sector 3,Sector 3,București,Est,1
Staer 7,Staer 7,Aleea Fizicienilor,Sector 3,Sector 3,București,Est,1
Staer 7,Staer 7,Aleea Vlahita,Sector 3,Sector 3,București,Est,1
Staer 7,Staer 7,Pazon Marian,Sector 3,Sector 3,București,Est,1
Staer 7,Staer 7,Ticus,Sector 3,Sector 3,București,Est,1
Staer 7,Staer 7,Bulevardul Nicolae Grigorescu,Sector 3,Sector 3,București,Est,1
Staer 7,Staer 7,Sold. Stelian Mihale,Sector 3,Sector 3,București,Est,1
Staer 7,Staer 7,Podisor,București neatribuit,București neatribuit,București,București neatribuit,1
Staer 7,Staer 7,Stejarului,Sector 2,Sector 2,București,Nord-Est,1
Staer 7,Staer 7,Șoseaua Principala,București neatribuit,București neatribuit,București,București neatribuit,1
Staer 7,Staer 7,Splaiul Independenței,București neatribuit,București neatribuit,București,București neatribuit,1
Staer 7,Staer 7,NECUNOSCUTĂ,București neatribuit,București neatribuit,București,București neatribuit,1
Staer 7,Staer 7,Stefan cel Mare,București neatribuit,București neatribuit,București,București neatribuit,1
Staer 7,Staer 7,Aleea Dolina,Sector 4,Sector 4,București,Sud,1
Staer 7,Staer 7,Bulevardul Voluntari,București neatribuit,București neatribuit,București,București neatribuit,1
Staer 7,Staer 7,NECUNOSCUTĂ,București neatribuit,București neatribuit,București,București neatribuit,1
Staer 7,Staer 7,Splaiul Aiul Unirii,București neatribuit,București neatribuit,București,București neatribuit,1
Staer 7,Staer 7,Șoseaua Colentina,București neatribuit,București neatribuit,București,București neatribuit,1
Staer 7,Staer 7,Șoseaua Mihai Bravu,București neatribuit,București neatribuit,București,București neatribuit,1
Staer 7,Staer 7,Strada D-Na Ghica,Sector 2,Sector 2,București,Nord-Est,1
Staer 7,Staer 7,Ungilea Ghencea,București neatribuit,București neatribuit,București,București neatribuit,1
Staer 7,Staer 7,16 Februarie,Sector 1,Sector 1,București,Nord,1
Staer 7,Staer 7,Abrud,Sector 1,Sector 1,București,Nord,1
Staer 7,Staer 7,Abuna,Sector 1,Sector 1,București,Nord,1
Staer 7,Staer 7,Afluentului,Sector 1,Sector 1,București,Nord,1
Staer 7,Staer 7,Aleea Ea Teisani,Sector 1,Sector 1,București,Nord,1
Staer 7,Staer 7,Aripilor,Sector 1,Sector 1,București,Nord,1
Staer 7,Staer 7,Aron Cotrus,Sector 1,Sector 1,București,Nord,1
Staer 7,Staer 7,Atanasie Enescu,Sector 1,Sector 1,București,Nord,1
Staer 7,Staer 7,Aviatiei,Sector 1,Sector 1,București,Nord,1
Staer 7,Staer 7,Aviator Serbanescu,Sector 1,Sector 1,București,Nord,1
Staer 7,Staer 7,Avrameni,Sector 1,Sector 1,București,Nord,1
Staer 7,Staer 7,Barajul Argesului,Sector 1,Sector 1,București,Nord,1
Staer 7,Staer 7,Barbu Delavrancea,Sector 1,Sector 1,București,Nord,1
Staer 7,Staer 7,Belizarie,Sector 1,Sector 1,București,Nord,1
Staer 7,Staer 7,Belizario,Sector 1,Sector 1,București,Nord,1
Staer 7,Staer 7,Biserica Enei,Sector 1,Sector 1,București,Nord,1
Staer 7,Staer 7,Bucuresti Noi,Sector 1,Sector 1,București,Nord,1
Staer 7,Staer 7,Bulevardul Apicultorilor,Sector 1,Sector 1,București,Nord,1
Staer 7,Staer 7,Bulevardul Dinicu Golescu,Sector 1,Sector 1,București,Nord,1
Staer 7,Staer 7,Bulevardul Garii de Nord,Sector 1,Sector 1,București,Nord,1
Staer 7,Staer 7,Bulevardul George Constantin,Sector 1,Sector 1,București,Nord,1
Staer 7,Staer 7,Bulevardul Ion Ionescu de la Brad,Sector 1,Sector 1,București,Nord,1
Staer 7,Staer 7,Bulevardul Luptatorilor,Sector 1,Sector 1,București,Nord,1
Staer 7,Staer 7,Bulevardul Ul Ion Mihalache,Sector 1,Sector 1,București,Nord,1
Staer 7,Staer 7,Bumbesti,Sector 1,Sector 1,București,Nord,1
Staer 7,Staer 7,Bvd Bucurestii Noi,Sector 1,Sector 1,București,Nord,1
Staer 7,Staer 7,Bvd Gloriei,Sector 1,Sector 1,București,Nord,1
Staer 7,Staer 7,Bvd Luptatorilor,Sector 1,Sector 1,București,Nord,1
Staer 7,Staer 7,Bvd Nicolae Balcescu,Sector 1,Sector 1,București,Nord,1
Staer 7,Staer 7,Bvd Pipera,Sector 1,Sector 1,București,Nord,1
Staer 7,Staer 7,Bvd. Ioan Cuza,Sector 1,Sector 1,București,Nord,1
Staer 7,Staer 7,Caiuti,Sector 1,Sector 1,București,Nord,1
Staer 7,Staer 7,Calea Ea Plevnei,Sector 1,Sector 1,București,Nord,1
Staer 7,Staer 7,Calea Ea Victoriei,Sector 1,Sector 1,București,Nord,1
Staer 7,Staer 7,Calea Floreasca,Sector 1,Sector 1,București,Nord,1
Staer 7,Staer 7,Cmr. Aviator Popisteanu,Sector 1,Sector 1,București,Nord,1
Staer 7,Staer 7,Cornitel,Sector 1,Sector 1,București,Nord,1
Staer 7,Staer 7,Costache Balacescu,Sector 1,Sector 1,București,Nord,1
Staer 7,Staer 7,Cpt O Cocarascu,Sector 1,Sector 1,București,Nord,1
Staer 7,Staer 7,Crisana,Sector 1,Sector 1,București,Nord,1
Staer 7,Staer 7,Crumul Regimentului,Sector 1,Sector 1,București,Nord,1
Staer 7,Staer 7,Dobrogeanu Gherea,Sector 1,Sector 1,București,Nord,1
Staer 7,Staer 7,Dr Ratiu,Sector 1,Sector 1,București,Nord,1
Staer 7,Staer 7,Drumul Muntele Gaina,Sector 1,Sector 1,București,Nord,1
Staer 7,Staer 7,Drumul Padurea Pustnicu,Sector 1,Sector 1,București,Nord,1
Staer 7,Staer 7,Drumul Ponoarele,Sector 1,Sector 1,București,Nord,1
Staer 7,Staer 7,Drumul Regimentului,Sector 1,Sector 1,București,Nord,1
Staer 7,Staer 7,Duiosiei,Sector 1,Sector 1,București,Nord,1
Staer 7,Staer 7,Durau,Sector 1,Sector 1,București,Nord,1
Staer 7,Staer 7,Elena Doamna,Sector 1,Sector 1,București,Nord,1
Staer 7,Staer 7,Elena Vacarescu,Sector 1,Sector 1,București,Nord,1
Staer 7,Staer 7,Fagarasi,Sector 1,Sector 1,București,Nord,1
Staer 7,Staer 7,Frumoasa,Sector 1,Sector 1,București,Nord,1
Staer 7,Staer 7,General Berthelot,Sector 1,Sector 1,București,Nord,1
Staer 7,Staer 7,George Baritiu,Sector 1,Sector 1,București,Nord,1
Staer 7,Staer 7,George Enescu,Sector 1,Sector 1,București,Nord,1
Staer 7,Staer 7,Gheorghe Ionescu Sisesti,Sector 1,Sector 1,București,Nord,1
Staer 7,Staer 7,Iacob Negruti,Sector 1,Sector 1,București,Nord,1
Staer 7,Staer 7,Iezeru,Sector 1,Sector 1,București,Nord,1
Staer 7,Staer 7,Inginer Zablovschi,Sector 1,Sector 1,București,Nord,1
Staer 7,Staer 7,Int Nicoresti,Sector 1,Sector 1,București,Nord,1
Staer 7,Staer 7,Intrarea Area Chefalului,Sector 1,Sector 1,București,Nord,1
Staer 7,Staer 7,Intrarea Area Dridu,Sector 1,Sector 1,București,Nord,1
Staer 7,Staer 7,Intrarea Area Fulgerului,Sector 1,Sector 1,București,Nord,1
Staer 7,Staer 7,Intrarea Area Victor Daimaca,Sector 1,Sector 1,București,Nord,1
Staer 7,Staer 7,Intrarea Biruintei,Sector 1,Sector 1,București,Nord,1
Staer 7,Staer 7,Intrarea Sevastopol,Sector 1,Sector 1,București,Nord,1
Staer 7,Staer 7,Iordache Golescu,Sector 1,Sector 1,București,Nord,1
Staer 7,Staer 7,Jean Monnet,Sector 1,Sector 1,București,Nord,1
Staer 7,Staer 7,Jugastrului,Sector 1,Sector 1,București,Nord,1
Staer 7,Staer 7,Lastarisului,Sector 1,Sector 1,București,Nord,1
Staer 7,Staer 7,Limanului,Sector 1,Sector 1,București,Nord,1
Staer 7,Staer 7,Lugoj,Sector 1,Sector 1,București,Nord,1
Staer 7,Staer 7,Munteniei,Sector 1,Sector 1,București,Nord,1
Staer 7,Staer 7,N Constantinescu,Sector 1,Sector 1,București,Nord,1
Staer 7,Staer 7,Neagoe Basarab,Sector 1,Sector 1,București,Nord,1
Staer 7,Staer 7,Neagoe Teodor,Sector 1,Sector 1,București,Nord,1
Staer 7,Staer 7,Neatirnarii,Sector 1,Sector 1,București,Nord,1
Staer 7,Staer 7,Nicolae Constantinescu,Sector 1,Sector 1,București,Nord,1
Staer 7,Staer 7,Nicolae Nicoleanu,Sector 1,Sector 1,București,Nord,1
Staer 7,Staer 7,Omului,Sector 1,Sector 1,București,Nord,1
Staer 7,Staer 7,Padurii-Str Jandarmeriei,Sector 1,Sector 1,București,Nord,1
Staer 7,Staer 7,Pajurei,Sector 1,Sector 1,București,Nord,1
Staer 7,Staer 7,Pecetei,Sector 1,Sector 1,București,Nord,1
Staer 7,Staer 7,Petre S Aurelian,Sector 1,Sector 1,București,Nord,1
Staer 7,Staer 7,Pietei,Sector 1,Sector 1,București,Nord,1
Staer 7,Staer 7,Popa Savu,Sector 1,Sector 1,București,Nord,1
Staer 7,Staer 7,Popa Tatu,Sector 1,Sector 1,București,Nord,1
Staer 7,Staer 7,Povernei,Sector 1,Sector 1,București,Nord,1
Staer 7,Staer 7,Putul Zamfir,Sector 1,Sector 1,București,Nord,1
Staer 7,Staer 7,Rocadei,Sector 1,Sector 1,București,Nord,1
Staer 7,Staer 7,Simeria 31,Sector 1,Sector 1,București,Nord,1
Staer 7,Staer 7,Smaranda Braiescu,Sector 1,Sector 1,București,Nord,1
Staer 7,Staer 7,Somesul Rece,Sector 1,Sector 1,București,Nord,1
Staer 7,Staer 7,Spiru Haret,Sector 1,Sector 1,București,Nord,1
Staer 7,Staer 7,Strada Aviator Popișteanu,Sector 1,Sector 1,București,Nord,1
Staer 7,Staer 7,Strada Carol Knappe,Sector 1,Sector 1,București,Nord,1
Staer 7,Staer 7,Strada Elena Caragiani,Sector 1,Sector 1,București,Nord,1
Staer 7,Staer 7,Strada Lotru,Sector 1,Sector 1,București,Nord,1
Staer 7,Staer 7,Strada Mihai Eminescu,Sector 1,Sector 1,București,Nord,1
Staer 7,Staer 7,Strada Nicolae Iorga,Sector 1,Sector 1,București,Nord,1
Staer 7,Staer 7,Strada Sutașului,Sector 1,Sector 1,București,Nord,1
Staer 7,Staer 7,Subcetate,Sector 1,Sector 1,București,Nord,1
Staer 7,Staer 7,Șoseaua Buc-Targoviste,Sector 1,Sector 1,București,Nord,1
Staer 7,Staer 7,Șoseaua Iancului,Sector 1,Sector 1,București,Nord,1
Staer 7,Staer 7,Șoseaua Nordului,Sector 1,Sector 1,București,Nord,1
Staer 7,Staer 7,Șoseaua Odai,Sector 1,Sector 1,București,Nord,1
Staer 7,Staer 7,Șoseaua Victora,Sector 1,Sector 1,București,Nord,1
Staer 7,Staer 7,Teodosie Rudeanu,Sector 1,Sector 1,București,Nord,1
Staer 7,Staer 7,Trusesti,Sector 1,Sector 1,București,Nord,1
Staer 7,Staer 7,Vasile Parvan,Sector 1,Sector 1,București,Nord,1
Staer 7,Staer 7,Veronica Micle,Sector 1,Sector 1,București,Nord,1
Staer 7,Staer 7,Vrancea,Sector 1,Sector 1,București,Nord,1
Staer 7,Staer 7,Xandru Bratu,Sector 1,Sector 1,București,Nord,1
Staer 7,Staer 7,Agricultor,Sector 2,Sector 2,București,Nord-Est,1
Staer 7,Staer 7,Aleea Andronache,Sector 2,Sector 2,București,Nord-Est,1
Staer 7,Staer 7,Aleea Arh. Petre Antonescu,Sector 2,Sector 2,București,Nord-Est,1
Staer 7,Staer 7,Aleea Cimpul Mosilor,Sector 2,Sector 2,București,Nord-Est,1
Staer 7,Staer 7,Aleea Ea Câmpul Mosilor,Sector 2,Sector 2,București,Nord-Est,1
Staer 7,Staer 7,Aleea Ea Deleni,Sector 2,Sector 2,București,Nord-Est,1
Staer 7,Staer 7,Aleea Ea Luncsoarei,Sector 2,Sector 2,București,Nord-Est,1
Staer 7,Staer 7,Aleea Ea Vergului,Sector 2,Sector 2,București,Nord-Est,1
Staer 7,Staer 7,Aleea Ea Zarandului,Sector 2,Sector 2,București,Nord-Est,1
Staer 7,Staer 7,Aleea Resita,Sector 2,Sector 2,București,Nord-Est,1
Staer 7,Staer 7,Aleea Socului,Sector 2,Sector 2,București,Nord-Est,1
Staer 7,Staer 7,Amiral Murgescu,Sector 2,Sector 2,București,Nord-Est,1
Staer 7,Staer 7,Apostol Nicolae,Sector 2,Sector 2,București,Nord-Est,1
Staer 7,Staer 7,Arbustului,Sector 2,Sector 2,București,Nord-Est,1
Staer 7,Staer 7,Arhitect Grigore Ionescu,Sector 2,Sector 2,București,Nord-Est,1
Staer 7,Staer 7,Arhitect Ion Berindei,Sector 2,Sector 2,București,Nord-Est,1
Staer 7,Staer 7,Azotului,Sector 2,Sector 2,București,Nord-Est,1
Staer 7,Staer 7,Azuga,Sector 2,Sector 2,București,Nord-Est,1
Staer 7,Staer 7,Badea Cartan,Sector 2,Sector 2,București,Nord-Est,1
Staer 7,Staer 7,Baia de Arama,Sector 2,Sector 2,București,Nord-Est,1
Staer 7,Staer 7,Birzava,Sector 2,Sector 2,București,Nord-Est,1
Staer 7,Staer 7,Biserica Pantelimon,Sector 2,Sector 2,București,Nord-Est,1
Staer 7,Staer 7,Bodesti,Sector 2,Sector 2,București,Nord-Est,1
Staer 7,Staer 7,Bojor Alb,Sector 2,Sector 2,București,Nord-Est,1
Staer 7,Staer 7,Bradesti,Sector 2,Sector 2,București,Nord-Est,1
Staer 7,Staer 7,Brebu,Sector 2,Sector 2,București,Nord-Est,1
Staer 7,Staer 7,Bulevardul 1 Decembrie 1918,Sector 2,Sector 2,București,Nord-Est,1
Staer 7,Staer 7,Bulevardul Basarabiei,Sector 2,Sector 2,București,Nord-Est,1
Staer 7,Staer 7,Bulevardul Dacia,Sector 2,Sector 2,București,Nord-Est,1
Staer 7,Staer 7,Bulevardul Energeticienilor,Sector 2,Sector 2,București,Nord-Est,1
Staer 7,Staer 7,Bulevardul Ferdinand 1,Sector 2,Sector 2,București,Nord-Est,1
Staer 7,Staer 7,Bulevardul Nicolae Grigorescu,Sector 2,Sector 2,București,Nord-Est,1
Staer 7,Staer 7,Bulevardul Pache Protopopescu,Sector 2,Sector 2,București,Nord-Est,1
Staer 7,Staer 7,Bulevardul Ul Lacul Tei,Sector 2,Sector 2,București,Nord-Est,1
Staer 7,Staer 7,Bulevardul Unirii,Sector 2,Sector 2,București,Nord-Est,1
Staer 7,Staer 7,Bvd Basarabia(fostul Bvd Muncii),Sector 2,Sector 2,București,Nord-Est,1
Staer 7,Staer 7,Bvd Basarabiei,Sector 2,Sector 2,București,Nord-Est,1
Staer 7,Staer 7,Bvd Chisinau,Sector 2,Sector 2,București,Nord-Est,1
Staer 7,Staer 7,Bvd Ferdinand,Sector 2,Sector 2,București,Nord-Est,1
Staer 7,Staer 7,Bvd Ghica Tei,Sector 2,Sector 2,București,Nord-Est,1
Staer 7,Staer 7,Bvd Lacul Tei,Sector 2,Sector 2,București,Nord-Est,1
Staer 7,Staer 7,Calea Ea Dorobantilor,Sector 2,Sector 2,București,Nord-Est,1
Staer 7,Staer 7,Calea Ea Vitan,Sector 2,Sector 2,București,Nord-Est,1
Staer 7,Staer 7,Campul cu Narcise,Sector 2,Sector 2,București,Nord-Est,1
Staer 7,Staer 7,Capitan Valer Dumitrescu,Sector 2,Sector 2,București,Nord-Est,1
Staer 7,Staer 7,Capitan Valeriu Dumitrescu,Sector 2,Sector 2,București,Nord-Est,1
Staer 7,Staer 7,Carei,Sector 2,Sector 2,București,Nord-Est,1
Staer 7,Staer 7,Cartierul Florilor- Str Bujorilor,Sector 2,Sector 2,București,Nord-Est,1
Staer 7,Staer 7,Cercului,Sector 2,Sector 2,București,Nord-Est,1
Staer 7,Staer 7,Chopin,Sector 2,Sector 2,București,Nord-Est,1
Staer 7,Staer 7,Cimpului,Sector 2,Sector 2,București,Nord-Est,1
Staer 7,Staer 7,Codalbitei,Sector 2,Sector 2,București,Nord-Est,1
Staer 7,Staer 7,Codalbitei 31,Sector 2,Sector 2,București,Nord-Est,1
Staer 7,Staer 7,Cornisei,Sector 2,Sector 2,București,Nord-Est,1
Staer 7,Staer 7,Cpt.constantin Merisescu,Sector 2,Sector 2,București,Nord-Est,1
Staer 7,Staer 7,Cremenita,Sector 2,Sector 2,București,Nord-Est,1
Staer 7,Staer 7,Cristescu,Sector 2,Sector 2,București,Nord-Est,1
Staer 7,Staer 7,Cristescu Dima,Sector 2,Sector 2,București,Nord-Est,1
Staer 7,Staer 7,Crisul Negru,Sector 2,Sector 2,București,Nord-Est,1
Staer 7,Staer 7,Danulesti,Sector 2,Sector 2,București,Nord-Est,1
Staer 7,Staer 7,Declamarii,Sector 2,Sector 2,București,Nord-Est,1
Staer 7,Staer 7,Despot Voda,Sector 2,Sector 2,București,Nord-Est,1
Staer 7,Staer 7,Dinu Vintila,Sector 2,Sector 2,București,Nord-Est,1
Staer 7,Staer 7,Doamn Oltea,Sector 2,Sector 2,București,Nord-Est,1
Staer 7,Staer 7,Dobroiesti Atlantis 1,Sector 2,Sector 2,București,Nord-Est,1
Staer 7,Staer 7,Dragos Voda,Sector 2,Sector 2,București,Nord-Est,1
Staer 7,Staer 7,Dragusin Deleanu,Sector 2,Sector 2,București,Nord-Est,1
Staer 7,Staer 7,Dumbrava Rosie,Sector 2,Sector 2,București,Nord-Est,1
Staer 7,Staer 7,Elevatorului,Sector 2,Sector 2,București,Nord-Est,1
Staer 7,Staer 7,Emanciparii,Sector 2,Sector 2,București,Nord-Est,1
Staer 7,Staer 7,Emisferei,Sector 2,Sector 2,București,Nord-Est,1
Staer 7,Staer 7,Enache Sandu,Sector 2,Sector 2,București,Nord-Est,1
Staer 7,Staer 7,Episcop Radu,Sector 2,Sector 2,București,Nord-Est,1
Staer 7,Staer 7,Erou Constantin Bogorin,Sector 2,Sector 2,București,Nord-Est,1
Staer 7,Staer 7,Erou Ion Floruta,Sector 2,Sector 2,București,Nord-Est,1
Staer 7,Staer 7,Escalei,Sector 2,Sector 2,București,Nord-Est,1
Staer 7,Staer 7,Fabrica de Glucoza-Prima Vista,Sector 2,Sector 2,București,Nord-Est,1
Staer 7,Staer 7,Fabrica de Glucuza,Sector 2,Sector 2,București,Nord-Est,1
Staer 7,Staer 7,Floruta Ion,Sector 2,Sector 2,București,Nord-Est,1
Staer 7,Staer 7,Frederic Chopin,Sector 2,Sector 2,București,Nord-Est,1
Staer 7,Staer 7,Galita,Sector 2,Sector 2,București,Nord-Est,1
Staer 7,Staer 7,Gaterului,Sector 2,Sector 2,București,Nord-Est,1
Staer 7,Staer 7,Geamandurii,Sector 2,Sector 2,București,Nord-Est,1
Staer 7,Staer 7,Georges Bizet,Sector 2,Sector 2,București,Nord-Est,1
Staer 7,Staer 7,Gherghitei,Sector 2,Sector 2,București,Nord-Est,1
Staer 7,Staer 7,Gorgan Spataru,Sector 2,Sector 2,București,Nord-Est,1
Staer 7,Staer 7,Gral Radovici,Sector 2,Sector 2,București,Nord-Est,1
Staer 7,Staer 7,Grigore Moise,Sector 2,Sector 2,București,Nord-Est,1
Staer 7,Staer 7,Gureni,Sector 2,Sector 2,București,Nord-Est,1
Staer 7,Staer 7,Iman,Sector 2,Sector 2,București,Nord-Est,1
Staer 7,Staer 7,Imani,Sector 2,Sector 2,București,Nord-Est,1
Staer 7,Staer 7,Inginerilor 3,Sector 2,Sector 2,București,Nord-Est,1
Staer 7,Staer 7,Int Procopie Dumitrescu,Sector 2,Sector 2,București,Nord-Est,1
Staer 7,Staer 7,Intrarea Area Glucozei,Sector 2,Sector 2,București,Nord-Est,1
Staer 7,Staer 7,Intrarea Fanfarei,Sector 2,Sector 2,București,Nord-Est,1
Staer 7,Staer 7,Intrarea Heliade Intre VII,Sector 2,Sector 2,București,Nord-Est,1
Staer 7,Staer 7,Ioan Berindei,Sector 2,Sector 2,București,Nord-Est,1
Staer 7,Staer 7,Ion Maiorescu,Sector 2,Sector 2,București,Nord-Est,1
Staer 7,Staer 7,Irimicului,Sector 2,Sector 2,București,Nord-Est,1
Staer 7,Staer 7,Italiana,Sector 2,Sector 2,București,Nord-Est,1
Staer 7,Staer 7,Itr Teiul Doamnei,Sector 2,Sector 2,București,Nord-Est,1
Staer 7,Staer 7,Itrarea Calitatii,Sector 2,Sector 2,București,Nord-Est,1
Staer 7,Staer 7,Judetului,Sector 2,Sector 2,București,Nord-Est,1
Staer 7,Staer 7,Lavitei,Sector 2,Sector 2,București,Nord-Est,1
Staer 7,Staer 7,Lecturii,Sector 2,Sector 2,București,Nord-Est,1
Staer 7,Staer 7,Lipiceni,Sector 2,Sector 2,București,Nord-Est,1
Staer 7,Staer 7,Liviu Rebreanu,Sector 2,Sector 2,București,Nord-Est,1
Staer 7,Staer 7,Lt Victor Manu,Sector 2,Sector 2,București,Nord-Est,1
Staer 7,Staer 7,Lucratu Patrascaru,Sector 2,Sector 2,București,Nord-Est,1
Staer 7,Staer 7,Magura Vaii,Sector 2,Sector 2,București,Nord-Est,1
Staer 7,Staer 7,Maior Atanase Ionescu,Sector 2,Sector 2,București,Nord-Est,1
Staer 7,Staer 7,Maior Bacila Vasile,Sector 2,Sector 2,București,Nord-Est,1
Staer 7,Staer 7,Matei Vioevod,Sector 2,Sector 2,București,Nord-Est,1
Staer 7,Staer 7,Melodiei,Sector 2,Sector 2,București,Nord-Est,1
Staer 7,Staer 7,Mihail Ivanovici Glinka,Sector 2,Sector 2,București,Nord-Est,1
Staer 7,Staer 7,Mogos Voinicul,Sector 2,Sector 2,București,Nord-Est,1
Staer 7,Staer 7,Moroeni,Sector 2,Sector 2,București,Nord-Est,1
Staer 7,Staer 7,Muntii Buzaului,Sector 2,Sector 2,București,Nord-Est,1
Staer 7,Staer 7,Nichita Stanescu,Sector 2,Sector 2,București,Nord-Est,1
Staer 7,Staer 7,Nicolae Parau,Sector 2,Sector 2,București,Nord-Est,1
Staer 7,Staer 7,Nita Ene,Sector 2,Sector 2,București,Nord-Est,1
Staer 7,Staer 7,Odesani,Sector 2,Sector 2,București,Nord-Est,1
Staer 7,Staer 7,Oe Postelnicu,Sector 2,Sector 2,București,Nord-Est,1
Staer 7,Staer 7,Oituz,Sector 2,Sector 2,București,Nord-Est,1
Staer 7,Staer 7,Oradea,Sector 2,Sector 2,București,Nord-Est,1
Staer 7,Staer 7,Paharnicul Turtulea,Sector 2,Sector 2,București,Nord-Est,1
Staer 7,Staer 7,Paroseni,Sector 2,Sector 2,București,Nord-Est,1
Staer 7,Staer 7,Pavel Tkacenko,Sector 2,Sector 2,București,Nord-Est,1
Staer 7,Staer 7,Peisajului,Sector 2,Sector 2,București,Nord-Est,1
Staer 7,Staer 7,Pescarusului,Sector 2,Sector 2,București,Nord-Est,1
Staer 7,Staer 7,Petre Negulescu,Sector 2,Sector 2,București,Nord-Est,1
Staer 7,Staer 7,Petrican,Sector 2,Sector 2,București,Nord-Est,1
Staer 7,Staer 7,Pictor Hirlescu,Sector 2,Sector 2,București,Nord-Est,1
Staer 7,Staer 7,Pincota,Sector 2,Sector 2,București,Nord-Est,1
Staer 7,Staer 7,Podul Vadului,Sector 2,Sector 2,București,Nord-Est,1
Staer 7,Staer 7,Poiana cu Aluni,Sector 2,Sector 2,București,Nord-Est,1
Staer 7,Staer 7,Popa Nan,Sector 2,Sector 2,București,Nord-Est,1
Staer 7,Staer 7,Portile de Fier,Sector 2,Sector 2,București,Nord-Est,1
Staer 7,Staer 7,Prudentei,Sector 2,Sector 2,București,Nord-Est,1
Staer 7,Staer 7,Puiandrului,Sector 2,Sector 2,București,Nord-Est,1
Staer 7,Staer 7,Quartier Azuga / Strada Azuga,Sector 2,Sector 2,București,Nord-Est,1
Staer 7,Staer 7,Radoveanu,Sector 2,Sector 2,București,Nord-Est,1
Staer 7,Staer 7,Ramuri Tei,Sector 2,Sector 2,București,Nord-Est,1
Staer 7,Staer 7,Rascoalei 1907,Sector 2,Sector 2,București,Nord-Est,1
Staer 7,Staer 7,Rauseni,Sector 2,Sector 2,București,Nord-Est,1
Staer 7,Staer 7,Reactorului,Sector 2,Sector 2,București,Nord-Est,1
Staer 7,Staer 7,Refrenului,Sector 2,Sector 2,București,Nord-Est,1
Staer 7,Staer 7,Renului,Sector 2,Sector 2,București,Nord-Est,1
Staer 7,Staer 7,Revolutia 1848,Sector 2,Sector 2,București,Nord-Est,1
Staer 7,Staer 7,Ripicieni,Sector 2,Sector 2,București,Nord-Est,1
Staer 7,Staer 7,Rovine,Sector 2,Sector 2,București,Nord-Est,1
Staer 7,Staer 7,Sachelaria,Sector 2,Sector 2,București,Nord-Est,1
Staer 7,Staer 7,Sandi Enache,Sector 2,Sector 2,București,Nord-Est,1
Staer 7,Staer 7,Scaetilor,Sector 2,Sector 2,București,Nord-Est,1
Staer 7,Staer 7,Scortan Ioan,Sector 2,Sector 2,București,Nord-Est,1
Staer 7,Staer 7,Serg Ion Pantaru,Sector 2,Sector 2,București,Nord-Est,1
Staer 7,Staer 7,Sergent Nastase Pamfir,Sector 2,Sector 2,București,Nord-Est,1
Staer 7,Staer 7,Serii,Sector 2,Sector 2,București,Nord-Est,1
Staer 7,Staer 7,Sg Maj Simion Busuioc,Sector 2,Sector 2,București,Nord-Est,1
Staer 7,Staer 7,Sgt Maj Simion Busuioc,Sector 2,Sector 2,București,Nord-Est,1
Staer 7,Staer 7,Sighisoara,Sector 2,Sector 2,București,Nord-Est,1
Staer 7,Staer 7,Simetriei,Sector 2,Sector 2,București,Nord-Est,1
Staer 7,Staer 7,Simion Busuioc,Sector 2,Sector 2,București,Nord-Est,1
Staer 7,Staer 7,Sld. Stelian Tomovici,Sector 2,Sector 2,București,Nord-Est,1
Staer 7,Staer 7,Slt Cristescu Dima,Sector 2,Sector 2,București,Nord-Est,1
Staer 7,Staer 7,Slt Stanescu Gheorghe,Sector 2,Sector 2,București,Nord-Est,1
Staer 7,Staer 7,Smardan,Sector 2,Sector 2,București,Nord-Est,1
Staer 7,Staer 7,Soldat Lazar Florea,Sector 2,Sector 2,București,Nord-Est,1
Staer 7,Staer 7,Sontuzului,Sector 2,Sector 2,București,Nord-Est,1
Staer 7,Staer 7,Spatar Gargon,Sector 2,Sector 2,București,Nord-Est,1
Staer 7,Staer 7,Spataru Gorgan,Sector 2,Sector 2,București,Nord-Est,1
Staer 7,Staer 7,Spatarul Mihai,Sector 2,Sector 2,București,Nord-Est,1
Staer 7,Staer 7,Stavilarului,Sector 2,Sector 2,București,Nord-Est,1
Staer 7,Staer 7,Stefan cel Mare-Lizeanu,Sector 2,Sector 2,București,Nord-Est,1
Staer 7,Staer 7,Stefan Mihaileanu,Sector 2,Sector 2,București,Nord-Est,1
Staer 7,Staer 7,Stolnicul Vasile,Sector 2,Sector 2,București,Nord-Est,1
Staer 7,Staer 7,Strada Agricultori,Sector 2,Sector 2,București,Nord-Est,1
Staer 7,Staer 7,Strada Albisoarei,Sector 2,Sector 2,București,Nord-Est,1
Staer 7,Staer 7,Strada Aurel Vlaicu,Sector 2,Sector 2,București,Nord-Est,1
Staer 7,Staer 7,Strada Biserica Mărcuța,Sector 2,Sector 2,București,Nord-Est,1
Staer 7,Staer 7,Strada Căminului,Sector 2,Sector 2,București,Nord-Est,1
Staer 7,Staer 7,Strada Deleni,Sector 2,Sector 2,București,Nord-Est,1
Staer 7,Staer 7,Strada George Constantinescu,Sector 2,Sector 2,București,Nord-Est,1
Staer 7,Staer 7,Strada Gheorghe Țițeica,Sector 2,Sector 2,București,Nord-Est,1
Staer 7,Staer 7,Strada Lt Petre Negulescu,Sector 2,Sector 2,București,Nord-Est,1
Staer 7,Staer 7,Strada Luminitei,Sector 2,Sector 2,București,Nord-Est,1
Staer 7,Staer 7,Strada Mihai Eminescu,Sector 2,Sector 2,București,Nord-Est,1
Staer 7,Staer 7,Strada Paul Greceanu,Sector 2,Sector 2,București,Nord-Est,1
Staer 7,Staer 7,Strada Poeziei,Sector 2,Sector 2,București,Nord-Est,1
Staer 7,Staer 7,Strada Precupeții Vechi,Sector 2,Sector 2,București,Nord-Est,1
Staer 7,Staer 7,Strada Vasile Lascăr,Sector 2,Sector 2,București,Nord-Est,1
Staer 7,Staer 7,Strada Vașcău,Sector 2,Sector 2,București,Nord-Est,1
Staer 7,Staer 7,Șoseaua Coloentina,Sector 2,Sector 2,București,Nord-Est,1
Staer 7,Staer 7,Șoseaua Dobroesti,Sector 2,Sector 2,București,Nord-Est,1
Staer 7,Staer 7,Șoseaua Eaua Pipera Cloud 9 Residence,Sector 2,Sector 2,București,Nord-Est,1
Staer 7,Staer 7,Șoseaua Gherase,Sector 2,Sector 2,București,Nord-Est,1
Staer 7,Staer 7,Tamioarei,Sector 2,Sector 2,București,Nord-Est,1
Staer 7,Staer 7,Tampa,Sector 2,Sector 2,București,Nord-Est,1
Staer 7,Staer 7,Tarnacopului,Sector 2,Sector 2,București,Nord-Est,1
Staer 7,Staer 7,Tesatoarelor,Sector 2,Sector 2,București,Nord-Est,1
Staer 7,Staer 7,Trei Scaune,Sector 2,Sector 2,București,Nord-Est,1
Staer 7,Staer 7,Tudor Arghezii,Sector 2,Sector 2,București,Nord-Est,1
Staer 7,Staer 7,Tudor Mihai,Sector 2,Sector 2,București,Nord-Est,1
Staer 7,Staer 7,Tugomir Voievod,Sector 2,Sector 2,București,Nord-Est,1
Staer 7,Staer 7,Tusnad,Sector 2,Sector 2,București,Nord-Est,1
Staer 7,Staer 7,Valer Dumitrescu,Sector 2,Sector 2,București,Nord-Est,1
Staer 7,Staer 7,Vaselor,Sector 2,Sector 2,București,Nord-Est,1
Staer 7,Staer 7,Vasile Bacila,Sector 2,Sector 2,București,Nord-Est,1
Staer 7,Staer 7,Vatra Luminoasa,Sector 2,Sector 2,București,Nord-Est,1
Staer 7,Staer 7,Vergului,Sector 2,Sector 2,București,Nord-Est,1
Staer 7,Staer 7,Viesparilor,Sector 2,Sector 2,București,Nord-Est,1
Staer 7,Staer 7,Vrancioaiei,Sector 2,Sector 2,București,Nord-Est,1
Staer 7,Staer 7,Xandru Constantinescu,Sector 2,Sector 2,București,Nord-Est,1
Staer 7,Staer 7,Zamfir Marcu,Sector 2,Sector 2,București,Nord-Est,1
Staer 7,Staer 7,1decembrie 1918,Sector 3,Sector 3,București,Est,1
Staer 7,Staer 7,Aghata Birsescu,Sector 3,Sector 3,București,Est,1
Staer 7,Staer 7,Al.vlahuta,Sector 3,Sector 3,București,Est,1
Staer 7,Staer 7,Aleea Barajul Bicaz,Sector 3,Sector 3,București,Est,1
Staer 7,Staer 7,Aleea Barajul Bistrita,Sector 3,Sector 3,București,Est,1
Staer 7,Staer 7,Aleea Codri Neamtului,Sector 3,Sector 3,București,Est,1
Staer 7,Staer 7,Aleea Ea Barajul Bistriței,Sector 3,Sector 3,București,Est,1
Staer 7,Staer 7,Aleea Ea Barajul Dunarii,Sector 3,Sector 3,București,Est,1
Staer 7,Staer 7,Aleea Ea Barajul Sadului,Sector 3,Sector 3,București,Est,1
Staer 7,Staer 7,Aleea Ea Calistrat Hogas,Sector 3,Sector 3,București,Est,1
Staer 7,Staer 7,Aleea Ea Cioplea,Sector 3,Sector 3,București,Est,1
Staer 7,Staer 7,Aleea Ea Fetesti,Sector 3,Sector 3,București,Est,1
Staer 7,Staer 7,Aleea Ea Florin Ciungan,Sector 3,Sector 3,București,Est,1
Staer 7,Staer 7,Aleea Ea Ion Agirbiceanu,Sector 3,Sector 3,București,Est,1
Staer 7,Staer 7,Aleea Ea Leonta,Sector 3,Sector 3,București,Est,1
Staer 7,Staer 7,Aleea Ea Mostistea,Sector 3,Sector 3,București,Est,1
Staer 7,Staer 7,Aleea Ea Solidaritatii,Sector 3,Sector 3,București,Est,1
Staer 7,Staer 7,Aleea Emil Botta,Sector 3,Sector 3,București,Est,1
Staer 7,Staer 7,Aleea Iosif Hodos,Sector 3,Sector 3,București,Est,1
Staer 7,Staer 7,Aleea Lacramioarei,Sector 3,Sector 3,București,Est,1
Staer 7,Staer 7,Aleea Lunguetu,Sector 3,Sector 3,București,Est,1
Staer 7,Staer 7,Aleea Rasinari,Sector 3,Sector 3,București,Est,1
Staer 7,Staer 7,Aleea Vasile Goldis,Sector 3,Sector 3,București,Est,1
Staer 7,Staer 7,Aleea Vlahita,Sector 3,Sector 3,București,Est,1
Staer 7,Staer 7,Aleea Zavideni,Sector 3,Sector 3,București,Est,1
Staer 7,Staer 7,Alunelului,Sector 3,Sector 3,București,Est,1
Staer 7,Staer 7,Anastasie Panu,Sector 3,Sector 3,București,Est,1
Staer 7,Staer 7,Banul Udrea,Sector 3,Sector 3,București,Est,1
Staer 7,Staer 7,Becatiei,Sector 3,Sector 3,București,Est,1
Staer 7,Staer 7,Bogdan Ghe Tudor,Sector 3,Sector 3,București,Est,1
Staer 7,Staer 7,Bogdan Gheorghe Tudor,Sector 3,Sector 3,București,Est,1
Staer 7,Staer 7,Bulevardul Burebista,Sector 3,Sector 3,București,Est,1
Staer 7,Staer 7,Bulevardul Cami Ressu,Sector 3,Sector 3,București,Est,1
Staer 7,Staer 7,Bulevardul Camil Resu,Sector 3,Sector 3,București,Est,1
Staer 7,Staer 7,Bulevardul D 1 Decembrie1918,Sector 3,Sector 3,București,Est,1
Staer 7,Staer 7,Bulevardul I. C. Brătianu,Sector 3,Sector 3,București,Est,1
Staer 7,Staer 7,Bulevardul Mircea Vodă,Sector 3,Sector 3,București,Est,1
Staer 7,Staer 7,Bulevardul Octavian Goga,Sector 3,Sector 3,București,Est,1
Staer 7,Staer 7,Bulevardul Ramnicul Sarat,Sector 3,Sector 3,București,Est,1
Staer 7,Staer 7,Bulevardul Th Pallady,Sector 3,Sector 3,București,Est,1
Staer 7,Staer 7,Bulevardul Ul Theodor Pallady,Sector 3,Sector 3,București,Est,1
Staer 7,Staer 7,Bvd Basarabia,Sector 3,Sector 3,București,Est,1
Staer 7,Staer 7,Bvd Camil Ressu,Sector 3,Sector 3,București,Est,1
Staer 7,Staer 7,Bvd Corneliu Coposu,Sector 3,Sector 3,București,Est,1
Staer 7,Staer 7,Bvd Decebal,Sector 3,Sector 3,București,Est,1
Staer 7,Staer 7,Bvd Mircea Voda,Sector 3,Sector 3,București,Est,1
Staer 7,Staer 7,Bvd Nicolae Grigorescu,Sector 3,Sector 3,București,Est,1
Staer 7,Staer 7,Bvd Octavian Goga,Sector 3,Sector 3,București,Est,1
Staer 7,Staer 7,Bvd Ramnicu Sarat,Sector 3,Sector 3,București,Est,1
Staer 7,Staer 7,Bvd Unirii,Sector 3,Sector 3,București,Est,1
Staer 7,Staer 7,Bvl Corneliu Coposu,Sector 3,Sector 3,București,Est,1
Staer 7,Staer 7,Calea Ea Călărași,Sector 3,Sector 3,București,Est,1
Staer 7,Staer 7,Calea Ea Victoriei,Sector 3,Sector 3,București,Est,1
Staer 7,Staer 7,Cami Resu,Sector 3,Sector 3,București,Est,1
Staer 7,Staer 7,Capt Nicolae Licaret,Sector 3,Sector 3,București,Est,1
Staer 7,Staer 7,Ceairului,Sector 3,Sector 3,București,Est,1
Staer 7,Staer 7,Chiciurei,Sector 3,Sector 3,București,Est,1
Staer 7,Staer 7,Cimpia Libertatii,Sector 3,Sector 3,București,Est,1
Staer 7,Staer 7,Cimpineanca,Sector 3,Sector 3,București,Est,1
Staer 7,Staer 7,Clucerul Udricani,Sector 3,Sector 3,București,Est,1
Staer 7,Staer 7,Codrineamtului,Sector 3,Sector 3,București,Est,1
Staer 7,Staer 7,Cogilnic,Sector 3,Sector 3,București,Est,1
Staer 7,Staer 7,Colonel Iosif Albu,Sector 3,Sector 3,București,Est,1
Staer 7,Staer 7,Cornu Luncii,Sector 3,Sector 3,București,Est,1
Staer 7,Staer 7,Covaci,Sector 3,Sector 3,București,Est,1
Staer 7,Staer 7,Cozla,Sector 3,Sector 3,București,Est,1
Staer 7,Staer 7,Cpt Nicolae Licaret,Sector 3,Sector 3,București,Est,1
Staer 7,Staer 7,Cuibaru Ion,Sector 3,Sector 3,București,Est,1
Staer 7,Staer 7,Danubiu,Sector 3,Sector 3,București,Est,1
Staer 7,Staer 7,Depozitului,Sector 3,Sector 3,București,Est,1
Staer 7,Staer 7,Dr Gura Ariesului,Sector 3,Sector 3,București,Est,1
Staer 7,Staer 7,Dr Gura Calitei,Sector 3,Sector 3,București,Est,1
Staer 7,Staer 7,Dristor,Sector 3,Sector 3,București,Est,1
Staer 7,Staer 7,Drumul Calitei,Sector 3,Sector 3,București,Est,1
Staer 7,Staer 7,Drumul Gura Ariesului,Sector 3,Sector 3,București,Est,1
Staer 7,Staer 7,Drumul Lunca Marcusului,Sector 3,Sector 3,București,Est,1
Staer 7,Staer 7,Drumul Morilor,Sector 3,Sector 3,București,Est,1
Staer 7,Staer 7,Everest,Sector 3,Sector 3,București,Est,1
Staer 7,Staer 7,Fildesului,Sector 3,Sector 3,București,Est,1
Staer 7,Staer 7,Frasinetului,Sector 3,Sector 3,București,Est,1
Staer 7,Staer 7,Gabroveni,Sector 3,Sector 3,București,Est,1
Staer 7,Staer 7,Ghe Dem Teodorescu,Sector 3,Sector 3,București,Est,1
Staer 7,Staer 7,Gheorghe Bogdan Tudor,Sector 3,Sector 3,București,Est,1
Staer 7,Staer 7,Gheorghe Petrascu,Sector 3,Sector 3,București,Est,1
Staer 7,Staer 7,Gradinarilor,Sector 3,Sector 3,București,Est,1
Staer 7,Staer 7,Int. Odobesti,Sector 3,Sector 3,București,Est,1
Staer 7,Staer 7,Intrarea Area Badeni,Sector 3,Sector 3,București,Est,1
Staer 7,Staer 7,Intrarea Area de Constructie,Sector 3,Sector 3,București,Est,1
Staer 7,Staer 7,Intrarea Odobesti,Sector 3,Sector 3,București,Est,1
Staer 7,Staer 7,Intrarea Reconstructiei,Sector 3,Sector 3,București,Est,1
Staer 7,Staer 7,Ion Pillat,Sector 3,Sector 3,București,Est,1
Staer 7,Staer 7,Ion Voinescu,Sector 3,Sector 3,București,Est,1
Staer 7,Staer 7,Jean Steliadi,Sector 3,Sector 3,București,Est,1
Staer 7,Staer 7,Labirint,Sector 3,Sector 3,București,Est,1
Staer 7,Staer 7,Lemnisor,Sector 3,Sector 3,București,Est,1
Staer 7,Staer 7,Levantica,Sector 3,Sector 3,București,Est,1
Staer 7,Staer 7,Liviua Rebreanu,Sector 3,Sector 3,București,Est,1
Staer 7,Staer 7,Locot. Dumitru Papazoglu,Sector 3,Sector 3,București,Est,1
Staer 7,Staer 7,Lt Col Papazoglu Dumitru,Sector 3,Sector 3,București,Est,1
Staer 7,Staer 7,Lt Nicolae Pascu,Sector 3,Sector 3,București,Est,1
Staer 7,Staer 7,Lucieni,Sector 3,Sector 3,București,Est,1
Staer 7,Staer 7,Lucretu,Sector 3,Sector 3,București,Est,1
Staer 7,Staer 7,Lucretu Patrascanu,Sector 3,Sector 3,București,Est,1
Staer 7,Staer 7,Maximilian Popper,Sector 3,Sector 3,București,Est,1
Staer 7,Staer 7,Minis,Sector 3,Sector 3,București,Est,1
Staer 7,Staer 7,Mircea Badescu,Sector 3,Sector 3,București,Est,1
Staer 7,Staer 7,Mugur Mugurel,Sector 3,Sector 3,București,Est,1
Staer 7,Staer 7,Neagu Andrei,Sector 3,Sector 3,București,Est,1
Staer 7,Staer 7,Negoiu,Sector 3,Sector 3,București,Est,1
Staer 7,Staer 7,Nicolae Pascu,Sector 3,Sector 3,București,Est,1
Staer 7,Staer 7,Oian Judetu,Sector 3,Sector 3,București,Est,1
Staer 7,Staer 7,Onisifor,Sector 3,Sector 3,București,Est,1
Staer 7,Staer 7,P-Ta Alba Iulia,Sector 3,Sector 3,București,Est,1
Staer 7,Staer 7,Panait Cerna,Sector 3,Sector 3,București,Est,1
Staer 7,Staer 7,Papazoglu,Sector 3,Sector 3,București,Est,1
Staer 7,Staer 7,Pascal Aristide,Sector 3,Sector 3,București,Est,1
Staer 7,Staer 7,Petrache Florea,Sector 3,Sector 3,București,Est,1
Staer 7,Staer 7,Piata Alba Iulia,Sector 3,Sector 3,București,Est,1
Staer 7,Staer 7,Pl Maj Marin Pazon,Sector 3,Sector 3,București,Est,1
Staer 7,Staer 7,Plt Marin Pazon,Sector 3,Sector 3,București,Est,1
Staer 7,Staer 7,Plt Petre Ionescu,Sector 3,Sector 3,București,Est,1
Staer 7,Staer 7,Poiana cu Aluni,Sector 3,Sector 3,București,Est,1
Staer 7,Staer 7,Prevedeii,Sector 3,Sector 3,București,Est,1
Staer 7,Staer 7,Radu Calonfirescu,Sector 3,Sector 3,București,Est,1
Staer 7,Staer 7,Radu Gheorghe,Sector 3,Sector 3,București,Est,1
Staer 7,Staer 7,Ramnicu Vilcea,Sector 3,Sector 3,București,Est,1
Staer 7,Staer 7,Rusanesti,Sector 3,Sector 3,București,Est,1
Staer 7,Staer 7,Sebeseana,Sector 3,Sector 3,București,Est,1
Staer 7,Staer 7,Serg.petrache Florea,Sector 3,Sector 3,București,Est,1
Staer 7,Staer 7,Sergent Petrache Florea,Sector 3,Sector 3,București,Est,1
Staer 7,Staer 7,Sld.stelian N Mihale,Sector 3,Sector 3,București,Est,1
Staer 7,Staer 7,Sold Petre Tina,Sector 3,Sector 3,București,Est,1
Staer 7,Staer 7,Sold.iosif Ion,Sector 3,Sector 3,București,Est,1
Staer 7,Staer 7,Soldat Ghita Serban,Sector 3,Sector 3,București,Est,1
Staer 7,Staer 7,Soldat Tina Petre,Sector 3,Sector 3,București,Est,1
Staer 7,Staer 7,Spiridon Matei,Sector 3,Sector 3,București,Est,1
Staer 7,Staer 7,Stelian Mihale,Sector 3,Sector 3,București,Est,1
Staer 7,Staer 7,Strada Ada Banul Udrea,Sector 3,Sector 3,București,Est,1
Staer 7,Staer 7,Strada Campia Libertatii,Sector 3,Sector 3,București,Est,1
Staer 7,Staer 7,Strada Complexului,Sector 3,Sector 3,București,Est,1
Staer 7,Staer 7,Strada Emil Gârleanu,Sector 3,Sector 3,București,Est,1
Staer 7,Staer 7,Strada Grota Lacurilor,Sector 3,Sector 3,București,Est,1
Staer 7,Staer 7,Strada Ion Țuculescu,Sector 3,Sector 3,București,Est,1
Staer 7,Staer 7,Strada Mihai Eminescu,Sector 3,Sector 3,București,Est,1
Staer 7,Staer 7,Strada Mircea Vodă,Sector 3,Sector 3,București,Est,1
Staer 7,Staer 7,Strada Peneș Curcanul,Sector 3,Sector 3,București,Est,1
Staer 7,Staer 7,Tarancutei,Sector 3,Sector 3,București,Est,1
Staer 7,Staer 7,Th Sperantei,Sector 3,Sector 3,București,Est,1
Staer 7,Staer 7,Th Sperantia,Sector 3,Sector 3,București,Est,1
Staer 7,Staer 7,Theodor Palady 23,Sector 3,Sector 3,București,Est,1
Staer 7,Staer 7,Tiglina,Sector 3,Sector 3,București,Est,1
Staer 7,Staer 7,Trifoi,Sector 3,Sector 3,București,Est,1
Staer 7,Staer 7,U Gura Ariesului,Sector 3,Sector 3,București,Est,1
Staer 7,Staer 7,U Gura Putnei,Sector 3,Sector 3,București,Est,1
Staer 7,Staer 7,Valsanesti,Sector 3,Sector 3,București,Est,1
Staer 7,Staer 7,Victor Braunar,Sector 3,Sector 3,București,Est,1
Staer 7,Staer 7,Vitioara,Sector 3,Sector 3,București,Est,1
Staer 7,Staer 7,Vulcan Judetul,Sector 3,Sector 3,București,Est,1
Staer 7,Staer 7,Vulturilor,Sector 3,Sector 3,București,Est,1
Staer 7,Staer 7,Zemes,Sector 3,Sector 3,București,Est,1
Staer 7,Staer 7,Zizin,Sector 3,Sector 3,București,Est,1
Staer 7,Staer 7,Aleea Cetatea Veche,Sector 4,Sector 4,București,Sud,1
Staer 7,Staer 7,Aleea Dragos Mladinovici,Sector 4,Sector 4,București,Sud,1
Staer 7,Staer 7,Aleea Ea Ciceu,Sector 4,Sector 4,București,Sud,1
Staer 7,Staer 7,Aleea Ea Secuilor,Sector 4,Sector 4,București,Sud,1
Staer 7,Staer 7,Aleea Ea Uioara,Sector 4,Sector 4,București,Sud,1
Staer 7,Staer 7,Aleea Emil Racovita,Sector 4,Sector 4,București,Sud,1
Staer 7,Staer 7,Aleea Gornesti,Sector 4,Sector 4,București,Sud,1
Staer 7,Staer 7,Aleea Urucu Adrian,Sector 4,Sector 4,București,Sud,1
Staer 7,Staer 7,Arcadiei,Sector 4,Sector 4,București,Sud,1
Staer 7,Staer 7,Aron Pumnul,Sector 4,Sector 4,București,Sud,1
Staer 7,Staer 7,Baltita,Sector 4,Sector 4,București,Sud,1
Staer 7,Staer 7,Bulevardul Brancoveanu,Sector 4,Sector 4,București,Sud,1
Staer 7,Staer 7,Bulevardul Constantin Brâncoveanu,Sector 4,Sector 4,București,Sud,1
Staer 7,Staer 7,Bulevardul Regina Maria,Sector 4,Sector 4,București,Sud,1
Staer 7,Staer 7,Bulevardul Tineretului,Sector 4,Sector 4,București,Sud,1
Staer 7,Staer 7,Bulevardul Xandru Obregea,Sector 4,Sector 4,București,Sud,1
Staer 7,Staer 7,Bvd Brancoveanu,Sector 4,Sector 4,București,Sud,1
Staer 7,Staer 7,Bvd Constantin Brancoveanu,Sector 4,Sector 4,București,Sud,1
Staer 7,Staer 7,C. Stamate,Sector 4,Sector 4,București,Sud,1
Staer 7,Staer 7,Calea Ea Vacaresi,Sector 4,Sector 4,București,Sud,1
Staer 7,Staer 7,Calea Sebastian,Sector 4,Sector 4,București,Sud,1
Staer 7,Staer 7,Caramidari de Jos,Sector 4,Sector 4,București,Sud,1
Staer 7,Staer 7,Cimpoierilor,Sector 4,Sector 4,București,Sud,1
Staer 7,Staer 7,Constatin Brancoveanu,Sector 4,Sector 4,București,Sud,1
Staer 7,Staer 7,Cornelia,Sector 4,Sector 4,București,Sud,1
Staer 7,Staer 7,Dealu Bradului,Sector 4,Sector 4,București,Sud,1
Staer 7,Staer 7,Drumul Crestestilor,Sector 4,Sector 4,București,Sud,1
Staer 7,Staer 7,Drumul Cretestilor,Sector 4,Sector 4,București,Sud,1
Staer 7,Staer 7,Drumul Dealu Alunis,Sector 4,Sector 4,București,Sud,1
Staer 7,Staer 7,Drumul Dealu Babii,Sector 4,Sector 4,București,Sud,1
Staer 7,Staer 7,Drumul Dealu Bradului,Sector 4,Sector 4,București,Sud,1
Staer 7,Staer 7,Drumul Fermei,Sector 4,Sector 4,București,Sud,1
Staer 7,Staer 7,Drumul Jilavei,Sector 4,Sector 4,București,Sud,1
Staer 7,Staer 7,Frunzisului,Sector 4,Sector 4,București,Sud,1
Staer 7,Staer 7,George Cosbuc,Sector 4,Sector 4,București,Sud,1
Staer 7,Staer 7,Gh. Danielopol,Sector 4,Sector 4,București,Sud,1
Staer 7,Staer 7,Ghindei,Sector 4,Sector 4,București,Sud,1
Staer 7,Staer 7,Gradistea,Sector 4,Sector 4,București,Sud,1
Staer 7,Staer 7,Imparatul Traian,Sector 4,Sector 4,București,Sud,1
Staer 7,Staer 7,Int Amara,Sector 4,Sector 4,București,Sud,1
Staer 7,Staer 7,Int Ulmeni,Sector 4,Sector 4,București,Sud,1
Staer 7,Staer 7,Intrarea Area 3 Brazi,Sector 4,Sector 4,București,Sud,1
Staer 7,Staer 7,Lalosu,Sector 4,Sector 4,București,Sud,1
Staer 7,Staer 7,Lt Cimpeanu,Sector 4,Sector 4,București,Sud,1
Staer 7,Staer 7,Marian Tanase,Sector 4,Sector 4,București,Sud,1
Staer 7,Staer 7,Mixandrei,Sector 4,Sector 4,București,Sud,1
Staer 7,Staer 7,Paltinisului,Sector 4,Sector 4,București,Sud,1
Staer 7,Staer 7,Postalionului,Sector 4,Sector 4,București,Sud,1
Staer 7,Staer 7,Pta Natiunile Unite,Sector 4,Sector 4,București,Sud,1
Staer 7,Staer 7,Radu Voda,Sector 4,Sector 4,București,Sud,1
Staer 7,Staer 7,Radului,Sector 4,Sector 4,București,Sud,1
Staer 7,Staer 7,Ramasagului,Sector 4,Sector 4,București,Sud,1
Staer 7,Staer 7,Rezonantei,Sector 4,Sector 4,București,Sud,1
Staer 7,Staer 7,Seaua Berceni,Sector 4,Sector 4,București,Sud,1
Staer 7,Staer 7,Secuilor,Sector 4,Sector 4,București,Sud,1
Staer 7,Staer 7,Simigiului,Sector 4,Sector 4,București,Sud,1
Staer 7,Staer 7,Soldanului,Sector 4,Sector 4,București,Sud,1
Staer 7,Staer 7,Spaiul Unirii,Sector 4,Sector 4,București,Sud,1
Staer 7,Staer 7,Stefan Dumitrescu,Sector 4,Sector 4,București,Sud,1
Staer 7,Staer 7,Strada Aurel Perșu,Sector 4,Sector 4,București,Sud,1
Staer 7,Staer 7,Strada Cuza Voda,Sector 4,Sector 4,București,Sud,1
Staer 7,Staer 7,Strada Democrației,Sector 4,Sector 4,București,Sud,1
Staer 7,Staer 7,Strada Drumul Dealul Bradului,Sector 4,Sector 4,București,Sud,1
Staer 7,Staer 7,Strada Iarba Cimpului,Sector 4,Sector 4,București,Sud,1
Staer 7,Staer 7,Strada Nitu Vasile,Sector 4,Sector 4,București,Sud,1
Staer 7,Staer 7,Strada Odei,Sector 4,Sector 4,București,Sud,1
Staer 7,Staer 7,Strada Panselelor,Sector 4,Sector 4,București,Sud,1
Staer 7,Staer 7,Strada Sergent Tache Gheorghe,Sector 4,Sector 4,București,Sud,1
Staer 7,Staer 7,Strada Stoian Militaru,Sector 4,Sector 4,București,Sud,1
Staer 7,Staer 7,Strada Uioara,Sector 4,Sector 4,București,Sud,1
Staer 7,Staer 7,Titu Maiorescu,Sector 4,Sector 4,București,Sud,1
Staer 7,Staer 7,Trestiana,Sector 4,Sector 4,București,Sud,1
Staer 7,Staer 7,U Dealu Bradului,Sector 4,Sector 4,București,Sud,1
Staer 7,Staer 7,Urziceni,Sector 4,Sector 4,București,Sud,1
Staer 7,Staer 7,Vatra Dornei,Sector 4,Sector 4,București,Sud,1
Staer 7,Staer 7,Verzisori,Sector 4,Sector 4,București,Sud,1
Staer 7,Staer 7,Vitejescu,Sector 4,Sector 4,București,Sud,1
Staer 7,Staer 7,Aleea Dumbrava Noua,Sector 5,Sector 5,București,Sud-Vest,1
Staer 7,Staer 7,Aleea Ea Giurgiului,Sector 5,Sector 5,București,Sud-Vest,1
Staer 7,Staer 7,Aleea Erou George Cristian Stanciu,Sector 5,Sector 5,București,Sud-Vest,1
Staer 7,Staer 7,Baltagului,Sector 5,Sector 5,București,Sud-Vest,1
Staer 7,Staer 7,Birca,Sector 5,Sector 5,București,Sud-Vest,1
Staer 7,Staer 7,Bulevardul Mihail Kogălniceanu,Sector 5,Sector 5,București,Sud-Vest,1
Staer 7,Staer 7,Calea Ea Plevnei,Sector 5,Sector 5,București,Sud-Vest,1
Staer 7,Staer 7,Calea Sebastian,Sector 5,Sector 5,București,Sud-Vest,1
Staer 7,Staer 7,Carol Davila,Sector 5,Sector 5,București,Sud-Vest,1
Staer 7,Staer 7,Cristian George Stanciu,Sector 5,Sector 5,București,Sud-Vest,1
Staer 7,Staer 7,Crizantemelor,Sector 5,Sector 5,București,Sud-Vest,1
Staer 7,Staer 7,Dorneasca,Sector 5,Sector 5,București,Sud-Vest,1
Staer 7,Staer 7,Dr Lister,Sector 5,Sector 5,București,Sud-Vest,1
Staer 7,Staer 7,Dr Mihail Galati Petrini,Sector 5,Sector 5,București,Sud-Vest,1
Staer 7,Staer 7,Drumul Ghindari,Sector 5,Sector 5,București,Sud-Vest,1
Staer 7,Staer 7,Fat Frumos,Sector 5,Sector 5,București,Sud-Vest,1
Staer 7,Staer 7,Florarilor,Sector 5,Sector 5,București,Sud-Vest,1
Staer 7,Staer 7,Focsani,Sector 5,Sector 5,București,Sud-Vest,1
Staer 7,Staer 7,Ghe. Iorga,Sector 5,Sector 5,București,Sud-Vest,1
Staer 7,Staer 7,Gradina cu Cai,Sector 5,Sector 5,București,Sud-Vest,1
Staer 7,Staer 7,Ileana Cozanzeana,Sector 5,Sector 5,București,Sud-Vest,1
Staer 7,Staer 7,Inginerilor,Sector 5,Sector 5,București,Sud-Vest,1
Staer 7,Staer 7,Intrarea Area Daliilor,Sector 5,Sector 5,București,Sud-Vest,1
Staer 7,Staer 7,Intrarea Turceni,Sector 5,Sector 5,București,Sud-Vest,1
Staer 7,Staer 7,Ivan Anghelache,Sector 5,Sector 5,București,Sud-Vest,1
Staer 7,Staer 7,Lot Ion Campianu,Sector 5,Sector 5,București,Sud-Vest,1
Staer 7,Staer 7,M.sebastian,Sector 5,Sector 5,București,Sud-Vest,1
Staer 7,Staer 7,Magurei,Sector 5,Sector 5,București,Sud-Vest,1
Staer 7,Staer 7,Malcoci,Sector 5,Sector 5,București,Sud-Vest,1
Staer 7,Staer 7,Mandresti,Sector 5,Sector 5,București,Sud-Vest,1
Staer 7,Staer 7,Musat Radulescu,Sector 5,Sector 5,București,Sud-Vest,1
Staer 7,Staer 7,Nehoiasi,Sector 5,Sector 5,București,Sud-Vest,1
Staer 7,Staer 7,Novaci,Sector 5,Sector 5,București,Sud-Vest,1
Staer 7,Staer 7,Oltului,Sector 5,Sector 5,București,Sud-Vest,1
Staer 7,Staer 7,Pecineaga,Sector 5,Sector 5,București,Sud-Vest,1
Staer 7,Staer 7,Pricopan,Sector 5,Sector 5,București,Sud-Vest,1
Staer 7,Staer 7,Prl Ferentari,Sector 5,Sector 5,București,Sud-Vest,1
Staer 7,Staer 7,Semanatorului,Sector 5,Sector 5,București,Sud-Vest,1
Staer 7,Staer 7,Sergent Nutu Ioan,Sector 5,Sector 5,București,Sud-Vest,1
Staer 7,Staer 7,Sg Gheorghe Donici,Sector 5,Sector 5,București,Sud-Vest,1
Staer 7,Staer 7,Sld. Ctin Istrati,Sector 5,Sector 5,București,Sud-Vest,1
Staer 7,Staer 7,Sold Croitoru Vasile,Sector 5,Sector 5,București,Sud-Vest,1
Staer 7,Staer 7,Spatiului,Sector 5,Sector 5,București,Sud-Vest,1
Staer 7,Staer 7,Splaiul Independenței,Sector 5,Sector 5,București,Sud-Vest,1
Staer 7,Staer 7,Strada Amurgului,Sector 5,Sector 5,București,Sud-Vest,1
Staer 7,Staer 7,Strada Ileana Cosânzeana,Sector 5,Sector 5,București,Sud-Vest,1
Staer 7,Staer 7,Strada Nasaud,Sector 5,Sector 5,București,Sud-Vest,1
Staer 7,Staer 7,Strada Petre Ispirescu,Sector 5,Sector 5,București,Sud-Vest,1
Staer 7,Staer 7,Strada Samuil Vulcan,Sector 5,Sector 5,București,Sud-Vest,1
Staer 7,Staer 7,Strada Sold. Samoilă Risipitu,Sector 5,Sector 5,București,Sud-Vest,1
Staer 7,Staer 7,Strada Vedea,Sector 5,Sector 5,București,Sud-Vest,1
Staer 7,Staer 7,Subl Popa,Sector 5,Sector 5,București,Sud-Vest,1
Staer 7,Staer 7,Șoseaua Alexandriei,Sector 5,Sector 5,București,Sud-Vest,1
Staer 7,Staer 7,Zabrautului,Sector 5,Sector 5,București,Sud-Vest,1
Staer 7,Staer 7,A;e. Topoloveni,Sector 6,Sector 6,București,Vest,1
Staer 7,Staer 7,Al Compozitorilor,Sector 6,Sector 6,București,Vest,1
Staer 7,Staer 7,Aleea Baia de Aries,Sector 6,Sector 6,București,Vest,1
Staer 7,Staer 7,Aleea Dealul Macinului,Sector 6,Sector 6,București,Vest,1
Staer 7,Staer 7,Aleea Ea Agigea,Sector 6,Sector 6,București,Vest,1
Staer 7,Staer 7,Aleea Ea Calatis,Sector 6,Sector 6,București,Vest,1
Staer 7,Staer 7,Aleea Ea Centurii,Sector 6,Sector 6,București,Vest,1
Staer 7,Staer 7,Aleea Florilor,Sector 6,Sector 6,București,Vest,1
Staer 7,Staer 7,Aleea Pascani,Sector 6,Sector 6,București,Vest,1
Staer 7,Staer 7,Aleea Podul Giurgiului,Sector 6,Sector 6,București,Vest,1
Staer 7,Staer 7,Aleea Politehnicii,Sector 6,Sector 6,București,Vest,1
Staer 7,Staer 7,Aleea Rezervelor,Sector 6,Sector 6,București,Vest,1
Staer 7,Staer 7,Aleea Sandulesti,Sector 6,Sector 6,București,Vest,1
Staer 7,Staer 7,Amilcar C Sandulescu,Sector 6,Sector 6,București,Vest,1
Staer 7,Staer 7,B-Ul Timisoara,Sector 6,Sector 6,București,Vest,1
Staer 7,Staer 7,Boarov,Sector 6,Sector 6,București,Vest,1
Staer 7,Staer 7,Bulevardul 1 Mai,Sector 6,Sector 6,București,Vest,1
Staer 7,Staer 7,Bulevardul Constructorilor,Sector 6,Sector 6,București,Vest,1
Staer 7,Staer 7,Bulevardul Drumul Taberei,Sector 6,Sector 6,București,Vest,1
Staer 7,Staer 7,Bulevardul General Vasile Milea,Sector 6,Sector 6,București,Vest,1
Staer 7,Staer 7,Bulevardul Ghencea,Sector 6,Sector 6,București,Vest,1
Staer 7,Staer 7,Bulevardul Ul Anul 1864,Sector 6,Sector 6,București,Vest,1
Staer 7,Staer 7,Bvd Ceahlaul,Sector 6,Sector 6,București,Vest,1
Staer 7,Staer 7,Bvd Ghencea,Sector 6,Sector 6,București,Vest,1
Staer 7,Staer 7,Bvd Iuliu Maniu,Sector 6,Sector 6,București,Vest,1
Staer 7,Staer 7,Bvd Preciziei,Sector 6,Sector 6,București,Vest,1
Staer 7,Staer 7,Bvd Timisoara-Anl Brancusi,Sector 6,Sector 6,București,Vest,1
Staer 7,Staer 7,Bvd Uverturii,Sector 6,Sector 6,București,Vest,1
Staer 7,Staer 7,C-Ntin Titel Petrescu,Sector 6,Sector 6,București,Vest,1
Staer 7,Staer 7,Catinei,Sector 6,Sector 6,București,Vest,1
Staer 7,Staer 7,Ceahlau,Sector 6,Sector 6,București,Vest,1
Staer 7,Staer 7,Corvinilor,Sector 6,Sector 6,București,Vest,1
Staer 7,Staer 7,Dambovita,Sector 6,Sector 6,București,Vest,1
Staer 7,Staer 7,Dezrobirii,Sector 6,Sector 6,București,Vest,1
Staer 7,Staer 7,Drul Taberei,Sector 6,Sector 6,București,Vest,1
Staer 7,Staer 7,Drumul Sabareni,Sector 6,Sector 6,București,Vest,1
Staer 7,Staer 7,Economu Cezarescu,Sector 6,Sector 6,București,Vest,1
Staer 7,Staer 7,Fabricii,Sector 6,Sector 6,București,Vest,1
Staer 7,Staer 7,Finta,Sector 6,Sector 6,București,Vest,1
Staer 7,Staer 7,Ghencea,Sector 6,Sector 6,București,Vest,1
Staer 7,Staer 7,Gheorghe Saidac,Sector 6,Sector 6,București,Vest,1
Staer 7,Staer 7,Ierbei,Sector 6,Sector 6,București,Vest,1
Staer 7,Staer 7,Intrarea Godeni,Sector 6,Sector 6,București,Vest,1
Staer 7,Staer 7,Ion Manolescu,Sector 6,Sector 6,București,Vest,1
Staer 7,Staer 7,Lavandei,Sector 6,Sector 6,București,Vest,1
Staer 7,Staer 7,Lt. Gheorghe Saidac,Sector 6,Sector 6,București,Vest,1
Staer 7,Staer 7,Malinului,Sector 6,Sector 6,București,Vest,1
Staer 7,Staer 7,Margelelor,Sector 6,Sector 6,București,Vest,1
Staer 7,Staer 7,Mihaela Ruxandra,Sector 6,Sector 6,București,Vest,1
Staer 7,Staer 7,Moinesti,Sector 6,Sector 6,București,Vest,1
Staer 7,Staer 7,Muntii Gurghiului,Sector 6,Sector 6,București,Vest,1
Staer 7,Staer 7,Nera,Sector 6,Sector 6,București,Vest,1
Staer 7,Staer 7,Nicolae Oncescu,Sector 6,Sector 6,București,Vest,1
Staer 7,Staer 7,Nucsoara,Sector 6,Sector 6,București,Vest,1
Staer 7,Staer 7,Obcina Mare,Sector 6,Sector 6,București,Vest,1
Staer 7,Staer 7,Obciuna Mare,Sector 6,Sector 6,București,Vest,1
Staer 7,Staer 7,Oboga,Sector 6,Sector 6,București,Vest,1
Staer 7,Staer 7,Orsova,Sector 6,Sector 6,București,Vest,1
Staer 7,Staer 7,Padureni,Sector 6,Sector 6,București,Vest,1
Staer 7,Staer 7,Partizanilor,Sector 6,Sector 6,București,Vest,1
Staer 7,Staer 7,Planetei,Sector 6,Sector 6,București,Vest,1
Staer 7,Staer 7,Plevnei,Sector 6,Sector 6,București,Vest,1
Staer 7,Staer 7,Poiana cu Aluni,Sector 6,Sector 6,București,Vest,1
Staer 7,Staer 7,Pravat,Sector 6,Sector 6,București,Vest,1
Staer 7,Staer 7,Prelungirea Ungirea Ghencea-Cartierul Latin,Sector 6,Sector 6,București,Vest,1
Staer 7,Staer 7,Rezervelor,Sector 6,Sector 6,București,Vest,1
Staer 7,Staer 7,Serg Cutieru Alexandru,Sector 6,Sector 6,București,Vest,1
Staer 7,Staer 7,Spaiul Unirii,Sector 6,Sector 6,București,Vest,1
Staer 7,Staer 7,Splaiul Aiul Unirii,Sector 6,Sector 6,București,Vest,1
Staer 7,Staer 7,Strada Brasov,Sector 6,Sector 6,București,Vest,1
Staer 7,Staer 7,Strada Delinesti,Sector 6,Sector 6,București,Vest,1
Staer 7,Staer 7,Strada Gârleni,Sector 6,Sector 6,București,Vest,1
Staer 7,Staer 7,Strada Odei,Sector 6,Sector 6,București,Vest,1
Staer 7,Staer 7,Strada Porumbacu,Sector 6,Sector 6,București,Vest,1
Staer 7,Staer 7,Strada Sibiu,Sector 6,Sector 6,București,Vest,1
Staer 7,Staer 7,Strada Zboina Neagră,Sector 6,Sector 6,București,Vest,1
Staer 7,Staer 7,Stufului,Sector 6,Sector 6,București,Vest,1
Staer 7,Staer 7,Targu Neamt,Sector 6,Sector 6,București,Vest,1
Staer 7,Staer 7,Tirgu Neamt,Sector 6,Sector 6,București,Vest,1
Staer 7,Staer 7,Valea Oltului,Sector 6,Sector 6,București,Vest,1
Staer 7,Staer 7,Vladeasa,Sector 6,Sector 6,București,Vest,1
Staer 7,Staer 7,Veronica Micle,Sector 1,Sector 1,București,Nord,1
Staer 7,Staer 7,Strada Olănești,Sector 6,Sector 6,București,Vest,1
Staer 7,Staer 7,Varful Cudon,București neatribuit,București neatribuit,București,București neatribuit,1
Staer 7,Staer 7,Petre Istrate,București neatribuit,București neatribuit,București,București neatribuit,1
Staer 7,Staer 7,Pescarusului,București neatribuit,București neatribuit,București,București neatribuit,1
Staer 7,Staer 7,Herta,Sector 2,Sector 2,București,Nord-Est,1
Staer 7,Staer 7,Herta,Sector 2,Sector 2,București,Nord-Est,1
Staer 7,Staer 7,Smaraldului,București neatribuit,București neatribuit,București,București neatribuit,1
Staer 7,Staer 7,Atletilor,Sector 2,Sector 2,București,Nord-Est,1
Staer 7,Staer 7,Șoseaua Giurgiului,București neatribuit,București neatribuit,București,București neatribuit,1
Staer 7,Staer 7,Șoseaua Olteniței,Sector 4,Sector 4,București,Sud,1
Staer 7,Staer 7,19,București neatribuit,București neatribuit,București,București neatribuit,1
Staer 7,Staer 7,Șoseaua Pantelimon,Sector 2,Sector 2,București,Nord-Est,1
Staer 7,Staer 7,Strada Zagazului,Sector 1,Sector 1,București,Nord,1
Staer 7,Staer 7,Gen Ion Florescu,București neatribuit,București neatribuit,București,București neatribuit,1
Staer 7,Staer 7,Șoseaua Pantelimon,Sector 2,Sector 2,București,Nord-Est,1
Staer 7,Staer 7,Splaiul Independenței,București neatribuit,București neatribuit,București,București neatribuit,1
Staer 7,Staer 7,Strada Copaceni,Sector 3,Sector 3,București,Est,1
Staer 7,Staer 7,Aleea Mozaicului,București neatribuit,București neatribuit,București,București neatribuit,1
Staer 7,Staer 7,Bulevardul Stefan cel Mare,București neatribuit,București neatribuit,București,București neatribuit,1
Staer 7,Staer 7,Alunulu1,București neatribuit,București neatribuit,București,București neatribuit,1
Staer 7,Staer 7,Bulevardul Timișoara,Sector 6,Sector 6,București,Vest,1
Staer 7,Staer 7,Rozelor,București neatribuit,București neatribuit,București,București neatribuit,1
Staer 7,Staer 7,Fagaras,București neatribuit,București neatribuit,București,București neatribuit,1
Staer 7,Staer 7,Splaiul Independenței,Sector 3,Sector 3,București,Est,1
Staer 7,Staer 7,Aleea Arh. Petre Antonescu,Sector 2,Sector 2,București,Nord-Est,1
Staer 7,Staer 7,Aleea Petre Antonescu,Sector 2,Sector 2,București,Nord-Est,1
Staer 7,Staer 7,Arhitect Petre Antonescu,Sector 2,Sector 2,București,Nord-Est,1
Staer 7,Staer 7,Strada Grigore Ionescu,Sector 2,Sector 2,București,Nord-Est,1
Staer 7,Staer 7,Teiul Doamnei,Sector 2,Sector 2,București,Nord-Est,1
Staer 7,Staer 7,Teiul Doamnei,Sector 2,Sector 2,București,Nord-Est,1
Staer 7,Staer 7,Pictor Barbu Iscovescu,București neatribuit,București neatribuit,București,București neatribuit,1
Staer 7,Staer 7,Albinelor,Sector 4,Sector 4,București,Sud,1
Staer 7,Staer 7,Calea Văcărești,București neatribuit,București neatribuit,București,București neatribuit,1
Staer 7,Staer 7,Splaiul Aiul Unirii,București neatribuit,București neatribuit,București,București neatribuit,1
Staer 7,Staer 7,Aleea Ea Trestiana,Sector 4,Sector 4,București,Sud,1
Staer 7,Staer 7,Bulevardul Dimitrie Cantemir,Sector 4,Sector 4,București,Sud,1
Staer 7,Staer 7,Bulevardul Tneretului,Sector 4,Sector 4,București,Sud,1
Staer 7,Staer 7,Constantin Radulescu Motru,Sector 4,Sector 4,București,Sud,1
Staer 7,Staer 7,Piscului,Sector 4,Sector 4,București,Sud,1
Staer 7,Staer 7,Calea Ea Vacareti,Sector 4,Sector 4,București,Sud,1
Staer 7,Staer 7,1 Decembie 1918,Sector 3,Sector 3,București,Est,1
Staer 7,Staer 7,Aleea Barajul Bistrita,Sector 3,Sector 3,București,Est,1
Staer 7,Staer 7,Aleea Ciucea,Sector 3,Sector 3,București,Est,1
Staer 7,Staer 7,Aleea Codrii Neamtului,Sector 3,Sector 3,București,Est,1
Staer 7,Staer 7,Aleea Ea Giurgeni,Sector 3,Sector 3,București,Est,1
Staer 7,Staer 7,Aleea Ea Mizil,Sector 3,Sector 3,București,Est,1
Staer 7,Staer 7,Aleea Ea Postavarului,Sector 3,Sector 3,București,Est,1
Staer 7,Staer 7,Aleea Ea Stanila,Sector 3,Sector 3,București,Est,1
Staer 7,Staer 7,Aleea Fizicienilor,Sector 3,Sector 3,București,Est,1
Staer 7,Staer 7,Aleea Leorda,Sector 3,Sector 3,București,Est,1
Staer 7,Staer 7,Aleea Vasile Goldis,Sector 3,Sector 3,București,Est,1
Staer 7,Staer 7,Bulevardul 1 Decembrie,Sector 3,Sector 3,București,Est,1
Staer 7,Staer 7,Bulevardul Pictor Nicolae Grigorescu,Sector 3,Sector 3,București,Est,1
Staer 7,Staer 7,Bulevardul Theodor Palady,Sector 3,Sector 3,București,Est,1
Staer 7,Staer 7,Codriii Neamtului,Sector 3,Sector 3,București,Est,1
Staer 7,Staer 7,Fetesti,Sector 3,Sector 3,București,Est,1
Staer 7,Staer 7,Gruiul Argesului,Sector 3,Sector 3,București,Est,1
Staer 7,Staer 7,Liviu Rebrenu,Sector 3,Sector 3,București,Est,1
Staer 7,Staer 7,NECUNOSCUTĂ,Sector 3,Sector 3,București,Est,1
Staer 7,Staer 7,Prisaca Doamnei,Sector 3,Sector 3,București,Est,1
Staer 7,Staer 7,Strada Campia Libertatii,Sector 3,Sector 3,București,Est,1
Staer 7,Staer 7,Strada Sold Ene Modoran,Sector 3,Sector 3,București,Est,1
Staer 7,Staer 7,Aleea Ea Barajul Dunarii,Sector 3,Sector 3,București,Est,1
Staer 7,Staer 7,Jan Steriade,Sector 3,Sector 3,București,Est,1
Staer 7,Staer 7,Aleea Codrii Neamtului,Sector 3,Sector 3,București,Est,1
Staer 7,Staer 7,Bulevardul Theodor Pallady,Sector 3,Sector 3,București,Est,1
Staer 7,Staer 7,I L Caragiale,București neatribuit,București neatribuit,București,București neatribuit,1
Staer 7,Staer 7,Strada Matei Basarab,Sector 3,Sector 3,București,Est,1
Staer 7,Staer 7,Bulevardul Dimitrie Cantemir,București neatribuit,București neatribuit,București,București neatribuit,1
Staer 7,Staer 7,Piata Natiunile Unite,București neatribuit,București neatribuit,București,București neatribuit,1
Staer 7,Staer 7,Bvd Unirii,București neatribuit,București neatribuit,București,București neatribuit,1
Staer 7,Staer 7,Bulevardul Republicii,București neatribuit,București neatribuit,București,București neatribuit,1
Staer 7,Staer 7,Calea Bucuresti,București neatribuit,București neatribuit,București,București neatribuit,1
Staer 7,Staer 7,Viilor,București neatribuit,București neatribuit,București,București neatribuit,1
Staer 7,Staer 7,Bulevardul Uverturii,Sector 6,Sector 6,București,Vest,1
Staer 7,Staer 7,Ciurea,București neatribuit,București neatribuit,București,București neatribuit,1
Staer 7,Staer 7,Victor Manu,București neatribuit,București neatribuit,București,București neatribuit,1
Staer 7,Staer 7,Vitejiei,Sector 2,Sector 2,București,Nord-Est,1
Staer 7,Staer 7,NECUNOSCUTĂ,București neatribuit,București neatribuit,București,București neatribuit,1
Staer 7,Staer 7,Nicolae Galea,București neatribuit,București neatribuit,București,București neatribuit,1
Staer 7,Staer 7,Despot Voda,Sector 2,Sector 2,București,Nord-Est,1
Staer 7,Staer 7,Aleea Ea Tandarei,Sector 3,Sector 3,București,Est,1
Staer 7,Staer 7,Anastasie Panu,Sector 3,Sector 3,București,Est,1
Staer 7,Staer 7,Gradinarilor,Sector 3,Sector 3,București,Est,1
Staer 7,Staer 7,Motilor,Sector 3,Sector 3,București,Est,1
Staer 7,Staer 7,NECUNOSCUTĂ,Sector 3,Sector 3,București,Est,1
Staer 7,Staer 7,Nicolae Pascu,Sector 3,Sector 3,București,Est,1
Staer 7,Staer 7,Sg Maj Marin Bonea,Sector 3,Sector 3,București,Est,1
Staer 7,Staer 7,Splaiul Aiul Unirii,Sector 3,Sector 3,București,Est,1
Staer 7,Staer 7,Șoseaua Vitan Barzesti,Sector 3,Sector 3,București,Est,1
Staer 7,Staer 7,Slaiul Unirii,Sector 3,Sector 3,București,Est,1
Staer 7,Staer 7,Strada Odei,Sector 3,Sector 3,București,Est,1
Staer 7,Staer 7,Pascu Nicolae,Sector 3,Sector 3,București,Est,1
Staer 7,Staer 7,Costache Aristia,București neatribuit,București neatribuit,București,București neatribuit,1
Staer 7,Staer 7,Anton Pan,București neatribuit,București neatribuit,București,București neatribuit,1
Staer 7,Staer 7,Aries,București neatribuit,București neatribuit,București,București neatribuit,1
Staer 7,Staer 7,Ariesi,București neatribuit,București neatribuit,București,București neatribuit,1
Staer 7,Staer 7,Bulevardul Constitutiei,București neatribuit,București neatribuit,București,București neatribuit,1
Staer 7,Staer 7,Bulevardul Eroilor(fost Stefanesti),București neatribuit,București neatribuit,București,București neatribuit,1
Staer 7,Staer 7,Bulevardul Gloriei,Sector 1,Sector 1,București,Nord,1
Staer 7,Staer 7,Bulevardul Tudor Vladimirescu,București neatribuit,București neatribuit,București,București neatribuit,1
Staer 7,Staer 7,Ciresului,Sector 2,Sector 2,București,Nord-Est,1
Staer 7,Staer 7,Cugetarii,București neatribuit,București neatribuit,București,București neatribuit,1
Staer 7,Staer 7,David Constantin,București neatribuit,București neatribuit,București,București neatribuit,1
Staer 7,Staer 7,Drumul Bisericii,București neatribuit,București neatribuit,București,București neatribuit,1
Staer 7,Staer 7,Erou Mircea Marinescu,București neatribuit,București neatribuit,București,București neatribuit,1
Staer 7,Staer 7,Galata V,București neatribuit,București neatribuit,București,București neatribuit,1
Staer 7,Staer 7,George Bacovia,București neatribuit,București neatribuit,București,București neatribuit,1
Staer 7,Staer 7,Gheorghe Doja 58b,București neatribuit,București neatribuit,București,București neatribuit,1
Staer 7,Staer 7,Hotarelor,București neatribuit,București neatribuit,București,București neatribuit,1
Staer 7,Staer 7,Iancu Brazeanu,București neatribuit,București neatribuit,București,București neatribuit,1
Staer 7,Staer 7,Ion Fonaghi,București neatribuit,București neatribuit,București,București neatribuit,1
Staer 7,Staer 7,Magnoliei,București neatribuit,București neatribuit,București,București neatribuit,1
Staer 7,Staer 7,Matei Milo,București neatribuit,București neatribuit,București,București neatribuit,1
Staer 7,Staer 7,Maxim Gorki,București neatribuit,București neatribuit,București,București neatribuit,1
Staer 7,Staer 7,Mures,București neatribuit,București neatribuit,București,București neatribuit,1
Staer 7,Staer 7,Papusa,București neatribuit,București neatribuit,București,București neatribuit,1
Staer 7,Staer 7,Poet Andrei-Muresan,București neatribuit,București neatribuit,București,București neatribuit,1
Staer 7,Staer 7,Popa Sapca,București neatribuit,București neatribuit,București,București neatribuit,1
Staer 7,Staer 7,Sergent Ghe Dinca,București neatribuit,București neatribuit,București,București neatribuit,1
Staer 7,Staer 7,Splaiul Independenței,București neatribuit,București neatribuit,București,București neatribuit,1
Staer 7,Staer 7,Stejarului,București neatribuit,București neatribuit,București,București neatribuit,1
Staer 7,Staer 7,Strada Predeal,București neatribuit,București neatribuit,București,București neatribuit,1
Staer 7,Staer 7,Șoseaua Afumati,București neatribuit,București neatribuit,București,București neatribuit,1
Staer 7,Staer 7,Șoseaua Pipera Tunari,București neatribuit,București neatribuit,București,București neatribuit,1
Staer 7,Staer 7,Tarcau,București neatribuit,București neatribuit,București,București neatribuit,1
Staer 7,Staer 7,Tibucani,București neatribuit,București neatribuit,București,București neatribuit,1
Staer 7,Staer 7,V Dunarii,București neatribuit,București neatribuit,București,București neatribuit,1
Staer 7,Staer 7,Xandru Vlahuta,Sector 3,Sector 3,București,Est,1
Staer 7,Staer 7,Zorele,București neatribuit,București neatribuit,București,București neatribuit,1
Staer 7,Staer 7,Aleea Emil Racovita,Sector 4,Sector 4,București,Sud,1
Staer 7,Staer 7,Strada Jean Steriadi,Sector 3,Sector 3,București,Est,1
Staer 7,Staer 7,Barbu Delavrancea,București neatribuit,București neatribuit,București,București neatribuit,1
Staer 7,Staer 7,Aleea Cetatea Veche,Sector 4,Sector 4,București,Sud,1
Staer 7,Staer 7,Aleea Ea Moldovita,Sector 4,Sector 4,București,Sud,1
Staer 7,Staer 7,Aleea Ea Reșița a,Sector 4,Sector 4,București,Sud,1
Staer 7,Staer 7,Aleea Terasei,Sector 4,Sector 4,București,Sud,1
Staer 7,Staer 7,Bacalbasa,Sector 4,Sector 4,București,Sud,1
Staer 7,Staer 7,Caporal Gheorghe Ion,Sector 4,Sector 4,București,Sud,1
Staer 7,Staer 7,Imparatul Traian,Sector 4,Sector 4,București,Sud,1
Staer 7,Staer 7,Ion Voda Viteazul,Sector 4,Sector 4,București,Sud,1
Staer 7,Staer 7,Moldovita,Sector 4,Sector 4,București,Sud,1
Staer 7,Staer 7,Petrolului,Sector 4,Sector 4,București,Sud,1
Staer 7,Staer 7,Samoila Dumitru,Sector 4,Sector 4,București,Sud,1
Staer 7,Staer 7,Strada Amurgului,Sector 4,Sector 4,București,Sud,1
Staer 7,Staer 7,Strada Frumusani,Sector 4,Sector 4,București,Sud,1
Staer 7,Staer 7,Strada Nitu Vasile,Sector 4,Sector 4,București,Sud,1
Staer 7,Staer 7,Popa Rusu,București neatribuit,București neatribuit,București,București neatribuit,1
Staer 7,Staer 7,Smaraldului,București neatribuit,București neatribuit,București,București neatribuit,1
Staer 7,Staer 7,Aleea Cimpul Mosilor,Sector 2,Sector 2,București,Nord-Est,1
Staer 7,Staer 7,Fainari,Sector 2,Sector 2,București,Nord-Est,1
Staer 7,Staer 7,Viilor,București neatribuit,București neatribuit,București,București neatribuit,1
Staer 7,Staer 7,Prigoriilor,București neatribuit,București neatribuit,București,București neatribuit,1
Staer 7,Staer 7,Ferastrau,Sector 2,Sector 2,București,Nord-Est,1
Staer 7,Staer 7,NECUNOSCUTĂ,Sector 2,Sector 2,București,Nord-Est,1
Staer 7,Staer 7,Renului,Sector 2,Sector 2,București,Nord-Est,1
Staer 7,Staer 7,Hatmanul Arbore,Sector 1,Sector 1,București,Nord,1
Staer 7,Staer 7,Bozieni,Sector 6,Sector 6,București,Vest,1
Staer 7,Staer 7,Calea Serban Voda,Sector 4,Sector 4,București,Sud,1
Staer 7,Staer 7,Intrarea Area Dusului,Sector 6,Sector 6,București,Vest,1
Staer 7,Staer 7,Intrarea Pinului,Sector 6,Sector 6,București,Vest,1
Staer 7,Staer 7,Aleea Ea Lunguletu,Sector 2,Sector 2,București,Nord-Est,1
Staer 7,Staer 7,Aleea Magura Vulturului,Sector 2,Sector 2,București,Nord-Est,1
Staer 7,Staer 7,Lirei,Sector 2,Sector 2,București,Nord-Est,1
Staer 7,Staer 7,Șoseaua Mihai Bravu,Sector 2,Sector 2,București,Nord-Est,1
Staer 7,Staer 7,Aleea Brasoveni,Sector 2,Sector 2,București,Nord-Est,1
Staer 7,Staer 7,Bulevardul Lacul Tei,Sector 2,Sector 2,București,Nord-Est,1
Staer 7,Staer 7,Cristea Mateescu,Sector 2,Sector 2,București,Nord-Est,1
Staer 7,Staer 7,Liviu Rebreanu,București neatribuit,București neatribuit,București,București neatribuit,1
Staer 7,Staer 7,Maior Bacila,Sector 2,Sector 2,București,Nord-Est,1
Staer 7,Staer 7,Foisorului,Sector 3,Sector 3,București,Est,1
Staer 7,Staer 7,Mihai Bravu,București neatribuit,București neatribuit,București,București neatribuit,1
Staer 7,Staer 7,Ajustorului,Sector 6,Sector 6,București,Vest,1
Staer 7,Staer 7,Bulevardul Uverturii,Sector 6,Sector 6,București,Vest,1
Staer 7,Staer 7,Desrobirii,Sector 6,Sector 6,București,Vest,1
Staer 7,Staer 7,Rezervelor,Sector 6,Sector 6,București,Vest,1
Staer 7,Staer 7,Șoseaua Virtuții,Sector 6,Sector 6,București,Vest,1
Staer 7,Staer 7,Bulevardul Basarabiei,Sector 2,Sector 2,București,Nord-Est,1
Staer 7,Staer 7,Aleea Fizicienilor,Sector 3,Sector 3,București,Est,1
Staer 7,Staer 7,Drumul Gura Siriului,Sector 3,Sector 3,București,Est,1
Staer 7,Staer 7,Valea Buzaului,Sector 3,Sector 3,București,Est,1
Staer 7,Staer 7,Int. Odobesti,București neatribuit,București neatribuit,București,București neatribuit,1
Staer 7,Staer 7,Bulevardul Octavian Goga,Sector 3,Sector 3,București,Est,1
Staer 7,Staer 7,Vlad Voda,Sector 4,Sector 4,București,Sud,1
Staer 7,Staer 7,Aleea Sold. Nicolae Barbu,București neatribuit,București neatribuit,București,București neatribuit,1
Staer 7,Staer 7,Șoseaua Nicolae Titulescu,Sector 1,Sector 1,București,Nord,1
Staer 7,Staer 7,Prahova,București neatribuit,București neatribuit,București,București neatribuit,1
Staer 7,Staer 7,Apusului,Sector 6,Sector 6,București,Vest,1
Staer 7,Staer 7,Splaiul Aiul Unirii,București neatribuit,București neatribuit,București,București neatribuit,1
Staer 7,Staer 7,Erou Toma C-Tin,Sector 5,Sector 5,București,Sud-Vest,1
Staer 7,Staer 7,Aleea Dumbrava Noua,Sector 5,Sector 5,București,Sud-Vest,1
Staer 7,Staer 7,Ghrerghitei,Sector 5,Sector 5,București,Sud-Vest,1
Staer 7,Staer 7,Strada Buzoieni,Sector 5,Sector 5,București,Sud-Vest,1
Staer 7,Staer 7,Strada Oltina,Sector 5,Sector 5,București,Sud-Vest,1
Staer 7,Staer 7,Strada Slt Popa,Sector 5,Sector 5,București,Sud-Vest,1
Staer 7,Staer 7,Subloc. Popa,Sector 5,Sector 5,București,Sud-Vest,1
Staer 7,Staer 7,Calea Ea Ferentari,Sector 5,Sector 5,București,Sud-Vest,1
Staer 7,Staer 7,Contesti,Sector 5,Sector 5,București,Sud-Vest,1
Staer 7,Staer 7,Ion Nedeleanu,Sector 5,Sector 5,București,Sud-Vest,1
Staer 7,Staer 7,Strada Mihail Sebastian,Sector 5,Sector 5,București,Sud-Vest,1
Staer 7,Staer 7,Șoseaua Salaj,Sector 5,Sector 5,București,Sud-Vest,1
Staer 7,Staer 7,Sergent Nastase Pamfil,București neatribuit,București neatribuit,București,București neatribuit,1
Staer 7,Staer 7,Nicolae Sebe,Sector 3,Sector 3,București,Est,1
Staer 7,Staer 7,Aleea Ea Teiul Doamnei,Sector 2,Sector 2,București,Nord-Est,1
Staer 7,Staer 7,Cristea Mateescu,Sector 2,Sector 2,București,Nord-Est,1
Staer 7,Staer 7,Intrarea Teiul Doamnei,Sector 2,Sector 2,București,Nord-Est,1
Staer 7,Staer 7,Litovoi Voievod,Sector 2,Sector 2,București,Nord-Est,1
Staer 7,Staer 7,Fetesti,Sector 3,Sector 3,București,Est,1
Staer 7,Staer 7,Bulevardul Theodor Pallady,Sector 3,Sector 3,București,Est,1
Staer 7,Staer 7,Anastasie Panu,Sector 3,Sector 3,București,Est,1
Staer 7,Staer 7,Aleea Ea Barajul Sadului,Sector 3,Sector 3,București,Est,1
Staer 7,Staer 7,Aleea Ea Ion Agarbiceanu,Sector 3,Sector 3,București,Est,1
Staer 7,Staer 7,Aleea Ea Mizil,Sector 3,Sector 3,București,Est,1
Staer 7,Staer 7,Aleea Ea Mostistea,Sector 3,Sector 3,București,Est,1
Staer 7,Staer 7,Bulevardul Nicolae Grigorescu,Sector 3,Sector 3,București,Est,1
Staer 7,Staer 7,Bulevardul Pictor Nicolae Grigorescu,Sector 3,Sector 3,București,Est,1
Staer 7,Staer 7,Minis,Sector 3,Sector 3,București,Est,1
Staer 7,Staer 7,NECUNOSCUTĂ,Sector 3,Sector 3,București,Est,1
Staer 7,Staer 7,Sadului,Sector 3,Sector 3,București,Est,1
Staer 7,Staer 7,Strada Constantin Brâncuși,Sector 3,Sector 3,București,Est,1
Staer 7,Staer 7,Strada Jean Steriadi,Sector 3,Sector 3,București,Est,1
Staer 7,Staer 7,Tina Petre,Sector 3,Sector 3,București,Est,1
Staer 7,Staer 7,Plt Petre Ionescu,Sector 3,Sector 3,București,Est,1
Staer 7,Staer 7,Postasului,Sector 3,Sector 3,București,Est,1
Staer 7,Staer 7,Strada Vasile Lascăr,Sector 2,Sector 2,București,Nord-Est,1
Staer 7,Staer 7,Lucian Blaga,Sector 3,Sector 3,București,Est,1
Staer 7,Staer 7,Breaza,Sector 3,Sector 3,București,Est,1
Staer 7,Staer 7,Calea Ea Dudesti,Sector 3,Sector 3,București,Est,1
Staer 7,Staer 7,Foisorului,Sector 3,Sector 3,București,Est,1
Staer 7,Staer 7,Voineasa,Sector 3,Sector 3,București,Est,1
Staer 7,Staer 7,Bulevardul Basarabia,București neatribuit,București neatribuit,București,București neatribuit,1
Staer 7,Staer 7,Banul Antonache,Sector 1,Sector 1,București,Nord,1
Staer 7,Staer 7,Serbota,Sector 5,Sector 5,București,Sud-Vest,1
Staer 7,Staer 7,Nicolae Titulescu,Sector 1,Sector 1,București,Nord,1
Staer 7,Staer 7,Strada Clucerului,Sector 1,Sector 1,București,Nord,1
Staer 7,Staer 7,Frederic Joliot Curie,București neatribuit,București neatribuit,București,București neatribuit,1
Staer 7,Staer 7,Darmanesti,Sector 1,Sector 1,București,Nord,1
Staer 7,Staer 7,Drumul Cheile Turzii,Sector 4,Sector 4,București,Sud,1
Staer 7,Staer 7,Drumul Dealul Bistrii,Sector 4,Sector 4,București,Sud,1
Staer 7,Staer 7,Marica,Sector 4,Sector 4,București,Sud,1
Staer 7,Staer 7,Aleea Ciucea,Sector 3,Sector 3,București,Est,1
Staer 7,Staer 7,Șoseaua Aviatorilor,București neatribuit,București neatribuit,București,București neatribuit,1
Staer 7,Staer 7,Lecturii,Sector 2,Sector 2,București,Nord-Est,1
Staer 7,Staer 7,Nicolae Apostol,Sector 2,Sector 2,București,Nord-Est,1
Staer 7,Staer 7,Pescarilor,Sector 2,Sector 2,București,Nord-Est,1
Staer 7,Staer 7,Aleea Ea Boteni,Sector 6,Sector 6,București,Vest,1
Staer 7,Staer 7,Aleea Ea Compozitorilor,Sector 6,Sector 6,București,Vest,1
Staer 7,Staer 7,Aleea Raul Doamnei,Sector 6,Sector 6,București,Vest,1
Staer 7,Staer 7,Aleea Valea Rosie,Sector 6,Sector 6,București,Vest,1
Staer 7,Staer 7,Prelungirea Ungirea Ghencea,Sector 6,Sector 6,București,Vest,1
Staer 7,Staer 7,Valea Ialomitei,Sector 6,Sector 6,București,Vest,1
Staer 7,Staer 7,Silvestru,Sector 2,Sector 2,București,Nord-Est,1
Staer 7,Staer 7,Bulevardul Garii Obor,Sector 2,Sector 2,București,Nord-Est,1
Staer 7,Staer 7,Baba Novac,București neatribuit,București neatribuit,București,București neatribuit,1
Staer 7,Staer 7,Aleea Avrig,Sector 2,Sector 2,București,Nord-Est,1
Staer 7,Staer 7,Aleea Ea Giurgeni,Sector 3,Sector 3,București,Est,1
Staer 7,Staer 7,Plutonier Pazon Marin,Sector 3,Sector 3,București,Est,1
Staer 7,Staer 7,Margeanului,Sector 5,Sector 5,București,Sud-Vest,1
Staer 7,Staer 7,Aleea Diham,Sector 2,Sector 2,București,Nord-Est,1
Staer 7,Staer 7,Aleea Ea Cislau,Sector 2,Sector 2,București,Nord-Est,1
Staer 7,Staer 7,Aleea Mozaicului,Sector 2,Sector 2,București,Nord-Est,1
Staer 7,Staer 7,Aleea Pantelimon,Sector 2,Sector 2,București,Nord-Est,1
Staer 7,Staer 7,Cristescu Dima,Sector 2,Sector 2,București,Nord-Est,1
Staer 7,Staer 7,Timpa,Sector 2,Sector 2,București,Nord-Est,1
Staer 7,Staer 7,Int Moneasa,București neatribuit,București neatribuit,București,București neatribuit,1
Staer 7,Staer 7,Visarion,Sector 1,Sector 1,București,Nord,1
Staer 7,Staer 7,Poiana Narciselor,București neatribuit,București neatribuit,București,București neatribuit,1
Staer 7,Staer 7,Herta,Sector 2,Sector 2,București,Nord-Est,1
Staer 7,Staer 7,Bulevardul Unirii,București neatribuit,București neatribuit,București,București neatribuit,1
Staer 7,Staer 7,Stefan cel Mare,București neatribuit,București neatribuit,București,București neatribuit,1
Staer 7,Staer 7,Cristea Mateescu,Sector 2,Sector 2,București,Nord-Est,1
Staer 7,Staer 7,Deleni,Sector 2,Sector 2,București,Nord-Est,1
Staer 7,Staer 7,Judetului,Sector 2,Sector 2,București,Nord-Est,1
Staer 7,Staer 7,Strada Grigore Ionescu,Sector 2,Sector 2,București,Nord-Est,1
Staer 7,Staer 7,Valea Nucului,București neatribuit,București neatribuit,București,București neatribuit,1
Staer 7,Staer 7,Vrancioaia,Sector 2,Sector 2,București,Nord-Est,1
Staer 7,Staer 7,Bulevardul Theodor Pallady,Sector 3,Sector 3,București,Est,1
Staer 7,Staer 7,Elena Carageani,Sector 1,Sector 1,București,Nord,1
Staer 7,Staer 7,Șoseaua Pipera,Sector 1,Sector 1,București,Nord,1
Staer 7,Staer 7,Turda,Sector 1,Sector 1,București,Nord,1
Staer 7,Staer 7,Intrarea Area Nicolae Iorga,București neatribuit,București neatribuit,București,București neatribuit,1
Staer 7,Staer 7,Bulevardul Decebal,Sector 3,Sector 3,București,Est,1
Staer 7,Staer 7,Strada Agricultori,Sector 3,Sector 3,București,Est,1
Staer 7,Staer 7,Lucretiu Patrascanu,Sector 3,Sector 3,București,Est,1
Staer 7,Staer 7,Bucovina,Sector 3,Sector 3,București,Est,1
Staer 7,Staer 7,Andronache,Sector 2,Sector 2,București,Nord-Est,1
Staer 7,Staer 7,Barometrului,Sector 2,Sector 2,București,Nord-Est,1
Staer 7,Staer 7,Cuiului,Sector 2,Sector 2,București,Nord-Est,1
Staer 7,Staer 7,Bulevardul Gloriei,Sector 1,Sector 1,București,Nord,1
Staer 7,Staer 7,Șoseaua De Centura,Sector 4,Sector 4,București,Sud,1
Staer 7,Staer 7,Lirei,Sector 2,Sector 2,București,Nord-Est,1
Staer 7,Staer 7,Sincai,București neatribuit,București neatribuit,București,București neatribuit,1
Staer 7,Staer 7,Smardanului,București neatribuit,București neatribuit,București,București neatribuit,1
Staer 7,Staer 7,Bulevardul Timișoara,Sector 6,Sector 6,București,Vest,1
Staer 7,Staer 7,Arcului,București neatribuit,București neatribuit,București,București neatribuit,1
Staer 7,Staer 7,Strada Dristorului,Sector 3,Sector 3,București,Est,1
Staer 7,Staer 7,Strada Eufrosina Popescu,Sector 3,Sector 3,București,Est,1
Staer 7,Staer 7,Baicului,Sector 2,Sector 2,București,Nord-Est,1
Staer 7,Staer 7,Aleea Barajul Bicaz,Sector 3,Sector 3,București,Est,1
Staer 7,Staer 7,Danubiu,Sector 3,Sector 3,București,Est,1
Staer 7,Staer 7,Bulevardul Apicultorilor,Sector 1,Sector 1,București,Nord,1
Staer 7,Staer 7,Drumul Opalului,Sector 1,Sector 1,București,Nord,1
Staer 7,Staer 7,Padurii,Sector 1,Sector 1,București,Nord,1
Staer 7,Staer 7,Bulevardul C-Tin Brancoveanu,Sector 4,Sector 4,București,Sud,1
Staer 7,Staer 7,Bumbesti,Sector 1,Sector 1,București,Nord,1
Staer 7,Staer 7,Lemnarilor,Sector 1,Sector 1,București,Nord,1
Staer 7,Staer 7,Subcetate,Sector 1,Sector 1,București,Nord,1
Staer 7,Staer 7,Lac de Nuferi,București neatribuit,București neatribuit,București,București neatribuit,1
Staer 7,Staer 7,Marului,Sector 3,Sector 3,București,Est,1
Staer 7,Staer 7,Albatrosului,Sector 2,Sector 2,București,Nord-Est,1
Staer 7,Staer 7,Barbat Voievod,Sector 2,Sector 2,București,Nord-Est,1
Staer 7,Staer 7,Cimentului,Sector 2,Sector 2,București,Nord-Est,1
Staer 7,Staer 7,Cremenitei,Sector 2,Sector 2,București,Nord-Est,1
Staer 7,Staer 7,Ferastraului,Sector 2,Sector 2,București,Nord-Est,1
Staer 7,Staer 7,Ion Benidei,Sector 2,Sector 2,București,Nord-Est,1
Staer 7,Staer 7,Irimicului,Sector 2,Sector 2,București,Nord-Est,1
Staer 7,Staer 7,Lanului,Sector 2,Sector 2,București,Nord-Est,1
Staer 7,Staer 7,Nita Ene,Sector 2,Sector 2,București,Nord-Est,1
Staer 7,Staer 7,Pescarilor,Sector 2,Sector 2,București,Nord-Est,1
Staer 7,Staer 7,Plugusor,Sector 2,Sector 2,București,Nord-Est,1
Staer 7,Staer 7,Poiana cu Aluni,Sector 2,Sector 2,București,Nord-Est,1
Staer 7,Staer 7,Puietilor,Sector 2,Sector 2,București,Nord-Est,1
Staer 7,Staer 7,Radovanu,Sector 2,Sector 2,București,Nord-Est,1
Staer 7,Staer 7,Rascaoala 1907,Sector 2,Sector 2,București,Nord-Est,1
Staer 7,Staer 7,Rascoala 1907,Sector 2,Sector 2,București,Nord-Est,1
Staer 7,Staer 7,Ripiceni,Sector 2,Sector 2,București,Nord-Est,1
Staer 7,Staer 7,Sg Maj Simion Busuiioc,Sector 2,Sector 2,București,Nord-Est,1
Staer 7,Staer 7,Soldat Nita Ene,Sector 2,Sector 2,București,Nord-Est,1
Staer 7,Staer 7,Strada Maior Vasile Bacila,Sector 2,Sector 2,București,Nord-Est,1
Staer 7,Staer 7,Strada Mentiunii,Sector 2,Sector 2,București,Nord-Est,1
Staer 7,Staer 7,Strada Rascoala din 1907,Sector 2,Sector 2,București,Nord-Est,1
Staer 7,Staer 7,Teiul Doamnei,Sector 2,Sector 2,București,Nord-Est,1
Staer 7,Staer 7,Tomovici Stelian,Sector 2,Sector 2,București,Nord-Est,1
Staer 7,Staer 7,Vasile Bacila,Sector 2,Sector 2,București,Nord-Est,1
Staer 7,Staer 7,Șoseaua De Centura,Sector 2,Sector 2,București,Nord-Est,1
Staer 7,Staer 7,Calea Ea Crângași,Sector 6,Sector 6,București,Vest,1
Staer 7,Staer 7,Intrarea Pinului,Sector 6,Sector 6,București,Vest,1
Staer 7,Staer 7,Lt. Gheorghe Saidac,Sector 6,Sector 6,București,Vest,1
Staer 7,Staer 7,Luntrei,Sector 2,Sector 2,București,Nord-Est,1
Staer 7,Staer 7,Strada D-Na Ghica,Sector 2,Sector 2,București,Nord-Est,1
Staer 7,Staer 7,Vasile Stolnicu,Sector 2,Sector 2,București,Nord-Est,1
Staer 7,Staer 7,Zalelor,Sector 2,Sector 2,București,Nord-Est,1
Staer 7,Staer 7,Int Horbotei,Sector 3,Sector 3,București,Est,1
Staer 7,Staer 7,Niculae Sebe,Sector 3,Sector 3,București,Est,1
Staer 7,Staer 7,Aleea Adrian Carstea,Sector 3,Sector 3,București,Est,1
Staer 7,Staer 7,Aleea Ea Adrian Cirstea,Sector 3,Sector 3,București,Est,1
Staer 7,Staer 7,Bulevardul Camil Ressu,Sector 3,Sector 3,București,Est,1
Staer 7,Staer 7,Ramnicu Valcea,Sector 3,Sector 3,București,Est,1
Staer 7,Staer 7,Soldat Iosif Ion,Sector 3,Sector 3,București,Est,1
Staer 7,Staer 7,Soldat Spiridon Matei,Sector 3,Sector 3,București,Est,1
Staer 7,Staer 7,Strada Istriei,Sector 3,Sector 3,București,Est,1
Staer 7,Staer 7,Grl Dimitrie Salmen,București neatribuit,București neatribuit,București,București neatribuit,1
Staer 7,Staer 7,Stefan Mihaileanu,Sector 2,Sector 2,București,Nord-Est,1
Staer 7,Staer 7,Cantecului,Sector 2,Sector 2,București,Nord-Est,1
Staer 7,Staer 7,Strada Maior Vasile Bacila,Sector 2,Sector 2,București,Nord-Est,1
Staer 7,Staer 7,Strada Căminului,București neatribuit,București neatribuit,București,București neatribuit,1
Staer 7,Staer 7,Vasile Lucaci,București neatribuit,București neatribuit,București,București neatribuit,1
Staer 7,Staer 7,Maica Domnului,Sector 2,Sector 2,București,Nord-Est,1
Staer 7,Staer 7,Strada Mihai Eminescu,București neatribuit,București neatribuit,București,București neatribuit,1
Staer 7,Staer 7,Stefan cel Mare,Sector 3,Sector 3,București,Est,1
Staer 7,Staer 7,Panait Cerna,Sector 3,Sector 3,București,Est,1
Staer 7,Staer 7,Aleea Avrig,Sector 2,Sector 2,București,Nord-Est,1
Staer 7,Staer 7,Aleea Luncsoara,Sector 2,Sector 2,București,Nord-Est,1
Staer 7,Staer 7,Av. Tetrat,Sector 2,Sector 2,București,Nord-Est,1
Staer 7,Staer 7,Arh. Harjeu,Sector 3,Sector 3,București,Est,1
Staer 7,Staer 7,Bulevardul Basarabia,Sector 3,Sector 3,București,Est,1
Staer 7,Staer 7,Calea Ea Calarasilor,Sector 3,Sector 3,București,Est,1
Staer 7,Staer 7,Intrarea Area Sectorului,Sector 3,Sector 3,București,Est,1
Staer 7,Staer 7,Sapte Drumuri,Sector 3,Sector 3,București,Est,1
Staer 7,Staer 7,Șoseaua Mihai Bravu,Sector 3,Sector 3,București,Est,1
Staer 7,Staer 7,Șoseaua Olteniței,Sector 4,Sector 4,București,Sud,1
Staer 7,Staer 7,Mihai Bravu,Sector 2,Sector 2,București,Nord-Est,1
Staer 7,Staer 7,Bulevardul Dimitrie Pompei,Sector 2,Sector 2,București,Nord-Est,1
Staer 7,Staer 7,Erou Chivu Dumitru,București neatribuit,București neatribuit,București,București neatribuit,1
Staer 7,Staer 7,Aleea Patulului,Sector 3,Sector 3,București,Est,1
Staer 7,Staer 7,Patriotilor,Sector 3,Sector 3,București,Est,1
Staer 7,Staer 7,Vitioara,Sector 3,Sector 3,București,Est,1
Staer 7,Staer 7,Bulevardul Dimitrie Cantemir,Sector 4,Sector 4,București,Sud,1
Staer 7,Staer 7,Viorele,Sector 4,Sector 4,București,Sud,1
Staer 7,Staer 7,Aleea Emil Botta,București neatribuit,București neatribuit,București,București neatribuit,1
Staer 7,Staer 7,Bulevardul Mircea Vodă,Sector 3,Sector 3,București,Est,1
Staer 7,Staer 7,Vatra Luminoasa,Sector 2,Sector 2,București,Nord-Est,1
Staer 7,Staer 7,Scolii,București neatribuit,București neatribuit,București,București neatribuit,1
Staer 7,Staer 7,Tesatoarelor,Sector 2,Sector 2,București,Nord-Est,1
Staer 7,Staer 7,14,1 Dec-Gryn-City,—,Ilfov,Ilfov neatribuit,1
Staer 7,Staer 7,Cartier Green City,1 Decembrie,—,Ilfov,Sud,1
Staer 7,Staer 7,Strada Gloriei,1 Decembrie,—,Ilfov,Sud,1
Staer 7,Staer 7,Șoseaua Bucuresti-Giurgiu,1 Decembrie,—,Ilfov,Sud,1
Staer 7,Staer 7,Șoseaua Giurgiului,1 Decembrie,—,Ilfov,Sud,1
Staer 7,Staer 7,Tudor Arghezi,1 Decembrie,—,Ilfov,Sud,1
Staer 7,Staer 7,Borsec,1191,—,Ilfov,Ilfov neatribuit,1
Staer 7,Staer 7,Ghe. Doja,1191,—,Ilfov,Ilfov neatribuit,1
Staer 7,Staer 7,Lucian Blaga,1191,—,Ilfov,Ilfov neatribuit,1
Staer 7,Staer 7,Natiunile Unite,1191,—,Ilfov,Ilfov neatribuit,1
Staer 7,Staer 7,Potcoavei,1191,—,Ilfov,Ilfov neatribuit,1
Staer 7,Staer 7,Stefanesti de Jos,1191,—,Ilfov,Ilfov neatribuit,1
Staer 7,Staer 7,Șoseaua Gruiu Snagov,1191,—,Ilfov,Ilfov neatribuit,1
Staer 7,Staer 7,Alunului,Afumați,—,Ilfov,Nord-Est,1
Staer 7,Staer 7,Bacu,Afumați,—,Ilfov,Nord-Est,1
Staer 7,Staer 7,Binelui,Afumați,—,Ilfov,Nord-Est,1
Staer 7,Staer 7,Borsec,Afumați,—,Ilfov,Nord-Est,1
Staer 7,Staer 7,Bucuresti-Constanta,Afumați,—,Ilfov,Nord-Est,1
Staer 7,Staer 7,Caisului,Afumați,—,Ilfov,Nord-Est,1
Staer 7,Staer 7,D-Na Chiajna,Afumați,—,Ilfov,Nord-Est,1
Staer 7,Staer 7,Doamna Chiajna,Afumați,—,Ilfov,Nord-Est,1
Staer 7,Staer 7,Foscsani-Sau Baku,Afumați,—,Ilfov,Nord-Est,1
Staer 7,Staer 7,Ganeasa,Afumați,—,Ilfov,Nord-Est,1
Staer 7,Staer 7,Iasomiei,Afumați,—,Ilfov,Nord-Est,1
Staer 7,Staer 7,Imasului,Afumați,—,Ilfov,Nord-Est,1
Staer 7,Staer 7,Inului,Afumați,—,Ilfov,Nord-Est,1
Staer 7,Staer 7,Linia de Centura Dreapta,Afumați,—,Ilfov,Nord-Est,1
Staer 7,Staer 7,Linia de Centura Stanga,Afumați,—,Ilfov,Nord-Est,1
Staer 7,Staer 7,Liviu Rebreanu,Afumați,—,Ilfov,Nord-Est,1
Staer 7,Staer 7,Lotrului,Afumați,—,Ilfov,Nord-Est,1
Staer 7,Staer 7,Macului,Afumați,—,Ilfov,Nord-Est,1
Staer 7,Staer 7,Marasesti,Afumați,—,Ilfov,Nord-Est,1
Staer 7,Staer 7,Merilor,Afumați,—,Ilfov,Nord-Est,1
Staer 7,Staer 7,Mihail Sadoveanu,Afumați,—,Ilfov,Nord-Est,1
Staer 7,Staer 7,Mircea Eliade,Afumați,—,Ilfov,Nord-Est,1
Staer 7,Staer 7,Murelor,Afumați,—,Ilfov,Nord-Est,1
Staer 7,Staer 7,Negropontes,Afumați,—,Ilfov,Nord-Est,1
Staer 7,Staer 7,Petrachioaia,Afumați,—,Ilfov,Nord-Est,1
Staer 7,Staer 7,Sfantul Dumitru,Afumați,—,Ilfov,Nord-Est,1
Staer 7,Staer 7,Șoseaua Buc - Urziceni,Afumați,—,Ilfov,Nord-Est,1
Staer 7,Staer 7,Șoseaua Bucursti Urziceni,Afumați,—,Ilfov,Nord-Est,1
Staer 7,Staer 7,Șoseaua Stefanesti-Dispensarul Comunal,Afumați,—,Ilfov,Nord-Est,1
Staer 7,Staer 7,Șoseaua Urziceni,Afumați,—,Ilfov,Nord-Est,1
Staer 7,Staer 7,Trestiana,Afumați,—,Ilfov,Nord-Est,1
Staer 7,Staer 7,Zagazului,Ambasada Chinei,—,Ilfov,Ilfov neatribuit,1
Staer 7,Staer 7,Pipera,Ambiance Residence,—,Ilfov,Ilfov neatribuit,1
Staer 7,Staer 7,Aleea Iris,Balotești,—,Ilfov,Nord,1
Staer 7,Staer 7,Bulevardul Unirii,Balotești,—,Ilfov,Nord,1
Staer 7,Staer 7,Fabricii,Balotești,—,Ilfov,Nord,1
Staer 7,Staer 7,IC Bratianu,Balotești,—,Ilfov,Nord,1
Staer 7,Staer 7,Ion I.c.bratianu,Balotești,—,Ilfov,Nord,1
Staer 7,Staer 7,Islazului,Balotești,—,Ilfov,Nord,1
Staer 7,Staer 7,Raului,Balotești,—,Ilfov,Nord,1
Staer 7,Staer 7,Șoseaua Unirii,Balotești,—,Ilfov,Nord,1
Staer 7,Staer 7,Viselor,Balotești,—,Ilfov,Nord,1
Staer 7,Staer 7,Albatros,Berceni (Ilfov),—,Ilfov,Sud,1
Staer 7,Staer 7,Aviatorilor,Berceni (Ilfov),—,Ilfov,Sud,1
Staer 7,Staer 7,E VII,Berceni (Ilfov),—,Ilfov,Sud,1
Staer 7,Staer 7,Independentei,Berceni (Ilfov),—,Ilfov,Sud,1
Staer 7,Staer 7,Marasti,Berceni (Ilfov),—,Ilfov,Sud,1
Staer 7,Staer 7,NECUNOSCUTĂ,Berceni (Ilfov),—,Ilfov,Sud,1
Staer 7,Staer 7,Serelor,Berceni (Ilfov),—,Ilfov,Sud,1
Staer 7,Staer 7,Stefan cel Mare Intrarea Zambilelor,Berceni (Ilfov),—,Ilfov,Sud,1
Staer 7,Staer 7,Stefan cel Mare-Intr. Zambilelor,Berceni (Ilfov),—,Ilfov,Sud,1
Staer 7,Staer 7,Strada Eroilor,Berceni (Ilfov),—,Ilfov,Sud,1
Staer 7,Staer 7,Strada Trandafirilor,Berceni (Ilfov),—,Ilfov,Sud,1
Staer 7,Staer 7,Principala,Bradulesti,—,Ilfov,Ilfov neatribuit,1
Staer 7,Staer 7,Alunului,Bragadiru,—,Ilfov,Sud-Vest,1
Staer 7,Staer 7,Columnelor,Bragadiru,—,Ilfov,Sud-Vest,1
Staer 7,Staer 7,Dealului,Bragadiru,—,Ilfov,Sud-Vest,1
Staer 7,Staer 7,Florilor,Bragadiru,—,Ilfov,Sud-Vest,1
Staer 7,Staer 7,Plopului,Bragadiru,—,Ilfov,Sud-Vest,1
Staer 7,Staer 7,Rahovei,Bragadiru,—,Ilfov,Sud-Vest,1
Staer 7,Staer 7,Smarandului,Bragadiru,—,Ilfov,Sud-Vest,1
Staer 7,Staer 7,Șoseaua Clinceni,Bragadiru,—,Ilfov,Sud-Vest,1
Staer 7,Staer 7,Șoseaua Sabarului,Bragadiru,—,Ilfov,Sud-Vest,1
Staer 7,Staer 7,Verii,Bragadiru,—,Ilfov,Sud-Vest,1
Staer 7,Staer 7,Celofibrei,Bragadiru,—,Ilfov,Sud-Vest,1
Staer 7,Staer 7,Draganul,Bragadiru,—,Ilfov,Sud-Vest,1
Staer 7,Staer 7,Arad,Brănești,—,Ilfov,Est,1
Staer 7,Staer 7,Strada Ada Lotului,Brănești,—,Ilfov,Est,1
Staer 7,Staer 7,Agricultori,Brănești,—,Ilfov,Est,1
Staer 7,Staer 7,George Cosbuc,Brănești,—,Ilfov,Est,1
Staer 7,Staer 7,I.c Bratianu,Brănești,—,Ilfov,Est,1
Staer 7,Staer 7,Independentei,Brănești,—,Ilfov,Est,1
Staer 7,Staer 7,NECUNOSCUTĂ,Brănești,—,Ilfov,Est,1
Staer 7,Staer 7,Petre Ionel,Brănești,—,Ilfov,Est,1
Staer 7,Staer 7,Soldat Ionel Petre,Brănești,—,Ilfov,Est,1
Staer 7,Staer 7,Strada Violetelor,Brănești,—,Ilfov,Est,1
Staer 7,Staer 7,Victoriei,Brănești,—,Ilfov,Est,1
Staer 7,Staer 7,Bulevardul 1 Mai,București,—,Ilfov,Ilfov neatribuit,1
Staer 7,Staer 7,Natiunile Unite,București,—,Ilfov,Ilfov neatribuit,1
Staer 7,Staer 7,Prl Ghencea,București,—,Ilfov,Ilfov neatribuit,1
Staer 7,Staer 7,Rezervelor,București,—,Ilfov,Ilfov neatribuit,1
Staer 7,Staer 7,Icoanei,București Sectorul 2,—,Ilfov,Ilfov neatribuit,1
Staer 7,Staer 7,Aleea Ea Campului,Buftea,—,Ilfov,Nord,1
Staer 7,Staer 7,Aleea Ea Nucilot,Buftea,—,Ilfov,Nord,1
Staer 7,Staer 7,Constructorului,Buftea,—,Ilfov,Nord,1
Staer 7,Staer 7,Darzei,Buftea,—,Ilfov,Nord,1
Staer 7,Staer 7,Fulger,Buftea,—,Ilfov,Nord,1
Staer 7,Staer 7,Garaoafelor,Buftea,—,Ilfov,Nord,1
Staer 7,Staer 7,Int. Constructorului,Buftea,—,Ilfov,Nord,1
Staer 7,Staer 7,Primariei,Buftea,—,Ilfov,Nord,1
Staer 7,Staer 7,Scolii,Buftea,—,Ilfov,Nord,1
Staer 7,Staer 7,Viilor,Buftea,—,Ilfov,Nord,1
Staer 7,Staer 7,Șoseaua Eaua Unirii,Caciulati,—,Ilfov,Ilfov neatribuit,1
Staer 7,Staer 7,Drumul Intre Tarlale,Catelu,—,Ilfov,Ilfov neatribuit,1
Staer 7,Staer 7,Intrarea Uzinei,Catelu,—,Ilfov,Ilfov neatribuit,1
Staer 7,Staer 7,Gabriela Gegolea,Cernica,—,Ilfov,Est,1
Staer 7,Staer 7,Intrarea Area Floarea Albastra,Cernica,—,Ilfov,Est,1
Staer 7,Staer 7,La Meri,Cernica,—,Ilfov,Est,1
Staer 7,Staer 7,Liviu Rebreanu,Cernica,—,Ilfov,Est,1
Staer 7,Staer 7,Luceafarului,Cernica,—,Ilfov,Est,1
Staer 7,Staer 7,Eroilor,Cernica,—,Ilfov,Est,1
Staer 7,Staer 7,Primaverii,Cernica,—,Ilfov,Est,1
Staer 7,Staer 7,Vlad Tepes,Cernica,—,Ilfov,Est,1
Staer 7,Staer 7,Bisericii,Chiajna–Roșu–Dudu,—,Ilfov,Vest,1
Staer 7,Staer 7,Ilie Petre,Chiajna–Roșu–Dudu,—,Ilfov,Vest,1
Staer 7,Staer 7,Intrarea Eroului,Chiajna–Roșu–Dudu,—,Ilfov,Vest,1
Staer 7,Staer 7,Intrarea Nicolae Iorga,Chiajna–Roșu–Dudu,—,Ilfov,Vest,1
Staer 7,Staer 7,Sg. Ilie Petre,Chiajna–Roșu–Dudu,—,Ilfov,Vest,1
Staer 7,Staer 7,Srg Ilie Petre,Chiajna–Roșu–Dudu,—,Ilfov,Vest,1
Staer 7,Staer 7,Weiner Palada,Chiajna–Roșu–Dudu,—,Ilfov,Vest,1
Staer 7,Staer 7,Orhideelor,Chiajna–Roșu–Dudu,—,Ilfov,Vest,1
Staer 7,Staer 7,1864,Chiajna–Roșu–Dudu,—,Ilfov,Vest,1
Staer 7,Staer 7,Apeductului,Chiajna–Roșu–Dudu,—,Ilfov,Vest,1
Staer 7,Staer 7,Gladiolelor,Chiajna–Roșu–Dudu,—,Ilfov,Vest,1
Staer 7,Staer 7,Gospodari,Chiajna–Roșu–Dudu,—,Ilfov,Vest,1
Staer 7,Staer 7,Intrarea Crinului,Chiajna–Roșu–Dudu,—,Ilfov,Vest,1
Staer 7,Staer 7,Razorului,Chiajna–Roșu–Dudu,—,Ilfov,Vest,1
Staer 7,Staer 7,Rezervelor,Chiajna–Roșu–Dudu,—,Ilfov,Vest,1
Staer 7,Staer 7,1 Mai,Chitila,—,Ilfov,Vest,1
Staer 7,Staer 7,Intrarea Area Banatului,Chitila,—,Ilfov,Vest,1
Staer 7,Staer 7,Recoltei,Chitila,—,Ilfov,Vest,1
Staer 7,Staer 7,Triumfului,Chitila,—,Ilfov,Vest,1
Staer 7,Staer 7,Bisericii,Ciofliceni,—,Ilfov,Ilfov neatribuit,1
Staer 7,Staer 7,Șoseaua Ciofliceni,Ciofliceni,—,Ilfov,Ilfov neatribuit,1
Staer 7,Staer 7,Fermei,Ciolpani,—,Ilfov,Ilfov neatribuit,1
Staer 7,Staer 7,Tiganesti,Ciolpani,—,Ilfov,Ilfov neatribuit,1
Staer 7,Staer 7,NECUNOSCUTĂ,Ciorogârla,—,Ilfov,Vest,1
Staer 7,Staer 7,Strada Tudor Vladimirescu,Ciorogârla,—,Ilfov,Vest,1
Staer 7,Staer 7,Crizantemelor,Clinceni,—,Ilfov,Sud-Vest,1
Staer 7,Staer 7,Intrarea Dispensarului,Clinceni,—,Ilfov,Sud-Vest,1
Staer 7,Staer 7,Sat Teodoreanu,Clinceni,—,Ilfov,Sud-Vest,1
Staer 7,Staer 7,Solarilor,Clinceni,—,Ilfov,Sud-Vest,1
Staer 7,Staer 7,Crizantemei,Clinceni,—,Ilfov,Sud-Vest,1
Staer 7,Staer 7,Crizantemelor,Clinceni,—,Ilfov,Sud-Vest,1
Staer 7,Staer 7,Argesului,Clinceni,—,Ilfov,Sud-Vest,1
Staer 7,Staer 7,Macului,Afumați,—,Ilfov,Nord-Est,1
Staer 7,Staer 7,Șoseaua Stefanesti,Complex Tera,—,Ilfov,Ilfov neatribuit,1
Staer 7,Staer 7,Splaiul Aiul Unirii,Confort City,—,Ilfov,Ilfov neatribuit,1
Staer 7,Staer 7,Aleea Ea Campul cu Maci,Corbeanca,—,Ilfov,Nord,1
Staer 7,Staer 7,Cantonului,Corbeanca,—,Ilfov,Nord,1
Staer 7,Staer 7,Fermei,Corbeanca,—,Ilfov,Nord,1
Staer 7,Staer 7,Hipodromului,Corbeanca,—,Ilfov,Nord,1
Staer 7,Staer 7,Independentei,Corbeanca,—,Ilfov,Nord,1
Staer 7,Staer 7,Lastarisului,Corbeanca,—,Ilfov,Nord,1
Staer 7,Staer 7,Malul cu Flori,Corbeanca,—,Ilfov,Nord,1
Staer 7,Staer 7,Piersicului,Corbeanca,—,Ilfov,Nord,1
Staer 7,Staer 7,Toamni,Corbeanca,—,Ilfov,Nord,1
Staer 7,Staer 7,Ciocarliei,Corbeanca,—,Ilfov,Nord,1
Staer 7,Staer 7,Unirii,Corbeanca,—,Ilfov,Nord,1
Staer 7,Staer 7,Apusului,Corbeanca,—,Ilfov,Nord,1
Staer 7,Staer 7,Molidului,Corbeanca,—,Ilfov,Nord,1
Staer 7,Staer 7,Islazului,Cornetu,—,Ilfov,Sud-Vest,1
Staer 7,Staer 7,Livezi,Cornetu,—,Ilfov,Sud-Vest,1
Staer 7,Staer 7,Stejarului,Cornetu,—,Ilfov,Sud-Vest,1
Staer 7,Staer 7,Taberei,Cornetu,—,Ilfov,Sud-Vest,1
Staer 7,Staer 7,Aeroportului,Cornetu,—,Ilfov,Sud-Vest,1
Staer 7,Staer 7,Popa Ion Bucur,Dacalu,—,Ilfov,Ilfov neatribuit,1
Staer 7,Staer 7,1 Decembrie 1918,Darasti,—,Ilfov,Ilfov neatribuit,1
Staer 7,Staer 7,Brandusei,Dascălu,—,Ilfov,Nord-Est,1
Staer 7,Staer 7,Calea Ea Bucuresti,Dascălu,—,Ilfov,Nord-Est,1
Staer 7,Staer 7,Dascalu,Dascălu,—,Ilfov,Nord-Est,1
Staer 7,Staer 7,Eroilor,Dascălu,—,Ilfov,Nord-Est,1
Staer 7,Staer 7,Fostului Cap,Dascălu,—,Ilfov,Nord-Est,1
Staer 7,Staer 7,Mures,Dascălu,—,Ilfov,Nord-Est,1
Staer 7,Staer 7,Sportului,Dascălu,—,Ilfov,Nord-Est,1
Staer 7,Staer 7,Strada Liliacului,Dascălu,—,Ilfov,Nord-Est,1
Staer 7,Staer 7,Timisoara,Dascălu,—,Ilfov,Nord-Est,1
Staer 7,Staer 7,Cernica,Dascălu,—,Ilfov,Nord-Est,1
Staer 7,Staer 7,Cozia,Dascălu,—,Ilfov,Nord-Est,1
Staer 7,Staer 7,Calea Ea Bucuresti,Dasccalu,—,Ilfov,Ilfov neatribuit,1
Staer 7,Staer 7,22 Decembrie,Tunari,—,Ilfov,Nord,1
Staer 7,Staer 7,Nuferilor,Dobroești,—,Ilfov,Nord-Est,1
Staer 7,Staer 7,Bulevardul Nicolae Balcescu,Dobroești,—,Ilfov,Nord-Est,1
Staer 7,Staer 7,Drumul Dobroesti Fundeni,Dobroești,—,Ilfov,Nord-Est,1
Staer 7,Staer 7,Gen. Magheru,Dobroești,—,Ilfov,Nord-Est,1
Staer 7,Staer 7,Mesteacanului,Dobroești,—,Ilfov,Nord-Est,1
Staer 7,Staer 7,Nuferilor,Dobroești,—,Ilfov,Nord-Est,1
Staer 7,Staer 7,Soldat Condu Stelian,Dobroești,—,Ilfov,Nord-Est,1
Staer 7,Staer 7,Spicului,Dobroești,—,Ilfov,Nord-Est,1
Staer 7,Staer 7,Trifoiului,Dobroești,—,Ilfov,Nord-Est,1
Staer 7,Staer 7,Aleea Ea Lacului,Dobroești,—,Ilfov,Nord-Est,1
Staer 7,Staer 7,Caisului,Dobroești,—,Ilfov,Nord-Est,1
Staer 7,Staer 7,Campului,Dobroești,—,Ilfov,Nord-Est,1
Staer 7,Staer 7,Copacul cu Flori,Dobroești,—,Ilfov,Nord-Est,1
Staer 7,Staer 7,Cuza Voda,Dobroești,—,Ilfov,Nord-Est,1
Staer 7,Staer 7,Ghioceilor,Dobroești,—,Ilfov,Nord-Est,1
Staer 7,Staer 7,Mesteacanului,Dobroești,—,Ilfov,Nord-Est,1
Staer 7,Staer 7,Piersicului,Dobroești,—,Ilfov,Nord-Est,1
Staer 7,Staer 7,Trandafirilor,Dobroești,—,Ilfov,Nord-Est,1
Staer 7,Staer 7,Victor Dumitrescu,Dobroești,—,Ilfov,Nord-Est,1
Staer 7,Staer 7,Victoriei,Dobroești,—,Ilfov,Nord-Est,1
Staer 7,Staer 7,Aleea Ea Lacului,Dobroești,—,Ilfov,Nord-Est,1
Staer 7,Staer 7,Stufului,Dobroești,—,Ilfov,Nord-Est,1
Staer 7,Staer 7,Narciselor,Dobroești,—,Ilfov,Nord-Est,1
Staer 7,Staer 7,Intrarea Foisorului,Domnești,—,Ilfov,Sud-Vest,1
Staer 7,Staer 7,Intrarea Sirenelor,Domnești,—,Ilfov,Sud-Vest,1
Staer 7,Staer 7,Principala,Domnești,—,Ilfov,Sud-Vest,1
Staer 7,Staer 7,Salciei,Domnești,—,Ilfov,Sud-Vest,1
Staer 7,Staer 7,Șoseaua Bucuresti-Domnesti,Domnești,—,Ilfov,Sud-Vest,1
Staer 7,Staer 7,Teghesului,Domnești,—,Ilfov,Sud-Vest,1
Staer 7,Staer 7,Albastrelelor,Dragomirești,—,Ilfov,Vest,1
Staer 7,Staer 7,Garofitei,Dragomirești,—,Ilfov,Vest,1
Staer 7,Staer 7,Republicii,Dragomirești,—,Ilfov,Vest,1
Staer 7,Staer 7,Micsunelelor,Dragomirești,—,Ilfov,Vest,1
Staer 7,Staer 7,Rozelor,Dragomirești,—,Ilfov,Vest,1
Staer 7,Staer 7,Ciresului,Drobroiesti,—,Ilfov,Ilfov neatribuit,1
Staer 7,Staer 7,Melodiei,Fundeni,—,Ilfov,Ilfov neatribuit,1
Staer 7,Staer 7,Costache Negri,Ganeasa,—,Ilfov,Ilfov neatribuit,1
Staer 7,Staer 7,Livezilor,Ganeasa,—,Ilfov,Ilfov neatribuit,1
Staer 7,Staer 7,NECUNOSCUTĂ,Ganeasa,—,Ilfov,Ilfov neatribuit,1
Staer 7,Staer 7,Sat.moara Domneasca,Ganeasa,—,Ilfov,Ilfov neatribuit,1
Staer 7,Staer 7,NECUNOSCUTĂ,Ganeasa -Sat Moara Domneasca,—,Ilfov,Ilfov neatribuit,1
Staer 7,Staer 7,Lacului,Ganeasa Sat Ganeasa,—,Ilfov,Ilfov neatribuit,1
Staer 7,Staer 7,Rovine,Ganeasa Sat Ganeasa,—,Ilfov,Ilfov neatribuit,1
Staer 7,Staer 7,Principala,Ganeasa-Sat Cozieni,—,Ilfov,Ilfov neatribuit,1
Staer 7,Staer 7,Razboieni,Snagov,—,Ilfov,Nord,1
Staer 7,Staer 7,Stadionului,Ghermănești,—,Ilfov,Ilfov neatribuit,1
Staer 7,Staer 7,Strada Răzoare,Ghermănești,—,Ilfov,Ilfov neatribuit,1
Staer 7,Staer 7,Vaslui,Ghermănești,—,Ilfov,Ilfov neatribuit,1
Staer 7,Staer 7,Dealului,Glina,—,Ilfov,Est,1
Staer 7,Staer 7,DI 2,Glina,—,Ilfov,Est,1
Staer 7,Staer 7,Parcului,Glina,—,Ilfov,Est,1
Staer 7,Staer 7,Rasaritului,Glina,—,Ilfov,Est,1
Staer 7,Staer 7,Rozelor,Glina,—,Ilfov,Est,1
Staer 7,Staer 7,Vaii,Glina,—,Ilfov,Est,1
Staer 7,Staer 7,Teiului,Gradiste,—,Ilfov,Ilfov neatribuit,1
Staer 7,Staer 7,Libertatii,Gradistea,—,Ilfov,Ilfov neatribuit,1
Staer 7,Staer 7,Orhideelor,Gradistea,—,Ilfov,Ilfov neatribuit,1
Staer 7,Staer 7,Roz Marin,Gradistea,—,Ilfov,Ilfov neatribuit,1
Staer 7,Staer 7,Rozelor,Gradistea,—,Ilfov,Ilfov neatribuit,1
Staer 7,Staer 7,Ialomitei,Gruiu,—,Ilfov,Nord,1
Staer 7,Staer 7,Strada Ada Principala,Snagov,—,Ilfov,Nord,1
Staer 7,Staer 7,Bisericii,Snagov,—,Ilfov,Nord,1
Staer 7,Staer 7,Com Stefanesti,Ilfov,—,Ilfov,Ilfov neatribuit,1
Staer 7,Staer 7,Dinu Pestritu,Ilfov,—,Ilfov,Ilfov neatribuit,1
Staer 7,Staer 7,Voluntari,Ilfov,—,Ilfov,Ilfov neatribuit,1
Staer 7,Staer 7,23 August,Jilava,—,Ilfov,Sud,1
Staer 7,Staer 7,Aleea Ea Morilor,Jilava,—,Ilfov,Sud,1
Staer 7,Staer 7,Libertatii,Jilava,—,Ilfov,Sud,1
Staer 7,Staer 7,NECUNOSCUTĂ,Jilava,—,Ilfov,Sud,1
Staer 7,Staer 7,Nicolae Balcescu,Jilava,—,Ilfov,Sud,1
Staer 7,Staer 7,Strada Morii,Jilava,—,Ilfov,Sud,1
Staer 7,Staer 7,Urgureni,Jilava,—,Ilfov,Sud,1
Staer 7,Staer 7,NECUNOSCUTĂ,Lilieci/sat Hagieci,—,Ilfov,Ilfov neatribuit,1
Staer 7,Staer 7,Ciocarliei,Măgurele,—,Ilfov,Sud-Vest,1
Staer 7,Staer 7,Crizantemelor,Măgurele,—,Ilfov,Sud-Vest,1
Staer 7,Staer 7,Florilor,Măgurele,—,Ilfov,Sud-Vest,1
Staer 7,Staer 7,Intrarea Area Nefliu,Măgurele,—,Ilfov,Sud-Vest,1
Staer 7,Staer 7,Milcov,Măgurele,—,Ilfov,Sud-Vest,1
Staer 7,Staer 7,Strada Fizicienilor,Măgurele,—,Ilfov,Sud-Vest,1
Staer 7,Staer 7,Strada Mărășești,Măgurele,—,Ilfov,Sud-Vest,1
Staer 7,Staer 7,Strada Ugareni,Măgurele,—,Ilfov,Sud-Vest,1
Staer 7,Staer 7,Csandru Ioan Cuza,Moara Domneasca,—,Ilfov,Ilfov neatribuit,1
Staer 7,Staer 7,Macesilor,"Moara Vasiei ,sat Caciulati",—,Ilfov,Ilfov neatribuit,1
Staer 7,Staer 7,Feroviarilor,Moara Vlăsiei,—,Ilfov,Ilfov neatribuit,1
Staer 7,Staer 7,Intrarea Area Planetei,Moara Vlăsiei,—,Ilfov,Ilfov neatribuit,1
Staer 7,Staer 7,Merilor,Moara Vlăsiei,—,Ilfov,Ilfov neatribuit,1
Staer 7,Staer 7,Șoseaua Eroilor,Moara Vlăsiei,—,Ilfov,Ilfov neatribuit,1
Staer 7,Staer 7,Tudor Arghezi,Moara Vlăsiei,—,Ilfov,Ilfov neatribuit,1
Staer 7,Staer 7,Alunului,Mogoșoaia,—,Ilfov,Nord,1
Staer 7,Staer 7,Armeneasca,Mogoșoaia,—,Ilfov,Nord,1
Staer 7,Staer 7,Drumul Mori,Mogoșoaia,—,Ilfov,Nord,1
Staer 7,Staer 7,Drumul Morii,Mogoșoaia,—,Ilfov,Nord,1
Staer 7,Staer 7,Int Muzelor,Mogoșoaia,—,Ilfov,Nord,1
Staer 7,Staer 7,Nichita Stanescu,Mogoșoaia,—,Ilfov,Nord,1
Staer 7,Staer 7,Viilor,Mogoșoaia,—,Ilfov,Nord,1
Staer 7,Staer 7,Nucilor,Necunoscut,—,Ilfov,Ilfov neatribuit,1
Staer 7,Staer 7,NECUNOSCUTĂ,Niculesti,—,Ilfov,Ilfov neatribuit,1
Staer 7,Staer 7,Frasinului,Nuci Sat Balta Neagra,—,Ilfov,Ilfov neatribuit,1
Staer 7,Staer 7,Ciprian Porumbescu,Odaile,—,Ilfov,Ilfov neatribuit,1
Staer 7,Staer 7,Studioului,Buftea,—,Ilfov,Nord,1
Staer 7,Staer 7,Prl.ghencea,Bragadiru,—,Ilfov,Sud-Vest,1
Staer 7,Staer 7,Belgrad,Otopeni,—,Ilfov,Nord,1
Staer 7,Staer 7,Bisericii,Otopeni,—,Ilfov,Nord,1
Staer 7,Staer 7,Calea Ea Buc-Ploiesti,Otopeni,—,Ilfov,Nord,1
Staer 7,Staer 7,Calea Ea Bucuresti,Otopeni,—,Ilfov,Nord,1
Staer 7,Staer 7,Campului,Otopeni,—,Ilfov,Nord,1
Staer 7,Staer 7,Fermei F,Otopeni,—,Ilfov,Nord,1
Staer 7,Staer 7,Grivita,Otopeni,—,Ilfov,Nord,1
Staer 7,Staer 7,IC Bratianu,Otopeni,—,Ilfov,Nord,1
Staer 7,Staer 7,Intrarea Area Liliacului,Otopeni,—,Ilfov,Nord,1
Staer 7,Staer 7,Intrarea Area Margaritarului-Drumul Odaii,Otopeni,—,Ilfov,Nord,1
Staer 7,Staer 7,Intrarea Izvoarelor,Otopeni,—,Ilfov,Nord,1
Staer 7,Staer 7,Maramures,Otopeni,—,Ilfov,Nord,1
Staer 7,Staer 7,Margaritarului,Otopeni,—,Ilfov,Nord,1
Staer 7,Staer 7,Marin Sorescu,Otopeni,—,Ilfov,Nord,1
Staer 7,Staer 7,NECUNOSCUTĂ,Otopeni,—,Ilfov,Nord,1
Staer 7,Staer 7,Polona,Otopeni,—,Ilfov,Nord,1
Staer 7,Staer 7,Primaverii,Otopeni,—,Ilfov,Nord,1
Staer 7,Staer 7,Armatei,Pantelimon,—,Ilfov,Nord-Est,1
Staer 7,Staer 7,Bihor,Pantelimon,—,Ilfov,Nord-Est,1
Staer 7,Staer 7,Bihorului,Pantelimon,—,Ilfov,Nord-Est,1
Staer 7,Staer 7,Bobalna,Pantelimon,—,Ilfov,Nord-Est,1
Staer 7,Staer 7,Brandusei,Pantelimon,—,Ilfov,Nord-Est,1
Staer 7,Staer 7,Brumaritei,Pantelimon,—,Ilfov,Nord-Est,1
Staer 7,Staer 7,Busteni,Pantelimon,—,Ilfov,Nord-Est,1
Staer 7,Staer 7,Cocorului,Pantelimon,—,Ilfov,Nord-Est,1
Staer 7,Staer 7,Corcodusului,Pantelimon,—,Ilfov,Nord-Est,1
Staer 7,Staer 7,Corneliu Coposu,Pantelimon,—,Ilfov,Nord-Est,1
Staer 7,Staer 7,Cornelliu Coposu,Pantelimon,—,Ilfov,Nord-Est,1
Staer 7,Staer 7,Dobrogeanu Gherea,Pantelimon,—,Ilfov,Nord-Est,1
Staer 7,Staer 7,Drumul Garii,Pantelimon,—,Ilfov,Nord-Est,1
Staer 7,Staer 7,Dumitru Nedumitru,Pantelimon,—,Ilfov,Nord-Est,1
Staer 7,Staer 7,Eforie,Pantelimon,—,Ilfov,Nord-Est,1
Staer 7,Staer 7,Erea Campului,Pantelimon,—,Ilfov,Nord-Est,1
Staer 7,Staer 7,Flori de Camp,Pantelimon,—,Ilfov,Nord-Est,1
Staer 7,Staer 7,Frasinului,Pantelimon,—,Ilfov,Nord-Est,1
Staer 7,Staer 7,G Calinescu,Pantelimon,—,Ilfov,Nord-Est,1
Staer 7,Staer 7,Int Campului,Pantelimon,—,Ilfov,Nord-Est,1
Staer 7,Staer 7,Int Dobrogeanu Ghelea,Pantelimon,—,Ilfov,Nord-Est,1
Staer 7,Staer 7,Int Mures,Pantelimon,—,Ilfov,Nord-Est,1
Staer 7,Staer 7,Int. Biruintei,Pantelimon,—,Ilfov,Nord-Est,1
Staer 7,Staer 7,Int. Vrancea,Pantelimon,—,Ilfov,Nord-Est,1
Staer 7,Staer 7,Intrarea Bujorului,Pantelimon,—,Ilfov,Nord-Est,1
Staer 7,Staer 7,Intrarea Campului,Pantelimon,—,Ilfov,Nord-Est,1
Staer 7,Staer 7,Intrarea Sf Gheorghe,Pantelimon,—,Ilfov,Nord-Est,1
Staer 7,Staer 7,Lamaitei,Pantelimon,—,Ilfov,Nord-Est,1
Staer 7,Staer 7,Livezilor 1,Pantelimon,—,Ilfov,Nord-Est,1
Staer 7,Staer 7,Magnoliei,Pantelimon,—,Ilfov,Nord-Est,1
Staer 7,Staer 7,Mioritei,Pantelimon,—,Ilfov,Nord-Est,1
Staer 7,Staer 7,N Dumitru,Pantelimon,—,Ilfov,Nord-Est,1
Staer 7,Staer 7,NECUNOSCUTĂ,Pantelimon,—,Ilfov,Nord-Est,1
Staer 7,Staer 7,Oltului,Pantelimon,—,Ilfov,Nord-Est,1
Staer 7,Staer 7,Salaj,Pantelimon,—,Ilfov,Nord-Est,1
Staer 7,Staer 7,Sinaia,Pantelimon,—,Ilfov,Nord-Est,1
Staer 7,Staer 7,Strada Avicola,Pantelimon,—,Ilfov,Nord-Est,1
Staer 7,Staer 7,Strada Rosmarin,Pantelimon,—,Ilfov,Nord-Est,1
Staer 7,Staer 7,Șoseaua Cernica,Pantelimon,—,Ilfov,Nord-Est,1
Staer 7,Staer 7,Tineretului,Pantelimon,—,Ilfov,Nord-Est,1
Staer 7,Staer 7,Tractorului,Pantelimon,—,Ilfov,Nord-Est,1
Staer 7,Staer 7,Vatra Dornei,Pantelimon,—,Ilfov,Nord-Est,1
Staer 7,Staer 7,Ioan Sulea,Pantelion,—,Ilfov,Ilfov neatribuit,1
Staer 7,Staer 7,Ingerasilor,Periș,—,Ilfov,Nord,1
Staer 7,Staer 7,Polona,Periș,—,Ilfov,Nord,1
Staer 7,Staer 7,Primaverii,Periș,—,Ilfov,Nord,1
Staer 7,Staer 7,Profesor Ioan Dorobantu,Periș,—,Ilfov,Nord,1
Staer 7,Staer 7,Sondei,Periș,—,Ilfov,Nord,1
Staer 7,Staer 7,Strada Principala,Periș,—,Ilfov,Nord,1
Staer 7,Staer 7,Rozelor,Petrachioaia,—,Ilfov,Ilfov neatribuit,1
Staer 7,Staer 7,Teiului,Petrachioaia,—,Ilfov,Ilfov neatribuit,1
Staer 7,Staer 7,Gagu,Petrechioaia,—,Ilfov,Ilfov neatribuit,1
Staer 7,Staer 7,Liliacului,Petrechioaia,—,Ilfov,Ilfov neatribuit,1
Staer 7,Staer 7,Surlari,Petrechioaia,—,Ilfov,Ilfov neatribuit,1
Staer 7,Staer 7,Șoseaua Afumati,Petrechioaia,—,Ilfov,Ilfov neatribuit,1
Staer 7,Staer 7,Vanatori,Petrechioaia,—,Ilfov,Ilfov neatribuit,1
Staer 7,Staer 7,Sinesti,Petrechioaia - Sat Maineasca,—,Ilfov,Ilfov neatribuit,1
Staer 7,Staer 7,Bulevardul Pipera,Voluntari–Pipera,—,Ilfov,Nord,1
Staer 7,Staer 7,Drumul Bisericii,Voluntari–Pipera,—,Ilfov,Nord,1
Staer 7,Staer 7,Emil Racovita,Voluntari–Pipera,—,Ilfov,Nord,1
Staer 7,Staer 7,George Bacovia,Voluntari–Pipera,—,Ilfov,Nord,1
Staer 7,Staer 7,Serban Ion,Voluntari–Pipera,—,Ilfov,Nord,1
Staer 7,Staer 7,Vasile Alecsandri,Voluntari–Pipera,—,Ilfov,Nord,1
Staer 7,Staer 7,Int Dumitru Vlasceanu,Voluntari–Pipera,—,Ilfov,Nord,1
Staer 7,Staer 7,Arasi,Pod Europa,—,Ilfov,Ilfov neatribuit,1
Staer 7,Staer 7,Drumul Fermei,Popești-Leordeni,—,Ilfov,Sud,1
Staer 7,Staer 7,Drumul Fermei,Popești-Leordeni,—,Ilfov,Sud,1
Staer 7,Staer 7,Apusului,Popești-Leordeni,—,Ilfov,Sud,1
Staer 7,Staer 7,Complex Rez. Confort City,Popești-Leordeni,—,Ilfov,Sud,1
Staer 7,Staer 7,Confort City,Popești-Leordeni,—,Ilfov,Sud,1
Staer 7,Staer 7,Domnita Balasa,Popești-Leordeni,—,Ilfov,Sud,1
Staer 7,Staer 7,Eclipsei,Popești-Leordeni,—,Ilfov,Sud,1
Staer 7,Staer 7,Erou Alexandru Darian,Popești-Leordeni,—,Ilfov,Sud,1
Staer 7,Staer 7,Gheorghe Costa Foru,Popești-Leordeni,—,Ilfov,Sud,1
Staer 7,Staer 7,Int Viilor,Popești-Leordeni,—,Ilfov,Sud,1
Staer 7,Staer 7,Intrarea Area Viilor,Popești-Leordeni,—,Ilfov,Sud,1
Staer 7,Staer 7,Ion Scortaru,Popești-Leordeni,—,Ilfov,Sud,1
Staer 7,Staer 7,Miraslau,Popești-Leordeni,—,Ilfov,Sud,1
Staer 7,Staer 7,Pavlicheni,Popești-Leordeni,—,Ilfov,Sud,1
Staer 7,Staer 7,Pavlichieni,Popești-Leordeni,—,Ilfov,Sud,1
Staer 7,Staer 7,Porumbacului,Popești-Leordeni,—,Ilfov,Sud,1
Staer 7,Staer 7,Sf Apostoli,Popești-Leordeni,—,Ilfov,Sud,1
Staer 7,Staer 7,Solstitiului,Popești-Leordeni,—,Ilfov,Sud,1
Staer 7,Staer 7,Spaiul Unirii,Popești-Leordeni,—,Ilfov,Sud,1
Staer 7,Staer 7,Strada Oituz,Popești-Leordeni,—,Ilfov,Sud,1
Staer 7,Staer 7,Șoseaua De Centura,Popești-Leordeni,—,Ilfov,Sud,1
Staer 7,Staer 7,Tractoristilor,Popești-Leordeni,—,Ilfov,Sud,1
Staer 7,Staer 7,Xandru Darian,Popești-Leordeni,—,Ilfov,Sud,1
Staer 7,Staer 7,Idilia,Posta,—,Ilfov,Ilfov neatribuit,1
Staer 7,Staer 7,Ion Barbu,Sat 1 Dec,—,Ilfov,Ilfov neatribuit,1
Staer 7,Staer 7,Graului,Sat Balaceanca,—,Ilfov,Ilfov neatribuit,1
Staer 7,Staer 7,Int.trifoiului,Brănești,—,Ilfov,Est,1
Staer 7,Staer 7,Vlasiei,Brănești,—,Ilfov,Est,1
Staer 7,Staer 7,Com Tunari/str Pietrosului,Sat Dimieni,—,Ilfov,Ilfov neatribuit,1
Staer 7,Staer 7,Ciresului,Dobroești,—,Ilfov,Nord-Est,1
Staer 7,Staer 7,Orhideelor,Dobroești,—,Ilfov,Nord-Est,1
Staer 7,Staer 7,Ciresiului,Sat Fundeni,—,Ilfov,Ilfov neatribuit,1
Staer 7,Staer 7,Ciresului,Sat Fundeni,—,Ilfov,Ilfov neatribuit,1
Staer 7,Staer 7,Zorilor,Sat Fundeni,—,Ilfov,Ilfov neatribuit,1
Staer 7,Staer 7,Caporal Ene,Dobroești,—,Ilfov,Nord-Est,1
Staer 7,Staer 7,Intrarea Area Ciresului,Dobroești,—,Ilfov,Nord-Est,1
Staer 7,Staer 7,Caisului,Dobroești,—,Ilfov,Nord-Est,1
Staer 7,Staer 7,Bujorului,Pantelimon,—,Ilfov,Nord-Est,1
Staer 7,Staer 7,Eroilor,Pantelimon,—,Ilfov,Nord-Est,1
Staer 7,Staer 7,NECUNOSCUTĂ,Sat Petrachioaia,—,Ilfov,Ilfov neatribuit,1
Staer 7,Staer 7,1 Decembrie 1918,Chiajna–Roșu–Dudu,—,Ilfov,Vest,1
Staer 7,Staer 7,Doinei,Ștefăneștii de Jos,—,Ilfov,Nord-Est,1
Staer 7,Staer 7,Anton Pann,Voluntari–Pipera,—,Ilfov,Nord,1
Staer 7,Staer 7,Siret,Voluntari–Pipera,—,Ilfov,Nord,1
Staer 7,Staer 7,Ghioceilor,Sat Zurbaua,—,Ilfov,Ilfov neatribuit,1
Staer 7,Staer 7,Tufanului,Afumați,—,Ilfov,Nord-Est,1
Staer 7,Staer 7,Eroului,Chiajna–Roșu–Dudu,—,Ilfov,Vest,1
Staer 7,Staer 7,Bulevardul Nicolae Balcesu,Sat.doroesti,—,Ilfov,Ilfov neatribuit,1
Staer 7,Staer 7,N.balcescu,Brănești,—,Ilfov,Est,1
Staer 7,Staer 7,Com.petrechioaia,Sat.patrachioaia,—,Ilfov,Ilfov neatribuit,1
Staer 7,Staer 7,Fermei,Balotești,—,Ilfov,Nord,1
Staer 7,Staer 7,Livezilor,Sat.sindrilita-Com.ganeasa,—,Ilfov,Ilfov neatribuit,1
Staer 7,Staer 7,Aleea Ea Luceafarul,Săftica,—,Ilfov,Ilfov neatribuit,1
Staer 7,Staer 7,Aleea Ea Primariei,Săftica,—,Ilfov,Ilfov neatribuit,1
Staer 7,Staer 7,Calea Ea Bucuresti,Săftica,—,Ilfov,Ilfov neatribuit,1
Staer 7,Staer 7,Electricienilor,Săftica,—,Ilfov,Ilfov neatribuit,1
Staer 7,Staer 7,Calea Ea Victoriei,Sector 1,—,Ilfov,Ilfov neatribuit,1
Staer 7,Staer 7,Antim Ivireanul,Snagov,—,Ilfov,Nord,1
Staer 7,Staer 7,Romanitei,"Sitaru , Sat Gradistea",—,Ilfov,Ilfov neatribuit,1
Staer 7,Staer 7,Castanului,Snagov,—,Ilfov,Nord,1
Staer 7,Staer 7,Sat Cioficeni,Snagov,—,Ilfov,Nord,1
Staer 7,Staer 7,Principala,Snagov,—,Ilfov,Nord,1
Staer 7,Staer 7,Vaslui,Snagov,—,Ilfov,Nord,1
Staer 7,Staer 7,Ansamblul Rezidential Class,Voluntari–Pipera,—,Ilfov,Nord,1
Staer 7,Staer 7,Branduselor,Ștefăneștii de Jos,—,Ilfov,Nord-Est,1
Staer 7,Staer 7,Linia de Centura,Ștefăneștii de Jos,—,Ilfov,Nord-Est,1
Staer 7,Staer 7,Narciselor,Ștefăneștii de Jos,—,Ilfov,Nord-Est,1
Staer 7,Staer 7,Nucului,Ștefăneștii de Jos,—,Ilfov,Nord-Est,1
Staer 7,Staer 7,Olanesti,Ștefăneștii de Jos,—,Ilfov,Nord-Est,1
Staer 7,Staer 7,Principala,Ștefăneștii de Jos,—,Ilfov,Nord-Est,1
Staer 7,Staer 7,Rozelor,Ștefăneștii de Jos,—,Ilfov,Nord-Est,1
Staer 7,Staer 7,Strada Fagarasi,Ștefăneștii de Jos,—,Ilfov,Nord-Est,1
Staer 7,Staer 7,Linia de Centura,Ștefăneștii de Jos,—,Ilfov,Nord-Est,1
Staer 7,Staer 7,Macesului,Ștefăneștii de Jos,—,Ilfov,Nord-Est,1
Staer 7,Staer 7,Mimozelor,Ștefăneștii de Jos,—,Ilfov,Nord-Est,1
Staer 7,Staer 7,Olanesti,Ștefăneștii de Jos,—,Ilfov,Nord-Est,1
Staer 7,Staer 7,Soarelui,Ștefăneștii de Jos,—,Ilfov,Nord-Est,1
Staer 7,Staer 7,Șoseaua Principala,Ștefăneștii de Jos,—,Ilfov,Nord-Est,1
Staer 7,Staer 7,Timisoarei,Ștefăneștii de Jos,—,Ilfov,Nord-Est,1
Staer 7,Staer 7,Toporasi,Ștefăneștii de Jos,—,Ilfov,Nord-Est,1
Staer 7,Staer 7,Sighisoara,Ștefăneștii de Jos,—,Ilfov,Nord-Est,1
Staer 7,Staer 7,Dumbravei,Ștefăneștii de Jos,—,Ilfov,Nord-Est,1
Staer 7,Staer 7,24,Ștefăneștii de Jos,—,Ilfov,Nord-Est,1
Staer 7,Staer 7,Albastrelelor,Ștefăneștii de Jos,—,Ilfov,Nord-Est,1
Staer 7,Staer 7,Albatrelelor,Ștefăneștii de Jos,—,Ilfov,Nord-Est,1
Staer 7,Staer 7,Bisericii,Ștefăneștii de Jos,—,Ilfov,Nord-Est,1
Staer 7,Staer 7,Busteni,Ștefăneștii de Jos,—,Ilfov,Nord-Est,1
Staer 7,Staer 7,Caprioara,Ștefăneștii de Jos,—,Ilfov,Nord-Est,1
Staer 7,Staer 7,Cosmopolis,Ștefăneștii de Jos,—,Ilfov,Nord-Est,1
Staer 7,Staer 7,Dudului,Ștefăneștii de Jos,—,Ilfov,Nord-Est,1
Staer 7,Staer 7,Fagaras,Ștefăneștii de Jos,—,Ilfov,Nord-Est,1
Staer 7,Staer 7,Florilor,Ștefăneștii de Jos,—,Ilfov,Nord-Est,1
Staer 7,Staer 7,Govora,Ștefăneștii de Jos,—,Ilfov,Nord-Est,1
Staer 7,Staer 7,Lavandei,Ștefăneștii de Jos,—,Ilfov,Nord-Est,1
Staer 7,Staer 7,Spania,Ștefăneștii de Jos,—,Ilfov,Nord-Est,1
Staer 7,Staer 7,Strada Europa,Ștefăneștii de Jos,—,Ilfov,Nord-Est,1
Staer 7,Staer 7,Strada Soarelui,Ștefăneștii de Jos,—,Ilfov,Nord-Est,1
Staer 7,Staer 7,Șoseaua Centura,Ștefăneștii de Jos,—,Ilfov,Nord-Est,1
Staer 7,Staer 7,Șoseaua De Centura,Ștefăneștii de Jos,—,Ilfov,Nord-Est,1
Staer 7,Staer 7,Șoseaua Principala,Ștefăneștii de Jos,—,Ilfov,Nord-Est,1
Staer 7,Staer 7,Șoseaua Stefanesti,Ștefăneștii de Jos,—,Ilfov,Nord-Est,1
Staer 7,Staer 7,Zorilor,Ștefăneștii de Jos,—,Ilfov,Nord-Est,1
Staer 7,Staer 7,Chisinau,Corbeanca,—,Ilfov,Nord,1
Staer 7,Staer 7,Aleea Ea Veronica,Tamasi,—,Ilfov,Ilfov neatribuit,1
Staer 7,Staer 7,Vlad Tepes,Tiganu,—,Ilfov,Ilfov neatribuit,1
Staer 7,Staer 7,1decembrie,Tunari,—,Ilfov,Nord,1
Staer 7,Staer 7,9 Mai,Tunari,—,Ilfov,Nord,1
Staer 7,Staer 7,Aurel Vlaicu,Tunari,—,Ilfov,Nord,1
Staer 7,Staer 7,Balta Pasarea,Tunari,—,Ilfov,Nord,1
Staer 7,Staer 7,Decebal,Tunari,—,Ilfov,Nord,1
Staer 7,Staer 7,Horia,Tunari,—,Ilfov,Nord,1
Staer 7,Staer 7,IL Caragiale,Tunari,—,Ilfov,Nord,1
Staer 7,Staer 7,Intrarea Padurii,Tunari,—,Ilfov,Nord,1
Staer 7,Staer 7,Ion Luca Caragiale,Tunari,—,Ilfov,Nord,1
Staer 7,Staer 7,M. Eminescu,Tunari,—,Ilfov,Nord,1
Staer 7,Staer 7,Marasesti,Tunari,—,Ilfov,Nord,1
Staer 7,Staer 7,Mihai Viteazul,Tunari,—,Ilfov,Nord,1
Staer 7,Staer 7,Nichita Stanescu,Tunari,—,Ilfov,Nord,1
Staer 7,Staer 7,Primaverii,Tunari,—,Ilfov,Nord,1
Staer 7,Staer 7,Strada Bradului,Tunari,—,Ilfov,Nord,1
Staer 7,Staer 7,Teiului,Tunari,—,Ilfov,Nord,1
Staer 7,Staer 7,Traian,Tunari,—,Ilfov,Nord,1
Staer 7,Staer 7,Tudor Arghezi,Tunari,—,Ilfov,Nord,1
Staer 7,Staer 7,Intrarea Calea Bucuresti,Tunari,—,Ilfov,Nord,1
Staer 7,Staer 7,Busteni,Vidra,—,Ilfov,Sud,1
Staer 7,Staer 7,Campului,Vidra,—,Ilfov,Sud,1
Staer 7,Staer 7,Institutului,Vidra,—,Ilfov,Sud,1
Staer 7,Staer 7,Linistei,Vidra,—,Ilfov,Sud,1
Staer 7,Staer 7,Prelungirea Garii,Vidra,—,Ilfov,Sud,1
Staer 7,Staer 7,Teiului,Vidra,—,Ilfov,Sud,1
Staer 7,Staer 7,George Enescu,Vladiceasca,—,Ilfov,Ilfov neatribuit,1
Staer 7,Staer 7,Gheorghe Doja 38a,Volintari,—,Ilfov,Ilfov neatribuit,1
Staer 7,Staer 7,Buzias,Volunatri,—,Ilfov,Ilfov neatribuit,1
Staer 7,Staer 7,Tarnava,Volunatri,—,Ilfov,Ilfov neatribuit,1
Staer 7,Staer 7,A.i Cuza,Voluntari–Pipera,—,Ilfov,Nord,1
Staer 7,Staer 7,Al. Vlahuta,Voluntari–Pipera,—,Ilfov,Nord,1
Staer 7,Staer 7,Aleea A Nuicilor,Voluntari–Pipera,—,Ilfov,Nord,1
Staer 7,Staer 7,Aleea Garii Pantelimon,Voluntari–Pipera,—,Ilfov,Nord,1
Staer 7,Staer 7,Aleea Nucilor,Voluntari–Pipera,—,Ilfov,Nord,1
Staer 7,Staer 7,Andrei Muresan,Voluntari–Pipera,—,Ilfov,Nord,1
Staer 7,Staer 7,Andrei Muresanu,Voluntari–Pipera,—,Ilfov,Nord,1
Staer 7,Staer 7,Andrei Mureseanu,Voluntari–Pipera,—,Ilfov,Nord,1
Staer 7,Staer 7,Anton Pan,Voluntari–Pipera,—,Ilfov,Nord,1
Staer 7,Staer 7,Anton Pann,Voluntari–Pipera,—,Ilfov,Nord,1
Staer 7,Staer 7,Avram Iancu,Voluntari–Pipera,—,Ilfov,Nord,1
Staer 7,Staer 7,Birsei,Voluntari–Pipera,—,Ilfov,Nord,1
Staer 7,Staer 7,Bucuresti Nord 15 - 25,Voluntari–Pipera,—,Ilfov,Nord,1
Staer 7,Staer 7,Bulevardul Iancu Nicolae,Voluntari–Pipera,—,Ilfov,Nord,1
Staer 7,Staer 7,Bulevardul Mircea Veroiu,Voluntari–Pipera,—,Ilfov,Nord,1
Staer 7,Staer 7,Bulevardul Pipera ( Via Pipera),Voluntari–Pipera,—,Ilfov,Nord,1
Staer 7,Staer 7,Bulevardul Pipera 1 - VIII E,Voluntari–Pipera,—,Ilfov,Nord,1
Staer 7,Staer 7,Bulevardul Pipera 91 ( Str. Matei Barab),Voluntari–Pipera,—,Ilfov,Nord,1
Staer 7,Staer 7,Bulevardul Pipera Oxford Gardens,Voluntari–Pipera,—,Ilfov,Nord,1
Staer 7,Staer 7,Bvd Dunarii,Voluntari–Pipera,—,Ilfov,Nord,1
Staer 7,Staer 7,Bvd Eroilor,Voluntari–Pipera,—,Ilfov,Nord,1
Staer 7,Staer 7,Bvd Eroilor (fosta Sos Stefanesti),Voluntari–Pipera,—,Ilfov,Nord,1
Staer 7,Staer 7,Bvd Vrancei,Voluntari–Pipera,—,Ilfov,Nord,1
Staer 7,Staer 7,C-Tin Tanase,Voluntari–Pipera,—,Ilfov,Nord,1
Staer 7,Staer 7,Campul Pipera,Voluntari–Pipera,—,Ilfov,Nord,1
Staer 7,Staer 7,Cap Musat,Voluntari–Pipera,—,Ilfov,Nord,1
Staer 7,Staer 7,Capitan Dinu Pestritu,Voluntari–Pipera,—,Ilfov,Nord,1
Staer 7,Staer 7,Caporal Musat,Voluntari–Pipera,—,Ilfov,Nord,1
Staer 7,Staer 7,Ceahlau,Voluntari–Pipera,—,Ilfov,Nord,1
Staer 7,Staer 7,Ciprian Porumbescu,Voluntari–Pipera,—,Ilfov,Nord,1
Staer 7,Staer 7,Clabucet,Voluntari–Pipera,—,Ilfov,Nord,1
Staer 7,Staer 7,Constelatiei,Voluntari–Pipera,—,Ilfov,Nord,1
Staer 7,Staer 7,Crisan,Voluntari–Pipera,—,Ilfov,Nord,1
Staer 7,Staer 7,Cugetarii,Voluntari–Pipera,—,Ilfov,Nord,1
Staer 7,Staer 7,Cumpenei,Voluntari–Pipera,—,Ilfov,Nord,1
Staer 7,Staer 7,Dambovitei,Voluntari–Pipera,—,Ilfov,Nord,1
Staer 7,Staer 7,Decheanului,Voluntari–Pipera,—,Ilfov,Nord,1
Staer 7,Staer 7,Dimitrie Cantemir,Voluntari–Pipera,—,Ilfov,Nord,1
Staer 7,Staer 7,Dinu Pestritu,Voluntari–Pipera,—,Ilfov,Nord,1
Staer 7,Staer 7,Dracea Marin,Voluntari–Pipera,—,Ilfov,Nord,1
Staer 7,Staer 7,Drumul Padurea Neagra,Voluntari–Pipera,—,Ilfov,Nord,1
Staer 7,Staer 7,Duzilor,Voluntari–Pipera,—,Ilfov,Nord,1
Staer 7,Staer 7,Ecaterina Teodoriu,Voluntari–Pipera,—,Ilfov,Nord,1
Staer 7,Staer 7,Ecaterina Teodoroiu,Voluntari–Pipera,—,Ilfov,Nord,1
Staer 7,Staer 7,Emil Garleanu,Voluntari–Pipera,—,Ilfov,Nord,1
Staer 7,Staer 7,Erou Constantin Ghita,Voluntari–Pipera,—,Ilfov,Nord,1
Staer 7,Staer 7,Erou Ghita Constantin,Voluntari–Pipera,—,Ilfov,Nord,1
Staer 7,Staer 7,Erou Nita Pintea,Voluntari–Pipera,—,Ilfov,Nord,1
Staer 7,Staer 7,Eroul Dumitru Chivu,Voluntari–Pipera,—,Ilfov,Nord,1
Staer 7,Staer 7,Eroul Iancu Nicolae,Voluntari–Pipera,—,Ilfov,Nord,1
Staer 7,Staer 7,Frasari,Voluntari–Pipera,—,Ilfov,Nord,1
Staer 7,Staer 7,Garoafelor,Voluntari–Pipera,—,Ilfov,Nord,1
Staer 7,Staer 7,George Bacovia (perla Residence),Voluntari–Pipera,—,Ilfov,Nord,1
Staer 7,Staer 7,George Enescu,Voluntari–Pipera,—,Ilfov,Nord,1
Staer 7,Staer 7,Gh. Doja,Voluntari–Pipera,—,Ilfov,Nord,1
Staer 7,Staer 7,Gura Leului,Voluntari–Pipera,—,Ilfov,Nord,1
Staer 7,Staer 7,Guraliului,Voluntari–Pipera,—,Ilfov,Nord,1
Staer 7,Staer 7,Hirsova,Voluntari–Pipera,—,Ilfov,Nord,1
Staer 7,Staer 7,Ialomita,Voluntari–Pipera,—,Ilfov,Nord,1
Staer 7,Staer 7,Iancu Brezeanu,Voluntari–Pipera,—,Ilfov,Nord,1
Staer 7,Staer 7,Int Stefanesti,Voluntari–Pipera,—,Ilfov,Nord,1
Staer 7,Staer 7,Int. Gica Petrescu,Voluntari–Pipera,—,Ilfov,Nord,1
Staer 7,Staer 7,Int. Vrancei,Voluntari–Pipera,—,Ilfov,Nord,1
Staer 7,Staer 7,Intrarea Area Becheanului,Voluntari–Pipera,—,Ilfov,Nord,1
Staer 7,Staer 7,Intrarea Area Daliei,Voluntari–Pipera,—,Ilfov,Nord,1
Staer 7,Staer 7,Intrarea Area Socului,Voluntari–Pipera,—,Ilfov,Nord,1
Staer 7,Staer 7,Intrarea Gica Petrescu,Voluntari–Pipera,—,Ilfov,Nord,1
Staer 7,Staer 7,Intrarea Zambilei,Voluntari–Pipera,—,Ilfov,Nord,1
Staer 7,Staer 7,Ion Fonaghi,Voluntari–Pipera,—,Ilfov,Nord,1
Staer 7,Staer 7,Ion Luca Caragile,Voluntari–Pipera,—,Ilfov,Nord,1
Staer 7,Staer 7,Ion S Ion,Voluntari–Pipera,—,Ilfov,Nord,1
Staer 7,Staer 7,La Dorali,Voluntari–Pipera,—,Ilfov,Nord,1
Staer 7,Staer 7,Livrat,Voluntari–Pipera,—,Ilfov,Nord,1
Staer 7,Staer 7,Lucaci,Voluntari–Pipera,—,Ilfov,Nord,1
Staer 7,Staer 7,Magazin Staer Pipera,Voluntari–Pipera,—,Ilfov,Nord,1
Staer 7,Staer 7,Magnoliei,Voluntari–Pipera,—,Ilfov,Nord,1
Staer 7,Staer 7,Mangalia,Voluntari–Pipera,—,Ilfov,Nord,1
Staer 7,Staer 7,Matei Milo,Voluntari–Pipera,—,Ilfov,Nord,1
Staer 7,Staer 7,Mesteacanului,Voluntari–Pipera,—,Ilfov,Nord,1
Staer 7,Staer 7,Mihai Viteazu,Voluntari–Pipera,—,Ilfov,Nord,1
Staer 7,Staer 7,Mihai Viteazul,Voluntari–Pipera,—,Ilfov,Nord,1
Staer 7,Staer 7,Mircea Eliade,Voluntari–Pipera,—,Ilfov,Nord,1
Staer 7,Staer 7,Munteniei,Voluntari–Pipera,—,Ilfov,Nord,1
Staer 7,Staer 7,Nicolae Iorga,Voluntari–Pipera,—,Ilfov,Nord,1
Staer 7,Staer 7,Nicu Leonard,Voluntari–Pipera,—,Ilfov,Nord,1
Staer 7,Staer 7,Orhideelor Casa 4,Voluntari–Pipera,—,Ilfov,Nord,1
Staer 7,Staer 7,Panselelor,Voluntari–Pipera,—,Ilfov,Nord,1
Staer 7,Staer 7,Pavel Tcacenco,Voluntari–Pipera,—,Ilfov,Nord,1
Staer 7,Staer 7,Pavel Tekacenco,Voluntari–Pipera,—,Ilfov,Nord,1
Staer 7,Staer 7,Pavel Tkacenco,Voluntari–Pipera,—,Ilfov,Nord,1
Staer 7,Staer 7,Pavel Tkacenko,Voluntari–Pipera,—,Ilfov,Nord,1
Staer 7,Staer 7,Pavel Tkcenko,Voluntari–Pipera,—,Ilfov,Nord,1
Staer 7,Staer 7,Pipera Tunari,Voluntari–Pipera,—,Ilfov,Nord,1
Staer 7,Staer 7,"Pipera,ibiza Sol",Voluntari–Pipera,—,Ilfov,Nord,1
Staer 7,Staer 7,Poapa Spaca,Voluntari–Pipera,—,Ilfov,Nord,1
Staer 7,Staer 7,Pompiliu Stefu,Voluntari–Pipera,—,Ilfov,Nord,1
Staer 7,Staer 7,Popiliu Stefu,Voluntari–Pipera,—,Ilfov,Nord,1
Staer 7,Staer 7,Predeal,Voluntari–Pipera,—,Ilfov,Nord,1
Staer 7,Staer 7,Principala,Voluntari–Pipera,—,Ilfov,Nord,1
Staer 7,Staer 7,Rodica,Voluntari–Pipera,—,Ilfov,Nord,1
Staer 7,Staer 7,Roza Luxembourg,Voluntari–Pipera,—,Ilfov,Nord,1
Staer 7,Staer 7,Roza Luxumburg,Voluntari–Pipera,—,Ilfov,Nord,1
Staer 7,Staer 7,Rozelor,Voluntari–Pipera,—,Ilfov,Nord,1
Staer 7,Staer 7,Salciei,Voluntari–Pipera,—,Ilfov,Nord,1
Staer 7,Staer 7,Sat Tirnava,Voluntari–Pipera,—,Ilfov,Nord,1
Staer 7,Staer 7,Serban Ion,Voluntari–Pipera,—,Ilfov,Nord,1
Staer 7,Staer 7,Sion Ion,Voluntari–Pipera,—,Ilfov,Nord,1
Staer 7,Staer 7,Snagov,Voluntari–Pipera,—,Ilfov,Nord,1
Staer 7,Staer 7,Stefan Mihailescu Braila,Voluntari–Pipera,—,Ilfov,Nord,1
Staer 7,Staer 7,Stefanesti,Voluntari–Pipera,—,Ilfov,Nord,1
Staer 7,Staer 7,Șoseaua Bucuresti Nord Rezident 5,Voluntari–Pipera,—,Ilfov,Nord,1
Staer 7,Staer 7,Șoseaua Centurii,Voluntari–Pipera,—,Ilfov,Nord,1
Staer 7,Staer 7,Șoseaua Colentina(adresa de Livrare E Alta),Voluntari–Pipera,—,Ilfov,Nord,1
Staer 7,Staer 7,Șoseaua De Centura,Voluntari–Pipera,—,Ilfov,Nord,1
Staer 7,Staer 7,Șoseaua Erou Iancu Nicolae,Voluntari–Pipera,—,Ilfov,Nord,1
Staer 7,Staer 7,Șoseaua Pipera,Voluntari–Pipera,—,Ilfov,Nord,1
Staer 7,Staer 7,Șoseaua Sahoia,Voluntari–Pipera,—,Ilfov,Nord,1
Staer 7,Staer 7,Șoseaua Voluntari,Voluntari–Pipera,—,Ilfov,Nord,1
Staer 7,Staer 7,Tarnavei,Voluntari–Pipera,—,Ilfov,Nord,1
Staer 7,Staer 7,Vartejului,Voluntari–Pipera,—,Ilfov,Nord,1
Staer 7,Staer 7,Vasile Alecsandri,Voluntari–Pipera,—,Ilfov,Nord,1
Staer 7,Staer 7,Vasile Roaita (nicolae Grigorescu),Voluntari–Pipera,—,Ilfov,Nord,1
Staer 7,Staer 7,Viorele,Voluntari–Pipera,—,Ilfov,Nord,1
Staer 7,Staer 7,Xandru Vlafuta,Voluntari–Pipera,—,Ilfov,Nord,1
Staer 7,Staer 7,Zorele,Voluntari–Pipera,—,Ilfov,Nord,1
Staer 7,Staer 7,Zorelor,Voluntari–Pipera,—,Ilfov,Nord,1
Staer 7,Staer 7,Șoseaua Eaua Bucuresti Nord,Voluntari–Pipera,—,Ilfov,Nord,1
Staer 7,Staer 7,Camil Petrescu,Ștefăneștii de Jos,—,Ilfov,Nord-Est,1
Staer 7,Staer 7,Popasului,Voluntari–Pipera,—,Ilfov,Nord,1
Staer 7,Staer 7,Șoseaua Afumati,Voluntari–Pipera,—,Ilfov,Nord,1
Staer 7,Staer 7,Bv Eroilor,Voluntari–Pipera,—,Ilfov,Nord,1
Staer 7,Staer 7,Bulevardul Pipera,Voluntari–Pipera,—,Ilfov,Nord,1
Staer 7,Staer 7,Șoseaua Pipera-Tunari,Voluntari–Pipera,—,Ilfov,Nord,1
Staer 7,Staer 7,Studioului,Buftea,—,Ilfov,Nord,1
Staer 7,Staer 7,Florilor,Snagov,—,Ilfov,Nord,1
Staer 7,Staer 7,Baku,Afumați,—,Ilfov,Nord-Est,1
Staer 7,Staer 7,Bucuresti-Urziceni,Afumați,—,Ilfov,Nord-Est,1
Staer 7,Staer 7,Caisului,Afumați,—,Ilfov,Nord-Est,1
Staer 7,Staer 7,Șoseaua Ganeasa,Afumați,—,Ilfov,Nord-Est,1
Staer 7,Staer 7,Columnelor,Zona Rahova,—,Ilfov,Ilfov neatribuit,1
Staer 7,Staer 7,Șoseaua Stefanesti ( Blvd Eroilor ),Ștefăneștii de Jos,—,Ilfov,Nord-Est,1
Staer 7,Staer 7,U Fermei,Popești-Leordeni,—,Ilfov,Sud,1
Staer 7,Staer 7,Aleea Ea Morii,Jilava,—,Ilfov,Sud,1
Staer 7,Staer 7,Privighetorilor,Zona/baneasa,—,Ilfov,Ilfov neatribuit,1
Staer 7,Staer 7,Bihor,Pantelimon,—,Ilfov,Nord-Est,1
Staer 7,Staer 7,Dimitrie Cantemir,Afumați,—,Ilfov,Nord-Est,1
Staer 7,Staer 7,Ioan Slavici,Măgurele,—,Ilfov,Sud-Vest,1
Staer 7,Staer 7,Frasari,Voluntari–Pipera,—,Ilfov,Nord,1
Staer 7,Staer 7,Șoseaua Snagov,Snagov,—,Ilfov,Nord,1
Staer 7,Staer 7,Carpati,Voluntari–Pipera,—,Ilfov,Nord,1
Staer 7,Staer 7,Petofisandor,Voluntari–Pipera,—,Ilfov,Nord,1
Staer 7,Staer 7,Poet Andrei-Muresan,Voluntari–Pipera,—,Ilfov,Nord,1
Staer 7,Staer 7,Rozelor,Voluntari–Pipera,—,Ilfov,Nord,1
Staer 7,Staer 7,Siret,Voluntari–Pipera,—,Ilfov,Nord,1
Staer 9,Staer 9,Albac,Sector 1,Sector 1,București,Nord,1
Staer 9,Staer 9,Aleea Ea Teisani,Sector 1,Sector 1,București,Nord,1
Staer 9,Staer 9,X Donici,Sector 2,Sector 2,București,Nord-Est,1
Staer 9,Staer 9,Strada Lugojana,Sector 3,Sector 3,București,Est,1
Staer 9,Staer 9,Buturugilor,Sector 5,Sector 5,București,Sud-Vest,1
Staer 9,Staer 9,Gheorghieni,Sector 5,Sector 5,București,Sud-Vest,1
Staer 9,Staer 9,Nedeleanu Ion,Sector 5,Sector 5,București,Sud-Vest,1
Staer 9,Staer 9,Serg Turturica,Sector 5,Sector 5,București,Sud-Vest,1
Staer 9,Staer 9,Sold Modoran Ene,Sector 5,Sector 5,București,Sud-Vest,1
Staer 9,Staer 9,Bulevardul Timișoara,Sector 6,Sector 6,București,Vest,1
Staer 9,Staer 9,Calea Apeductului,Sector 6,Sector 6,București,Vest,1
Staer 9,Staer 9,Drumul Belsugului,Sector 6,Sector 6,București,Vest,1
Staer 9,Staer 9,Latea Gheorghe,Sector 6,Sector 6,București,Vest,1
Staer 9,Staer 9,Mohorului,Sector 6,Sector 6,București,Vest,1
Staer 9,Staer 9,Paduretu,Sector 6,Sector 6,București,Vest,1
Staer 9,Staer 9,Aleea Cetatea Veche,Sector 4,Sector 4,București,Sud,1
Staer 9,Staer 9,Ciresului,Sector 2,Sector 2,București,Nord-Est,1
Staer 9,Staer 9,Malu Spart,București neatribuit,București neatribuit,București,București neatribuit,1
Staer 9,Staer 9,Costache Conachi,Sector 2,Sector 2,București,Nord-Est,1
Staer 9,Staer 9,Novaci,Sector 5,Sector 5,București,Sud-Vest,1
Staer 9,Staer 9,Dr Iacob Felix,Sector 1,Sector 1,București,Nord,1
Staer 9,Staer 9,Dr Garii,Sector 2,Sector 2,București,Nord-Est,1
Staer 9,Staer 9,Ion Nistor,Sector 2,Sector 2,București,Nord-Est,1
Staer 9,Staer 9,Iancu Cojescu,Sector 4,Sector 4,București,Sud,1
Staer 9,Staer 9,Spineni,Sector 4,Sector 4,București,Sud,1
Staer 9,Staer 9,Bulevardul 1 Mai,Sector 6,Sector 6,București,Vest,1
Staer 9,Staer 9,Bulevardul Basarabia,București neatribuit,București neatribuit,București,București neatribuit,1
Staer 9,Staer 9,Al. M Oruzzi,București neatribuit,București neatribuit,București,București neatribuit,1
Staer 9,Staer 9,Aleea Aliorului,Sector 4,Sector 4,București,Sud,1
Staer 9,Staer 9,Aleea Baia de Aries,Sector 6,Sector 6,București,Vest,1
Staer 9,Staer 9,Aleea Baiut,Sector 6,Sector 6,București,Vest,1
Staer 9,Staer 9,Aleea Covasna,Sector 4,Sector 4,București,Sud,1
Staer 9,Staer 9,Aleea D-Soara Pogany,București neatribuit,București neatribuit,București,București neatribuit,1
Staer 9,Staer 9,Aleea Ea Arinii Dornei,Sector 6,Sector 6,București,Vest,1
Staer 9,Staer 9,Aleea Ea Banul Udrea,Sector 3,Sector 3,București,Est,1
Staer 9,Staer 9,Aleea Ea Botorani,Sector 5,Sector 5,București,Sud-Vest,1
Staer 9,Staer 9,Aleea Ea Callatis,Sector 6,Sector 6,București,Vest,1
Staer 9,Staer 9,Aleea Ea Compozitorilor,Sector 6,Sector 6,București,Vest,1
Staer 9,Staer 9,Aleea Ea Dumbravita,Sector 6,Sector 6,București,Vest,1
Staer 9,Staer 9,Aleea Ea Istru,București neatribuit,București neatribuit,București,București neatribuit,1
Staer 9,Staer 9,Aleea Ea Platanului,Sector 5,Sector 5,București,Sud-Vest,1
Staer 9,Staer 9,Aleea Ea Poarta Alba,Sector 6,Sector 6,București,Vest,1
Staer 9,Staer 9,Aleea Ea Poiana Muntelui,Sector 6,Sector 6,București,Vest,1
Staer 9,Staer 9,Aleea Ea Poiana Sibiului,București neatribuit,București neatribuit,București,București neatribuit,1
Staer 9,Staer 9,Aleea Ea Pravat,Sector 6,Sector 6,București,Vest,1
Staer 9,Staer 9,Aleea Ea Salaj,Sector 5,Sector 5,București,Sud-Vest,1
Staer 9,Staer 9,Aleea Ea Somesul Mare,Sector 4,Sector 4,București,Sud,1
Staer 9,Staer 9,Aleea Ea Tibles,București neatribuit,București neatribuit,București,București neatribuit,1
Staer 9,Staer 9,Aleea Ea Valea Viilor,Sector 6,Sector 6,București,Vest,1
Staer 9,Staer 9,Aleea Otesani,Sector 2,Sector 2,București,Nord-Est,1
Staer 9,Staer 9,Aleea Padurea Craiului,Sector 3,Sector 3,București,Est,1
Staer 9,Staer 9,Aleea Pascani,Sector 6,Sector 6,București,Vest,1
Staer 9,Staer 9,Aleea Piatra Mare,Sector 2,Sector 2,București,Nord-Est,1
Staer 9,Staer 9,Aleea Prevederii,Sector 3,Sector 3,București,Est,1
Staer 9,Staer 9,Aleea Tincani,Sector 6,Sector 6,București,Vest,1
Staer 9,Staer 9,Alunului,București neatribuit,București neatribuit,București,București neatribuit,1
Staer 9,Staer 9,Amosilor,Sector 6,Sector 6,București,Vest,1
Staer 9,Staer 9,Anteaeriana,București neatribuit,București neatribuit,București,București neatribuit,1
Staer 9,Staer 9,Arh. Grigore Ionescu,București neatribuit,București neatribuit,București,București neatribuit,1
Staer 9,Staer 9,Aripilor,București neatribuit,București neatribuit,București,București neatribuit,1
Staer 9,Staer 9,Asta,București neatribuit,București neatribuit,București,București neatribuit,1
Staer 9,Staer 9,Aviator Radu Beller,București neatribuit,București neatribuit,București,București neatribuit,1
Staer 9,Staer 9,Baba Novac,București neatribuit,București neatribuit,București,București neatribuit,1
Staer 9,Staer 9,Baciului,Sector 5,Sector 5,București,Sud-Vest,1
Staer 9,Staer 9,Berveni,Sector 1,Sector 1,București,Nord,1
Staer 9,Staer 9,Bodesti,Sector 2,Sector 2,București,Nord-Est,1
Staer 9,Staer 9,Branusei,București neatribuit,București neatribuit,București,București neatribuit,1
Staer 9,Staer 9,Bulevardul Alexandru Obregia,București neatribuit,București neatribuit,București,București neatribuit,1
Staer 9,Staer 9,Bulevardul Basarabiei,Sector 2,Sector 2,București,Nord-Est,1
Staer 9,Staer 9,Bulevardul Bucureștii Noi,Sector 1,Sector 1,București,Nord,1
Staer 9,Staer 9,Bulevardul Carol 1,București neatribuit,București neatribuit,București,București neatribuit,1
Staer 9,Staer 9,Bulevardul Const Brancoveanu,Sector 4,Sector 4,București,Sud,1
Staer 9,Staer 9,Bulevardul Eroilor,București neatribuit,București neatribuit,București,București neatribuit,1
Staer 9,Staer 9,Bulevardul Gheorghe Sincai,București neatribuit,București neatribuit,București,București neatribuit,1
Staer 9,Staer 9,Bulevardul Libertatii,București neatribuit,București neatribuit,București,București neatribuit,1
Staer 9,Staer 9,Bulevardul Mircea Vodă,Sector 3,Sector 3,București,Est,1
Staer 9,Staer 9,Bulevardul Natiunilor Unite,București neatribuit,București neatribuit,București,București neatribuit,1
Staer 9,Staer 9,Bulevardul Pictor Nicolae Grigorescu,Sector 3,Sector 3,București,Est,1
Staer 9,Staer 9,Bulevardul Poligrafiei,București neatribuit,București neatribuit,București,București neatribuit,1
Staer 9,Staer 9,Bulevardul Regina Maria,Sector 4,Sector 4,București,Sud,1
Staer 9,Staer 9,Bulevardul Theodor Paladi,București neatribuit,București neatribuit,București,București neatribuit,1
Staer 9,Staer 9,Bulevardul Theodor Pallady,Sector 3,Sector 3,București,Est,1
Staer 9,Staer 9,Bulevardul Tineretului,București neatribuit,București neatribuit,București,București neatribuit,1
Staer 9,Staer 9,Bulevardul Tudor Vladimirescu,București neatribuit,București neatribuit,București,București neatribuit,1
Staer 9,Staer 9,Bulevardul Unirii,București neatribuit,București neatribuit,București,București neatribuit,1
Staer 9,Staer 9,Bulevardul Uverturii,Sector 6,Sector 6,București,Vest,1
Staer 9,Staer 9,Bulevardul Vasile Milea,Sector 6,Sector 6,București,Vest,1
Staer 9,Staer 9,Bulevardul X Serbanescu,București neatribuit,București neatribuit,București,București neatribuit,1
Staer 9,Staer 9,Calea Bucuresti,București neatribuit,București neatribuit,București,București neatribuit,1
Staer 9,Staer 9,Calea Ea Crângași,Sector 6,Sector 6,București,Vest,1
Staer 9,Staer 9,Calea Ea Ferentari,Sector 5,Sector 5,București,Sud-Vest,1
Staer 9,Staer 9,Calea Ea Plevnei,București neatribuit,București neatribuit,București,București neatribuit,1
Staer 9,Staer 9,Campului,București neatribuit,București neatribuit,București,București neatribuit,1
Staer 9,Staer 9,Cazzavillan Luiggi,București neatribuit,București neatribuit,București,București neatribuit,1
Staer 9,Staer 9,Cercului,Sector 2,Sector 2,București,Nord-Est,1
Staer 9,Staer 9,Cernisoara,Sector 6,Sector 6,București,Vest,1
Staer 9,Staer 9,Constantin Stere,București neatribuit,București neatribuit,București,București neatribuit,1
Staer 9,Staer 9,Copsa Mica,București neatribuit,București neatribuit,București,București neatribuit,1
Staer 9,Staer 9,Cotnari,București neatribuit,București neatribuit,București,București neatribuit,1
Staer 9,Staer 9,Cpt Garbea Ion,București neatribuit,București neatribuit,București,București neatribuit,1
Staer 9,Staer 9,Crasna,București neatribuit,București neatribuit,București,București neatribuit,1
Staer 9,Staer 9,Cristian Tell,București neatribuit,București neatribuit,București,București neatribuit,1
Staer 9,Staer 9,Dealul Negru,București neatribuit,București neatribuit,București,București neatribuit,1
Staer 9,Staer 9,Delea Noua,București neatribuit,București neatribuit,București,București neatribuit,1
Staer 9,Staer 9,Delfinului,Sector 2,Sector 2,București,Nord-Est,1
Staer 9,Staer 9,Dimitrie Marinescu,București neatribuit,București neatribuit,București,București neatribuit,1
Staer 9,Staer 9,Dr Buicliu Cristea,București neatribuit,București neatribuit,București,București neatribuit,1
Staer 9,Staer 9,Dr Cricovului,București neatribuit,București neatribuit,București,București neatribuit,1
Staer 9,Staer 9,Dr Fermei,București neatribuit,București neatribuit,București,București neatribuit,1
Staer 9,Staer 9,Dr Jilavei,Sector 4,Sector 4,București,Sud,1
Staer 9,Staer 9,Dr Padurea Neagra,București neatribuit,București neatribuit,București,București neatribuit,1
Staer 9,Staer 9,Dr Taberei,Sector 6,Sector 6,București,Vest,1
Staer 9,Staer 9,Dr Timonierului,Sector 6,Sector 6,București,Vest,1
Staer 9,Staer 9,Dr Valea Danului,București neatribuit,București neatribuit,București,București neatribuit,1
Staer 9,Staer 9,Dr.valea Furci,București neatribuit,București neatribuit,București,București neatribuit,1
Staer 9,Staer 9,Drumul Belsugului,Sector 6,Sector 6,București,Vest,1
Staer 9,Staer 9,Drumul Binelui,Sector 4,Sector 4,București,Sud,1
Staer 9,Staer 9,Drumul Cretestilor,Sector 4,Sector 4,București,Sud,1
Staer 9,Staer 9,Drumul Ghindari,Sector 5,Sector 5,București,Sud-Vest,1
Staer 9,Staer 9,Drumul La Rosu,Sector 6,Sector 6,București,Vest,1
Staer 9,Staer 9,Drumul Opalului,Sector 1,Sector 1,București,Nord,1
Staer 9,Staer 9,Drumul Valea Doftanei,Sector 6,Sector 6,București,Vest,1
Staer 9,Staer 9,Episcop Vulcan,București neatribuit,București neatribuit,București,București neatribuit,1
Staer 9,Staer 9,Gherghitei,Sector 2,Sector 2,București,Nord-Est,1
Staer 9,Staer 9,Giurgiului,Sector 4,Sector 4,București,Sud,1
Staer 9,Staer 9,Govora,Sector 4,Sector 4,București,Sud,1
Staer 9,Staer 9,Grigore Moisil,Sector 2,Sector 2,București,Nord-Est,1
Staer 9,Staer 9,Grivitei,București neatribuit,București neatribuit,București,București neatribuit,1
Staer 9,Staer 9,Harghita,București neatribuit,București neatribuit,București,București neatribuit,1
Staer 9,Staer 9,Ilie Mihai,București neatribuit,București neatribuit,București,București neatribuit,1
Staer 9,Staer 9,Industriilor,Sector 3,Sector 3,București,Est,1
Staer 9,Staer 9,Int.pinului,București neatribuit,București neatribuit,București,București neatribuit,1
Staer 9,Staer 9,Int.vacaresti,București neatribuit,București neatribuit,București,București neatribuit,1
Staer 9,Staer 9,Intrarea Area Giulesti Sarindari,București neatribuit,București neatribuit,București,București neatribuit,1
Staer 9,Staer 9,Intrarea Area Ostroveni,București neatribuit,București neatribuit,București,București neatribuit,1
Staer 9,Staer 9,Intrarea Area Puntii,București neatribuit,București neatribuit,București,București neatribuit,1
Staer 9,Staer 9,Intrarea Area Rezervelor,București neatribuit,București neatribuit,București,București neatribuit,1
Staer 9,Staer 9,Intrarea Doctor Felix,Sector 1,Sector 1,București,Nord,1
Staer 9,Staer 9,Intrarea Dr Belsugului,Sector 6,Sector 6,București,Vest,1
Staer 9,Staer 9,Intrarea Salcamilor,București neatribuit,București neatribuit,București,București neatribuit,1
Staer 9,Staer 9,Intrarea Stefan Voda,București neatribuit,București neatribuit,București,București neatribuit,1
Staer 9,Staer 9,Intrarea Viitorului,București neatribuit,București neatribuit,București,București neatribuit,1
Staer 9,Staer 9,Invalid Suliga Ion,București neatribuit,București neatribuit,București,București neatribuit,1
Staer 9,Staer 9,Ion Brezoianu-Parc Cismigiu,București neatribuit,București neatribuit,București,București neatribuit,1
Staer 9,Staer 9,Ion Conea,București neatribuit,București neatribuit,București,București neatribuit,1
Staer 9,Staer 9,Ion Nedeleanu,București neatribuit,București neatribuit,București,București neatribuit,1
Staer 9,Staer 9,Ionel Fernic,București neatribuit,București neatribuit,București,București neatribuit,1
Staer 9,Staer 9,Latea Gheorghe,Sector 6,Sector 6,București,Vest,1
Staer 9,Staer 9,Lt. Gheorghe Saidac,Sector 6,Sector 6,București,Vest,1
Staer 9,Staer 9,Lucretu Patrascau,București neatribuit,București neatribuit,București,București neatribuit,1
Staer 9,Staer 9,Malcoci,Sector 5,Sector 5,București,Sud-Vest,1
Staer 9,Staer 9,Marului,Sector 3,Sector 3,București,Est,1
Staer 9,Staer 9,Masina de Paine,Sector 2,Sector 2,București,Nord-Est,1
Staer 9,Staer 9,Matache Dobrescu,București neatribuit,București neatribuit,București,București neatribuit,1
Staer 9,Staer 9,Melodiei,Sector 2,Sector 2,București,Nord-Est,1
Staer 9,Staer 9,Metro Militari,București neatribuit,București neatribuit,București,București neatribuit,1
Staer 9,Staer 9,Miercani,București neatribuit,București neatribuit,București,București neatribuit,1
Staer 9,Staer 9,Mihai Bravu,București neatribuit,București neatribuit,București,București neatribuit,1
Staer 9,Staer 9,Mihai Viteazu,București neatribuit,București neatribuit,București,București neatribuit,1
Staer 9,Staer 9,Mitropolitul Nifon,București neatribuit,București neatribuit,București,București neatribuit,1
Staer 9,Staer 9,Nicolae Titulescu,Sector 1,Sector 1,București,Nord,1
Staer 9,Staer 9,Nucsoara,Sector 6,Sector 6,București,Vest,1
Staer 9,Staer 9,Occidentului,București neatribuit,București neatribuit,București,București neatribuit,1
Staer 9,Staer 9,Paharnicului,București neatribuit,București neatribuit,București,București neatribuit,1
Staer 9,Staer 9,Partizanilor,Sector 6,Sector 6,București,Vest,1
Staer 9,Staer 9,Picopan,București neatribuit,București neatribuit,București,București neatribuit,1
Staer 9,Staer 9,Pietei,Sector 1,Sector 1,București,Nord,1
Staer 9,Staer 9,Poenari,București neatribuit,București neatribuit,București,București neatribuit,1
Staer 9,Staer 9,Poiana cu Aluni,București neatribuit,București neatribuit,București,București neatribuit,1
Staer 9,Staer 9,Prahova,București neatribuit,București neatribuit,București,București neatribuit,1
Staer 9,Staer 9,Pravat,Sector 6,Sector 6,București,Vest,1
Staer 9,Staer 9,Preciziei,Sector 6,Sector 6,București,Vest,1
Staer 9,Staer 9,Radovanu,Sector 2,Sector 2,București,Nord-Est,1
Staer 9,Staer 9,Rosetu,București neatribuit,București neatribuit,București,București neatribuit,1
Staer 9,Staer 9,Rosiori de Vede,București neatribuit,București neatribuit,București,București neatribuit,1
Staer 9,Staer 9,Rosiorii de Vede,București neatribuit,București neatribuit,București,București neatribuit,1
Staer 9,Staer 9,Saidac Gheorghe,București neatribuit,București neatribuit,București,București neatribuit,1
Staer 9,Staer 9,Salaj,Sector 5,Sector 5,București,Sud-Vest,1
Staer 9,Staer 9,Sandulesti,Sector 6,Sector 6,București,Vest,1
Staer 9,Staer 9,Sanzienei,București neatribuit,București neatribuit,București,București neatribuit,1
Staer 9,Staer 9,Schitului,Sector 3,Sector 3,București,Est,1
Staer 9,Staer 9,Serban Bogdan,București neatribuit,București neatribuit,București,București neatribuit,1
Staer 9,Staer 9,Serbota,București neatribuit,București neatribuit,București,București neatribuit,1
Staer 9,Staer 9,Serg Apostol Constantin,Sector 6,Sector 6,București,Vest,1
Staer 9,Staer 9,Serobota,București neatribuit,București neatribuit,București,București neatribuit,1
Staer 9,Staer 9,Sfantul Elefterie,București neatribuit,București neatribuit,București,București neatribuit,1
Staer 9,Staer 9,Sg Apostol,București neatribuit,București neatribuit,București,București neatribuit,1
Staer 9,Staer 9,Sg Constantin Somoiog,București neatribuit,București neatribuit,București,București neatribuit,1
Staer 9,Staer 9,Sg. Ion Iriceanu,București neatribuit,București neatribuit,București,București neatribuit,1
Staer 9,Staer 9,Simionescu Gheorghe,București neatribuit,București neatribuit,București,București neatribuit,1
Staer 9,Staer 9,Slt Pompiliu Manoliu,București neatribuit,București neatribuit,București,București neatribuit,1
Staer 9,Staer 9,Slt. Zambila Ionita,București neatribuit,București neatribuit,București,București neatribuit,1
Staer 9,Staer 9,Sold Ene Moldovan,București neatribuit,București neatribuit,București,București neatribuit,1
Staer 9,Staer 9,Soldanului,București neatribuit,București neatribuit,București,București neatribuit,1
Staer 9,Staer 9,Soldat Sebe Niculae,București neatribuit,București neatribuit,București,București neatribuit,1
Staer 9,Staer 9,Soldattudor Ion,București neatribuit,București neatribuit,București,București neatribuit,1
Staer 9,Staer 9,Srg Apostol Constantin,București neatribuit,București neatribuit,București,București neatribuit,1
Staer 9,Staer 9,Stefan cel Mare,București neatribuit,București neatribuit,București,București neatribuit,1
Staer 9,Staer 9,Stelian Mihai,București neatribuit,București neatribuit,București,București neatribuit,1
Staer 9,Staer 9,Stelian Mihale,Sector 3,Sector 3,București,Est,1
Staer 9,Staer 9,Strada Amintirii,Sector 1,Sector 1,București,Nord,1
Staer 9,Staer 9,Strada Biserica Mărcuța,Sector 2,Sector 2,București,Nord-Est,1
Staer 9,Staer 9,Strada Istriei,Sector 3,Sector 3,București,Est,1
Staer 9,Staer 9,Strada Jean Steriadi,Sector 3,Sector 3,București,Est,1
Staer 9,Staer 9,Strada Mihail Sebastian,Sector 5,Sector 5,București,Sud-Vest,1
Staer 9,Staer 9,Strada Nasaud,Sector 5,Sector 5,București,Sud-Vest,1
Staer 9,Staer 9,Strada Porumbacu,Sector 6,Sector 6,București,Vest,1
Staer 9,Staer 9,Strada Sold Ene Modoran,București neatribuit,București neatribuit,București,București neatribuit,1
Staer 9,Staer 9,Strada Turnu Măgurele,Sector 4,Sector 4,București,Sud,1
Staer 9,Staer 9,Strada Valea Argeșului,București neatribuit,București neatribuit,București,București neatribuit,1
Staer 9,Staer 9,Șoseaua Bucuresti-Urziceni,București neatribuit,București neatribuit,București,București neatribuit,1
Staer 9,Staer 9,Șoseaua Colentina,București neatribuit,București neatribuit,București,București neatribuit,1
Staer 9,Staer 9,Șoseaua Fundeni,Sector 2,Sector 2,București,Nord-Est,1
Staer 9,Staer 9,Șoseaua Nicolae Titulescu,Sector 1,Sector 1,București,Nord,1
Staer 9,Staer 9,Șoseaua Olteniței,Sector 4,Sector 4,București,Sud,1
Staer 9,Staer 9,Șoseaua Pantelimon,București neatribuit,București neatribuit,București,București neatribuit,1
Staer 9,Staer 9,Șoseaua Silstea,București neatribuit,București neatribuit,București,București neatribuit,1
Staer 9,Staer 9,Tg Neamt,București neatribuit,București neatribuit,București,București neatribuit,1
Staer 9,Staer 9,Th Sperantia,București neatribuit,București neatribuit,București,București neatribuit,1
Staer 9,Staer 9,Tintea,București neatribuit,București neatribuit,București,București neatribuit,1
Staer 9,Staer 9,Tmisoara,București neatribuit,București neatribuit,București,București neatribuit,1
Staer 9,Staer 9,Tolbei,București neatribuit,București neatribuit,București,București neatribuit,1
Staer 9,Staer 9,Tomis,Sector 3,Sector 3,București,Est,1
Staer 9,Staer 9,Topolovat,Sector 6,Sector 6,București,Vest,1
Staer 9,Staer 9,Topororasi,București neatribuit,București neatribuit,București,București neatribuit,1
Staer 9,Staer 9,Turda,Sector 1,Sector 1,București,Nord,1
Staer 9,Staer 9,Tusnad,Sector 2,Sector 2,București,Nord-Est,1
Staer 9,Staer 9,Uioara,Sector 4,Sector 4,București,Sud,1
Staer 9,Staer 9,Valea Furnicii,București neatribuit,București neatribuit,București,București neatribuit,1
Staer 9,Staer 9,Valea Ialomitei,Sector 6,Sector 6,București,Vest,1
Staer 9,Staer 9,Valea Oltului,Sector 6,Sector 6,București,Vest,1
Staer 9,Staer 9,Veteranilor,Sector 6,Sector 6,București,Vest,1
Staer 9,Staer 9,Vlad Dracu,Sector 3,Sector 3,București,Est,1
Staer 9,Staer 9,Vladeasa,Sector 6,Sector 6,București,Vest,1
Staer 9,Staer 9,Xandru Ipsilanti,București neatribuit,București neatribuit,București,București neatribuit,1
Staer 9,Staer 9,Zimnicea,București neatribuit,București neatribuit,București,București neatribuit,1
Staer 9,Staer 9,Aleea Raul Doamnei,Sector 6,Sector 6,București,Vest,1
Staer 9,Staer 9,Sg Apostol C Tin,București neatribuit,București neatribuit,București,București neatribuit,1
Staer 9,Staer 9,Capitan Ion Garbea,București neatribuit,București neatribuit,București,București neatribuit,1
Staer 9,Staer 9,Bulevardul Tineretului,București neatribuit,București neatribuit,București,București neatribuit,1
Staer 9,Staer 9,Dumitru Pipercu,București neatribuit,București neatribuit,București,București neatribuit,1
Staer 9,Staer 9,Rezervelor,Sector 6,Sector 6,București,Vest,1
Staer 9,Staer 9,Șoseaua Orhideelor,București neatribuit,București neatribuit,București,București neatribuit,1
Staer 9,Staer 9,Drumul Bacliului,București neatribuit,București neatribuit,București,București neatribuit,1
Staer 9,Staer 9,Drumul Bacriului,Sector 6,Sector 6,București,Vest,1
Staer 9,Staer 9,Șoseaua Eaua Banatului ( Se Intra Prin Lalelelor ),București neatribuit,București neatribuit,București,București neatribuit,1
Staer 9,Staer 9,Cobadin,Sector 5,Sector 5,București,Sud-Vest,1
Staer 9,Staer 9,Sarbi,București neatribuit,București neatribuit,București,București neatribuit,1
Staer 9,Staer 9,Schitului,Sector 3,Sector 3,București,Est,1
Staer 9,Staer 9,Drumul Taberei,Sector 6,Sector 6,București,Vest,1
Staer 9,Staer 9,Targul Neamt,București neatribuit,București neatribuit,București,București neatribuit,1
Staer 9,Staer 9,Viilor,București neatribuit,București neatribuit,București,București neatribuit,1
Staer 9,Staer 9,Ogorului,București neatribuit,București neatribuit,București,București neatribuit,1
Staer 9,Staer 9,Liliacului,București neatribuit,București neatribuit,București,București neatribuit,1
Staer 9,Staer 9,Giurgiului,Sector 4,Sector 4,București,Sud,1
Staer 9,Staer 9,Aleea Ea Zorelelor,Sector 6,Sector 6,București,Vest,1
Staer 9,Staer 9,George Ranetti,Sector 6,Sector 6,București,Vest,1
Staer 9,Staer 9,1,Sector 1,Sector 1,București,Nord,1
Staer 9,Staer 9,Academiei,Sector 1,Sector 1,București,Nord,1
Staer 9,Staer 9,Aiud,Sector 1,Sector 1,București,Nord,1
Staer 9,Staer 9,Aldeni,Sector 1,Sector 1,București,Nord,1
Staer 9,Staer 9,Aleea Aviatori Stalpeanu,Sector 1,Sector 1,București,Nord,1
Staer 9,Staer 9,Aleea Ea Domnisoara Pogany,Sector 1,Sector 1,București,Nord,1
Staer 9,Staer 9,Aleea Ea Hrisovului,Sector 1,Sector 1,București,Nord,1
Staer 9,Staer 9,Aleea Ea Meteorologiei,Sector 1,Sector 1,București,Nord,1
Staer 9,Staer 9,Aleea Ea Secuilor,Sector 1,Sector 1,București,Nord,1
Staer 9,Staer 9,Aleea Ea Teisan,Sector 1,Sector 1,București,Nord,1
Staer 9,Staer 9,Aleea Ea Turza,Sector 1,Sector 1,București,Nord,1
Staer 9,Staer 9,Amicitiei,Sector 1,Sector 1,București,Nord,1
Staer 9,Staer 9,Andrei Popovici,Sector 1,Sector 1,București,Nord,1
Staer 9,Staer 9,Ariei,Sector 1,Sector 1,București,Nord,1
Staer 9,Staer 9,Aron Cotrus,Sector 1,Sector 1,București,Nord,1
Staer 9,Staer 9,Atea Locot Dumitru Lemnea,Sector 1,Sector 1,București,Nord,1
Staer 9,Staer 9,Athanasie Enescu,Sector 1,Sector 1,București,Nord,1
Staer 9,Staer 9,Aurel Baesu,Sector 1,Sector 1,București,Nord,1
Staer 9,Staer 9,Av Stefan Protopopescu,Sector 1,Sector 1,București,Nord,1
Staer 9,Staer 9,Aviatorilor,Sector 1,Sector 1,București,Nord,1
Staer 9,Staer 9,Aviatror Popisteanu,Sector 1,Sector 1,București,Nord,1
Staer 9,Staer 9,Avionului,Sector 1,Sector 1,București,Nord,1
Staer 9,Staer 9,Axinte Uricariu,Sector 1,Sector 1,București,Nord,1
Staer 9,Staer 9,Axinte Uricariul,Sector 1,Sector 1,București,Nord,1
Staer 9,Staer 9,Balota,Sector 1,Sector 1,București,Nord,1
Staer 9,Staer 9,Banul Antonache,Sector 1,Sector 1,București,Nord,1
Staer 9,Staer 9,Barlogeni,Sector 1,Sector 1,București,Nord,1
Staer 9,Staer 9,Berzei,Sector 1,Sector 1,București,Nord,1
Staer 9,Staer 9,Biharia,Sector 1,Sector 1,București,Nord,1
Staer 9,Staer 9,Bihor,Sector 1,Sector 1,București,Nord,1
Staer 9,Staer 9,Bogdan Voda,Sector 1,Sector 1,București,Nord,1
Staer 9,Staer 9,Buc Noi,Sector 1,Sector 1,București,Nord,1
Staer 9,Staer 9,Bulevardul Ficusului,Sector 1,Sector 1,București,Nord,1
Staer 9,Staer 9,Bulevardul Garii de Nord,Sector 1,Sector 1,București,Nord,1
Staer 9,Staer 9,Bulevardul Lascar Catargiu,Sector 1,Sector 1,București,Nord,1
Staer 9,Staer 9,Bulevardul Luptatorilor,Sector 1,Sector 1,București,Nord,1
Staer 9,Staer 9,Bulevardul Mircea Eliade,Sector 1,Sector 1,București,Nord,1
Staer 9,Staer 9,Bulevardul N Titulescu,Sector 1,Sector 1,București,Nord,1
Staer 9,Staer 9,Bulevardul Nicolae Titulescu,Sector 1,Sector 1,București,Nord,1
Staer 9,Staer 9,Bulevardul Titulescu,Sector 1,Sector 1,București,Nord,1
Staer 9,Staer 9,Bulevardul Unirii,Sector 1,Sector 1,București,Nord,1
Staer 9,Staer 9,Bulevardul X Serbanescu,Sector 1,Sector 1,București,Nord,1
Staer 9,Staer 9,Ca Rosetti,Sector 1,Sector 1,București,Nord,1
Staer 9,Staer 9,Calea Ea Dorobantilor,Sector 1,Sector 1,București,Nord,1
Staer 9,Staer 9,Calea Grivetei,Sector 1,Sector 1,București,Nord,1
Staer 9,Staer 9,Calea Serban Voda,Sector 1,Sector 1,București,Nord,1
Staer 9,Staer 9,Campinita,Sector 1,Sector 1,București,Nord,1
Staer 9,Staer 9,Campul Pipera,Sector 1,Sector 1,București,Nord,1
Staer 9,Staer 9,Cap Aviator Vasile Serbanescu,Sector 1,Sector 1,București,Nord,1
Staer 9,Staer 9,Capalna,Sector 1,Sector 1,București,Nord,1
Staer 9,Staer 9,Capitan Alexandru Serbanescu,Sector 1,Sector 1,București,Nord,1
Staer 9,Staer 9,Carului,Sector 1,Sector 1,București,Nord,1
Staer 9,Staer 9,Castanului,Sector 1,Sector 1,București,Nord,1
Staer 9,Staer 9,Col Stefan Stoika,Sector 1,Sector 1,București,Nord,1
Staer 9,Staer 9,Comana,Sector 1,Sector 1,București,Nord,1
Staer 9,Staer 9,Constantin Aricescu,Sector 1,Sector 1,București,Nord,1
Staer 9,Staer 9,Constantin Caracas,Sector 1,Sector 1,București,Nord,1
Staer 9,Staer 9,Constantin Godeanu( Trusesti 45),Sector 1,Sector 1,București,Nord,1
Staer 9,Staer 9,Constantin Mille,Sector 1,Sector 1,București,Nord,1
Staer 9,Staer 9,Constantin Stere,Sector 1,Sector 1,București,Nord,1
Staer 9,Staer 9,Coralilor,Sector 1,Sector 1,București,Nord,1
Staer 9,Staer 9,Coriolan Caius Marcius,Sector 1,Sector 1,București,Nord,1
Staer 9,Staer 9,Cricov,Sector 1,Sector 1,București,Nord,1
Staer 9,Staer 9,Crinului,Sector 1,Sector 1,București,Nord,1
Staer 9,Staer 9,Crusovat,Sector 1,Sector 1,București,Nord,1
Staer 9,Staer 9,Curtisoara,Sector 1,Sector 1,București,Nord,1
Staer 9,Staer 9,Daeni,Sector 1,Sector 1,București,Nord,1
Staer 9,Staer 9,Dealul Negru,Sector 1,Sector 1,București,Nord,1
Staer 9,Staer 9,Dej,Sector 1,Sector 1,București,Nord,1
Staer 9,Staer 9,Diamantului,Sector 1,Sector 1,București,Nord,1
Staer 9,Staer 9,Dirijorului,Sector 1,Sector 1,București,Nord,1
Staer 9,Staer 9,Dolomitului,Sector 1,Sector 1,București,Nord,1
Staer 9,Staer 9,Dorneasca,Sector 1,Sector 1,București,Nord,1
Staer 9,Staer 9,Dr Iacob Felic,Sector 1,Sector 1,București,Nord,1
Staer 9,Staer 9,Dr Nicolae Turnescu,Sector 1,Sector 1,București,Nord,1
Staer 9,Staer 9,Dr Padurea Mogosoaia,Sector 1,Sector 1,București,Nord,1
Staer 9,Staer 9,Dr Piata Haralambie Botescu,Sector 1,Sector 1,București,Nord,1
Staer 9,Staer 9,Dr Vasile Sion,Sector 1,Sector 1,București,Nord,1
Staer 9,Staer 9,Drumul Nadlac,Sector 1,Sector 1,București,Nord,1
Staer 9,Staer 9,Drumul Padurea Mogosoaia,Sector 1,Sector 1,București,Nord,1
Staer 9,Staer 9,Drumul Padurea Pusnicu,Sector 1,Sector 1,București,Nord,1
Staer 9,Staer 9,Drumul Regimentului,Sector 1,Sector 1,București,Nord,1
Staer 9,Staer 9,Dumitru Raducu Durbac,Sector 1,Sector 1,București,Nord,1
Staer 9,Staer 9,Dumitru Zosimma,Sector 1,Sector 1,București,Nord,1
Staer 9,Staer 9,Durau,Sector 1,Sector 1,București,Nord,1
Staer 9,Staer 9,Edgar Quinet,Sector 1,Sector 1,București,Nord,1
Staer 9,Staer 9,Episcopul Vulcan,Sector 1,Sector 1,București,Nord,1
Staer 9,Staer 9,Eugen Brote,Sector 1,Sector 1,București,Nord,1
Staer 9,Staer 9,Fabrica de Caramida,Sector 1,Sector 1,București,Nord,1
Staer 9,Staer 9,Fagului,Sector 1,Sector 1,București,Nord,1
Staer 9,Staer 9,Faurei,Sector 1,Sector 1,București,Nord,1
Staer 9,Staer 9,Fiordului,Sector 1,Sector 1,București,Nord,1
Staer 9,Staer 9,Francisc Munteanu,Sector 1,Sector 1,București,Nord,1
Staer 9,Staer 9,Frumoasa,Sector 1,Sector 1,București,Nord,1
Staer 9,Staer 9,Gala Galaction,Sector 1,Sector 1,București,Nord,1
Staer 9,Staer 9,Gen Berthelot,Sector 1,Sector 1,București,Nord,1
Staer 9,Staer 9,Gen Stefan Burileanu,Sector 1,Sector 1,București,Nord,1
Staer 9,Staer 9,Gen Vladoianu Barbu,Sector 1,Sector 1,București,Nord,1
Staer 9,Staer 9,General Athanasie Enescu,Sector 1,Sector 1,București,Nord,1
Staer 9,Staer 9,General Barbu Vladoianu,Sector 1,Sector 1,București,Nord,1
Staer 9,Staer 9,George Baritiu,Sector 1,Sector 1,București,Nord,1
Staer 9,Staer 9,George Missail,Sector 1,Sector 1,București,Nord,1
Staer 9,Staer 9,Ghe Polizu,Sector 1,Sector 1,București,Nord,1
Staer 9,Staer 9,Ghiozdanului,Sector 1,Sector 1,București,Nord,1
Staer 9,Staer 9,Grauntelui,Sector 1,Sector 1,București,Nord,1
Staer 9,Staer 9,Grigore Alexandrescu,Sector 1,Sector 1,București,Nord,1
Staer 9,Staer 9,Grigore Cobalcescu,Sector 1,Sector 1,București,Nord,1
Staer 9,Staer 9,Grigore Gafencu,Sector 1,Sector 1,București,Nord,1
Staer 9,Staer 9,Hatmanul Arbore,Sector 1,Sector 1,București,Nord,1
Staer 9,Staer 9,Hotin,Sector 1,Sector 1,București,Nord,1
Staer 9,Staer 9,Ing Zablovschi,Sector 1,Sector 1,București,Nord,1
Staer 9,Staer 9,Inginer Zablovschi,Sector 1,Sector 1,București,Nord,1
Staer 9,Staer 9,Inovatorilor,Sector 1,Sector 1,București,Nord,1
Staer 9,Staer 9,Intrarea Area Dumitru Lemnea,Sector 1,Sector 1,București,Nord,1
Staer 9,Staer 9,Intrarea Area Rigas,Sector 1,Sector 1,București,Nord,1
Staer 9,Staer 9,Intrarea Area Tocuului,Sector 1,Sector 1,București,Nord,1
Staer 9,Staer 9,Intrarea Armasului,Sector 1,Sector 1,București,Nord,1
Staer 9,Staer 9,Intrarea Teodor Iliescu,Sector 1,Sector 1,București,Nord,1
Staer 9,Staer 9,Iulian Mihi,Sector 1,Sector 1,București,Nord,1
Staer 9,Staer 9,Ivan Petrovici Pavlov,Sector 1,Sector 1,București,Nord,1
Staer 9,Staer 9,Jandarmeriei,Sector 1,Sector 1,București,Nord,1
Staer 9,Staer 9,Laculet,Sector 1,Sector 1,București,Nord,1
Staer 9,Staer 9,Lipova,Sector 1,Sector 1,București,Nord,1
Staer 9,Staer 9,Lonea,Sector 1,Sector 1,București,Nord,1
Staer 9,Staer 9,Lt Col Raducu Dumitru Durbac,Sector 1,Sector 1,București,Nord,1
Staer 9,Staer 9,Ludus,Sector 1,Sector 1,București,Nord,1
Staer 9,Staer 9,Lugoj,Sector 1,Sector 1,București,Nord,1
Staer 9,Staer 9,Luigi Cazzavillan,Sector 1,Sector 1,București,Nord,1
Staer 9,Staer 9,Macului,Sector 1,Sector 1,București,Nord,1
Staer 9,Staer 9,Maicanesti,Sector 1,Sector 1,București,Nord,1
Staer 9,Staer 9,Malul Mare,Sector 1,Sector 1,București,Nord,1
Staer 9,Staer 9,Malul MIC,Sector 1,Sector 1,București,Nord,1
Staer 9,Staer 9,Manzului,Sector 1,Sector 1,București,Nord,1
Staer 9,Staer 9,Marinarilor,Sector 1,Sector 1,București,Nord,1
Staer 9,Staer 9,Marmurei,Sector 1,Sector 1,București,Nord,1
Staer 9,Staer 9,Mihail Eminescu,Sector 1,Sector 1,București,Nord,1
Staer 9,Staer 9,Mihaileni,Sector 1,Sector 1,București,Nord,1
Staer 9,Staer 9,Mimozei,Sector 1,Sector 1,București,Nord,1
Staer 9,Staer 9,Mircea Vulcanescu,Sector 1,Sector 1,București,Nord,1
Staer 9,Staer 9,Mitop Andrei Saguna,Sector 1,Sector 1,București,Nord,1
Staer 9,Staer 9,Mitropolit Varlaam,Sector 1,Sector 1,București,Nord,1
Staer 9,Staer 9,Mitropolitul Andrei Saguna,Sector 1,Sector 1,București,Nord,1
Staer 9,Staer 9,Moldovei,Sector 1,Sector 1,București,Nord,1
Staer 9,Staer 9,Mralexandru Campeanu,Sector 1,Sector 1,București,Nord,1
Staer 9,Staer 9,Munteniei,Sector 1,Sector 1,București,Nord,1
Staer 9,Staer 9,N Constantinescu,Sector 1,Sector 1,București,Nord,1
Staer 9,Staer 9,Nae Caramfil,Sector 1,Sector 1,București,Nord,1
Staer 9,Staer 9,Natatiei,Sector 1,Sector 1,București,Nord,1
Staer 9,Staer 9,Nazarcea,Sector 1,Sector 1,București,Nord,1
Staer 9,Staer 9,Neatarnarii,Sector 1,Sector 1,București,Nord,1
Staer 9,Staer 9,Nicolae Caranfil,Sector 1,Sector 1,București,Nord,1
Staer 9,Staer 9,Nicolae Golescu,Sector 1,Sector 1,București,Nord,1
Staer 9,Staer 9,Nicolae Racota,Sector 1,Sector 1,București,Nord,1
Staer 9,Staer 9,Nicole Giulesteanu,Sector 1,Sector 1,București,Nord,1
Staer 9,Staer 9,Nuvelei,Sector 1,Sector 1,București,Nord,1
Staer 9,Staer 9,Oastei,Sector 1,Sector 1,București,Nord,1
Staer 9,Staer 9,Occidentului,Sector 1,Sector 1,București,Nord,1
Staer 9,Staer 9,Padurii,Sector 1,Sector 1,București,Nord,1
Staer 9,Staer 9,Pajura,Sector 1,Sector 1,București,Nord,1
Staer 9,Staer 9,Pecetei,Sector 1,Sector 1,București,Nord,1
Staer 9,Staer 9,Piata Romana,Sector 1,Sector 1,București,Nord,1
Staer 9,Staer 9,Piata Walter Maracineanu,Sector 1,Sector 1,București,Nord,1
Staer 9,Staer 9,Pietrosita,Sector 1,Sector 1,București,Nord,1
Staer 9,Staer 9,Pitar Mos,Sector 1,Sector 1,București,Nord,1
Staer 9,Staer 9,Plutasilor,Sector 1,Sector 1,București,Nord,1
Staer 9,Staer 9,Podului,Sector 1,Sector 1,București,Nord,1
Staer 9,Staer 9,Poetului,Sector 1,Sector 1,București,Nord,1
Staer 9,Staer 9,Popa Savu,Sector 1,Sector 1,București,Nord,1
Staer 9,Staer 9,Popa Tatu,Sector 1,Sector 1,București,Nord,1
Staer 9,Staer 9,Presei,Sector 1,Sector 1,București,Nord,1
Staer 9,Staer 9,Prometeu,Sector 1,Sector 1,București,Nord,1
Staer 9,Staer 9,Pta Romana,Sector 1,Sector 1,București,Nord,1
Staer 9,Staer 9,Puscasului,Sector 1,Sector 1,București,Nord,1
Staer 9,Staer 9,Putul de Piatra,Sector 1,Sector 1,București,Nord,1
Staer 9,Staer 9,Radu Popescu,Sector 1,Sector 1,București,Nord,1
Staer 9,Staer 9,Rahmaninov,Sector 1,Sector 1,București,Nord,1
Staer 9,Staer 9,Renasterii,Sector 1,Sector 1,București,Nord,1
Staer 9,Staer 9,Retortei,Sector 1,Sector 1,București,Nord,1
Staer 9,Staer 9,Rocadei,Sector 1,Sector 1,București,Nord,1
Staer 9,Staer 9,Rucar,Sector 1,Sector 1,București,Nord,1
Staer 9,Staer 9,Salva,Sector 1,Sector 1,București,Nord,1
Staer 9,Staer 9,Saveni,Sector 1,Sector 1,București,Nord,1
Staer 9,Staer 9,Schitul Magureanu,Sector 1,Sector 1,București,Nord,1
Staer 9,Staer 9,Sf Gheorghe,Sector 1,Sector 1,București,Nord,1
Staer 9,Staer 9,Sf Maria,Sector 1,Sector 1,București,Nord,1
Staer 9,Staer 9,Sfantul Constantin,Sector 1,Sector 1,București,Nord,1
Staer 9,Staer 9,Simeria,Sector 1,Sector 1,București,Nord,1
Staer 9,Staer 9,Siret,Sector 1,Sector 1,București,Nord,1
Staer 9,Staer 9,Soimului,Sector 1,Sector 1,București,Nord,1
Staer 9,Staer 9,Sold Ghe Buciumat,Sector 1,Sector 1,București,Nord,1
Staer 9,Staer 9,Sold Gheorghe Buciumat,Sector 1,Sector 1,București,Nord,1
Staer 9,Staer 9,Soldat Adrian Patru,Sector 1,Sector 1,București,Nord,1
Staer 9,Staer 9,Somesul Rece,Sector 1,Sector 1,București,Nord,1
Staer 9,Staer 9,Stanislav Cihoschi 10,Sector 1,Sector 1,București,Nord,1
Staer 9,Staer 9,Stefan cel Mare,Sector 1,Sector 1,București,Nord,1
Staer 9,Staer 9,Stefan Holban,Sector 1,Sector 1,București,Nord,1
Staer 9,Staer 9,Stefan Negulescu,Sector 1,Sector 1,București,Nord,1
Staer 9,Staer 9,Stelutei,Sector 1,Sector 1,București,Nord,1
Staer 9,Staer 9,Strada Amintirii,Sector 1,Sector 1,București,Nord,1
Staer 9,Staer 9,Strada Aviator Popișteanu,Sector 1,Sector 1,București,Nord,1
Staer 9,Staer 9,Strada Baia Sprie,Sector 1,Sector 1,București,Nord,1
Staer 9,Staer 9,Strada Buzești,Sector 1,Sector 1,București,Nord,1
Staer 9,Staer 9,Strada Căpriorilor,Sector 1,Sector 1,București,Nord,1
Staer 9,Staer 9,Strada Constantin Dobrogeanu Gherea,Sector 1,Sector 1,București,Nord,1
Staer 9,Staer 9,Strada G. Calinescu,Sector 1,Sector 1,București,Nord,1
Staer 9,Staer 9,Strada Hrisovului,Sector 1,Sector 1,București,Nord,1
Staer 9,Staer 9,Strada Moeciu,Sector 1,Sector 1,București,Nord,1
Staer 9,Staer 9,Strada Nicolae G. Caramfil,Sector 1,Sector 1,București,Nord,1
Staer 9,Staer 9,Strada Nicolae Giulesteanu,Sector 1,Sector 1,București,Nord,1
Staer 9,Staer 9,Strada Nicolae Iorga,Sector 1,Sector 1,București,Nord,1
Staer 9,Staer 9,Strada Producției,Sector 1,Sector 1,București,Nord,1
Staer 9,Staer 9,Strada Siriului,Sector 1,Sector 1,București,Nord,1
Staer 9,Staer 9,Strada Xandru cel Bun,Sector 1,Sector 1,București,Nord,1
Staer 9,Staer 9,Surorilor,Sector 1,Sector 1,București,Nord,1
Staer 9,Staer 9,Șoseaua Banatului,Sector 1,Sector 1,București,Nord,1
Staer 9,Staer 9,Șoseaua Bucuresti-Taragoviste,Sector 1,Sector 1,București,Nord,1
Staer 9,Staer 9,Șoseaua București-Ploiești,Sector 1,Sector 1,București,Nord,1
Staer 9,Staer 9,Șoseaua Chitillei,Sector 1,Sector 1,București,Nord,1
Staer 9,Staer 9,Tintasului,Sector 1,Sector 1,București,Nord,1
Staer 9,Staer 9,Tintea,Sector 1,Sector 1,București,Nord,1
Staer 9,Staer 9,Tolstoi,Sector 1,Sector 1,București,Nord,1
Staer 9,Staer 9,Trifesti,Sector 1,Sector 1,București,Nord,1
Staer 9,Staer 9,Turnu Rosu,Sector 1,Sector 1,București,Nord,1
Staer 9,Staer 9,Uruguay,Sector 1,Sector 1,București,Nord,1
Staer 9,Staer 9,Varful Inalt,Sector 1,Sector 1,București,Nord,1
Staer 9,Staer 9,Vasile Gherghel,Sector 1,Sector 1,București,Nord,1
Staer 9,Staer 9,Vasile Sion,Sector 1,Sector 1,București,Nord,1
Staer 9,Staer 9,Vestei,Sector 1,Sector 1,București,Nord,1
Staer 9,Staer 9,Virgil Madgearu,Sector 1,Sector 1,București,Nord,1
Staer 9,Staer 9,Visarion,Sector 1,Sector 1,București,Nord,1
Staer 9,Staer 9,X Donici,Sector 1,Sector 1,București,Nord,1
Staer 9,Staer 9,Xandru Constantinescu,Sector 1,Sector 1,București,Nord,1
Staer 9,Staer 9,Xandru Serbanescu,Sector 1,Sector 1,București,Nord,1
Staer 9,Staer 9,Xndru Serbanescu,Sector 1,Sector 1,București,Nord,1
Staer 9,Staer 9,Aleea Arh. Petre Antonescu,Sector 2,Sector 2,București,Nord-Est,1
Staer 9,Staer 9,Aleea Ea Circului,Sector 2,Sector 2,București,Nord-Est,1
Staer 9,Staer 9,Aleea Ea Codri Cosminului,Sector 2,Sector 2,București,Nord-Est,1
Staer 9,Staer 9,Aleea Ea Hobita,Sector 2,Sector 2,București,Nord-Est,1
Staer 9,Staer 9,Aleea Ea Ilia,Sector 2,Sector 2,București,Nord-Est,1
Staer 9,Staer 9,Aleea Ea Sinaia,Sector 2,Sector 2,București,Nord-Est,1
Staer 9,Staer 9,Aleea Ea Vergului,Sector 2,Sector 2,București,Nord-Est,1
Staer 9,Staer 9,Aleea Ea Zarandului,Sector 2,Sector 2,București,Nord-Est,1
Staer 9,Staer 9,Aleea Luncsoara,Sector 2,Sector 2,București,Nord-Est,1
Staer 9,Staer 9,Aleea Otesani,Sector 2,Sector 2,București,Nord-Est,1
Staer 9,Staer 9,Aleea Petre Antonescu,Sector 2,Sector 2,București,Nord-Est,1
Staer 9,Staer 9,Arhiereu Calist,Sector 2,Sector 2,București,Nord-Est,1
Staer 9,Staer 9,Arhitect Petre Antonescu,Sector 2,Sector 2,București,Nord-Est,1
Staer 9,Staer 9,Armasul Marcu,Sector 2,Sector 2,București,Nord-Est,1
Staer 9,Staer 9,Aromei,Sector 2,Sector 2,București,Nord-Est,1
Staer 9,Staer 9,Austrului,Sector 2,Sector 2,București,Nord-Est,1
Staer 9,Staer 9,Baia de Arama,Sector 2,Sector 2,București,Nord-Est,1
Staer 9,Staer 9,Banitei,Sector 2,Sector 2,București,Nord-Est,1
Staer 9,Staer 9,Barbat Voievod,Sector 2,Sector 2,București,Nord-Est,1
Staer 9,Staer 9,Bratului,Sector 2,Sector 2,București,Nord-Est,1
Staer 9,Staer 9,Bulevardul Carol,Sector 2,Sector 2,București,Nord-Est,1
Staer 9,Staer 9,Bulevardul Carol 1,Sector 2,Sector 2,București,Nord-Est,1
Staer 9,Staer 9,Bulevardul Dacia,Sector 2,Sector 2,București,Nord-Est,1
Staer 9,Staer 9,Bulevardul Ferdinant 1,Sector 2,Sector 2,București,Nord-Est,1
Staer 9,Staer 9,Bulevardul Ferdinant I,Sector 2,Sector 2,București,Nord-Est,1
Staer 9,Staer 9,Bulevardul Ferninant 1,Sector 2,Sector 2,București,Nord-Est,1
Staer 9,Staer 9,Bulevardul Ghica Tei,Sector 2,Sector 2,București,Nord-Est,1
Staer 9,Staer 9,Caimatei,Sector 2,Sector 2,București,Nord-Est,1
Staer 9,Staer 9,Cap Const Merisescu,Sector 2,Sector 2,București,Nord-Est,1
Staer 9,Staer 9,Capitan Ctin Merisescu,Sector 2,Sector 2,București,Nord-Est,1
Staer 9,Staer 9,Cercului,Sector 2,Sector 2,București,Nord-Est,1
Staer 9,Staer 9,Cimpul Pipera,Sector 2,Sector 2,București,Nord-Est,1
Staer 9,Staer 9,Comandor Eugen Botez,Sector 2,Sector 2,București,Nord-Est,1
Staer 9,Staer 9,Comarnic,Sector 2,Sector 2,București,Nord-Est,1
Staer 9,Staer 9,Crapului,Sector 2,Sector 2,București,Nord-Est,1
Staer 9,Staer 9,Declamarii,Sector 2,Sector 2,București,Nord-Est,1
Staer 9,Staer 9,Dimitrie Marinescu,Sector 2,Sector 2,București,Nord-Est,1
Staer 9,Staer 9,Dinu Vintila,Sector 2,Sector 2,București,Nord-Est,1
Staer 9,Staer 9,Dropiei,Sector 2,Sector 2,București,Nord-Est,1
Staer 9,Staer 9,Drumul Garii,Sector 2,Sector 2,București,Nord-Est,1
Staer 9,Staer 9,Drumul Padurea Mogosoaia,Sector 2,Sector 2,București,Nord-Est,1
Staer 9,Staer 9,Duetului,Sector 2,Sector 2,București,Nord-Est,1
Staer 9,Staer 9,Dumitru Cariagdi,Sector 2,Sector 2,București,Nord-Est,1
Staer 9,Staer 9,Elev Stefan Stefanescu,Sector 2,Sector 2,București,Nord-Est,1
Staer 9,Staer 9,Emisferei,Sector 2,Sector 2,București,Nord-Est,1
Staer 9,Staer 9,Episcop Radu,Sector 2,Sector 2,București,Nord-Est,1
Staer 9,Staer 9,Episcopul Radu,Sector 2,Sector 2,București,Nord-Est,1
Staer 9,Staer 9,Erou Constantin Bogorin,Sector 2,Sector 2,București,Nord-Est,1
Staer 9,Staer 9,Escalei,Sector 2,Sector 2,București,Nord-Est,1
Staer 9,Staer 9,Falticeni,Sector 2,Sector 2,București,Nord-Est,1
Staer 9,Staer 9,Fraului,Sector 2,Sector 2,București,Nord-Est,1
Staer 9,Staer 9,Frederico Chopin,Sector 2,Sector 2,București,Nord-Est,1
Staer 9,Staer 9,Gaterului,Sector 2,Sector 2,București,Nord-Est,1
Staer 9,Staer 9,Geamandurei,Sector 2,Sector 2,București,Nord-Est,1
Staer 9,Staer 9,Glinka,Sector 2,Sector 2,București,Nord-Est,1
Staer 9,Staer 9,Gorgan Spataru,Sector 2,Sector 2,București,Nord-Est,1
Staer 9,Staer 9,Gozdea+baicului,Sector 2,Sector 2,București,Nord-Est,1
Staer 9,Staer 9,Hatisului,Sector 2,Sector 2,București,Nord-Est,1
Staer 9,Staer 9,Icoanei,Sector 2,Sector 2,București,Nord-Est,1
Staer 9,Staer 9,Intrarea Area Chefalului,Sector 2,Sector 2,București,Nord-Est,1
Staer 9,Staer 9,Intrarea Area Diacului,Sector 2,Sector 2,București,Nord-Est,1
Staer 9,Staer 9,Intrarea Cobilitei,Sector 2,Sector 2,București,Nord-Est,1
Staer 9,Staer 9,Ion Luca Caragiale,Sector 2,Sector 2,București,Nord-Est,1
Staer 9,Staer 9,Lanului,Sector 2,Sector 2,București,Nord-Est,1
Staer 9,Staer 9,Laptari Tei,Sector 2,Sector 2,București,Nord-Est,1
Staer 9,Staer 9,Luntrei,Sector 2,Sector 2,București,Nord-Est,1
Staer 9,Staer 9,Magura Vaii,Sector 2,Sector 2,București,Nord-Est,1
Staer 9,Staer 9,Maior Bacila,Sector 2,Sector 2,București,Nord-Est,1
Staer 9,Staer 9,Maior Coravu,Sector 2,Sector 2,București,Nord-Est,1
Staer 9,Staer 9,Maria Ghiculeasa,Sector 2,Sector 2,București,Nord-Est,1
Staer 9,Staer 9,Matei Voievod,Sector 2,Sector 2,București,Nord-Est,1
Staer 9,Staer 9,Mr Vasile Bacila,Sector 2,Sector 2,București,Nord-Est,1
Staer 9,Staer 9,Nicolae Licaret,Sector 2,Sector 2,București,Nord-Est,1
Staer 9,Staer 9,Oborului Nou,Sector 2,Sector 2,București,Nord-Est,1
Staer 9,Staer 9,Orzari,Sector 2,Sector 2,București,Nord-Est,1
Staer 9,Staer 9,Pargarilor,Sector 2,Sector 2,București,Nord-Est,1
Staer 9,Staer 9,Pastorului,Sector 2,Sector 2,București,Nord-Est,1
Staer 9,Staer 9,Peris,Sector 2,Sector 2,București,Nord-Est,1
Staer 9,Staer 9,Pictor Alexandru Romano,Sector 2,Sector 2,București,Nord-Est,1
Staer 9,Staer 9,Plantelor,Sector 2,Sector 2,București,Nord-Est,1
Staer 9,Staer 9,Poet Theodor Neculuta,Sector 2,Sector 2,București,Nord-Est,1
Staer 9,Staer 9,Pompiliu Manoliu,Sector 2,Sector 2,București,Nord-Est,1
Staer 9,Staer 9,Popa Nicolae,Sector 2,Sector 2,București,Nord-Est,1
Staer 9,Staer 9,Rasnov,Sector 2,Sector 2,București,Nord-Est,1
Staer 9,Staer 9,Rauseni,Sector 2,Sector 2,București,Nord-Est,1
Staer 9,Staer 9,Referenului,Sector 2,Sector 2,București,Nord-Est,1
Staer 9,Staer 9,Ricinului,Sector 2,Sector 2,București,Nord-Est,1
Staer 9,Staer 9,Sachelarie Visarion,Sector 2,Sector 2,București,Nord-Est,1
Staer 9,Staer 9,Sapatarului,Sector 2,Sector 2,București,Nord-Est,1
Staer 9,Staer 9,Serii,Sector 2,Sector 2,București,Nord-Est,1
Staer 9,Staer 9,Sf Niceta,Sector 2,Sector 2,București,Nord-Est,1
Staer 9,Staer 9,Sg Simion Busuioc,Sector 2,Sector 2,București,Nord-Est,1
Staer 9,Staer 9,Sighisoara,Sector 2,Sector 2,București,Nord-Est,1
Staer 9,Staer 9,Simion Busuioc,Sector 2,Sector 2,București,Nord-Est,1
Staer 9,Staer 9,Slt Cristescu Dima,Sector 2,Sector 2,București,Nord-Est,1
Staer 9,Staer 9,Slt Pompiliu Manoliu,Sector 2,Sector 2,București,Nord-Est,1
Staer 9,Staer 9,Sold Marin Savu,Sector 2,Sector 2,București,Nord-Est,1
Staer 9,Staer 9,Sold Neagu Florea,Sector 2,Sector 2,București,Nord-Est,1
Staer 9,Staer 9,Soldat Zambila Ionita,Sector 2,Sector 2,București,Nord-Est,1
Staer 9,Staer 9,Spatarul Gorgan,Sector 2,Sector 2,București,Nord-Est,1
Staer 9,Staer 9,Spatarului,Sector 2,Sector 2,București,Nord-Est,1
Staer 9,Staer 9,Stefan Ciuca,Sector 2,Sector 2,București,Nord-Est,1
Staer 9,Staer 9,Stolnicu Vasile,Sector 2,Sector 2,București,Nord-Est,1
Staer 9,Staer 9,Strada Ardeleni,Sector 2,Sector 2,București,Nord-Est,1
Staer 9,Staer 9,Strada Căminului,Sector 2,Sector 2,București,Nord-Est,1
Staer 9,Staer 9,Strada Elena,Sector 2,Sector 2,București,Nord-Est,1
Staer 9,Staer 9,Strada Grigore C Moisil,Sector 2,Sector 2,București,Nord-Est,1
Staer 9,Staer 9,Strada Olimpiadei,Sector 2,Sector 2,București,Nord-Est,1
Staer 9,Staer 9,Strada Paul Greceanu,Sector 2,Sector 2,București,Nord-Est,1
Staer 9,Staer 9,Strada Sinaia,Sector 2,Sector 2,București,Nord-Est,1
Staer 9,Staer 9,Strada Teofil,Sector 2,Sector 2,București,Nord-Est,1
Staer 9,Staer 9,Strada Traian,Sector 2,Sector 2,București,Nord-Est,1
Staer 9,Staer 9,Șoseaua Bucuresti-Pipera,Sector 2,Sector 2,București,Nord-Est,1
Staer 9,Staer 9,Șoseaua Chitilei,Sector 2,Sector 2,București,Nord-Est,1
Staer 9,Staer 9,Șoseaua Dobroiesti,Sector 2,Sector 2,București,Nord-Est,1
Staer 9,Staer 9,Șoseaua Fabvrica de Glucoza,Sector 2,Sector 2,București,Nord-Est,1
Staer 9,Staer 9,Șoseaua Gherasei,Sector 2,Sector 2,București,Nord-Est,1
Staer 9,Staer 9,Teleajen,Sector 2,Sector 2,București,Nord-Est,1
Staer 9,Staer 9,Tunari,Sector 2,Sector 2,București,Nord-Est,1
Staer 9,Staer 9,Turnatorilor,Sector 2,Sector 2,București,Nord-Est,1
Staer 9,Staer 9,Tuzla,Sector 2,Sector 2,București,Nord-Est,1
Staer 9,Staer 9,Useni,Sector 2,Sector 2,București,Nord-Est,1
Staer 9,Staer 9,Vasile,Sector 2,Sector 2,București,Nord-Est,1
Staer 9,Staer 9,Vatra Luminoasa,Sector 2,Sector 2,București,Nord-Est,1
Staer 9,Staer 9,Visinilor,Sector 2,Sector 2,București,Nord-Est,1
Staer 9,Staer 9,Vrancioaia,Sector 2,Sector 2,București,Nord-Est,1
Staer 9,Staer 9,Zambilelor,Sector 2,Sector 2,București,Nord-Est,1
Staer 9,Staer 9,Zidurilor,Sector 2,Sector 2,București,Nord-Est,1
Staer 9,Staer 9,Agatha Barsescu,Sector 3,Sector 3,București,Est,1
Staer 9,Staer 9,Aghata Barsescu,Sector 3,Sector 3,București,Est,1
Staer 9,Staer 9,Aleea Apostol Margarit,Sector 3,Sector 3,București,Est,1
Staer 9,Staer 9,Aleea Avrig,Sector 3,Sector 3,București,Est,1
Staer 9,Staer 9,Aleea Banu Udrea,Sector 3,Sector 3,București,Est,1
Staer 9,Staer 9,Aleea Barajul Lotrului,Sector 3,Sector 3,București,Est,1
Staer 9,Staer 9,Aleea Ciucea,Sector 3,Sector 3,București,Est,1
Staer 9,Staer 9,Aleea Ea Baraj Bicaz,Sector 3,Sector 3,București,Est,1
Staer 9,Staer 9,Aleea Ea Barajul Cucutei,Sector 3,Sector 3,București,Est,1
Staer 9,Staer 9,Aleea Ea Budacu,Sector 3,Sector 3,București,Est,1
Staer 9,Staer 9,Aleea Ea Butacu,Sector 3,Sector 3,București,Est,1
Staer 9,Staer 9,Aleea Ea Carstea,Sector 3,Sector 3,București,Est,1
Staer 9,Staer 9,Aleea Ea Codrii Neamului,Sector 3,Sector 3,București,Est,1
Staer 9,Staer 9,Aleea Ea Eprubetei,Sector 3,Sector 3,București,Est,1
Staer 9,Staer 9,Aleea Ea Jieneasca,Sector 3,Sector 3,București,Est,1
Staer 9,Staer 9,Aleea Ea Lipanesti,Sector 3,Sector 3,București,Est,1
Staer 9,Staer 9,Aleea Ea Marius Emanoil Buteică 37,Sector 3,Sector 3,București,Est,1
Staer 9,Staer 9,Aleea Ea Mostistea,Sector 3,Sector 3,București,Est,1
Staer 9,Staer 9,Aleea Ea Motistea,Sector 3,Sector 3,București,Est,1
Staer 9,Staer 9,Aleea Ea Perisoru,Sector 3,Sector 3,București,Est,1
Staer 9,Staer 9,Aleea Ea Poet Dimitrie Anghel,Sector 3,Sector 3,București,Est,1
Staer 9,Staer 9,Aleea Ea Scolarilor,Sector 3,Sector 3,București,Est,1
Staer 9,Staer 9,Aleea Ea Suraia,Sector 3,Sector 3,București,Est,1
Staer 9,Staer 9,Aleea Ea Tornadei,Sector 3,Sector 3,București,Est,1
Staer 9,Staer 9,Aleea Leorda,Sector 3,Sector 3,București,Est,1
Staer 9,Staer 9,Aleea Mariu Emanoil Buteica,Sector 3,Sector 3,București,Est,1
Staer 9,Staer 9,Aleea Onisifor Ghibu,Sector 3,Sector 3,București,Est,1
Staer 9,Staer 9,Aleea Padurea Craiului,Sector 3,Sector 3,București,Est,1
Staer 9,Staer 9,Aleea Patulului,Sector 3,Sector 3,București,Est,1
Staer 9,Staer 9,Aleea Xandru Moruzzi,Sector 3,Sector 3,București,Est,1
Staer 9,Staer 9,Aleea Zavideni,Sector 3,Sector 3,București,Est,1
Staer 9,Staer 9,Anastasie Panu,Sector 3,Sector 3,București,Est,1
Staer 9,Staer 9,Andrei Birseanu,Sector 3,Sector 3,București,Est,1
Staer 9,Staer 9,Aurel Botea,Sector 3,Sector 3,București,Est,1
Staer 9,Staer 9,Baciu Judetul,Sector 3,Sector 3,București,Est,1
Staer 9,Staer 9,Baia Mare,Sector 3,Sector 3,București,Est,1
Staer 9,Staer 9,Banul Udrea,Sector 3,Sector 3,București,Est,1
Staer 9,Staer 9,Brailita,Sector 3,Sector 3,București,Est,1
Staer 9,Staer 9,Braza,Sector 3,Sector 3,București,Est,1
Staer 9,Staer 9,Bucovina,Sector 3,Sector 3,București,Est,1
Staer 9,Staer 9,Bulevardul 1 Decembrie,Sector 3,Sector 3,București,Est,1
Staer 9,Staer 9,Bulevardul Carol 1,Sector 3,Sector 3,București,Est,1
Staer 9,Staer 9,Bulevardul Decembrie 1918,Sector 3,Sector 3,București,Est,1
Staer 9,Staer 9,Bulevardul Energeticienilor,Sector 3,Sector 3,București,Est,1
Staer 9,Staer 9,Bulevardul Horia Macelariu,Sector 3,Sector 3,București,Est,1
Staer 9,Staer 9,Bulevardul I. C. Brătianu,Sector 3,Sector 3,București,Est,1
Staer 9,Staer 9,Bulevardul Th Pallady,Sector 3,Sector 3,București,Est,1
Staer 9,Staer 9,Bulevardul Theodor Palladi,Sector 3,Sector 3,București,Est,1
Staer 9,Staer 9,Bulevardul Theodor Palldy,Sector 3,Sector 3,București,Est,1
Staer 9,Staer 9,Bulevardul Uniri,Sector 3,Sector 3,București,Est,1
Staer 9,Staer 9,Burlusi,Sector 3,Sector 3,București,Est,1
Staer 9,Staer 9,Bvd Decebal,Sector 3,Sector 3,București,Est,1
Staer 9,Staer 9,Calea Ea Dudesti,Sector 3,Sector 3,București,Est,1
Staer 9,Staer 9,Calea Ea Victoriei,Sector 3,Sector 3,București,Est,1
Staer 9,Staer 9,Calea Mihai Bravu,Sector 3,Sector 3,București,Est,1
Staer 9,Staer 9,Calea Văcărești,Sector 3,Sector 3,București,Est,1
Staer 9,Staer 9,Camil Tessu,Sector 3,Sector 3,București,Est,1
Staer 9,Staer 9,Ceairului,Sector 3,Sector 3,București,Est,1
Staer 9,Staer 9,Chilioara,Sector 3,Sector 3,București,Est,1
Staer 9,Staer 9,Cluceru Udricani,Sector 3,Sector 3,București,Est,1
Staer 9,Staer 9,Cpt Nicolae Licaret,Sector 3,Sector 3,București,Est,1
Staer 9,Staer 9,Delea Noua,Sector 3,Sector 3,București,Est,1
Staer 9,Staer 9,Dr Calitei,Sector 3,Sector 3,București,Est,1
Staer 9,Staer 9,Dr Gura Crivatului,Sector 3,Sector 3,București,Est,1
Staer 9,Staer 9,Dr Gura Garlitei,Sector 3,Sector 3,București,Est,1
Staer 9,Staer 9,Dr Murgului,Sector 3,Sector 3,București,Est,1
Staer 9,Staer 9,Dristor,Sector 3,Sector 3,București,Est,1
Staer 9,Staer 9,"Dru,ul Gura Calitei",Sector 3,Sector 3,București,Est,1
Staer 9,Staer 9,Drumul Garlitei,Sector 3,Sector 3,București,Est,1
Staer 9,Staer 9,Drumul Între Tarlale,Sector 3,Sector 3,București,Est,1
Staer 9,Staer 9,Drumul Lunca Marcusului,Sector 3,Sector 3,București,Est,1
Staer 9,Staer 9,Drumul Lunca Sateasca,Sector 3,Sector 3,București,Est,1
Staer 9,Staer 9,Drumul Lunca Tarnavei,Sector 3,Sector 3,București,Est,1
Staer 9,Staer 9,Drumul Malu Mierii,Sector 3,Sector 3,București,Est,1
Staer 9,Staer 9,Drunul Gura Garlitei,Sector 3,Sector 3,București,Est,1
Staer 9,Staer 9,Dumitru Papazoglu,Sector 3,Sector 3,București,Est,1
Staer 9,Staer 9,Ecerii,Sector 3,Sector 3,București,Est,1
Staer 9,Staer 9,Fetitelor,Sector 3,Sector 3,București,Est,1
Staer 9,Staer 9,Franceza,Sector 3,Sector 3,București,Est,1
Staer 9,Staer 9,G.dem.teodorescu,Sector 3,Sector 3,București,Est,1
Staer 9,Staer 9,Gheorghe Doja,Sector 3,Sector 3,București,Est,1
Staer 9,Staer 9,Gospodariei,Sector 3,Sector 3,București,Est,1
Staer 9,Staer 9,Gruiul Argesului,Sector 3,Sector 3,București,Est,1
Staer 9,Staer 9,Gura Vadului,Sector 3,Sector 3,București,Est,1
Staer 9,Staer 9,Independentiei,Sector 3,Sector 3,București,Est,1
Staer 9,Staer 9,Intrarea Area Aniversarii,Sector 3,Sector 3,București,Est,1
Staer 9,Staer 9,Intrarea Area Badeni,Sector 3,Sector 3,București,Est,1
Staer 9,Staer 9,Intrarea Area Barsei,Sector 3,Sector 3,București,Est,1
Staer 9,Staer 9,Intrarea Area Patinoarului,Sector 3,Sector 3,București,Est,1
Staer 9,Staer 9,Intrarea Area Sectorului,Sector 3,Sector 3,București,Est,1
Staer 9,Staer 9,Intrarea Iuliu Valaori,Sector 3,Sector 3,București,Est,1
Staer 9,Staer 9,Intrarea Parfumului,Sector 3,Sector 3,București,Est,1
Staer 9,Staer 9,Invingatorilor,Sector 3,Sector 3,București,Est,1
Staer 9,Staer 9,Ioan C Filitti,Sector 3,Sector 3,București,Est,1
Staer 9,Staer 9,Ion Pilac,Sector 3,Sector 3,București,Est,1
Staer 9,Staer 9,Ion Voinescu,Sector 3,Sector 3,București,Est,1
Staer 9,Staer 9,Laboratorul,Sector 3,Sector 3,București,Est,1
Staer 9,Staer 9,Lct Colonel Dumitru Papazoglu,Sector 3,Sector 3,București,Est,1
Staer 9,Staer 9,Licurici,Sector 3,Sector 3,București,Est,1
Staer 9,Staer 9,Liviu Rebleanu,Sector 3,Sector 3,București,Est,1
Staer 9,Staer 9,Loc Dumitru Papazoglu,Sector 3,Sector 3,București,Est,1
Staer 9,Staer 9,Logofat Udriste,Sector 3,Sector 3,București,Est,1
Staer 9,Staer 9,Lt Popescu Alexandru,Sector 3,Sector 3,București,Est,1
Staer 9,Staer 9,Lucretu Patrascanu,Sector 3,Sector 3,București,Est,1
Staer 9,Staer 9,Martinesti,Sector 3,Sector 3,București,Est,1
Staer 9,Staer 9,Marului,Sector 3,Sector 3,București,Est,1
Staer 9,Staer 9,Minis,Sector 3,Sector 3,București,Est,1
Staer 9,Staer 9,Minulescu,Sector 3,Sector 3,București,Est,1
Staer 9,Staer 9,Muntii Mehedinti,Sector 3,Sector 3,București,Est,1
Staer 9,Staer 9,N.grigorescu,Sector 3,Sector 3,București,Est,1
Staer 9,Staer 9,NECUNOSCUTĂ,Sector 3,Sector 3,București,Est,1
Staer 9,Staer 9,Nerva Magazin,Sector 3,Sector 3,București,Est,1
Staer 9,Staer 9,Nicolae Sebe,Sector 3,Sector 3,București,Est,1
Staer 9,Staer 9,Octavian,Sector 3,Sector 3,București,Est,1
Staer 9,Staer 9,Patriotilor,Sector 3,Sector 3,București,Est,1
Staer 9,Staer 9,Peles,Sector 3,Sector 3,București,Est,1
Staer 9,Staer 9,Pictor Victor Braunner,Sector 3,Sector 3,București,Est,1
Staer 9,Staer 9,Pietroselului,Sector 3,Sector 3,București,Est,1
Staer 9,Staer 9,Pl Maj Marin Pazon,Sector 3,Sector 3,București,Est,1
Staer 9,Staer 9,Pl Major Marin Pazon,Sector 3,Sector 3,București,Est,1
Staer 9,Staer 9,Plt Radu Gheorghe,Sector 3,Sector 3,București,Est,1
Staer 9,Staer 9,Plutonier Nedelcu Ion,Sector 3,Sector 3,București,Est,1
Staer 9,Staer 9,Prelungirea Garii Catelu,Sector 3,Sector 3,București,Est,1
Staer 9,Staer 9,Prieteniei,Sector 3,Sector 3,București,Est,1
Staer 9,Staer 9,Pta Alba Iulia,Sector 3,Sector 3,București,Est,1
Staer 9,Staer 9,Puțul cu Roată,Sector 3,Sector 3,București,Est,1
Staer 9,Staer 9,Ramnicu Valcea,Sector 3,Sector 3,București,Est,1
Staer 9,Staer 9,Rarau,Sector 3,Sector 3,București,Est,1
Staer 9,Staer 9,Sold Ghita Serban,Sector 3,Sector 3,București,Est,1
Staer 9,Staer 9,Sold Ion Tudor,Sector 3,Sector 3,București,Est,1
Staer 9,Staer 9,Sold Nicolae T. Sebe,Sector 3,Sector 3,București,Est,1
Staer 9,Staer 9,Sold Niculae Sebe,Sector 3,Sector 3,București,Est,1
Staer 9,Staer 9,Sold Niculae T Sebe,Sector 3,Sector 3,București,Est,1
Staer 9,Staer 9,Sold Petre M Tina,Sector 3,Sector 3,București,Est,1
Staer 9,Staer 9,Sold Teodorescu Constantin,Sector 3,Sector 3,București,Est,1
Staer 9,Staer 9,Sold Tina Petre,Sector 3,Sector 3,București,Est,1
Staer 9,Staer 9,Sold. Stelian Mihale,Sector 3,Sector 3,București,Est,1
Staer 9,Staer 9,Soldat Marin Nicolae,Sector 3,Sector 3,București,Est,1
Staer 9,Staer 9,Soldat T Niculae Sebe,Sector 3,Sector 3,București,Est,1
Staer 9,Staer 9,Strada Agricultori,Sector 3,Sector 3,București,Est,1
Staer 9,Staer 9,Strada Bratarii,Sector 3,Sector 3,București,Est,1
Staer 9,Staer 9,Strada Cetatea de Balta,Sector 3,Sector 3,București,Est,1
Staer 9,Staer 9,Strada Cezar Boliac,Sector 3,Sector 3,București,Est,1
Staer 9,Staer 9,Strada Complexului,Sector 3,Sector 3,București,Est,1
Staer 9,Staer 9,Strada Constantin Brâncuși,Sector 3,Sector 3,București,Est,1
Staer 9,Staer 9,Strada Copaceni,Sector 3,Sector 3,București,Est,1
Staer 9,Staer 9,Strada Ilioara,Sector 3,Sector 3,București,Est,1
Staer 9,Staer 9,Strada Ion Țuculescu,Sector 3,Sector 3,București,Est,1
Staer 9,Staer 9,Strada Matei Basarab,Sector 3,Sector 3,București,Est,1
Staer 9,Staer 9,Strada Murgeni,Sector 3,Sector 3,București,Est,1
Staer 9,Staer 9,Strada Prisaca Dornei,Sector 3,Sector 3,București,Est,1
Staer 9,Staer 9,Strada Sfântul Dumitru,Sector 3,Sector 3,București,Est,1
Staer 9,Staer 9,Strada Sold.ion Iosif,Sector 3,Sector 3,București,Est,1
Staer 9,Staer 9,Strada Theodor D. Speranția,Sector 3,Sector 3,București,Est,1
Staer 9,Staer 9,Strada Vașcău,Sector 3,Sector 3,București,Est,1
Staer 9,Staer 9,Șoseaua Dudesti-Pantelimon,Sector 3,Sector 3,București,Est,1
Staer 9,Staer 9,Șoseaua Orhideelor,Sector 3,Sector 3,București,Est,1
Staer 9,Staer 9,Teheodor Sperantia,Sector 3,Sector 3,București,Est,1
Staer 9,Staer 9,Theodor Sperantia,Sector 3,Sector 3,București,Est,1
Staer 9,Staer 9,Turturele,Sector 3,Sector 3,București,Est,1
Staer 9,Staer 9,Turturelelor,Sector 3,Sector 3,București,Est,1
Staer 9,Staer 9,Valea Buzaului,Sector 3,Sector 3,București,Est,1
Staer 9,Staer 9,Valsanesti,Sector 3,Sector 3,București,Est,1
Staer 9,Staer 9,Varasti,Sector 3,Sector 3,București,Est,1
Staer 9,Staer 9,Vasile Lucaci,Sector 3,Sector 3,București,Est,1
Staer 9,Staer 9,Vasile Lucaciu,Sector 3,Sector 3,București,Est,1
Staer 9,Staer 9,Victor Brawner,Sector 3,Sector 3,București,Est,1
Staer 9,Staer 9,Victor Broauner,Sector 3,Sector 3,București,Est,1
Staer 9,Staer 9,Voiosiei,Sector 3,Sector 3,București,Est,1
Staer 9,Staer 9,Vulturilor,Sector 3,Sector 3,București,Est,1
Staer 9,Staer 9,Xander Von Humboldt,Sector 3,Sector 3,București,Est,1
Staer 9,Staer 9,Albinelor,Sector 4,Sector 4,București,Sud,1
Staer 9,Staer 9,Aleea Donea Diana Alexandra,Sector 4,Sector 4,București,Sud,1
Staer 9,Staer 9,Aleea Dorohoi,Sector 4,Sector 4,București,Sud,1
Staer 9,Staer 9,Aleea Ea Bacau,Sector 4,Sector 4,București,Sud,1
Staer 9,Staer 9,Aleea Ea Borcea,Sector 4,Sector 4,București,Sud,1
Staer 9,Staer 9,Aleea Ea Ciceu,Sector 4,Sector 4,București,Sud,1
Staer 9,Staer 9,Aleea Ea Criciovul Sarat,Sector 4,Sector 4,București,Sud,1
Staer 9,Staer 9,Aleea Ea Garnesti,Sector 4,Sector 4,București,Sud,1
Staer 9,Staer 9,Aleea Ea Ornamentului,Sector 4,Sector 4,București,Sud,1
Staer 9,Staer 9,Aleea Ea Reșița a,Sector 4,Sector 4,București,Sud,1
Staer 9,Staer 9,Aleea Ea Serg Maj Victor Popescu,Sector 4,Sector 4,București,Sud,1
Staer 9,Staer 9,Aleea Ea Sg Emil Holut,Sector 4,Sector 4,București,Sud,1
Staer 9,Staer 9,Aleea Ea Slt Dragos Mladinovici,Sector 4,Sector 4,București,Sud,1
Staer 9,Staer 9,Aleea Ea Somesul Cal,Sector 4,Sector 4,București,Sud,1
Staer 9,Staer 9,Aleea Ea Tebea,Sector 4,Sector 4,București,Sud,1
Staer 9,Staer 9,Aleea Ea Uioara,Sector 4,Sector 4,București,Sud,1
Staer 9,Staer 9,Aleea Izvorul Oltului,Sector 4,Sector 4,București,Sud,1
Staer 9,Staer 9,Aleea Lamotesti,Sector 4,Sector 4,București,Sud,1
Staer 9,Staer 9,Aleea Mirea Mioara Luiza,Sector 4,Sector 4,București,Sud,1
Staer 9,Staer 9,Aleea Soldat Barbu Nicolae,Sector 4,Sector 4,București,Sud,1
Staer 9,Staer 9,Almasul Mare 12,Sector 4,Sector 4,București,Sud,1
Staer 9,Staer 9,Bacalbasa Anton,Sector 4,Sector 4,București,Sud,1
Staer 9,Staer 9,Baltita,Sector 4,Sector 4,București,Sud,1
Staer 9,Staer 9,Binelui,Sector 4,Sector 4,București,Sud,1
Staer 9,Staer 9,Bordesti,Sector 4,Sector 4,București,Sud,1
Staer 9,Staer 9,Br Binelui,Sector 4,Sector 4,București,Sud,1
Staer 9,Staer 9,Bradetului,Sector 4,Sector 4,București,Sud,1
Staer 9,Staer 9,Bucovat,Sector 4,Sector 4,București,Sud,1
Staer 9,Staer 9,Bulevardul Const Brancoveanu,Sector 4,Sector 4,București,Sud,1
Staer 9,Staer 9,Bulevardul Constantin Brâncoveanu,Sector 4,Sector 4,București,Sud,1
Staer 9,Staer 9,Bulevardul Dimirie Cantemir,Sector 4,Sector 4,București,Sud,1
Staer 9,Staer 9,Bulevardul Dimitri Cantemir,Sector 4,Sector 4,București,Sud,1
Staer 9,Staer 9,Bulevardul Ghe Sincai,Sector 4,Sector 4,București,Sud,1
Staer 9,Staer 9,Bulevardul Regina Maria,Sector 4,Sector 4,București,Sud,1
Staer 9,Staer 9,Bulevardul Tineretului,Sector 4,Sector 4,București,Sud,1
Staer 9,Staer 9,Calea Bucuresti,Sector 4,Sector 4,București,Sud,1
Staer 9,Staer 9,Candiano Popescu,Sector 4,Sector 4,București,Sud,1
Staer 9,Staer 9,Cap Const Vasilescu,Sector 4,Sector 4,București,Sud,1
Staer 9,Staer 9,Cap Grigore Marin,Sector 4,Sector 4,București,Sud,1
Staer 9,Staer 9,Caporal Gheroghe Ion,Sector 4,Sector 4,București,Sud,1
Staer 9,Staer 9,Caporal Grigore Marin,Sector 4,Sector 4,București,Sud,1
Staer 9,Staer 9,Colnicului,Sector 4,Sector 4,București,Sud,1
Staer 9,Staer 9,Concordiei,Sector 4,Sector 4,București,Sud,1
Staer 9,Staer 9,Costache Stamate,Sector 4,Sector 4,București,Sud,1
Staer 9,Staer 9,Dealu Bradului,Sector 4,Sector 4,București,Sud,1
Staer 9,Staer 9,Dealul Bradul?ui,Sector 4,Sector 4,București,Sud,1
Staer 9,Staer 9,Diditel,Sector 4,Sector 4,București,Sud,1
Staer 9,Staer 9,Dr Bercenarului,Sector 4,Sector 4,București,Sud,1
Staer 9,Staer 9,Dr Cretestilor,Sector 4,Sector 4,București,Sud,1
Staer 9,Staer 9,Dr Dealul Alunis,Sector 4,Sector 4,București,Sud,1
Staer 9,Staer 9,Dr Gilaului,Sector 4,Sector 4,București,Sud,1
Staer 9,Staer 9,Dr Julavei,Sector 4,Sector 4,București,Sud,1
Staer 9,Staer 9,Dr Postalionului,Sector 4,Sector 4,București,Sud,1
Staer 9,Staer 9,Drumul Bimelui,Sector 4,Sector 4,București,Sud,1
Staer 9,Staer 9,Drumul Dealu Bradului,Sector 4,Sector 4,București,Sud,1
Staer 9,Staer 9,Drumul Dealul Alunis,Sector 4,Sector 4,București,Sud,1
Staer 9,Staer 9,Drumul Postalionului,Sector 4,Sector 4,București,Sud,1
Staer 9,Staer 9,Duminicii,Sector 4,Sector 4,București,Sud,1
Staer 9,Staer 9,Dumitru Samoila,Sector 4,Sector 4,București,Sud,1
Staer 9,Staer 9,Ea Radulescu,Sector 4,Sector 4,București,Sud,1
Staer 9,Staer 9,Fratii Fagarasanu,Sector 4,Sector 4,București,Sud,1
Staer 9,Staer 9,Gheorghe Lupu,Sector 4,Sector 4,București,Sud,1
Staer 9,Staer 9,Giovanni Boccaccio,Sector 4,Sector 4,București,Sud,1
Staer 9,Staer 9,Gradistea,Sector 4,Sector 4,București,Sud,1
Staer 9,Staer 9,Gradistei,Sector 4,Sector 4,București,Sud,1
Staer 9,Staer 9,IL Postalionului,Sector 4,Sector 4,București,Sud,1
Staer 9,Staer 9,Imparatul Traian,Sector 4,Sector 4,București,Sud,1
Staer 9,Staer 9,Intrarea Biruintei,Sector 4,Sector 4,București,Sud,1
Staer 9,Staer 9,Intrarea Lunca Barzesti,Sector 4,Sector 4,București,Sud,1
Staer 9,Staer 9,Intrarea Slobozia,Sector 4,Sector 4,București,Sud,1
Staer 9,Staer 9,Intrarea Urcusului,Sector 4,Sector 4,București,Sud,1
Staer 9,Staer 9,Ion Iriceanu,Sector 4,Sector 4,București,Sud,1
Staer 9,Staer 9,Iriceanu Ion,Sector 4,Sector 4,București,Sud,1
Staer 9,Staer 9,Jirului,Sector 4,Sector 4,București,Sud,1
Staer 9,Staer 9,Lavandei,Sector 4,Sector 4,București,Sud,1
Staer 9,Staer 9,Luminisului,Sector 4,Sector 4,București,Sud,1
Staer 9,Staer 9,Lunca Barzest,Sector 4,Sector 4,București,Sud,1
Staer 9,Staer 9,Melinesti,Sector 4,Sector 4,București,Sud,1
Staer 9,Staer 9,Merilor,Sector 4,Sector 4,București,Sud,1
Staer 9,Staer 9,Mitropolit Nifon,Sector 4,Sector 4,București,Sud,1
Staer 9,Staer 9,Mitropolitul Nifon,Sector 4,Sector 4,București,Sud,1
Staer 9,Staer 9,Mixandrei,Sector 4,Sector 4,București,Sud,1
Staer 9,Staer 9,Moldovita,Sector 4,Sector 4,București,Sud,1
Staer 9,Staer 9,Muntele Lung,Sector 4,Sector 4,București,Sud,1
Staer 9,Staer 9,Muntele Mare,Sector 4,Sector 4,București,Sud,1
Staer 9,Staer 9,NECUNOSCUTĂ,Sector 4,Sector 4,București,Sud,1
Staer 9,Staer 9,Nifon Mitropolitul,Sector 4,Sector 4,București,Sud,1
Staer 9,Staer 9,Niti Vasile,Sector 4,Sector 4,București,Sud,1
Staer 9,Staer 9,Olimpului,Sector 4,Sector 4,București,Sud,1
Staer 9,Staer 9,Padisu,Sector 4,Sector 4,București,Sud,1
Staer 9,Staer 9,Pajustei,Sector 4,Sector 4,București,Sud,1
Staer 9,Staer 9,Pictotr Stefan Dimitrescu,Sector 4,Sector 4,București,Sud,1
Staer 9,Staer 9,Preda Buzescu,Sector 4,Sector 4,București,Sud,1
Staer 9,Staer 9,Prinosului,Sector 4,Sector 4,București,Sud,1
Staer 9,Staer 9,Putul cu Tei,Sector 4,Sector 4,București,Sud,1
Staer 9,Staer 9,Raul Vedea,Sector 4,Sector 4,București,Sud,1
Staer 9,Staer 9,Rezonantei,Sector 4,Sector 4,București,Sud,1
Staer 9,Staer 9,Runcu,Sector 4,Sector 4,București,Sud,1
Staer 9,Staer 9,Samoila Dumitru,Sector 4,Sector 4,București,Sud,1
Staer 9,Staer 9,Serg Ion Pechiu,Sector 4,Sector 4,București,Sud,1
Staer 9,Staer 9,Sibiel,Sector 4,Sector 4,București,Sud,1
Staer 9,Staer 9,Slaiul Unirii,Sector 4,Sector 4,București,Sud,1
Staer 9,Staer 9,Slocozia,Sector 4,Sector 4,București,Sud,1
Staer 9,Staer 9,Spineni,Sector 4,Sector 4,București,Sud,1
Staer 9,Staer 9,Staduintei,Sector 4,Sector 4,București,Sud,1
Staer 9,Staer 9,Stanjeneilor,Sector 4,Sector 4,București,Sud,1
Staer 9,Staer 9,Stenjeneilor,Sector 4,Sector 4,București,Sud,1
Staer 9,Staer 9,Strada Almașu Mare,Sector 4,Sector 4,București,Sud,1
Staer 9,Staer 9,Strada Anghel Moldoveanu,Sector 4,Sector 4,București,Sud,1
Staer 9,Staer 9,Strada Aurel Perșu,Sector 4,Sector 4,București,Sud,1
Staer 9,Staer 9,Strada Cornești,Sector 4,Sector 4,București,Sud,1
Staer 9,Staer 9,Strada Dumbrăveni,Sector 4,Sector 4,București,Sud,1
Staer 9,Staer 9,Strada Elena Cuza,Sector 4,Sector 4,București,Sud,1
Staer 9,Staer 9,Strada Iarba Cimpului,Sector 4,Sector 4,București,Sud,1
Staer 9,Staer 9,Strada Izvorul Crișului,Sector 4,Sector 4,București,Sud,1
Staer 9,Staer 9,Strada Măriuca,Sector 4,Sector 4,București,Sud,1
Staer 9,Staer 9,Strada Moldoveni,Sector 4,Sector 4,București,Sud,1
Staer 9,Staer 9,Strada Muzelor,Sector 4,Sector 4,București,Sud,1
Staer 9,Staer 9,Strada Orastie,Sector 4,Sector 4,București,Sud,1
Staer 9,Staer 9,Strada Parîncea,Sector 4,Sector 4,București,Sud,1
Staer 9,Staer 9,Strada Poștalionului,Sector 4,Sector 4,București,Sud,1
Staer 9,Staer 9,Strada Slt. P.m. Dragoș Mladinovici,Sector 4,Sector 4,București,Sud,1
Staer 9,Staer 9,Strada Verigei,Sector 4,Sector 4,București,Sud,1
Staer 9,Staer 9,Tanase Orgu,Sector 4,Sector 4,București,Sud,1
Staer 9,Staer 9,Teius,Sector 4,Sector 4,București,Sud,1
Staer 9,Staer 9,Tohan,Sector 4,Sector 4,București,Sud,1
Staer 9,Staer 9,Trei Brazi,Sector 4,Sector 4,București,Sud,1
Staer 9,Staer 9,Trestiana,Sector 4,Sector 4,București,Sud,1
Staer 9,Staer 9,Trstiana,Sector 4,Sector 4,București,Sud,1
Staer 9,Staer 9,Ui Binelui,Sector 4,Sector 4,București,Sud,1
Staer 9,Staer 9,Veniamin Costache,Sector 4,Sector 4,București,Sud,1
Staer 9,Staer 9,Verzisori,Sector 4,Sector 4,București,Sud,1
Staer 9,Staer 9,Viorele,Sector 4,Sector 4,București,Sud,1
Staer 9,Staer 9,Visana,Sector 4,Sector 4,București,Sud,1
Staer 9,Staer 9,Voila,Sector 4,Sector 4,București,Sud,1
Staer 9,Staer 9,Xandru Obrejia,Sector 4,Sector 4,București,Sud,1
Staer 9,Staer 9,Zarnesti,Sector 4,Sector 4,București,Sud,1
Staer 9,Staer 9,5,Sector 5,Sector 5,București,Sud-Vest,1
Staer 9,Staer 9,Acvila,Sector 5,Sector 5,București,Sud-Vest,1
Staer 9,Staer 9,Al Botorani,Sector 5,Sector 5,București,Sud-Vest,1
Staer 9,Staer 9,Albotesti,Sector 5,Sector 5,București,Sud-Vest,1
Staer 9,Staer 9,Aleea Ea Boturani,Sector 5,Sector 5,București,Sud-Vest,1
Staer 9,Staer 9,Aleea Ea Cetatuia,Sector 5,Sector 5,București,Sud-Vest,1
Staer 9,Staer 9,Aleea Ea Ghimes,Sector 5,Sector 5,București,Sud-Vest,1
Staer 9,Staer 9,Aleea Ea Imasul,Sector 5,Sector 5,București,Sud-Vest,1
Staer 9,Staer 9,Aleea Imasului,Sector 5,Sector 5,București,Sud-Vest,1
Staer 9,Staer 9,Aleea Posada,Sector 5,Sector 5,București,Sud-Vest,1
Staer 9,Staer 9,Aliman,Sector 5,Sector 5,București,Sud-Vest,1
Staer 9,Staer 9,Ametistului,Sector 5,Sector 5,București,Sud-Vest,1
Staer 9,Staer 9,Ana Davila,Sector 5,Sector 5,București,Sud-Vest,1
Staer 9,Staer 9,Ana Davilla,Sector 5,Sector 5,București,Sud-Vest,1
Staer 9,Staer 9,Anghelache Ivan,Sector 5,Sector 5,București,Sud-Vest,1
Staer 9,Staer 9,Anibal Teohari,Sector 5,Sector 5,București,Sud-Vest,1
Staer 9,Staer 9,Aramesti,Sector 5,Sector 5,București,Sud-Vest,1
Staer 9,Staer 9,Arbanasi,Sector 5,Sector 5,București,Sud-Vest,1
Staer 9,Staer 9,Arcadiei,Sector 5,Sector 5,București,Sud-Vest,1
Staer 9,Staer 9,Aretilor,Sector 5,Sector 5,București,Sud-Vest,1
Staer 9,Staer 9,Artur Gorovei,Sector 5,Sector 5,București,Sud-Vest,1
Staer 9,Staer 9,Bacioului,Sector 5,Sector 5,București,Sud-Vest,1
Staer 9,Staer 9,Balanesti,Sector 5,Sector 5,București,Sud-Vest,1
Staer 9,Staer 9,Baltaretului,Sector 5,Sector 5,București,Sud-Vest,1
Staer 9,Staer 9,Basrca,Sector 5,Sector 5,București,Sud-Vest,1
Staer 9,Staer 9,Bega,Sector 5,Sector 5,București,Sud-Vest,1
Staer 9,Staer 9,Berzovia,Sector 5,Sector 5,București,Sud-Vest,1
Staer 9,Staer 9,Birca,Sector 5,Sector 5,București,Sud-Vest,1
Staer 9,Staer 9,Bratasanca,Sector 5,Sector 5,București,Sud-Vest,1
Staer 9,Staer 9,Brataseanca,Sector 5,Sector 5,București,Sud-Vest,1
Staer 9,Staer 9,Braului,Sector 5,Sector 5,București,Sud-Vest,1
Staer 9,Staer 9,Bulevardul Alexandru Obregia,Sector 5,Sector 5,București,Sud-Vest,1
Staer 9,Staer 9,Bulevardul Eroilor,Sector 5,Sector 5,București,Sud-Vest,1
Staer 9,Staer 9,Bulevardul Ficusului,Sector 5,Sector 5,București,Sud-Vest,1
Staer 9,Staer 9,Bulevardul Libertatii,Sector 5,Sector 5,București,Sud-Vest,1
Staer 9,Staer 9,Bulevardul Națiunile Unite,Sector 5,Sector 5,București,Sud-Vest,1
Staer 9,Staer 9,Bulevardul Prof. Doctor Gheorghe Marinescu,Sector 5,Sector 5,București,Sud-Vest,1
Staer 9,Staer 9,Bulevardul Tudor Vladimirescu,Sector 5,Sector 5,București,Sud-Vest,1
Staer 9,Staer 9,Buturugilor,Sector 5,Sector 5,București,Sud-Vest,1
Staer 9,Staer 9,Cap Cristea Raducanu,Sector 5,Sector 5,București,Sud-Vest,1
Staer 9,Staer 9,Cap Grigoreanu Petre,Sector 5,Sector 5,București,Sud-Vest,1
Staer 9,Staer 9,Cap Ilina,Sector 5,Sector 5,București,Sud-Vest,1
Staer 9,Staer 9,Cap Ion Agapie,Sector 5,Sector 5,București,Sud-Vest,1
Staer 9,Staer 9,Cap Ion Burlacu,Sector 5,Sector 5,București,Sud-Vest,1
Staer 9,Staer 9,Cap Ivan Anghelache,Sector 5,Sector 5,București,Sud-Vest,1
Staer 9,Staer 9,Capit Nedelcu Ilie,Sector 5,Sector 5,București,Sud-Vest,1
Staer 9,Staer 9,Caporal Anghelache Ivan,Sector 5,Sector 5,București,Sud-Vest,1
Staer 9,Staer 9,Caporal Petre Misca,Sector 5,Sector 5,București,Sud-Vest,1
Staer 9,Staer 9,Caporam Ivan Aghelache,Sector 5,Sector 5,București,Sud-Vest,1
Staer 9,Staer 9,Carul MIC,Sector 5,Sector 5,București,Sud-Vest,1
Staer 9,Staer 9,Col Luca Craioveanu,Sector 5,Sector 5,București,Sud-Vest,1
Staer 9,Staer 9,Condorului,Sector 5,Sector 5,București,Sud-Vest,1
Staer 9,Staer 9,Const Marinescu,Sector 5,Sector 5,București,Sud-Vest,1
Staer 9,Staer 9,Constantin Marinescu,Sector 5,Sector 5,București,Sud-Vest,1
Staer 9,Staer 9,Constantin Musat,Sector 5,Sector 5,București,Sud-Vest,1
Staer 9,Staer 9,Constantin Niculescu,Sector 5,Sector 5,București,Sud-Vest,1
Staer 9,Staer 9,Contesti,Sector 5,Sector 5,București,Sud-Vest,1
Staer 9,Staer 9,Cooperatiei,Sector 5,Sector 5,București,Sud-Vest,1
Staer 9,Staer 9,Costache Negrii,Sector 5,Sector 5,București,Sud-Vest,1
Staer 9,Staer 9,Craisorului,Sector 5,Sector 5,București,Sud-Vest,1
Staer 9,Staer 9,Curtea de Arges,Sector 5,Sector 5,București,Sud-Vest,1
Staer 9,Staer 9,Dimitrie Gorgona,Sector 5,Sector 5,București,Sud-Vest,1
Staer 9,Staer 9,Dimitrie Grecescu,Sector 5,Sector 5,București,Sud-Vest,1
Staer 9,Staer 9,Dobrun,Sector 5,Sector 5,București,Sud-Vest,1
Staer 9,Staer 9,Doctor Lister,Sector 5,Sector 5,București,Sud-Vest,1
Staer 9,Staer 9,Dold Modoran Ene,Sector 5,Sector 5,București,Sud-Vest,1
Staer 9,Staer 9,Doldat Croitoru Vasile,Sector 5,Sector 5,București,Sud-Vest,1
Staer 9,Staer 9,Dr Constantin Istrati,Sector 5,Sector 5,București,Sud-Vest,1
Staer 9,Staer 9,Dr Eugen Iosif,Sector 5,Sector 5,București,Sud-Vest,1
Staer 9,Staer 9,Dr Frederic Joliot-Curie,Sector 5,Sector 5,București,Sud-Vest,1
Staer 9,Staer 9,Dr Ion Radovici,Sector 5,Sector 5,București,Sud-Vest,1
Staer 9,Staer 9,Dr Lister,Sector 5,Sector 5,București,Sud-Vest,1
Staer 9,Staer 9,Dr Petre Herescu,Sector 5,Sector 5,București,Sud-Vest,1
Staer 9,Staer 9,Dr Sanpaul,Sector 5,Sector 5,București,Sud-Vest,1
Staer 9,Staer 9,Drumul MIC Intre VII,Sector 5,Sector 5,București,Sud-Vest,1
Staer 9,Staer 9,Drumul Sarii,Sector 5,Sector 5,București,Sud-Vest,1
Staer 9,Staer 9,Drumul Timonierului,Sector 5,Sector 5,București,Sud-Vest,1
Staer 9,Staer 9,Dumitru Gaspar,Sector 5,Sector 5,București,Sud-Vest,1
Staer 9,Staer 9,Echinoctiului,Sector 5,Sector 5,București,Sud-Vest,1
Staer 9,Staer 9,Elegiei,Sector 5,Sector 5,București,Sud-Vest,1
Staer 9,Staer 9,Elena si Vasile Cojocaru,Sector 5,Sector 5,București,Sud-Vest,1
Staer 9,Staer 9,Ene Morodan,Sector 5,Sector 5,București,Sud-Vest,1
Staer 9,Staer 9,Epigonelor,Sector 5,Sector 5,București,Sud-Vest,1
Staer 9,Staer 9,Erou Petre Tataru,Sector 5,Sector 5,București,Sud-Vest,1
Staer 9,Staer 9,Eroul Erie,Sector 5,Sector 5,București,Sud-Vest,1
Staer 9,Staer 9,Fabricii,Sector 5,Sector 5,București,Sud-Vest,1
Staer 9,Staer 9,Floare de Gheata,Sector 5,Sector 5,București,Sud-Vest,1
Staer 9,Staer 9,Focsani,Sector 5,Sector 5,București,Sud-Vest,1
Staer 9,Staer 9,Foscani,Sector 5,Sector 5,București,Sud-Vest,1
Staer 9,Staer 9,Franarului,Sector 5,Sector 5,București,Sud-Vest,1
Staer 9,Staer 9,Frigului,Sector 5,Sector 5,București,Sud-Vest,1
Staer 9,Staer 9,Frt Ilie Gurita,Sector 5,Sector 5,București,Sud-Vest,1
Staer 9,Staer 9,Funugeilor,Sector 5,Sector 5,București,Sud-Vest,1
Staer 9,Staer 9,Garbea Ion,Sector 5,Sector 5,București,Sud-Vest,1
Staer 9,Staer 9,Ghe Marinescu,Sector 5,Sector 5,București,Sud-Vest,1
Staer 9,Staer 9,Gheorghe Vistea,Sector 5,Sector 5,București,Sud-Vest,1
Staer 9,Staer 9,Gladiolelor,Sector 5,Sector 5,București,Sud-Vest,1
Staer 9,Staer 9,Glicinilor,Sector 5,Sector 5,București,Sud-Vest,1
Staer 9,Staer 9,Harpei,Sector 5,Sector 5,București,Sud-Vest,1
Staer 9,Staer 9,Ilie Mihail,Sector 5,Sector 5,București,Sud-Vest,1
Staer 9,Staer 9,Inginer Dumitru Tacu,Sector 5,Sector 5,București,Sud-Vest,1
Staer 9,Staer 9,Inginer Dumitru Teodoru,Sector 5,Sector 5,București,Sud-Vest,1
Staer 9,Staer 9,Int. Batasani,Sector 5,Sector 5,București,Sud-Vest,1
Staer 9,Staer 9,Intrarea Area Cooperativei,Sector 5,Sector 5,București,Sud-Vest,1
Staer 9,Staer 9,Intrarea Area Epigramei,Sector 5,Sector 5,București,Sud-Vest,1
Staer 9,Staer 9,Intrarea Area Stelelor,Sector 5,Sector 5,București,Sud-Vest,1
Staer 9,Staer 9,Intrarea Ogradei,Sector 5,Sector 5,București,Sud-Vest,1
Staer 9,Staer 9,Intrarea Zorilor,Sector 5,Sector 5,București,Sud-Vest,1
Staer 9,Staer 9,Ion Baiulescu,Sector 5,Sector 5,București,Sud-Vest,1
Staer 9,Staer 9,Ion Borcan,Sector 5,Sector 5,București,Sud-Vest,1
Staer 9,Staer 9,Ion Garbea,Sector 5,Sector 5,București,Sud-Vest,1
Staer 9,Staer 9,Ion Ghiul;amila,Sector 5,Sector 5,București,Sud-Vest,1
Staer 9,Staer 9,Ion Iovan,Sector 5,Sector 5,București,Sud-Vest,1
Staer 9,Staer 9,Ionita Cegan,Sector 5,Sector 5,București,Sud-Vest,1
Staer 9,Staer 9,Ivan Anghelache Caporal,Sector 5,Sector 5,București,Sud-Vest,1
Staer 9,Staer 9,Jiliste,Sector 5,Sector 5,București,Sud-Vest,1
Staer 9,Staer 9,Lct Dumitru Gaspar,Sector 5,Sector 5,București,Sud-Vest,1
Staer 9,Staer 9,Lespezi,Sector 5,Sector 5,București,Sud-Vest,1
Staer 9,Staer 9,Loc Ilie Campeanu,Sector 5,Sector 5,București,Sud-Vest,1
Staer 9,Staer 9,Lt Col C-Tin Marinescu,Sector 5,Sector 5,București,Sud-Vest,1
Staer 9,Staer 9,Lt Col Constantin Marinescu,Sector 5,Sector 5,București,Sud-Vest,1
Staer 9,Staer 9,Lt Col Ctin Marinescu,Sector 5,Sector 5,București,Sud-Vest,1
Staer 9,Staer 9,Lt Col Marinecsu Constantin,Sector 5,Sector 5,București,Sud-Vest,1
Staer 9,Staer 9,Lt Col. C Marinescu,Sector 5,Sector 5,București,Sud-Vest,1
Staer 9,Staer 9,Lt Ilie Campeanu,Sector 5,Sector 5,București,Sud-Vest,1
Staer 9,Staer 9,Luca Craioveanu,Sector 5,Sector 5,București,Sud-Vest,1
Staer 9,Staer 9,Maior Ion Porumbaru,Sector 5,Sector 5,București,Sud-Vest,1
Staer 9,Staer 9,Mandresti,Sector 5,Sector 5,București,Sud-Vest,1
Staer 9,Staer 9,Marasesti,Sector 5,Sector 5,București,Sud-Vest,1
Staer 9,Staer 9,Marin Constantin,Sector 5,Sector 5,București,Sud-Vest,1
Staer 9,Staer 9,Mihai Sebastian,Sector 5,Sector 5,București,Sud-Vest,1
Staer 9,Staer 9,Mihail Cioran,Sector 5,Sector 5,București,Sud-Vest,1
Staer 9,Staer 9,Mihail Cioranu,Sector 5,Sector 5,București,Sud-Vest,1
Staer 9,Staer 9,Mistretului,Sector 5,Sector 5,București,Sud-Vest,1
Staer 9,Staer 9,Mitropolit Dosfotei,Sector 5,Sector 5,București,Sud-Vest,1
Staer 9,Staer 9,Mitropolit Dosoftei,Sector 5,Sector 5,București,Sud-Vest,1
Staer 9,Staer 9,Munrtii Carpati,Sector 5,Sector 5,București,Sud-Vest,1
Staer 9,Staer 9,Munti Carpati,Sector 5,Sector 5,București,Sud-Vest,1
Staer 9,Staer 9,Murguta,Sector 5,Sector 5,București,Sud-Vest,1
Staer 9,Staer 9,Musat Radulescu,Sector 5,Sector 5,București,Sud-Vest,1
Staer 9,Staer 9,Nd Cocea,Sector 5,Sector 5,București,Sud-Vest,1
Staer 9,Staer 9,NECUNOSCUTĂ,Sector 5,Sector 5,București,Sud-Vest,1
Staer 9,Staer 9,Nedelcu Ilie,Sector 5,Sector 5,București,Sud-Vest,1
Staer 9,Staer 9,Nehoiasi,Sector 5,Sector 5,București,Sud-Vest,1
Staer 9,Staer 9,Orion,Sector 5,Sector 5,București,Sud-Vest,1
Staer 9,Staer 9,Osiris,Sector 5,Sector 5,București,Sud-Vest,1
Staer 9,Staer 9,Ostrov,Sector 5,Sector 5,București,Sud-Vest,1
Staer 9,Staer 9,P-Ta Mihail Kogalniceanu,Sector 5,Sector 5,București,Sud-Vest,1
Staer 9,Staer 9,Peciu Nou,Sector 5,Sector 5,București,Sud-Vest,1
Staer 9,Staer 9,Poenita,Sector 5,Sector 5,București,Sud-Vest,1
Staer 9,Staer 9,Popeia Corneliu,Sector 5,Sector 5,București,Sud-Vest,1
Staer 9,Staer 9,Pribeagului,Sector 5,Sector 5,București,Sud-Vest,1
Staer 9,Staer 9,Radu Constantin,Sector 5,Sector 5,București,Sud-Vest,1
Staer 9,Staer 9,Radulescu Musat,Sector 5,Sector 5,București,Sud-Vest,1
Staer 9,Staer 9,Roman,Sector 5,Sector 5,București,Sud-Vest,1
Staer 9,Staer 9,Salviei,Sector 5,Sector 5,București,Sud-Vest,1
Staer 9,Staer 9,Samoila Risipitu,Sector 5,Sector 5,București,Sud-Vest,1
Staer 9,Staer 9,Scarlat Otulescu,Sector 5,Sector 5,București,Sud-Vest,1
Staer 9,Staer 9,Semanaorului,Sector 5,Sector 5,București,Sud-Vest,1
Staer 9,Staer 9,Serban Bogdan Stan,Sector 5,Sector 5,București,Sud-Vest,1
Staer 9,Staer 9,Serbesti,Sector 5,Sector 5,București,Sud-Vest,1
Staer 9,Staer 9,Serg Dumitru Tablan,Sector 5,Sector 5,București,Sud-Vest,1
Staer 9,Staer 9,Serg Ion Nutu,Sector 5,Sector 5,București,Sud-Vest,1
Staer 9,Staer 9,Serg Maj Gheorghe Iorga,Sector 5,Sector 5,București,Sud-Vest,1
Staer 9,Staer 9,Serg Maj Ion Nedeleanu,Sector 5,Sector 5,București,Sud-Vest,1
Staer 9,Staer 9,Serg Major Vasile Topliceanu,Sector 5,Sector 5,București,Sud-Vest,1
Staer 9,Staer 9,Sergent Ion Nutu,Sector 5,Sector 5,București,Sud-Vest,1
Staer 9,Staer 9,Sergent Nutu Ion,Sector 5,Sector 5,București,Sud-Vest,1
Staer 9,Staer 9,Sergent Scarlat,Sector 5,Sector 5,București,Sud-Vest,1
Staer 9,Staer 9,Sergent Turturica,Sector 5,Sector 5,București,Sud-Vest,1
Staer 9,Staer 9,Sg Constantin Musat,Sector 5,Sector 5,București,Sud-Vest,1
Staer 9,Staer 9,Sg Major Topliceanu Vasile,Sector 5,Sector 5,București,Sud-Vest,1
Staer 9,Staer 9,Sg Musat Constantin,Sector 5,Sector 5,București,Sud-Vest,1
Staer 9,Staer 9,Sg Nutu Ioan,Sector 5,Sector 5,București,Sud-Vest,1
Staer 9,Staer 9,Sg Nutu Ion,Sector 5,Sector 5,București,Sud-Vest,1
Staer 9,Staer 9,Sg Stefan Moraru,Sector 5,Sector 5,București,Sud-Vest,1
Staer 9,Staer 9,Sg Turturica,Sector 5,Sector 5,București,Sud-Vest,1
Staer 9,Staer 9,Sg. Maj. Ioan Carpen,Sector 5,Sector 5,București,Sud-Vest,1
Staer 9,Staer 9,Slb Popa,Sector 5,Sector 5,București,Sud-Vest,1
Staer 9,Staer 9,Smardan,Sector 5,Sector 5,București,Sud-Vest,1
Staer 9,Staer 9,Sold Croitoru Vasile,Sector 5,Sector 5,București,Sud-Vest,1
Staer 9,Staer 9,Sold. Ilie Mihail,Sector 5,Sector 5,București,Sud-Vest,1
Staer 9,Staer 9,Soldat Ene Modoran,Sector 5,Sector 5,București,Sud-Vest,1
Staer 9,Staer 9,Soldat Ilie Mihail,Sector 5,Sector 5,București,Sud-Vest,1
Staer 9,Staer 9,Soldat Modoran Ene,Sector 5,Sector 5,București,Sud-Vest,1
Staer 9,Staer 9,Soldat Moldovan Ene,Sector 5,Sector 5,București,Sud-Vest,1
Staer 9,Staer 9,Soldat Porojan Nicolae,Sector 5,Sector 5,București,Sud-Vest,1
Staer 9,Staer 9,Soldat Vasile Croitoru,Sector 5,Sector 5,București,Sud-Vest,1
Staer 9,Staer 9,Soreni,Sector 5,Sector 5,București,Sud-Vest,1
Staer 9,Staer 9,Spataru Preda,Sector 5,Sector 5,București,Sud-Vest,1
Staer 9,Staer 9,Spatarul Preda,Sector 5,Sector 5,București,Sud-Vest,1
Staer 9,Staer 9,Spatiului,Sector 5,Sector 5,București,Sud-Vest,1
Staer 9,Staer 9,Splaiul Independenței,Sector 5,Sector 5,București,Sud-Vest,1
Staer 9,Staer 9,Srg Maj Vasile Topliceanu,Sector 5,Sector 5,București,Sud-Vest,1
Staer 9,Staer 9,Stiintei,Sector 5,Sector 5,București,Sud-Vest,1
Staer 9,Staer 9,Strada Aurel Florescu,Sector 5,Sector 5,București,Sud-Vest,1
Staer 9,Staer 9,Strada Buzoeni,Sector 5,Sector 5,București,Sud-Vest,1
Staer 9,Staer 9,Strada Fruntas Poenaru Vasile,Sector 5,Sector 5,București,Sud-Vest,1
Staer 9,Staer 9,Strada Iacob Andrei,Sector 5,Sector 5,București,Sud-Vest,1
Staer 9,Staer 9,Strada Litografiei,Sector 5,Sector 5,București,Sud-Vest,1
Staer 9,Staer 9,Strada Neptun,Sector 5,Sector 5,București,Sud-Vest,1
Staer 9,Staer 9,Strada Ritoride,Sector 5,Sector 5,București,Sud-Vest,1
Staer 9,Staer 9,Strada Samuil Vulcan,Sector 5,Sector 5,București,Sud-Vest,1
Staer 9,Staer 9,Strada Slt Popa,Sector 5,Sector 5,București,Sud-Vest,1
Staer 9,Staer 9,Strada Sold Ene Modoran,Sector 5,Sector 5,București,Sud-Vest,1
Staer 9,Staer 9,Strada Verigei,Sector 5,Sector 5,București,Sud-Vest,1
Staer 9,Staer 9,Strada Vigoniei,Sector 5,Sector 5,București,Sud-Vest,1
Staer 9,Staer 9,Sublocot Popa,Sector 5,Sector 5,București,Sud-Vest,1
Staer 9,Staer 9,Sublocotenent Popa,Sector 5,Sector 5,București,Sud-Vest,1
Staer 9,Staer 9,Surlei,Sector 5,Sector 5,București,Sud-Vest,1
Staer 9,Staer 9,Suvita,Sector 5,Sector 5,București,Sud-Vest,1
Staer 9,Staer 9,Șoseaua Aleaxandria,Sector 5,Sector 5,București,Sud-Vest,1
Staer 9,Staer 9,Tg Carbunesti,Sector 5,Sector 5,București,Sud-Vest,1
Staer 9,Staer 9,Tg Neamt,Sector 5,Sector 5,București,Sud-Vest,1
Staer 9,Staer 9,Tiparnitei,Sector 5,Sector 5,București,Sud-Vest,1
Staer 9,Staer 9,Tobosari,Sector 5,Sector 5,București,Sud-Vest,1
Staer 9,Staer 9,Topliceanu Vasile,Sector 5,Sector 5,București,Sud-Vest,1
Staer 9,Staer 9,Triunghiului,Sector 5,Sector 5,București,Sud-Vest,1
Staer 9,Staer 9,Tufanilor,Sector 5,Sector 5,București,Sud-Vest,1
Staer 9,Staer 9,Tufelor,Sector 5,Sector 5,București,Sud-Vest,1
Staer 9,Staer 9,Tunsu Petre,Sector 5,Sector 5,București,Sud-Vest,1
Staer 9,Staer 9,Valdemar Lascarescu,Sector 5,Sector 5,București,Sud-Vest,1
Staer 9,Staer 9,Vanatori,Sector 5,Sector 5,București,Sud-Vest,1
Staer 9,Staer 9,Vasile Parvan,Sector 5,Sector 5,București,Sud-Vest,1
Staer 9,Staer 9,Vasile Topliceanu,Sector 5,Sector 5,București,Sud-Vest,1
Staer 9,Staer 9,Vaslui,Sector 5,Sector 5,București,Sud-Vest,1
Staer 9,Staer 9,Vecina,Sector 5,Sector 5,București,Sud-Vest,1
Staer 9,Staer 9,Vidului,Sector 5,Sector 5,București,Sud-Vest,1
Staer 9,Staer 9,Vigilentei,Sector 5,Sector 5,București,Sud-Vest,1
Staer 9,Staer 9,Vredniciei,Sector 5,Sector 5,București,Sud-Vest,1
Staer 9,Staer 9,Zabrautului,Sector 5,Sector 5,București,Sud-Vest,1
Staer 9,Staer 9,Zori de Zi,Sector 5,Sector 5,București,Sud-Vest,1
Staer 9,Staer 9,9mai,Sector 6,Sector 6,București,Vest,1
Staer 9,Staer 9,Aa Bucsenesti,Sector 6,Sector 6,București,Vest,1
Staer 9,Staer 9,Aiu Independentei,Sector 6,Sector 6,București,Vest,1
Staer 9,Staer 9,Al Cetatuia,Sector 6,Sector 6,București,Vest,1
Staer 9,Staer 9,Albitei,Sector 6,Sector 6,București,Vest,1
Staer 9,Staer 9,Aleea Arinis,Sector 6,Sector 6,București,Vest,1
Staer 9,Staer 9,Aleea D-Soara Pogany,Sector 6,Sector 6,București,Vest,1
Staer 9,Staer 9,Aleea Ea Agigea,Sector 6,Sector 6,București,Vest,1
Staer 9,Staer 9,Aleea Ea Arinii Dornei,Sector 6,Sector 6,București,Vest,1
Staer 9,Staer 9,Aleea Ea Arutela,Sector 6,Sector 6,București,Vest,1
Staer 9,Staer 9,Aleea Ea Bujoreni,Sector 6,Sector 6,București,Vest,1
Staer 9,Staer 9,Aleea Ea Coloana Infinitulkui,Sector 6,Sector 6,București,Vest,1
Staer 9,Staer 9,Aleea Ea Compoziorilor,Sector 6,Sector 6,București,Vest,1
Staer 9,Staer 9,Aleea Ea Craesti,Sector 6,Sector 6,București,Vest,1
Staer 9,Staer 9,Aleea Ea Crangasi,Sector 6,Sector 6,București,Vest,1
Staer 9,Staer 9,Aleea Ea Domnisoara Pogany,Sector 6,Sector 6,București,Vest,1
Staer 9,Staer 9,Aleea Ea Lacu Morii,Sector 6,Sector 6,București,Vest,1
Staer 9,Staer 9,Aleea Ea Leda,Sector 6,Sector 6,București,Vest,1
Staer 9,Staer 9,Aleea Ea Poarta Abla,Sector 6,Sector 6,București,Vest,1
Staer 9,Staer 9,Aleea Ea Poarta Alba,Sector 6,Sector 6,București,Vest,1
Staer 9,Staer 9,Aleea Ea Poarta Sarutului,Sector 6,Sector 6,București,Vest,1
Staer 9,Staer 9,Aleea Ea Poiana Sibiului,Sector 6,Sector 6,București,Vest,1
Staer 9,Staer 9,Aleea Ea Poiana Vadului,Sector 6,Sector 6,București,Vest,1
Staer 9,Staer 9,Aleea Ea Solidaritatii,Sector 6,Sector 6,București,Vest,1
Staer 9,Staer 9,Aleea Ea Tibles,Sector 6,Sector 6,București,Vest,1
Staer 9,Staer 9,Aleea Ea Valea Boteni,Sector 6,Sector 6,București,Vest,1
Staer 9,Staer 9,Aleea Ea Valea Furcii,Sector 6,Sector 6,București,Vest,1
Staer 9,Staer 9,Aleea Poiana Cernei,Sector 6,Sector 6,București,Vest,1
Staer 9,Staer 9,Aleea Poiana Mare,Sector 6,Sector 6,București,Vest,1
Staer 9,Staer 9,Aleea Ramnicel,Sector 6,Sector 6,București,Vest,1
Staer 9,Staer 9,Aleea Timisul de Sus,Sector 6,Sector 6,București,Vest,1
Staer 9,Staer 9,Aleea Valea Rosie,Sector 6,Sector 6,București,Vest,1
Staer 9,Staer 9,Aleea Valea Siretului,Sector 6,Sector 6,București,Vest,1
Staer 9,Staer 9,Alunului,Sector 6,Sector 6,București,Vest,1
Staer 9,Staer 9,Ametistului,Sector 6,Sector 6,București,Vest,1
Staer 9,Staer 9,Anl Brancusi,Sector 6,Sector 6,București,Vest,1
Staer 9,Staer 9,Apostol Constantin,Sector 6,Sector 6,București,Vest,1
Staer 9,Staer 9,Apostol Gheorghe Constantin,Sector 6,Sector 6,București,Vest,1
Staer 9,Staer 9,Aromei,Sector 6,Sector 6,București,Vest,1
Staer 9,Staer 9,Av Popisteanu,Sector 6,Sector 6,București,Vest,1
Staer 9,Staer 9,Axandru Cutieru,Sector 6,Sector 6,București,Vest,1
Staer 9,Staer 9,Axandru Cutierul,Sector 6,Sector 6,București,Vest,1
Staer 9,Staer 9,Azulrului,Sector 6,Sector 6,București,Vest,1
Staer 9,Staer 9,Baie de Aries,Sector 6,Sector 6,București,Vest,1
Staer 9,Staer 9,Bascov,Sector 6,Sector 6,București,Vest,1
Staer 9,Staer 9,Bihorului,Sector 6,Sector 6,București,Vest,1
Staer 9,Staer 9,Bin Timisoara,Sector 6,Sector 6,București,Vest,1
Staer 9,Staer 9,Blc Ghencea,Sector 6,Sector 6,București,Vest,1
Staer 9,Staer 9,Bozoieni,Sector 6,Sector 6,București,Vest,1
Staer 9,Staer 9,Bulevardul 1 Mai ( Compozitorilor),Sector 6,Sector 6,București,Vest,1
Staer 9,Staer 9,Bulevardul 1mai,Sector 6,Sector 6,București,Vest,1
Staer 9,Staer 9,Bulevardul Anul 1864,Sector 6,Sector 6,București,Vest,1
Staer 9,Staer 9,Bulevardul Geniului,Sector 6,Sector 6,București,Vest,1
Staer 9,Staer 9,Bulevardul Giulesti,Sector 6,Sector 6,București,Vest,1
Staer 9,Staer 9,Bulevardul Iulia Maniu,Sector 6,Sector 6,București,Vest,1
Staer 9,Staer 9,Bulevardul Iuliu Manieu,Sector 6,Sector 6,București,Vest,1
Staer 9,Staer 9,Bulevardul Iuliu Maniu ( Militari Residance ),Sector 6,Sector 6,București,Vest,1
Staer 9,Staer 9,Bulevardul Lacul Tei,Sector 6,Sector 6,București,Vest,1
Staer 9,Staer 9,Bulevardul Preciziei,Sector 6,Sector 6,București,Vest,1
Staer 9,Staer 9,Bulevardul Timisoar,Sector 6,Sector 6,București,Vest,1
Staer 9,Staer 9,Bulevardul Timisoara 101n,Sector 6,Sector 6,București,Vest,1
Staer 9,Staer 9,Bulevardul Timosoara,Sector 6,Sector 6,București,Vest,1
Staer 9,Staer 9,Bulevardul Tudor Vladimirescu,Sector 6,Sector 6,București,Vest,1
Staer 9,Staer 9,Bulevardul Vasilea Milea,Sector 6,Sector 6,București,Vest,1
Staer 9,Staer 9,Burla Vasile,Sector 6,Sector 6,București,Vest,1
Staer 9,Staer 9,Bursucani,Sector 6,Sector 6,București,Vest,1
Staer 9,Staer 9,Bvd Ceahlau,Sector 6,Sector 6,București,Vest,1
Staer 9,Staer 9,Bvd Iuliu Maniu,Sector 6,Sector 6,București,Vest,1
Staer 9,Staer 9,Bvd Timisoara,Sector 6,Sector 6,București,Vest,1
Staer 9,Staer 9,Calea 13 Septembrie,Sector 6,Sector 6,București,Vest,1
Staer 9,Staer 9,Capral Eftimie Z Croitoru,Sector 6,Sector 6,București,Vest,1
Staer 9,Staer 9,Carabusului,Sector 6,Sector 6,București,Vest,1
Staer 9,Staer 9,Castranova,Sector 6,Sector 6,București,Vest,1
Staer 9,Staer 9,CD,Sector 6,Sector 6,București,Vest,1
Staer 9,Staer 9,Cehlau,Sector 6,Sector 6,București,Vest,1
Staer 9,Staer 9,Cezarescu Economu,Sector 6,Sector 6,București,Vest,1
Staer 9,Staer 9,Ciresar,Sector 6,Sector 6,București,Vest,1
Staer 9,Staer 9,Coasta Magurii,Sector 6,Sector 6,București,Vest,1
Staer 9,Staer 9,Col Infinitului,Sector 6,Sector 6,București,Vest,1
Staer 9,Staer 9,Const Titel Petrescu,Sector 6,Sector 6,București,Vest,1
Staer 9,Staer 9,Constantinmoise,Sector 6,Sector 6,București,Vest,1
Staer 9,Staer 9,Cosmesti,Sector 6,Sector 6,București,Vest,1
Staer 9,Staer 9,Cosntantin Moise,Sector 6,Sector 6,București,Vest,1
Staer 9,Staer 9,Costache Aristia,Sector 6,Sector 6,București,Vest,1
Staer 9,Staer 9,Costin Nenitescu,Sector 6,Sector 6,București,Vest,1
Staer 9,Staer 9,Crangasi,Sector 6,Sector 6,București,Vest,1
Staer 9,Staer 9,Crisul Repede,Sector 6,Sector 6,București,Vest,1
Staer 9,Staer 9,Cutieru Alexandru,Sector 6,Sector 6,București,Vest,1
Staer 9,Staer 9,Dambovitei,Sector 6,Sector 6,București,Vest,1
Staer 9,Staer 9,Dantelei,Sector 6,Sector 6,București,Vest,1
Staer 9,Staer 9,Danubiu,Sector 6,Sector 6,București,Vest,1
Staer 9,Staer 9,Dealu Tugulea,Sector 6,Sector 6,București,Vest,1
Staer 9,Staer 9,Denta,Sector 6,Sector 6,București,Vest,1
Staer 9,Staer 9,Dg Major Cara Anghel,Sector 6,Sector 6,București,Vest,1
Staer 9,Staer 9,Doftaniei,Sector 6,Sector 6,București,Vest,1
Staer 9,Staer 9,Dr Belsigului,Sector 6,Sector 6,București,Vest,1
Staer 9,Staer 9,Dr Calmatuiului,Sector 6,Sector 6,București,Vest,1
Staer 9,Staer 9,Dr Constantin Moise,Sector 6,Sector 6,București,Vest,1
Staer 9,Staer 9,Dr Cooperativei,Sector 6,Sector 6,București,Vest,1
Staer 9,Staer 9,Dr Cricovului,Sector 6,Sector 6,București,Vest,1
Staer 9,Staer 9,Dr Manastirea Varatec,Sector 6,Sector 6,București,Vest,1
Staer 9,Staer 9,Dr Sabareni,Sector 6,Sector 6,București,Vest,1
Staer 9,Staer 9,Dr Valea Calmatuiuolui,Sector 6,Sector 6,București,Vest,1
Staer 9,Staer 9,Dr Valea Danului,Sector 6,Sector 6,București,Vest,1
Staer 9,Staer 9,Dr Valea Furcii,Sector 6,Sector 6,București,Vest,1
Staer 9,Staer 9,Dr Vallea Cricovului,Sector 6,Sector 6,București,Vest,1
Staer 9,Staer 9,Dra.pogany,Sector 6,Sector 6,București,Vest,1
Staer 9,Staer 9,Dreptati,Sector 6,Sector 6,București,Vest,1
Staer 9,Staer 9,Drumul Bacriului,Sector 6,Sector 6,București,Vest,1
Staer 9,Staer 9,Drumul Ciorogarlei,Sector 6,Sector 6,București,Vest,1
Staer 9,Staer 9,Drumul Dealul Calmatuiului,Sector 6,Sector 6,București,Vest,1
Staer 9,Staer 9,Drumul Furcii,Sector 6,Sector 6,București,Vest,1
Staer 9,Staer 9,Drumul Gura Fagetului,Sector 6,Sector 6,București,Vest,1
Staer 9,Staer 9,Drumul Maracineni,Sector 6,Sector 6,București,Vest,1
Staer 9,Staer 9,Drumul Podul Ilfovatului,Sector 6,Sector 6,București,Vest,1
Staer 9,Staer 9,Drumul Podul Pitarului,Sector 6,Sector 6,București,Vest,1
Staer 9,Staer 9,Drumul Taberei ( Anl-Uri Noi ),Sector 6,Sector 6,București,Vest,1
Staer 9,Staer 9,Drumul Valea Argovei,Sector 6,Sector 6,București,Vest,1
Staer 9,Staer 9,Drunul Osiei,Sector 6,Sector 6,București,Vest,1
Staer 9,Staer 9,Druul Osiei,Sector 6,Sector 6,București,Vest,1
Staer 9,Staer 9,Dunarii,Sector 6,Sector 6,București,Vest,1
Staer 9,Staer 9,Dunavat,Sector 6,Sector 6,București,Vest,1
Staer 9,Staer 9,Ec Cezarescu,Sector 6,Sector 6,București,Vest,1
Staer 9,Staer 9,Econom Cezarescu,Sector 6,Sector 6,București,Vest,1
Staer 9,Staer 9,Economul Cezarescu,Sector 6,Sector 6,București,Vest,1
Staer 9,Staer 9,Eroina de la Jiu,Sector 6,Sector 6,București,Vest,1
Staer 9,Staer 9,Eroului,Sector 6,Sector 6,București,Vest,1
Staer 9,Staer 9,F Regiei,Sector 6,Sector 6,București,Vest,1
Staer 9,Staer 9,Fagului,Sector 6,Sector 6,București,Vest,1
Staer 9,Staer 9,Feldisoara,Sector 6,Sector 6,București,Vest,1
Staer 9,Staer 9,Floare de Ghiata,Sector 6,Sector 6,București,Vest,1
Staer 9,Staer 9,G M Zamfirescu,Sector 6,Sector 6,București,Vest,1
Staer 9,Staer 9,Gabriel Cioran,Sector 6,Sector 6,București,Vest,1
Staer 9,Staer 9,Gen Culcer,Sector 6,Sector 6,București,Vest,1
Staer 9,Staer 9,Gen Ioan Culcer,Sector 6,Sector 6,București,Vest,1
Staer 9,Staer 9,Gen Paul Teodorescu,Sector 6,Sector 6,București,Vest,1
Staer 9,Staer 9,Gen Popovat,Sector 6,Sector 6,București,Vest,1
Staer 9,Staer 9,George Calborean,Sector 6,Sector 6,București,Vest,1
Staer 9,Staer 9,George Mihai Zamfirescu,Sector 6,Sector 6,București,Vest,1
Staer 9,Staer 9,George Raneti,Sector 6,Sector 6,București,Vest,1
Staer 9,Staer 9,Ghe Saidac,Sector 6,Sector 6,București,Vest,1
Staer 9,Staer 9,Gheorghe Ranitti,Sector 6,Sector 6,București,Vest,1
Staer 9,Staer 9,Gheorghe Saidac,Sector 6,Sector 6,București,Vest,1
Staer 9,Staer 9,Ghidigeni,Sector 6,Sector 6,București,Vest,1
Staer 9,Staer 9,Giulesti,Sector 6,Sector 6,București,Vest,1
Staer 9,Staer 9,Iernii,Sector 6,Sector 6,București,Vest,1
Staer 9,Staer 9,Ing. Nicolae Teodorescu,Sector 6,Sector 6,București,Vest,1
Staer 9,Staer 9,Inrarea Vorona,Sector 6,Sector 6,București,Vest,1
Staer 9,Staer 9,Inrearea Guliver,Sector 6,Sector 6,București,Vest,1
Staer 9,Staer 9,Inspiratiei,Sector 6,Sector 6,București,Vest,1
Staer 9,Staer 9,Int Flotei,Sector 6,Sector 6,București,Vest,1
Staer 9,Staer 9,Intrarea Area Abnegatiei,Sector 6,Sector 6,București,Vest,1
Staer 9,Staer 9,Intrarea Area Dr Taberei,Sector 6,Sector 6,București,Vest,1
Staer 9,Staer 9,Intrarea Area Dreptatii,Sector 6,Sector 6,București,Vest,1
Staer 9,Staer 9,Intrarea Area Furcii,Sector 6,Sector 6,București,Vest,1
Staer 9,Staer 9,Intrarea Area Panificatiei,Sector 6,Sector 6,București,Vest,1
Staer 9,Staer 9,Intrarea Area Paulis,Sector 6,Sector 6,București,Vest,1
Staer 9,Staer 9,Intrarea Area Puntii,Sector 6,Sector 6,București,Vest,1
Staer 9,Staer 9,Intrarea Area Targul Frumos,Sector 6,Sector 6,București,Vest,1
Staer 9,Staer 9,Intrarea Carnavalului24,Sector 6,Sector 6,București,Vest,1
Staer 9,Staer 9,Intrarea Fosnetului,Sector 6,Sector 6,București,Vest,1
Staer 9,Staer 9,Intrarea Frasinului,Sector 6,Sector 6,București,Vest,1
Staer 9,Staer 9,Intrarea Izvorani,Sector 6,Sector 6,București,Vest,1
Staer 9,Staer 9,Intrarea Odobesti,Sector 6,Sector 6,București,Vest,1
Staer 9,Staer 9,Intrarea Pinului,Sector 6,Sector 6,București,Vest,1
Staer 9,Staer 9,Intrarea Silistraru,Sector 6,Sector 6,București,Vest,1
Staer 9,Staer 9,Intrarea Viitorului,Sector 6,Sector 6,București,Vest,1
Staer 9,Staer 9,Ion Campineanu,Sector 6,Sector 6,București,Vest,1
Staer 9,Staer 9,Ion Nonna Otescu,Sector 6,Sector 6,București,Vest,1
Staer 9,Staer 9,Itr Godeni,Sector 6,Sector 6,București,Vest,1
Staer 9,Staer 9,Iul Independentei,Sector 6,Sector 6,București,Vest,1
Staer 9,Staer 9,Iuliu Nmaniu,Sector 6,Sector 6,București,Vest,1
Staer 9,Staer 9,Izbandei,Sector 6,Sector 6,București,Vest,1
Staer 9,Staer 9,Lct Ghe Saidac,Sector 6,Sector 6,București,Vest,1
Staer 9,Staer 9,Lct Saidac Gheorghe,Sector 6,Sector 6,București,Vest,1
Staer 9,Staer 9,Loc Ghe Caranda,Sector 6,Sector 6,București,Vest,1
Staer 9,Staer 9,Loc Saidac Gheorghe,Sector 6,Sector 6,București,Vest,1
Staer 9,Staer 9,Locot Saidac Gheorghe,Sector 6,Sector 6,București,Vest,1
Staer 9,Staer 9,Lt Ghe .saidac,Sector 6,Sector 6,București,Vest,1
Staer 9,Staer 9,Lt Ghe Caranda,Sector 6,Sector 6,București,Vest,1
Staer 9,Staer 9,Lt Saidac Gheorghe,Sector 6,Sector 6,București,Vest,1
Staer 9,Staer 9,Lucacesti,Sector 6,Sector 6,București,Vest,1
Staer 9,Staer 9,Luncii,Sector 6,Sector 6,București,Vest,1
Staer 9,Staer 9,Magura Odobesti,Sector 6,Sector 6,București,Vest,1
Staer 9,Staer 9,Maior Latea Gheorghe,Sector 6,Sector 6,București,Vest,1
Staer 9,Staer 9,Malinului,Sector 6,Sector 6,București,Vest,1
Staer 9,Staer 9,Marcu Mihaela Ruxandra,Sector 6,Sector 6,București,Vest,1
Staer 9,Staer 9,Masa Tacerii 8,Sector 6,Sector 6,București,Vest,1
Staer 9,Staer 9,Matoiului,Sector 6,Sector 6,București,Vest,1
Staer 9,Staer 9,MD Timisoara,Sector 6,Sector 6,București,Vest,1
Staer 9,Staer 9,Mecanicilor,Sector 6,Sector 6,București,Vest,1
Staer 9,Staer 9,Migdalului,Sector 6,Sector 6,București,Vest,1
Staer 9,Staer 9,Mugurelui,Sector 6,Sector 6,București,Vest,1
Staer 9,Staer 9,Munitiei,Sector 6,Sector 6,București,Vest,1
Staer 9,Staer 9,Nenitescu Costin,Sector 6,Sector 6,București,Vest,1
Staer 9,Staer 9,Nera,Sector 6,Sector 6,București,Vest,1
Staer 9,Staer 9,Nicolae Filimon,Sector 6,Sector 6,București,Vest,1
Staer 9,Staer 9,Oltului,Sector 6,Sector 6,București,Vest,1
Staer 9,Staer 9,Oncescu Nicolae,Sector 6,Sector 6,București,Vest,1
Staer 9,Staer 9,Padure,Sector 6,Sector 6,București,Vest,1
Staer 9,Staer 9,Pajurei,Sector 6,Sector 6,București,Vest,1
Staer 9,Staer 9,Parafinei,Sector 6,Sector 6,București,Vest,1
Staer 9,Staer 9,Pararutelor,Sector 6,Sector 6,București,Vest,1
Staer 9,Staer 9,Paraschiva Gherghel,Sector 6,Sector 6,București,Vest,1
Staer 9,Staer 9,Pasarea de Aur,Sector 6,Sector 6,București,Vest,1
Staer 9,Staer 9,Performantei,Sector 6,Sector 6,București,Vest,1
Staer 9,Staer 9,Piscului Crasani,Sector 6,Sector 6,București,Vest,1
Staer 9,Staer 9,Porumbacul,Sector 6,Sector 6,București,Vest,1
Staer 9,Staer 9,Prelungirea Ungirea Ghencea ( Cartier Latin ),Sector 6,Sector 6,București,Vest,1
Staer 9,Staer 9,Prelungirea Ungirea Ghncea,Sector 6,Sector 6,București,Vest,1
Staer 9,Staer 9,Prl Ghencea,Sector 6,Sector 6,București,Vest,1
Staer 9,Staer 9,Pscani,Sector 6,Sector 6,București,Vest,1
Staer 9,Staer 9,Radna,Sector 6,Sector 6,București,Vest,1
Staer 9,Staer 9,Rasadnitei,Sector 6,Sector 6,București,Vest,1
Staer 9,Staer 9,Razoare,Sector 6,Sector 6,București,Vest,1
Staer 9,Staer 9,Rosiori E Vede,Sector 6,Sector 6,București,Vest,1
Staer 9,Staer 9,Rotasului,Sector 6,Sector 6,București,Vest,1
Staer 9,Staer 9,Safirului,Sector 6,Sector 6,București,Vest,1
Staer 9,Staer 9,Saidac Gheorghe,Sector 6,Sector 6,București,Vest,1
Staer 9,Staer 9,Sandulescu C Ameilcar,Sector 6,Sector 6,București,Vest,1
Staer 9,Staer 9,Sangerului,Sector 6,Sector 6,București,Vest,1
Staer 9,Staer 9,Sculptorilor,Sector 6,Sector 6,București,Vest,1
Staer 9,Staer 9,Seg Cutieru Alexandru,Sector 6,Sector 6,București,Vest,1
Staer 9,Staer 9,Serbota,Sector 6,Sector 6,București,Vest,1
Staer 9,Staer 9,Serg Alex Cutieru,Sector 6,Sector 6,București,Vest,1
Staer 9,Staer 9,Serg Apostol Comstantin,Sector 6,Sector 6,București,Vest,1
Staer 9,Staer 9,Serg Const Apostol,Sector 6,Sector 6,București,Vest,1
Staer 9,Staer 9,Serg Constantin Apostol,Sector 6,Sector 6,București,Vest,1
Staer 9,Staer 9,Serg Cutieru Alexandru,Sector 6,Sector 6,București,Vest,1
Staer 9,Staer 9,Serg Cutierul Alexandru,Sector 6,Sector 6,București,Vest,1
Staer 9,Staer 9,Serg Gheorghe Latea,Sector 6,Sector 6,București,Vest,1
Staer 9,Staer 9,Serg Ilie Petre,Sector 6,Sector 6,București,Vest,1
Staer 9,Staer 9,Serg Moise Constantin,Sector 6,Sector 6,București,Vest,1
Staer 9,Staer 9,Sergent Apostol Constantin,Sector 6,Sector 6,București,Vest,1
Staer 9,Staer 9,Sergent Cutierul Alexandru,Sector 6,Sector 6,București,Vest,1
Staer 9,Staer 9,Sg al Cutieru,Sector 6,Sector 6,București,Vest,1
Staer 9,Staer 9,Sg Alex Cuttieru,Sector 6,Sector 6,București,Vest,1
Staer 9,Staer 9,Sg Alexandruu Cutieru,Sector 6,Sector 6,București,Vest,1
Staer 9,Staer 9,Sg Cutieru Apostol,Sector 6,Sector 6,București,Vest,1
Staer 9,Staer 9,Sg Latea Gheorge,Sector 6,Sector 6,București,Vest,1
Staer 9,Staer 9,Sg Latea Gheorghe,Sector 6,Sector 6,București,Vest,1
Staer 9,Staer 9,Sg Major,Sector 6,Sector 6,București,Vest,1
Staer 9,Staer 9,Sg Marcu Ion,Sector 6,Sector 6,București,Vest,1
Staer 9,Staer 9,Sg Mj Cara Anghel,Sector 6,Sector 6,București,Vest,1
Staer 9,Staer 9,Soarelui,Sector 6,Sector 6,București,Vest,1
Staer 9,Staer 9,Soldat Cutieru Alexandru,Sector 6,Sector 6,București,Vest,1
Staer 9,Staer 9,Spilcutei,Sector 6,Sector 6,București,Vest,1
Staer 9,Staer 9,Splaiul Aiul Independetei,Sector 6,Sector 6,București,Vest,1
Staer 9,Staer 9,Srg Gheorghe Latea,Sector 6,Sector 6,București,Vest,1
Staer 9,Staer 9,Strada Ada Pravat,Sector 6,Sector 6,București,Vest,1
Staer 9,Staer 9,Strada Buzoieni,Sector 6,Sector 6,București,Vest,1
Staer 9,Staer 9,Strada Ceahlaul,Sector 6,Sector 6,București,Vest,1
Staer 9,Staer 9,Strada Ceahlău,Sector 6,Sector 6,București,Vest,1
Staer 9,Staer 9,Strada Drumul Taberei,Sector 6,Sector 6,București,Vest,1
Staer 9,Staer 9,Strada Ecaterina Varga,Sector 6,Sector 6,București,Vest,1
Staer 9,Staer 9,Strada Elena Caragiani,Sector 6,Sector 6,București,Vest,1
Staer 9,Staer 9,Strada Lt. Stefan Marinescu,Sector 6,Sector 6,București,Vest,1
Staer 9,Staer 9,Strada Petre Ispirescu,Sector 6,Sector 6,București,Vest,1
Staer 9,Staer 9,Strada Victor Ion Popa,Sector 6,Sector 6,București,Vest,1
Staer 9,Staer 9,Stuca,Sector 6,Sector 6,București,Vest,1
Staer 9,Staer 9,Șoseaua Antiaeriana,Sector 6,Sector 6,București,Vest,1
Staer 9,Staer 9,Șoseaua Eaua Virtutiei,Sector 6,Sector 6,București,Vest,1
Staer 9,Staer 9,Tangunului,Sector 6,Sector 6,București,Vest,1
Staer 9,Staer 9,Targul Neamt,Sector 6,Sector 6,București,Vest,1
Staer 9,Staer 9,Tg Nramt,Sector 6,Sector 6,București,Vest,1
Staer 9,Staer 9,Tolbei,Sector 6,Sector 6,București,Vest,1
Staer 9,Staer 9,Tomisioara,Sector 6,Sector 6,București,Vest,1
Staer 9,Staer 9,Turnul Chindiei,Sector 6,Sector 6,București,Vest,1
Staer 9,Staer 9,Ul Ghencea,Sector 6,Sector 6,București,Vest,1
Staer 9,Staer 9,Ul Iuliu Maniu,Sector 6,Sector 6,București,Vest,1
Staer 9,Staer 9,Ul Uverturii,Sector 6,Sector 6,București,Vest,1
Staer 9,Staer 9,Unirii,Sector 6,Sector 6,București,Vest,1
Staer 9,Staer 9,Val Calugareasca,Sector 6,Sector 6,București,Vest,1
Staer 9,Staer 9,Val Mare,Sector 6,Sector 6,București,Vest,1
Staer 9,Staer 9,Valea,Sector 6,Sector 6,București,Vest,1
Staer 9,Staer 9,Valea Cerbului,Sector 6,Sector 6,București,Vest,1
Staer 9,Staer 9,Valea Ialomiotei,Sector 6,Sector 6,București,Vest,1
Staer 9,Staer 9,Varciorova,Sector 6,Sector 6,București,Vest,1
Staer 9,Staer 9,VD Timipoata,Sector 6,Sector 6,București,Vest,1
Staer 9,Staer 9,Vijeliei,Sector 6,Sector 6,București,Vest,1
Staer 9,Staer 9,Vistiernicul Stravrinos,Sector 6,Sector 6,București,Vest,1
Staer 9,Staer 9,Winer Palada,Sector 6,Sector 6,București,Vest,1
Staer 9,Staer 9,Xadru Iacobescu,Sector 6,Sector 6,București,Vest,1
Staer 9,Staer 9,Xandru Cutierru,Sector 6,Sector 6,București,Vest,1
Staer 9,Staer 9,Xandru Cutieru,Sector 6,Sector 6,București,Vest,1
Staer 9,Staer 9,Xandru Ioacobescu,Sector 6,Sector 6,București,Vest,1
Staer 9,Staer 9,Xandru Ivasiuc,Sector 6,Sector 6,București,Vest,1
Staer 9,Staer 9,Zinca Golescu,Sector 6,Sector 6,București,Vest,1
Staer 9,Staer 9,Strada Cetatea de Balta,București neatribuit,București neatribuit,București,București neatribuit,1
Staer 9,Staer 9,Baltii,1 Decembrie,—,Ilfov,Sud,1
Staer 9,Staer 9,Ion Barbu,1 Decembrie,—,Ilfov,Sud,1
Staer 9,Staer 9,NECUNOSCUTĂ,1 Decembrie,—,Ilfov,Sud,1
Staer 9,Staer 9,Regina Elena,1 Decembrie,—,Ilfov,Sud,1
Staer 9,Staer 9,Șoseaua Giurgiului,1 Decembrie,—,Ilfov,Sud,1
Staer 9,Staer 9,Viitorului,1 Decembrie,—,Ilfov,Sud,1
Staer 9,Staer 9,Craitelor,Adunatii Copacceni,—,Ilfov,Ilfov neatribuit,1
Staer 9,Staer 9,Șoseaua Victoriei,"Adunatii Copaceni,sat Varlaam",—,Ilfov,Ilfov neatribuit,1
Staer 9,Staer 9,Domnita Ralu,Afumați,—,Ilfov,Nord-Est,1
Staer 9,Staer 9,Imasului,Afumați,—,Ilfov,Nord-Est,1
Staer 9,Staer 9,Liliacului,Afumați,—,Ilfov,Nord-Est,1
Staer 9,Staer 9,Linia de Centura Dreapta,Afumați,—,Ilfov,Nord-Est,1
Staer 9,Staer 9,Mircea Voda,Afumați,—,Ilfov,Nord-Est,1
Staer 9,Staer 9,Tineretului,Bacu,—,Ilfov,Ilfov neatribuit,1
Staer 9,Staer 9,Atenului,Balaceanca,—,Ilfov,Ilfov neatribuit,1
Staer 9,Staer 9,Primaverii,Balaceanca,—,Ilfov,Ilfov neatribuit,1
Staer 9,Staer 9,Veche,Cernica,—,Ilfov,Est,1
Staer 9,Staer 9,Calea Ea Bucuresti,Balostesti,—,Ilfov,Ilfov neatribuit,1
Staer 9,Staer 9,Aleea Iris,Balotești,—,Ilfov,Nord,1
Staer 9,Staer 9,Amurgului,Balotești,—,Ilfov,Nord,1
Staer 9,Staer 9,Antenei,Balotești,—,Ilfov,Nord,1
Staer 9,Staer 9,Digului,Balotești,—,Ilfov,Nord,1
Staer 9,Staer 9,Frumoasa,Balotești,—,Ilfov,Nord,1
Staer 9,Staer 9,Macesului,Balotești,—,Ilfov,Nord,1
Staer 9,Staer 9,Margeanului,Balotești,—,Ilfov,Nord,1
Staer 9,Staer 9,Prelungirea Ungirea Fieni,Balotești,—,Ilfov,Nord,1
Staer 9,Staer 9,Privighetorilor,Balotești,—,Ilfov,Nord,1
Staer 9,Staer 9,Ion Lahovari,Balotești,—,Ilfov,Nord,1
Staer 9,Staer 9,Cameliei,Balotești,—,Ilfov,Nord,1
Staer 9,Staer 9,Dr Padurea Neagra,Baneasa,—,Ilfov,Ilfov neatribuit,1
Staer 9,Staer 9,Iernii,Beagadiru,—,Ilfov,Ilfov neatribuit,1
Staer 9,Staer 9,Branduselor,Berceni (Ilfov),—,Ilfov,Sud,1
Staer 9,Staer 9,Cazanului,Berceni (Ilfov),—,Ilfov,Sud,1
Staer 9,Staer 9,Ficusului,Berceni (Ilfov),—,Ilfov,Sud,1
Staer 9,Staer 9,Florilor,Berceni (Ilfov),—,Ilfov,Sud,1
Staer 9,Staer 9,Izvorul Oltului,Berceni (Ilfov),—,Ilfov,Sud,1
Staer 9,Staer 9,Marasesti,Berceni (Ilfov),—,Ilfov,Sud,1
Staer 9,Staer 9,Matei Basarab,Berceni (Ilfov),—,Ilfov,Sud,1
Staer 9,Staer 9,Mioritei,Berceni (Ilfov),—,Ilfov,Sud,1
Staer 9,Staer 9,Plopilor,Berceni (Ilfov),—,Ilfov,Sud,1
Staer 9,Staer 9,Socului,Berceni (Ilfov),—,Ilfov,Sud,1
Staer 9,Staer 9,Strada Eroilor,Berceni (Ilfov),—,Ilfov,Sud,1
Staer 9,Staer 9,Strada Libertatii,Berceni (Ilfov),—,Ilfov,Sud,1
Staer 9,Staer 9,Strada Principala,Berceni (Ilfov),—,Ilfov,Sud,1
Staer 9,Staer 9,Strada Vrăjitorului,Berceni (Ilfov),—,Ilfov,Sud,1
Staer 9,Staer 9,Vadul Mosului,Berceni (Ilfov),—,Ilfov,Sud,1
Staer 9,Staer 9,Vasile Goldis,Berceni (Ilfov),—,Ilfov,Sud,1
Staer 9,Staer 9,Aleea Ea Biruintei,Bragadiru,—,Ilfov,Sud-Vest,1
Staer 9,Staer 9,Aleea Simbolului,Bragadiru,—,Ilfov,Sud-Vest,1
Staer 9,Staer 9,Amarasesti,Bragadiru,—,Ilfov,Sud-Vest,1
Staer 9,Staer 9,Arges,Bragadiru,—,Ilfov,Sud-Vest,1
Staer 9,Staer 9,Armistitiului,Bragadiru,—,Ilfov,Sud-Vest,1
Staer 9,Staer 9,Brumarel,Bragadiru,—,Ilfov,Sud-Vest,1
Staer 9,Staer 9,Ciocarliei,Bragadiru,—,Ilfov,Sud-Vest,1
Staer 9,Staer 9,Codrului,Bragadiru,—,Ilfov,Sud-Vest,1
Staer 9,Staer 9,Colinei,Bragadiru,—,Ilfov,Sud-Vest,1
Staer 9,Staer 9,Cristalului,Bragadiru,—,Ilfov,Sud-Vest,1
Staer 9,Staer 9,Crisul Repede;inters cu Str Plevnei,Bragadiru,—,Ilfov,Sud-Vest,1
Staer 9,Staer 9,Demnitatii,Bragadiru,—,Ilfov,Sud-Vest,1
Staer 9,Staer 9,Dezrobirii,Bragadiru,—,Ilfov,Sud-Vest,1
Staer 9,Staer 9,Dr Cooperativei,Bragadiru,—,Ilfov,Sud-Vest,1
Staer 9,Staer 9,Dr de Sonde,Bragadiru,—,Ilfov,Sud-Vest,1
Staer 9,Staer 9,Drumul De Sonde,Bragadiru,—,Ilfov,Sud-Vest,1
Staer 9,Staer 9,Dunarii(adora Urban),Bragadiru,—,Ilfov,Sud-Vest,1
Staer 9,Staer 9,Eliberarii,Bragadiru,—,Ilfov,Sud-Vest,1
Staer 9,Staer 9,Garofitei,Bragadiru,—,Ilfov,Sud-Vest,1
Staer 9,Staer 9,Generalului,Bragadiru,—,Ilfov,Sud-Vest,1
Staer 9,Staer 9,Ghidiceni,Bragadiru,—,Ilfov,Sud-Vest,1
Staer 9,Staer 9,Ghioceilor,Bragadiru,—,Ilfov,Sud-Vest,1
Staer 9,Staer 9,Iarnii,Bragadiru,—,Ilfov,Sud-Vest,1
Staer 9,Staer 9,Idealului,Bragadiru,—,Ilfov,Sud-Vest,1
Staer 9,Staer 9,Intrarea Area Draganul,Bragadiru,—,Ilfov,Sud-Vest,1
Staer 9,Staer 9,Intrarea Area Povernei,Bragadiru,—,Ilfov,Sud-Vest,1
Staer 9,Staer 9,Invingatorilor,Bragadiru,—,Ilfov,Sud-Vest,1
Staer 9,Staer 9,Jadului,Bragadiru,—,Ilfov,Sud-Vest,1
Staer 9,Staer 9,Jiului,Bragadiru,—,Ilfov,Sud-Vest,1
Staer 9,Staer 9,Lalelor,Bragadiru,—,Ilfov,Sud-Vest,1
Staer 9,Staer 9,Magnoliei,Bragadiru,—,Ilfov,Sud-Vest,1
Staer 9,Staer 9,Martisor/ghidigeni,Bragadiru,—,Ilfov,Sud-Vest,1
Staer 9,Staer 9,Monumestului,Bragadiru,—,Ilfov,Sud-Vest,1
Staer 9,Staer 9,Orizontului,Bragadiru,—,Ilfov,Sud-Vest,1
Staer 9,Staer 9,Parcului,Bragadiru,—,Ilfov,Sud-Vest,1
Staer 9,Staer 9,Perlelor,Bragadiru,—,Ilfov,Sud-Vest,1
Staer 9,Staer 9,Rahovei,Bragadiru,—,Ilfov,Sud-Vest,1
Staer 9,Staer 9,Sarmis,Bragadiru,—,Ilfov,Sud-Vest,1
Staer 9,Staer 9,Sidefului,Bragadiru,—,Ilfov,Sud-Vest,1
Staer 9,Staer 9,Smardan 1,Bragadiru,—,Ilfov,Sud-Vest,1
Staer 9,Staer 9,Strada Narciselor,Bragadiru,—,Ilfov,Sud-Vest,1
Staer 9,Staer 9,Targului,Bragadiru,—,Ilfov,Sud-Vest,1
Staer 9,Staer 9,Tg Neamt,Bragadiru,—,Ilfov,Sud-Vest,1
Staer 9,Staer 9,Toporasi (din Stada Verii),Bragadiru,—,Ilfov,Sud-Vest,1
Staer 9,Staer 9,Trandafirilor,Bragadiru,—,Ilfov,Sud-Vest,1
Staer 9,Staer 9,Tunului,Bragadiru,—,Ilfov,Sud-Vest,1
Staer 9,Staer 9,U/ghencea(cart Latin),Bragadiru,—,Ilfov,Sud-Vest,1
Staer 9,Staer 9,Vailor,Bragadiru,—,Ilfov,Sud-Vest,1
Staer 9,Staer 9,Viilor,Bragadiru,—,Ilfov,Sud-Vest,1
Staer 9,Staer 9,Zefirului,Bragadiru,—,Ilfov,Sud-Vest,1
Staer 9,Staer 9,Ciresar,Bragadiru,—,Ilfov,Sud-Vest,1
Staer 9,Staer 9,Viilor,Bragadiru,—,Ilfov,Sud-Vest,1
Staer 9,Staer 9,Podisor,Bragadiru,—,Ilfov,Sud-Vest,1
Staer 9,Staer 9,Prelungirea Ghencea,Bragadiru,—,Ilfov,Sud-Vest,1
Staer 9,Staer 9,Crisul Repede,Bragdiru,—,Ilfov,Ilfov neatribuit,1
Staer 9,Staer 9,Margelelor,Bragdiru,—,Ilfov,Ilfov neatribuit,1
Staer 9,Staer 9,Prelungirea Ghencea,Bragdiru,—,Ilfov,Ilfov neatribuit,1
Staer 9,Staer 9,Safirului,Bragdiru,—,Ilfov,Ilfov neatribuit,1
Staer 9,Staer 9,Aviatori,Brănești,—,Ilfov,Est,1
Staer 9,Staer 9,Intrarea Negru Voda,Brănești,—,Ilfov,Est,1
Staer 9,Staer 9,Marasesti,Brănești,—,Ilfov,Est,1
Staer 9,Staer 9,Mihai Eminescu,Brănești,—,Ilfov,Est,1
Staer 9,Staer 9,Soarelui,Brănești,—,Ilfov,Est,1
Staer 9,Staer 9,Strada Violetelor,Brănești,—,Ilfov,Est,1
Staer 9,Staer 9,Trandafirului,Brănești,—,Ilfov,Est,1
Staer 9,Staer 9,Tuberozei,Brănești,—,Ilfov,Est,1
Staer 9,Staer 9,Armasu Marcu,București,—,Ilfov,Ilfov neatribuit,1
Staer 9,Staer 9,Libertatii,București,—,Ilfov,Ilfov neatribuit,1
Staer 9,Staer 9,Odai,București,—,Ilfov,Ilfov neatribuit,1
Staer 9,Staer 9,Podisor,Buda,—,Ilfov,Ilfov neatribuit,1
Staer 9,Staer 9,23 August,Buftea,—,Ilfov,Nord,1
Staer 9,Staer 9,Aleea Ea Campului,Buftea,—,Ilfov,Nord,1
Staer 9,Staer 9,Aleea Ea Constructorului,Buftea,—,Ilfov,Nord,1
Staer 9,Staer 9,Aleea Ea Tineretului,Buftea,—,Ilfov,Nord,1
Staer 9,Staer 9,Aleea Plopilor,Buftea,—,Ilfov,Nord,1
Staer 9,Staer 9,Aviatiei,Buftea,—,Ilfov,Nord,1
Staer 9,Staer 9,Buc- Targoviste,Buftea,—,Ilfov,Nord,1
Staer 9,Staer 9,Bucuresti-Targoviste,Buftea,—,Ilfov,Nord,1
Staer 9,Staer 9,Codrului,Buftea,—,Ilfov,Nord,1
Staer 9,Staer 9,Crisan,Buftea,—,Ilfov,Nord,1
Staer 9,Staer 9,Ernest Maftei,Buftea,—,Ilfov,Nord,1
Staer 9,Staer 9,Fagaras,Buftea,—,Ilfov,Nord,1
Staer 9,Staer 9,Frasinului,Buftea,—,Ilfov,Nord,1
Staer 9,Staer 9,Garii,Buftea,—,Ilfov,Nord,1
Staer 9,Staer 9,Garoafelor,Buftea,—,Ilfov,Nord,1
Staer 9,Staer 9,Iasomiei,Buftea,—,Ilfov,Nord,1
Staer 9,Staer 9,Intrarea Area Bucuresti-Targoviste,Buftea,—,Ilfov,Nord,1
Staer 9,Staer 9,Iuliu Maniu,Buftea,—,Ilfov,Nord,1
Staer 9,Staer 9,Manesti,Buftea,—,Ilfov,Nord,1
Staer 9,Staer 9,Razboieni,Buftea,—,Ilfov,Nord,1
Staer 9,Staer 9,Stavilarului,Buftea,—,Ilfov,Nord,1
Staer 9,Staer 9,Strada Merișori,Buftea,—,Ilfov,Nord,1
Staer 9,Staer 9,Studioului,Buftea,—,Ilfov,Nord,1
Staer 9,Staer 9,Șoseaua Bucuresti Targoviste,Buftea,—,Ilfov,Nord,1
Staer 9,Staer 9,Unirii,Buftea,—,Ilfov,Nord,1
Staer 9,Staer 9,Gavanei 86m,Buftea,—,Ilfov,Nord,1
Staer 9,Staer 9,Dr Daraban,Buftea,—,Ilfov,Nord,1
Staer 9,Staer 9,Podul de Fier,Caciulati,—,Ilfov,Ilfov neatribuit,1
Staer 9,Staer 9,Ciresar,Cart Latin,—,Ilfov,Ilfov neatribuit,1
Staer 9,Staer 9,Toamnei,Cart Latin,—,Ilfov,Ilfov neatribuit,1
Staer 9,Staer 9,Alunului,Cartierul Latin,—,Ilfov,Ilfov neatribuit,1
Staer 9,Staer 9,Verii,Cartierul Latin,—,Ilfov,Ilfov neatribuit,1
Staer 9,Staer 9,Bizantului,Cernica,—,Ilfov,Est,1
Staer 9,Staer 9,Burebista,Cernica,—,Ilfov,Est,1
Staer 9,Staer 9,Decebal,Cernica,—,Ilfov,Est,1
Staer 9,Staer 9,Independentei,Cernica,—,Ilfov,Est,1
Staer 9,Staer 9,Nucilor,Cernica,—,Ilfov,Est,1
Staer 9,Staer 9,Luceafarului,Chiajan,—,Ilfov,Ilfov neatribuit,1
Staer 9,Staer 9,Acvilei 35,Chiajna–Roșu–Dudu,—,Ilfov,Vest,1
Staer 9,Staer 9,Al Ioa Cuza,Chiajna–Roșu–Dudu,—,Ilfov,Vest,1
Staer 9,Staer 9,Al Ioan Cuza,Chiajna–Roșu–Dudu,—,Ilfov,Vest,1
Staer 9,Staer 9,Aleea Ea Nicilor,Chiajna–Roșu–Dudu,—,Ilfov,Vest,1
Staer 9,Staer 9,Bulevardul Iuliu Maniu,Chiajna–Roșu–Dudu,—,Ilfov,Vest,1
Staer 9,Staer 9,Carciumareselor,Chiajna–Roșu–Dudu,—,Ilfov,Vest,1
Staer 9,Staer 9,Crizantemelor,Chiajna–Roșu–Dudu,—,Ilfov,Vest,1
Staer 9,Staer 9,Daliei,Chiajna–Roșu–Dudu,—,Ilfov,Vest,1
Staer 9,Staer 9,Dr la Chiajna,Chiajna–Roșu–Dudu,—,Ilfov,Vest,1
Staer 9,Staer 9,Drumul La Chiajna,Chiajna–Roșu–Dudu,—,Ilfov,Vest,1
Staer 9,Staer 9,Dumitru Pipercu,Chiajna–Roșu–Dudu,—,Ilfov,Vest,1
Staer 9,Staer 9,Gen David Praporgescu,Chiajna–Roșu–Dudu,—,Ilfov,Vest,1
Staer 9,Staer 9,Int Nicolae Iorga,Chiajna–Roșu–Dudu,—,Ilfov,Vest,1
Staer 9,Staer 9,Intrarea Irisului,Chiajna–Roșu–Dudu,—,Ilfov,Vest,1
Staer 9,Staer 9,Intrarea Trandafirilor,Chiajna–Roșu–Dudu,—,Ilfov,Vest,1
Staer 9,Staer 9,Militari Rezidence,Chiajna–Roșu–Dudu,—,Ilfov,Vest,1
Staer 9,Staer 9,Narciselor,Chiajna–Roșu–Dudu,—,Ilfov,Vest,1
Staer 9,Staer 9,Narciserlor,Chiajna–Roșu–Dudu,—,Ilfov,Vest,1
Staer 9,Staer 9,NECUNOSCUTĂ,Chiajna–Roșu–Dudu,—,Ilfov,Vest,1
Staer 9,Staer 9,Sarbu Constantin,Chiajna–Roșu–Dudu,—,Ilfov,Vest,1
Staer 9,Staer 9,Ser.ilie Petre,Chiajna–Roșu–Dudu,—,Ilfov,Vest,1
Staer 9,Staer 9,Serg Ilie Patre,Chiajna–Roșu–Dudu,—,Ilfov,Vest,1
Staer 9,Staer 9,Sf Nicolae,Chiajna–Roșu–Dudu,—,Ilfov,Vest,1
Staer 9,Staer 9,Sperantei,Chiajna–Roșu–Dudu,—,Ilfov,Vest,1
Staer 9,Staer 9,Stefan cel Mare,Chiajna–Roșu–Dudu,—,Ilfov,Vest,1
Staer 9,Staer 9,Stejarului,Chiajna–Roșu–Dudu,—,Ilfov,Vest,1
Staer 9,Staer 9,Stelelor,Chiajna–Roșu–Dudu,—,Ilfov,Vest,1
Staer 9,Staer 9,Tineretului,Chiajna–Roșu–Dudu,—,Ilfov,Vest,1
Staer 9,Staer 9,Carciumareselor,Chiajna–Roșu–Dudu,—,Ilfov,Vest,1
Staer 9,Staer 9,Cpt Ionescu Ion,Chiajna–Roșu–Dudu,—,Ilfov,Vest,1
Staer 9,Staer 9,Drumul Bacriului,Chiajna–Roșu–Dudu,—,Ilfov,Vest,1
Staer 9,Staer 9,Viitorului,Chiajna–Roșu–Dudu,—,Ilfov,Vest,1
Staer 9,Staer 9,Weiner Palada,Chiajna–Roșu–Dudu,—,Ilfov,Vest,1
Staer 9,Staer 9,Campului,Chiajna–Roșu–Dudu,—,Ilfov,Vest,1
Staer 9,Staer 9,Inv Sarbu Constantin,Chiajna–Roșu–Dudu,—,Ilfov,Vest,1
Staer 9,Staer 9,Soarelui,Chiajna–Roșu–Dudu,—,Ilfov,Vest,1
Staer 9,Staer 9,14 a,Chiajna–Roșu–Dudu,—,Ilfov,Vest,1
Staer 9,Staer 9,1 Decembrie 1918,Chiajna–Roșu–Dudu,—,Ilfov,Vest,1
Staer 9,Staer 9,Gura Leului,Chiajna–Roșu–Dudu,—,Ilfov,Vest,1
Staer 9,Staer 9,Tineretului,Chiajna–Roșu–Dudu,—,Ilfov,Vest,1
Staer 9,Staer 9,Vasilew Sebe,Chiajna–Roșu–Dudu,—,Ilfov,Vest,1
Staer 9,Staer 9,Wainer Palada,Chiajna–Roșu–Dudu,—,Ilfov,Vest,1
Staer 9,Staer 9,Weiner Pallada,Chiajna–Roșu–Dudu,—,Ilfov,Vest,1
Staer 9,Staer 9,Weriner Palada,Chiajna–Roșu–Dudu,—,Ilfov,Vest,1
Staer 9,Staer 9,Ion Luca Caragiale,Chijana,—,Ilfov,Ilfov neatribuit,1
Staer 9,Staer 9,Serg Ilie Petre,Chijna,—,Ilfov,Ilfov neatribuit,1
Staer 9,Staer 9,Soarelui,Chijna,—,Ilfov,Ilfov neatribuit,1
Staer 9,Staer 9,Salcamilor,Chiajna–Roșu–Dudu,—,Ilfov,Vest,1
Staer 9,Staer 9,1 Mai,Chitila,—,Ilfov,Vest,1
Staer 9,Staer 9,Aurel Vlaicu,Chitila,—,Ilfov,Vest,1
Staer 9,Staer 9,Bradului,Chitila,—,Ilfov,Vest,1
Staer 9,Staer 9,Castanilor,Chitila,—,Ilfov,Vest,1
Staer 9,Staer 9,Crisan,Chitila,—,Ilfov,Vest,1
Staer 9,Staer 9,Dej,Chitila,—,Ilfov,Vest,1
Staer 9,Staer 9,Geoege Vernescu,Chitila,—,Ilfov,Vest,1
Staer 9,Staer 9,George Vernescu,Chitila,—,Ilfov,Vest,1
Staer 9,Staer 9,Gutuiului,Chitila,—,Ilfov,Vest,1
Staer 9,Staer 9,I Ghe.duca,Chitila,—,Ilfov,Vest,1
Staer 9,Staer 9,Iasomiei,Chitila,—,Ilfov,Vest,1
Staer 9,Staer 9,Ion Campineanu,Chitila,—,Ilfov,Vest,1
Staer 9,Staer 9,Liliacului,Chitila,—,Ilfov,Vest,1
Staer 9,Staer 9,Nucului,Chitila,—,Ilfov,Vest,1
Staer 9,Staer 9,Pacii,Chitila,—,Ilfov,Vest,1
Staer 9,Staer 9,Pinului,Chitila,—,Ilfov,Vest,1
Staer 9,Staer 9,Salciei,Chitila,—,Ilfov,Vest,1
Staer 9,Staer 9,Troitei,Chitila,—,Ilfov,Vest,1
Staer 9,Staer 9,Vlasiei,Chitila,—,Ilfov,Vest,1
Staer 9,Staer 9,Traian,Chitila,—,Ilfov,Vest,1
Staer 9,Staer 9,Bisericii,Ciofliceni,—,Ilfov,Ilfov neatribuit,1
Staer 9,Staer 9,Dimitrie Cantemir,Ciofliceni,—,Ilfov,Ilfov neatribuit,1
Staer 9,Staer 9,Șoseaua Ciofliceni,Ciofliceni,—,Ilfov,Ilfov neatribuit,1
Staer 9,Staer 9,Calea Ea Bucuresti,Ciolpani,—,Ilfov,Ilfov neatribuit,1
Staer 9,Staer 9,Complex Olimpic,Ciolpani,—,Ilfov,Ilfov neatribuit,1
Staer 9,Staer 9,Manastirii,Ciolpani,—,Ilfov,Ilfov neatribuit,1
Staer 9,Staer 9,Negustorilor,Ciolpani,—,Ilfov,Ilfov neatribuit,1
Staer 9,Staer 9,Pinului,Ciolpani,—,Ilfov,Ilfov neatribuit,1
Staer 9,Staer 9,Șoseaua Bucuresti Ploiesti,Ciolpani,—,Ilfov,Ilfov neatribuit,1
Staer 9,Staer 9,1 Mai,Ciorogârla,—,Ilfov,Vest,1
Staer 9,Staer 9,Niculescu Dorobantu,Ciorogârla,—,Ilfov,Vest,1
Staer 9,Staer 9,Tineretului,Ciorogârla,—,Ilfov,Vest,1
Staer 9,Staer 9,Ariei,Ciorogârla,—,Ilfov,Vest,1
Staer 9,Staer 9,Calea Ea Bucuresti,Ciorogârla,—,Ilfov,Vest,1
Staer 9,Staer 9,Cartonari,Ciorogârla,—,Ilfov,Vest,1
Staer 9,Staer 9,Fermei,Ciorogârla,—,Ilfov,Vest,1
Staer 9,Staer 9,Mihail Sadoveanu,Ciorogârla,—,Ilfov,Vest,1
Staer 9,Staer 9,Miron Cristea,Ciorogârla,—,Ilfov,Vest,1
Staer 9,Staer 9,Pamfil Seicaru,Ciorogârla,—,Ilfov,Vest,1
Staer 9,Staer 9,Policlinicii,Ciorogârla,—,Ilfov,Vest,1
Staer 9,Staer 9,Prieteniei,Ciorogârla,—,Ilfov,Vest,1
Staer 9,Staer 9,Rasaritului,Ciorogârla,—,Ilfov,Vest,1
Staer 9,Staer 9,Salcamilor,Ciorogârla,—,Ilfov,Vest,1
Staer 9,Staer 9,Scolii,Ciorogârla,—,Ilfov,Vest,1
Staer 9,Staer 9,Tineretului,Ciorogârla,—,Ilfov,Vest,1
Staer 9,Staer 9,Vanatorului,Ciorogârla,—,Ilfov,Vest,1
Staer 9,Staer 9,Viitorului,Ciorogârla,—,Ilfov,Vest,1
Staer 9,Staer 9,Crinului,Ciorogirla,—,Ilfov,Ilfov neatribuit,1
Staer 9,Staer 9,Berzei,Clinceni,—,Ilfov,Sud-Vest,1
Staer 9,Staer 9,Ciresica,Clinceni,—,Ilfov,Sud-Vest,1
Staer 9,Staer 9,Crizantemelor,Clinceni,—,Ilfov,Sud-Vest,1
Staer 9,Staer 9,Drumul Mare,Clinceni,—,Ilfov,Sud-Vest,1
Staer 9,Staer 9,Hotarului,Clinceni,—,Ilfov,Sud-Vest,1
Staer 9,Staer 9,Int Primaverii,Clinceni,—,Ilfov,Sud-Vest,1
Staer 9,Staer 9,Intrarea Dumbravei,Clinceni,—,Ilfov,Sud-Vest,1
Staer 9,Staer 9,Mierlei,Clinceni,—,Ilfov,Sud-Vest,1
Staer 9,Staer 9,Orhideei,Clinceni,—,Ilfov,Sud-Vest,1
Staer 9,Staer 9,Solariilor,Clinceni,—,Ilfov,Sud-Vest,1
Staer 9,Staer 9,Srumul Mare,Clinceni,—,Ilfov,Sud-Vest,1
Staer 9,Staer 9,Șoseaua Clinceni Ordoreanu,Clinceni,—,Ilfov,Sud-Vest,1
Staer 9,Staer 9,Toamnei,Clinceni,—,Ilfov,Sud-Vest,1
Staer 9,Staer 9,Verii,Clinceni,—,Ilfov,Sud-Vest,1
Staer 9,Staer 9,Ordoreanu,Clinceni,—,Ilfov,Sud-Vest,1
Staer 9,Staer 9,Ciocarliei,Clinceni,—,Ilfov,Sud-Vest,1
Staer 9,Staer 9,Bucuresti-Domnesti,Clinceni,—,Ilfov,Sud-Vest,1
Staer 9,Staer 9,Orhideelor,Clinceni,—,Ilfov,Sud-Vest,1
Staer 9,Staer 9,Tudor Vladimirescu,Clinceni,—,Ilfov,Sud-Vest,1
Staer 9,Staer 9,Padurii,Copaceni,—,Ilfov,Ilfov neatribuit,1
Staer 9,Staer 9,Sf Ioan,Copaceni,—,Ilfov,Ilfov neatribuit,1
Staer 9,Staer 9,Șoseaua Principala,Copaceni,—,Ilfov,Ilfov neatribuit,1
Staer 9,Staer 9,Șoseaua Sf Ion,Copaceni,—,Ilfov,Ilfov neatribuit,1
Staer 9,Staer 9,Campului,Corbeanca,—,Ilfov,Nord,1
Staer 9,Staer 9,Dorului,Corbeanca,—,Ilfov,Nord,1
Staer 9,Staer 9,Ghioceilor,Corbeanca,—,Ilfov,Nord,1
Staer 9,Staer 9,Margaritarului,Corbeanca,—,Ilfov,Nord,1
Staer 9,Staer 9,Molidului,Corbeanca,—,Ilfov,Nord,1
Staer 9,Staer 9,Piscului,Corbeanca,—,Ilfov,Nord,1
Staer 9,Staer 9,Visinului,Corbeanca,—,Ilfov,Nord,1
Staer 9,Staer 9,Campului,Corbeanca,—,Ilfov,Nord,1
Staer 9,Staer 9,Tarnaveni,Corbeanca,—,Ilfov,Nord,1
Staer 9,Staer 9,Cernisoarei,Corbeanca,—,Ilfov,Nord,1
Staer 9,Staer 9,Caisului,Corbeanca,—,Ilfov,Nord,1
Staer 9,Staer 9,Crinului,Corbeanca,—,Ilfov,Nord,1
Staer 9,Staer 9,Piersicului,Corbeanca,—,Ilfov,Nord,1
Staer 9,Staer 9,Viena,Corbeanca,—,Ilfov,Nord,1
Staer 9,Staer 9,Prunului,Corbeanca,—,Ilfov,Nord,1
Staer 9,Staer 9,Hipodromului,Corbeanca,—,Ilfov,Nord,1
Staer 9,Staer 9,Burlacului,Corbeanca,—,Ilfov,Nord,1
Staer 9,Staer 9,Ciocarliei,Corbeanca,—,Ilfov,Nord,1
Staer 9,Staer 9,Amurgului,Cornetu,—,Ilfov,Sud-Vest,1
Staer 9,Staer 9,Criszantemelor,Cornetu,—,Ilfov,Sud-Vest,1
Staer 9,Staer 9,Crizantemelor,Cornetu,—,Ilfov,Sud-Vest,1
Staer 9,Staer 9,Fagului,Cornetu,—,Ilfov,Sud-Vest,1
Staer 9,Staer 9,Gladiolelor,Cornetu,—,Ilfov,Sud-Vest,1
Staer 9,Staer 9,Lalelor,Cornetu,—,Ilfov,Sud-Vest,1
Staer 9,Staer 9,Livezi,Cornetu,—,Ilfov,Sud-Vest,1
Staer 9,Staer 9,Macesului,Cornetu,—,Ilfov,Sud-Vest,1
Staer 9,Staer 9,Salcamilor,Cornetu,—,Ilfov,Sud-Vest,1
Staer 9,Staer 9,Sat Cocani,Crevedia,—,Ilfov,Ilfov neatribuit,1
Staer 9,Staer 9,Armeneasca,Crevedia Darza,—,Ilfov,Ilfov neatribuit,1
Staer 9,Staer 9,Constructorului,Crevedia Darza,—,Ilfov,Ilfov neatribuit,1
Staer 9,Staer 9,Mihai Eminescu,Darasti,—,Ilfov,Ilfov neatribuit,1
Staer 9,Staer 9,Plopilor,Darasti,—,Ilfov,Ilfov neatribuit,1
Staer 9,Staer 9,Sirbi,Darasti,—,Ilfov,Ilfov neatribuit,1
Staer 9,Staer 9,Victoriei,Darasti,—,Ilfov,Ilfov neatribuit,1
Staer 9,Staer 9,1 Decembrie,Darăști-Ilfov,—,Ilfov,Ilfov neatribuit,1
Staer 9,Staer 9,1 Mai,Darăști-Ilfov,—,Ilfov,Ilfov neatribuit,1
Staer 9,Staer 9,Arges,Darăști-Ilfov,—,Ilfov,Ilfov neatribuit,1
Staer 9,Staer 9,Intrarea Area Mihai Eminescu 2,Darăști-Ilfov,—,Ilfov,Ilfov neatribuit,1
Staer 9,Staer 9,Mihail Eminescu,Darăști-Ilfov,—,Ilfov,Ilfov neatribuit,1
Staer 9,Staer 9,Revoluti,Darăști-Ilfov,—,Ilfov,Ilfov neatribuit,1
Staer 9,Staer 9,Arasi,Dascălu,—,Ilfov,Nord-Est,1
Staer 9,Staer 9,Bujorului,Dascălu,—,Ilfov,Nord-Est,1
Staer 9,Staer 9,Podgoriei,Dascălu,—,Ilfov,Nord-Est,1
Staer 9,Staer 9,Victoriei,Dascălu,—,Ilfov,Nord-Est,1
Staer 9,Staer 9,Regina Elisabeta,Decembrie,—,Ilfov,Ilfov neatribuit,1
Staer 9,Staer 9,Drumul Garii,Dobroești,—,Ilfov,Nord-Est,1
Staer 9,Staer 9,Gen Ghe Magheru,Dobroești,—,Ilfov,Nord-Est,1
Staer 9,Staer 9,Intrarea Area Ciresului,Dobroești,—,Ilfov,Nord-Est,1
Staer 9,Staer 9,Medodiei,Dobroești,—,Ilfov,Nord-Est,1
Staer 9,Staer 9,Parului,Dobroești,—,Ilfov,Nord-Est,1
Staer 9,Staer 9,Marului,"Dobroiesri,fundeni",—,Ilfov,Ilfov neatribuit,1
Staer 9,Staer 9,Albastrelelor,Dobroești,—,Ilfov,Nord-Est,1
Staer 9,Staer 9,Ana Ipatescu,Dobroești,—,Ilfov,Nord-Est,1
Staer 9,Staer 9,Baltii,Dobroești,—,Ilfov,Nord-Est,1
Staer 9,Staer 9,Caisului,Dobroești,—,Ilfov,Nord-Est,1
Staer 9,Staer 9,Complex Platani Rezidence,Dobroești,—,Ilfov,Nord-Est,1
Staer 9,Staer 9,Drumul Fermei,Dobroești,—,Ilfov,Nord-Est,1
Staer 9,Staer 9,Salcamului,Dobroești,—,Ilfov,Nord-Est,1
Staer 9,Staer 9,Zorilor,Dobroești,—,Ilfov,Nord-Est,1
Staer 9,Staer 9,Intrarea Ciresului,Dobroești,—,Ilfov,Nord-Est,1
Staer 9,Staer 9,Doinei,Dobroioesti,—,Ilfov,Ilfov neatribuit,1
Staer 9,Staer 9,Doamnei,Domnersti,—,Ilfov,Ilfov neatribuit,1
Staer 9,Staer 9,Afirmarii,Domnești,—,Ilfov,Sud-Vest,1
Staer 9,Staer 9,Al Ioan Cuza,Domnești,—,Ilfov,Sud-Vest,1
Staer 9,Staer 9,Apusului,Domnești,—,Ilfov,Sud-Vest,1
Staer 9,Staer 9,Astrelor,Domnești,—,Ilfov,Sud-Vest,1
Staer 9,Staer 9,Baboi,Domnești,—,Ilfov,Sud-Vest,1
Staer 9,Staer 9,Balantei,Domnești,—,Ilfov,Sud-Vest,1
Staer 9,Staer 9,Ciutaci,Domnești,—,Ilfov,Sud-Vest,1
Staer 9,Staer 9,Crizantemelor,Domnești,—,Ilfov,Sud-Vest,1
Staer 9,Staer 9,Curtea Domneasca,Domnești,—,Ilfov,Sud-Vest,1
Staer 9,Staer 9,Diamantului,Domnești,—,Ilfov,Sud-Vest,1
Staer 9,Staer 9,Diana,Domnești,—,Ilfov,Sud-Vest,1
Staer 9,Staer 9,Fecioarei,Domnești,—,Ilfov,Sud-Vest,1
Staer 9,Staer 9,Foisor,Domnești,—,Ilfov,Sud-Vest,1
Staer 9,Staer 9,Ghirlandei,Domnești,—,Ilfov,Sud-Vest,1
Staer 9,Staer 9,Independentei,Domnești,—,Ilfov,Sud-Vest,1
Staer 9,Staer 9,Inrarea Balantei,Domnești,—,Ilfov,Sud-Vest,1
Staer 9,Staer 9,Intrarea Area Amara,Domnești,—,Ilfov,Sud-Vest,1
Staer 9,Staer 9,Intrarea Area Aromei,Domnești,—,Ilfov,Sud-Vest,1
Staer 9,Staer 9,Intrarea Area Carabus,Domnești,—,Ilfov,Sud-Vest,1
Staer 9,Staer 9,Intrarea Area Domneasca,Domnești,—,Ilfov,Sud-Vest,1
Staer 9,Staer 9,Intrarea Area Macilor,Domnești,—,Ilfov,Sud-Vest,1
Staer 9,Staer 9,Intrarea Area Paradisului,Domnești,—,Ilfov,Sud-Vest,1
Staer 9,Staer 9,Intrarea Area Stadionului,Domnești,—,Ilfov,Sud-Vest,1
Staer 9,Staer 9,Intrarea Condorului,Domnești,—,Ilfov,Sud-Vest,1
Staer 9,Staer 9,Intrarea Ghioceilor,Domnești,—,Ilfov,Sud-Vest,1
Staer 9,Staer 9,Intrarea Mimozei,Domnești,—,Ilfov,Sud-Vest,1
Staer 9,Staer 9,Lalelelor,Domnești,—,Ilfov,Sud-Vest,1
Staer 9,Staer 9,Luceafarului,Domnești,—,Ilfov,Sud-Vest,1
Staer 9,Staer 9,Orhideelor,Domnești,—,Ilfov,Sud-Vest,1
Staer 9,Staer 9,Ortansei,Domnești,—,Ilfov,Sud-Vest,1
Staer 9,Staer 9,Radului,Domnești,—,Ilfov,Sud-Vest,1
Staer 9,Staer 9,Rondului,Domnești,—,Ilfov,Sud-Vest,1
Staer 9,Staer 9,Salciei,Domnești,—,Ilfov,Sud-Vest,1
Staer 9,Staer 9,Sf Andrei,Domnești,—,Ilfov,Sud-Vest,1
Staer 9,Staer 9,Smaraldului,Domnești,—,Ilfov,Sud-Vest,1
Staer 9,Staer 9,Stejarului,Domnești,—,Ilfov,Sud-Vest,1
Staer 9,Staer 9,Șoseaua Caragea Voda,Domnești,—,Ilfov,Sud-Vest,1
Staer 9,Staer 9,Ulita Bubica,Domnești,—,Ilfov,Sud-Vest,1
Staer 9,Staer 9,Valea Cricovului,Domnești,—,Ilfov,Sud-Vest,1
Staer 9,Staer 9,Valea Prahovei,Domnești,—,Ilfov,Sud-Vest,1
Staer 9,Staer 9,Veseliei,Domnești,—,Ilfov,Sud-Vest,1
Staer 9,Staer 9,Viitorului,Domnești,—,Ilfov,Sud-Vest,1
Staer 9,Staer 9,Vointei,Domnești,—,Ilfov,Sud-Vest,1
Staer 9,Staer 9,X Ioan Cuza,Domnești,—,Ilfov,Sud-Vest,1
Staer 9,Staer 9,Xandru Ioan Cuza,Domnești,—,Ilfov,Sud-Vest,1
Staer 9,Staer 9,Adunati,Domnești,—,Ilfov,Sud-Vest,1
Staer 9,Staer 9,Nuferilor,Domnești,—,Ilfov,Sud-Vest,1
Staer 9,Staer 9,Republicii,Dragomiressti Deal,—,Ilfov,Ilfov neatribuit,1
Staer 9,Staer 9,Micsunelelor,Dragomirești,—,Ilfov,Vest,1
Staer 9,Staer 9,1 Decembrie,Dragomirești,—,Ilfov,Vest,1
Staer 9,Staer 9,1 Decembrie 1918,Dragomirești,—,Ilfov,Vest,1
Staer 9,Staer 9,1dec 1918,Dragomirești,—,Ilfov,Vest,1
Staer 9,Staer 9,Intrarea Area Soarelui,Dragomirești,—,Ilfov,Vest,1
Staer 9,Staer 9,Liliacului,Dragomirești,—,Ilfov,Vest,1
Staer 9,Staer 9,Margaretelor,Dragomirești,—,Ilfov,Vest,1
Staer 9,Staer 9,Pacii,Dragomirești,—,Ilfov,Vest,1
Staer 9,Staer 9,Salcamilor,Dragomirești,—,Ilfov,Vest,1
Staer 9,Staer 9,Salciei,Dragomirești,—,Ilfov,Vest,1
Staer 9,Staer 9,Ulmului,Dragomirești,—,Ilfov,Vest,1
Staer 9,Staer 9,Begoniei,Dragomirești,—,Ilfov,Vest,1
Staer 9,Staer 9,Cameliei,Dragomirești,—,Ilfov,Vest,1
Staer 9,Staer 9,Izlazului,Dragomirești,—,Ilfov,Vest,1
Staer 9,Staer 9,Apeductului,Chiajna–Roșu–Dudu,—,Ilfov,Vest,1
Staer 9,Staer 9,Orhideelor,Chiajna–Roșu–Dudu,—,Ilfov,Vest,1
Staer 9,Staer 9,Soarelui,Chiajna–Roșu–Dudu,—,Ilfov,Vest,1
Staer 9,Staer 9,Tineretului,Chiajna–Roșu–Dudu,—,Ilfov,Vest,1
Staer 9,Staer 9,Bisericii,Chiajna–Roșu–Dudu,—,Ilfov,Vest,1
Staer 9,Staer 9,Tineretului,Chiajna–Roșu–Dudu,—,Ilfov,Vest,1
Staer 9,Staer 9,Lacul Vlasia,Dumbrăveni,—,Ilfov,Ilfov neatribuit,1
Staer 9,Staer 9,Romanitei,"Dumitrana, Pruni",—,Ilfov,Ilfov neatribuit,1
Staer 9,Staer 9,Strada Cireșului,Fundeni,—,Ilfov,Ilfov neatribuit,1
Staer 9,Staer 9,Șoseaua Fundeni,Fundeni,—,Ilfov,Ilfov neatribuit,1
Staer 9,Staer 9,Sarmisegetuza,Snagov,—,Ilfov,Nord,1
Staer 9,Staer 9,Guraslau,Ghermănești,—,Ilfov,Ilfov neatribuit,1
Staer 9,Staer 9,Dezrobiriii,Glina,—,Ilfov,Est,1
Staer 9,Staer 9,Icoanei,Glina,—,Ilfov,Est,1
Staer 9,Staer 9,Intrarea Morii,Glina,—,Ilfov,Est,1
Staer 9,Staer 9,Sf Gheorghe,Glina,—,Ilfov,Est,1
Staer 9,Staer 9,Victoriei,Glina,—,Ilfov,Est,1
Staer 9,Staer 9,Libertatii,Glina,—,Ilfov,Est,1
Staer 9,Staer 9,Poienitei,Gradistea,—,Ilfov,Ilfov neatribuit,1
Staer 9,Staer 9,Ghiocel,Gradistea ( Moara Vlasiei),—,Ilfov,Ilfov neatribuit,1
Staer 9,Staer 9,Teiului,"Gradistea,sat Sitaru",—,Ilfov,Ilfov neatribuit,1
Staer 9,Staer 9,Manastirea Vlad Tepes,Snagov,—,Ilfov,Nord,1
Staer 9,Staer 9,Bisericii,Gruiu,—,Ilfov,Nord,1
Staer 9,Staer 9,Marginei,Gruiu,—,Ilfov,Nord,1
Staer 9,Staer 9,Voda Cuza,Gruiu,—,Ilfov,Nord,1
Staer 9,Staer 9,Manastirea Caldarusani,Gruiu,—,Ilfov,Nord,1
Staer 9,Staer 9,Nicolae Grigorescu,Izvorani,—,Ilfov,Ilfov neatribuit,1
Staer 9,Staer 9,Eau Giurgiului,Jilava,—,Ilfov,Sud,1
Staer 9,Staer 9,Libertatii,Jilava,—,Ilfov,Sud,1
Staer 9,Staer 9,Mierlari,Jilava,—,Ilfov,Sud,1
Staer 9,Staer 9,Nuferilor,Jilava,—,Ilfov,Sud,1
Staer 9,Staer 9,Odaii,Jilava,—,Ilfov,Sud,1
Staer 9,Staer 9,Salcamului,Jilava,—,Ilfov,Sud,1
Staer 9,Staer 9,Strada Morii,Jilava,—,Ilfov,Sud,1
Staer 9,Staer 9,Șoseaua Centura,Jilava,—,Ilfov,Sud,1
Staer 9,Staer 9,Tineretului,Jilava,—,Ilfov,Sud,1
Staer 9,Staer 9,Ungureni,Jilava,—,Ilfov,Sud,1
Staer 9,Staer 9,Bujorilor,Magaurele,—,Ilfov,Ilfov neatribuit,1
Staer 9,Staer 9,Uranus,Măgurele,—,Ilfov,Sud-Vest,1
Staer 9,Staer 9,Deal,Măgurele,—,Ilfov,Sud-Vest,1
Staer 9,Staer 9,Revolutiei,Măgurele,—,Ilfov,Sud-Vest,1
Staer 9,Staer 9,Deal,Măgurele,—,Ilfov,Sud-Vest,1
Staer 9,Staer 9,Uranus,Măgurele,—,Ilfov,Sud-Vest,1
Staer 9,Staer 9,Primaverii,Malul Spart,—,Ilfov,Ilfov neatribuit,1
Staer 9,Staer 9,Aleea Valea Prahovei,Măgurele,—,Ilfov,Sud-Vest,1
Staer 9,Staer 9,Alunis,Măgurele,—,Ilfov,Sud-Vest,1
Staer 9,Staer 9,Amurgului,Măgurele,—,Ilfov,Sud-Vest,1
Staer 9,Staer 9,Begoniei,Măgurele,—,Ilfov,Sud-Vest,1
Staer 9,Staer 9,Bujorilor,Măgurele,—,Ilfov,Sud-Vest,1
Staer 9,Staer 9,Campul cu Maci,Măgurele,—,Ilfov,Sud-Vest,1
Staer 9,Staer 9,Chirca,Măgurele,—,Ilfov,Sud-Vest,1
Staer 9,Staer 9,Codrului,Măgurele,—,Ilfov,Sud-Vest,1
Staer 9,Staer 9,Crizantemelor,Măgurele,—,Ilfov,Sud-Vest,1
Staer 9,Staer 9,Fecioarei,Măgurele,—,Ilfov,Sud-Vest,1
Staer 9,Staer 9,Florilor,Măgurele,—,Ilfov,Sud-Vest,1
Staer 9,Staer 9,Frunzei,Măgurele,—,Ilfov,Sud-Vest,1
Staer 9,Staer 9,Fulger,Măgurele,—,Ilfov,Sud-Vest,1
Staer 9,Staer 9,George Calinescu,Măgurele,—,Ilfov,Sud-Vest,1
Staer 9,Staer 9,Libelulei,Măgurele,—,Ilfov,Sud-Vest,1
Staer 9,Staer 9,Lotusului,Măgurele,—,Ilfov,Sud-Vest,1
Staer 9,Staer 9,Macesului,Măgurele,—,Ilfov,Sud-Vest,1
Staer 9,Staer 9,Magnoliei,Măgurele,—,Ilfov,Sud-Vest,1
Staer 9,Staer 9,Mierlei,Măgurele,—,Ilfov,Sud-Vest,1
Staer 9,Staer 9,Mihai Eminescu,Măgurele,—,Ilfov,Sud-Vest,1
Staer 9,Staer 9,Milcov,Măgurele,—,Ilfov,Sud-Vest,1
Staer 9,Staer 9,Olimp,Măgurele,—,Ilfov,Sud-Vest,1
Staer 9,Staer 9,Pestilor,Măgurele,—,Ilfov,Sud-Vest,1
Staer 9,Staer 9,Poligonului,Măgurele,—,Ilfov,Sud-Vest,1
Staer 9,Staer 9,Raului,Măgurele,—,Ilfov,Sud-Vest,1
Staer 9,Staer 9,Rovina,Măgurele,—,Ilfov,Sud-Vest,1
Staer 9,Staer 9,Sabarului,Măgurele,—,Ilfov,Sud-Vest,1
Staer 9,Staer 9,Sicului,Măgurele,—,Ilfov,Sud-Vest,1
Staer 9,Staer 9,Sigurantei,Măgurele,—,Ilfov,Sud-Vest,1
Staer 9,Staer 9,Spicului,Măgurele,—,Ilfov,Sud-Vest,1
Staer 9,Staer 9,Strada Mărășești,Măgurele,—,Ilfov,Sud-Vest,1
Staer 9,Staer 9,Strada Turturelelor,Măgurele,—,Ilfov,Sud-Vest,1
Staer 9,Staer 9,Sulfinei,Măgurele,—,Ilfov,Sud-Vest,1
Staer 9,Staer 9,Toamnei,Măgurele,—,Ilfov,Sud-Vest,1
Staer 9,Staer 9,Uranus,Măgurele,—,Ilfov,Sud-Vest,1
Staer 9,Staer 9,Sg Ilie Petre,Militari,—,Ilfov,Ilfov neatribuit,1
Staer 9,Staer 9,Nicolae Balcescu,Moara Domneasca,—,Ilfov,Ilfov neatribuit,1
Staer 9,Staer 9,Latea,"Moara Vlasiei,caciulati",—,Ilfov,Ilfov neatribuit,1
Staer 9,Staer 9,Filip Grigore Lupul,Moara Vlăsiei,—,Ilfov,Ilfov neatribuit,1
Staer 9,Staer 9,Liviu Rebreanu,Moara Vlăsiei,—,Ilfov,Ilfov neatribuit,1
Staer 9,Staer 9,Marin Sorescu,Moara Vlăsiei,—,Ilfov,Ilfov neatribuit,1
Staer 9,Staer 9,Nichita Stanescu,Mogosaia,—,Ilfov,Ilfov neatribuit,1
Staer 9,Staer 9,8 Martie,Mogoșoaia,—,Ilfov,Nord,1
Staer 9,Staer 9,Aleea Ea Parcului,Mogoșoaia,—,Ilfov,Nord,1
Staer 9,Staer 9,Astronomilui,Mogoșoaia,—,Ilfov,Nord,1
Staer 9,Staer 9,Basculei,Mogoșoaia,—,Ilfov,Nord,1
Staer 9,Staer 9,Campului,Mogoșoaia,—,Ilfov,Nord,1
Staer 9,Staer 9,Intrarea Valea Parcului,Mogoșoaia,—,Ilfov,Nord,1
Staer 9,Staer 9,Livezilor,Mogoșoaia,—,Ilfov,Nord,1
Staer 9,Staer 9,Monumentul Eroilor,Mogoșoaia,—,Ilfov,Nord,1
Staer 9,Staer 9,Musetelului,Mogoșoaia,—,Ilfov,Nord,1
Staer 9,Staer 9,Nichita Stanescu,Mogoșoaia,—,Ilfov,Nord,1
Staer 9,Staer 9,Paunului,Mogoșoaia,—,Ilfov,Nord,1
Staer 9,Staer 9,Poeni,Mogoșoaia,—,Ilfov,Nord,1
Staer 9,Staer 9,Senatorilor,Mogoșoaia,—,Ilfov,Nord,1
Staer 9,Staer 9,Bucuresti-Domnesti,Olteni,—,Ilfov,Ilfov neatribuit,1
Staer 9,Staer 9,Fortului,Olteni,—,Ilfov,Ilfov neatribuit,1
Staer 9,Staer 9,Intrarea Dumbravei,Olteni,—,Ilfov,Ilfov neatribuit,1
Staer 9,Staer 9,Strada Cireșica,Olteni,—,Ilfov,Ilfov neatribuit,1
Staer 9,Staer 9,Drumul Mare,Clinceni,—,Ilfov,Sud-Vest,1
Staer 9,Staer 9,Intrarea Putul Olteni,Clinceni,—,Ilfov,Sud-Vest,1
Staer 9,Staer 9,Strada Ordoreanu,Ordoreanu,—,Ilfov,Ilfov neatribuit,1
Staer 9,Staer 9,Hipodromului,Ostratu,—,Ilfov,Ilfov neatribuit,1
Staer 9,Staer 9,23august,Otopeni,—,Ilfov,Nord,1
Staer 9,Staer 9,Carpati,Otopeni,—,Ilfov,Nord,1
Staer 9,Staer 9,Carpatilor],Otopeni,—,Ilfov,Nord,1
Staer 9,Staer 9,Drumul Odai,Otopeni,—,Ilfov,Nord,1
Staer 9,Staer 9,Ferme,Otopeni,—,Ilfov,Nord,1
Staer 9,Staer 9,Ferme J,Otopeni,—,Ilfov,Nord,1
Staer 9,Staer 9,Floarea de Cais,Otopeni,—,Ilfov,Nord,1
Staer 9,Staer 9,Garofitelor,Otopeni,—,Ilfov,Nord,1
Staer 9,Staer 9,Gheorghe Duca,Otopeni,—,Ilfov,Nord,1
Staer 9,Staer 9,Gheorghe Enescu,Otopeni,—,Ilfov,Nord,1
Staer 9,Staer 9,Horia Closca si Crisan,Otopeni,—,Ilfov,Nord,1
Staer 9,Staer 9,Inr Tufanului,Otopeni,—,Ilfov,Nord,1
Staer 9,Staer 9,Inrarea Dunarea,Otopeni,—,Ilfov,Nord,1
Staer 9,Staer 9,Intrarea Area Dunarea,Otopeni,—,Ilfov,Nord,1
Staer 9,Staer 9,Intrarea Area Randunelelor,Otopeni,—,Ilfov,Nord,1
Staer 9,Staer 9,Intrarea Ghioceilor,Otopeni,—,Ilfov,Nord,1
Staer 9,Staer 9,Intrarea Izvoarelor,Otopeni,—,Ilfov,Nord,1
Staer 9,Staer 9,Ion Creanga,Otopeni,—,Ilfov,Nord,1
Staer 9,Staer 9,Matei Basarab,Otopeni,—,Ilfov,Nord,1
Staer 9,Staer 9,Mihai Eminescu,Otopeni,—,Ilfov,Nord,1
Staer 9,Staer 9,Nichita Stanescu,Otopeni,—,Ilfov,Nord,1
Staer 9,Staer 9,Polona,Otopeni,—,Ilfov,Nord,1
Staer 9,Staer 9,Primaverii,Otopeni,—,Ilfov,Nord,1
Staer 9,Staer 9,Privighetorilor,Otopeni,—,Ilfov,Nord,1
Staer 9,Staer 9,Putna,Otopeni,—,Ilfov,Nord,1
Staer 9,Staer 9,Steaua Rosia,Otopeni,—,Ilfov,Nord,1
Staer 9,Staer 9,Strada Ciprian Porumbescu,Otopeni,—,Ilfov,Nord,1
Staer 9,Staer 9,Șoseaua Odai,Otopeni,—,Ilfov,Nord,1
Staer 9,Staer 9,Tudor Vladimirescu,Otopeni,—,Ilfov,Nord,1
Staer 9,Staer 9,Primaverii,Otopeni,—,Ilfov,Nord,1
Staer 9,Staer 9,Constantin Brancoveanu,Otopeni,—,Ilfov,Nord,1
Staer 9,Staer 9,Aleea Buzau,Pantelimon,—,Ilfov,Nord-Est,1
Staer 9,Staer 9,Ambroziei,Pantelimon,—,Ilfov,Nord-Est,1
Staer 9,Staer 9,Aurel Vlaicu,Pantelimon,—,Ilfov,Nord-Est,1
Staer 9,Staer 9,Busteni,Pantelimon,—,Ilfov,Nord-Est,1
Staer 9,Staer 9,Cartier 21 Garden,Pantelimon,—,Ilfov,Nord-Est,1
Staer 9,Staer 9,Cocorului,Pantelimon,—,Ilfov,Nord-Est,1
Staer 9,Staer 9,Codri Cosminului,Pantelimon,—,Ilfov,Nord-Est,1
Staer 9,Staer 9,Cotofenei,Pantelimon,—,Ilfov,Nord-Est,1
Staer 9,Staer 9,Curmalilor,Pantelimon,—,Ilfov,Nord-Est,1
Staer 9,Staer 9,Daliilor,Pantelimon,—,Ilfov,Nord-Est,1
Staer 9,Staer 9,Dimitrie Cantemir,Pantelimon,—,Ilfov,Nord-Est,1
Staer 9,Staer 9,Ecaterina Teodoroiu,Pantelimon,—,Ilfov,Nord-Est,1
Staer 9,Staer 9,Eroilor,Pantelimon,—,Ilfov,Nord-Est,1
Staer 9,Staer 9,Fericii,Pantelimon,—,Ilfov,Nord-Est,1
Staer 9,Staer 9,Horei,Pantelimon,—,Ilfov,Nord-Est,1
Staer 9,Staer 9,Ifarului,Pantelimon,—,Ilfov,Nord-Est,1
Staer 9,Staer 9,Ion Ratiu,Pantelimon,—,Ilfov,Nord-Est,1
Staer 9,Staer 9,Lotrului,Pantelimon,—,Ilfov,Nord-Est,1
Staer 9,Staer 9,Magnoliei,Pantelimon,—,Ilfov,Nord-Est,1
Staer 9,Staer 9,Marea Neagra,Pantelimon,—,Ilfov,Nord-Est,1
Staer 9,Staer 9,Mierlei,Pantelimon,—,Ilfov,Nord-Est,1
Staer 9,Staer 9,Olimp,Pantelimon,—,Ilfov,Nord-Est,1
Staer 9,Staer 9,Poet George Tarnea,Pantelimon,—,Ilfov,Nord-Est,1
Staer 9,Staer 9,Rasaritului,Pantelimon,—,Ilfov,Nord-Est,1
Staer 9,Staer 9,Saturn,Pantelimon,—,Ilfov,Nord-Est,1
Staer 9,Staer 9,Soimului,Pantelimon,—,Ilfov,Nord-Est,1
Staer 9,Staer 9,Strada Avicola,Pantelimon,—,Ilfov,Nord-Est,1
Staer 9,Staer 9,Trandafirilor,Pantelimon,—,Ilfov,Nord-Est,1
Staer 9,Staer 9,Velei,Pantelimon,—,Ilfov,Nord-Est,1
Staer 9,Staer 9,Viilor II,Pantelimon,—,Ilfov,Nord-Est,1
Staer 9,Staer 9,Walter Maracineanu,Pantelimon,—,Ilfov,Nord-Est,1
Staer 9,Staer 9,Zambilelor,Pantelimon,—,Ilfov,Nord-Est,1
Staer 9,Staer 9,Rascoalei 1907,Pantilimon,—,Ilfov,Ilfov neatribuit,1
Staer 9,Staer 9,Carpenului,Periș,—,Ilfov,Nord,1
Staer 9,Staer 9,Haraboc,Periș,—,Ilfov,Nord,1
Staer 9,Staer 9,Ingerasilor,Periș,—,Ilfov,Nord,1
Staer 9,Staer 9,Primaverii,Periș,—,Ilfov,Nord,1
Staer 9,Staer 9,Rozelor,Periș,—,Ilfov,Nord,1
Staer 9,Staer 9,Șoseaua Balteni,Periș,—,Ilfov,Nord,1
Staer 9,Staer 9,Ioan Slvici,Periș,—,Ilfov,Nord,1
Staer 9,Staer 9,Maineasca,Petrachioaia,—,Ilfov,Ilfov neatribuit,1
Staer 9,Staer 9,Socului,Petrachioaia,—,Ilfov,Ilfov neatribuit,1
Staer 9,Staer 9,Șoseaua Afumati,Petrachioaia,—,Ilfov,Ilfov neatribuit,1
Staer 9,Staer 9,Socului,Corbeanca,—,Ilfov,Nord,1
Staer 9,Staer 9,Drumul Potcoavei,Voluntari–Pipera,—,Ilfov,Nord,1
Staer 9,Staer 9,Erou Iancu Nicolae,Voluntari–Pipera,—,Ilfov,Nord,1
Staer 9,Staer 9,NECUNOSCUTĂ,Voluntari–Pipera,—,Ilfov,Nord,1
Staer 9,Staer 9,Padurea Neagra,Voluntari–Pipera,—,Ilfov,Nord,1
Staer 9,Staer 9,Pipera Tunari,Voluntari–Pipera,—,Ilfov,Nord,1
Staer 9,Staer 9,Serban Cantacuzino,Voluntari–Pipera,—,Ilfov,Nord,1
Staer 9,Staer 9,Șoseaua Bucuresti Nord,Voluntari–Pipera,—,Ilfov,Nord,1
Staer 9,Staer 9,Șoseaua Pipera,Voluntari–Pipera,—,Ilfov,Nord,1
Staer 9,Staer 9,Vartejului,Voluntari–Pipera,—,Ilfov,Nord,1
Staer 9,Staer 9,Vasile Alecsandri,Voluntari–Pipera,—,Ilfov,Nord,1
Staer 9,Staer 9,Calea Ea Bucuresti,Plataresti,—,Ilfov,Ilfov neatribuit,1
Staer 9,Staer 9,Biruintei,Popești-Leordeni,—,Ilfov,Sud,1
Staer 9,Staer 9,Xandru Conduratu,Popești-Leordeni,—,Ilfov,Sud,1
Staer 9,Staer 9,Amurgului,Popești-Leordeni,—,Ilfov,Sud,1
Staer 9,Staer 9,Dr.fermei,Popești-Leordeni,—,Ilfov,Sud,1
Staer 9,Staer 9,Drumul Fermei,Popești-Leordeni,—,Ilfov,Sud,1
Staer 9,Staer 9,Popesti Vest,Popești-Leordeni,—,Ilfov,Sud,1
Staer 9,Staer 9,Șoseaua Berceni,Popești-Leordeni,—,Ilfov,Sud,1
Staer 9,Staer 9,NECUNOSCUTĂ,Popești-Leordeni,—,Ilfov,Sud,1
Staer 9,Staer 9,Pavlicheni,Popești-Leordeni,—,Ilfov,Sud,1
Staer 9,Staer 9,Bateriei,Popești-Leordeni,—,Ilfov,Sud,1
Staer 9,Staer 9,De Fermei,Popești-Leordeni,—,Ilfov,Sud,1
Staer 9,Staer 9,Echinoctiului,Popești-Leordeni,—,Ilfov,Sud,1
Staer 9,Staer 9,Erou Gabriel Pantazica,Popești-Leordeni,—,Ilfov,Sud,1
Staer 9,Staer 9,Intrarea Leordeni,Popești-Leordeni,—,Ilfov,Sud,1
Staer 9,Staer 9,Leordeni,Popești-Leordeni,—,Ilfov,Sud,1
Staer 9,Staer 9,NECUNOSCUTĂ,Popești-Leordeni,—,Ilfov,Sud,1
Staer 9,Staer 9,Oituz( Se Intra Prin Amurgului),Popești-Leordeni,—,Ilfov,Sud,1
Staer 9,Staer 9,Pantazica Gabriel,Popești-Leordeni,—,Ilfov,Sud,1
Staer 9,Staer 9,Popesti Romani,Popești-Leordeni,—,Ilfov,Sud,1
Staer 9,Staer 9,Povesti Vest,Popești-Leordeni,—,Ilfov,Sud,1
Staer 9,Staer 9,Sf Gheorghe,Popești-Leordeni,—,Ilfov,Sud,1
Staer 9,Staer 9,Sfantul Nicolae,Popești-Leordeni,—,Ilfov,Sud,1
Staer 9,Staer 9,Splaiul Aiul Uniri,Popești-Leordeni,—,Ilfov,Sud,1
Staer 9,Staer 9,Strada Occidentului,Popești-Leordeni,—,Ilfov,Sud,1
Staer 9,Staer 9,Strada Volga,Popești-Leordeni,—,Ilfov,Sud,1
Staer 9,Staer 9,Șoseaua Berceni,Popești-Leordeni,—,Ilfov,Sud,1
Staer 9,Staer 9,Șoseaua Leordeni,Popești-Leordeni,—,Ilfov,Sud,1
Staer 9,Staer 9,Trancioveanu Iosif,Popești-Leordeni,—,Ilfov,Sud,1
Staer 9,Staer 9,Triumfului,Popești-Leordeni,—,Ilfov,Sud,1
Staer 9,Staer 9,Zorilor,Popești-Leordeni,—,Ilfov,Sud,1
Staer 9,Staer 9,Amurgului,Popești-Leordeni,—,Ilfov,Sud,1
Staer 9,Staer 9,Toamnei,Chiajna–Roșu–Dudu,—,Ilfov,Vest,1
Staer 9,Staer 9,1 Decembrie 1918,Chiajna–Roșu–Dudu,—,Ilfov,Vest,1
Staer 9,Staer 9,Apeductului,Chiajna–Roșu–Dudu,—,Ilfov,Vest,1
Staer 9,Staer 9,Drumul Bacriului,Chiajna–Roșu–Dudu,—,Ilfov,Vest,1
Staer 9,Staer 9,Eremia Grigorescu,Chiajna–Roșu–Dudu,—,Ilfov,Vest,1
Staer 9,Staer 9,Gen Praporgescu,Chiajna–Roșu–Dudu,—,Ilfov,Vest,1
Staer 9,Staer 9,Intrarea Area Dorului,Chiajna–Roșu–Dudu,—,Ilfov,Vest,1
Staer 9,Staer 9,Intrarea Magnoliei,Chiajna–Roșu–Dudu,—,Ilfov,Vest,1
Staer 9,Staer 9,Mihai Eminescu,Chiajna–Roșu–Dudu,—,Ilfov,Vest,1
Staer 9,Staer 9,Serg Ilie Petre,Chiajna–Roșu–Dudu,—,Ilfov,Vest,1
Staer 9,Staer 9,Fortului,Rudeni,—,Ilfov,Ilfov neatribuit,1
Staer 9,Staer 9,Merilor,Balotești,—,Ilfov,Nord,1
Staer 9,Staer 9,Șoseaua Libertatii,Sat Catelul,—,Ilfov,Ilfov neatribuit,1
Staer 9,Staer 9,Crinului,Cornetu,—,Ilfov,Sud-Vest,1
Staer 9,Staer 9,Strada Macesului,Dragomirești,—,Ilfov,Vest,1
Staer 9,Staer 9,Zori de Zi,Balotești,—,Ilfov,Nord,1
Staer 9,Staer 9,Marului,Dobroești,—,Ilfov,Nord-Est,1
Staer 9,Staer 9,Sarmisegetuza,Snagov,—,Ilfov,Nord,1
Staer 9,Staer 9,Crangului,Sat Manolache,—,Ilfov,Ilfov neatribuit,1
Staer 9,Staer 9,Scolii,"Sat Piteasca, Com Ganeasa",—,Ilfov,Ilfov neatribuit,1
Staer 9,Staer 9,Gura Leului,Chiajna–Roșu–Dudu,—,Ilfov,Vest,1
Staer 9,Staer 9,Rezervelor,Chiajna–Roșu–Dudu,—,Ilfov,Vest,1
Staer 9,Staer 9,Gen. David Praporgescu,Chiajna–Roșu–Dudu,—,Ilfov,Vest,1
Staer 9,Staer 9,Crinului,Chiajna–Roșu–Dudu,—,Ilfov,Vest,1
Staer 9,Staer 9,Intrarea Canalului,Chiajna–Roșu–Dudu,—,Ilfov,Vest,1
Staer 9,Staer 9,Rezervelor,Chiajna–Roșu–Dudu,—,Ilfov,Vest,1
Staer 9,Staer 9,Trifoistei,Balotești,—,Ilfov,Nord,1
Staer 9,Staer 9,Biserica Sfanta Troita,Săftica,—,Ilfov,Ilfov neatribuit,1
Staer 9,Staer 9,Calea Ea Bucuresti,Săftica,—,Ilfov,Ilfov neatribuit,1
Staer 9,Staer 9,Lunca Florilor,Săftica,—,Ilfov,Ilfov neatribuit,1
Staer 9,Staer 9,Drumul Nisipoasa,Sector 1,—,Ilfov,Ilfov neatribuit,1
Staer 9,Staer 9,Cosarnei,Snagov,—,Ilfov,Nord,1
Staer 9,Staer 9,Drumul Coadelor,Snagov,—,Ilfov,Nord,1
Staer 9,Staer 9,Parcului,Snagov,—,Ilfov,Nord,1
Staer 9,Staer 9,Șoseaua Silistea Ciolpani,Snagov,—,Ilfov,Nord,1
Staer 9,Staer 9,NECUNOSCUTĂ,Snagov,—,Ilfov,Nord,1
Staer 9,Staer 9,Codrii Cosminului,Snagov,—,Ilfov,Nord,1
Staer 9,Staer 9,Islaz,Snagov,—,Ilfov,Nord,1
Staer 9,Staer 9,Razoare,Snagov,—,Ilfov,Nord,1
Staer 9,Staer 9,Șoseaua Ciofliceni,Snagov,—,Ilfov,Nord,1
Staer 9,Staer 9,Miraslau,Snagov,—,Ilfov,Nord,1
Staer 9,Staer 9,Zorelelor,Snagov,—,Ilfov,Nord,1
Staer 9,Staer 9,Șoseaua Bucuresti-Ploiesti,Snagov,—,Ilfov,Nord,1
Staer 9,Staer 9,Solstitiului,Sos Berceni,—,Ilfov,Ilfov neatribuit,1
Staer 9,Staer 9,Lacului,Stefanesctii de Jos,—,Ilfov,Ilfov neatribuit,1
Staer 9,Staer 9,Libertatii,Ștefăneștii de Jos,—,Ilfov,Nord-Est,1
Staer 9,Staer 9,"Sat Cretuleasca, Str Salcamului",Ștefăneștii de Jos,—,Ilfov,Nord-Est,1
Staer 9,Staer 9,Cameliilor,Ștefăneștii de Jos,—,Ilfov,Nord-Est,1
Staer 9,Staer 9,Caracal,Ștefăneștii de Jos,—,Ilfov,Nord-Est,1
Staer 9,Staer 9,Cosmopolis,Ștefăneștii de Jos,—,Ilfov,Nord-Est,1
Staer 9,Staer 9,Doinei,Ștefăneștii de Jos,—,Ilfov,Nord-Est,1
Staer 9,Staer 9,Florilor,Ștefăneștii de Jos,—,Ilfov,Nord-Est,1
Staer 9,Staer 9,Intrarea Campina,Ștefăneștii de Jos,—,Ilfov,Nord-Est,1
Staer 9,Staer 9,Izvoarelor,Ștefăneștii de Jos,—,Ilfov,Nord-Est,1
Staer 9,Staer 9,Izvorului,Ștefăneștii de Jos,—,Ilfov,Nord-Est,1
Staer 9,Staer 9,Linia de Centuta,Ștefăneștii de Jos,—,Ilfov,Nord-Est,1
Staer 9,Staer 9,Moreni,Ștefăneștii de Jos,—,Ilfov,Nord-Est,1
Staer 9,Staer 9,Strada Primăverii,Ștefăneștii de Jos,—,Ilfov,Nord-Est,1
Staer 9,Staer 9,Strada Soarelui,Ștefăneștii de Jos,—,Ilfov,Nord-Est,1
Staer 9,Staer 9,Lizierei,Tamasi,—,Ilfov,Ilfov neatribuit,1
Staer 9,Staer 9,Parcului,Tamasi,—,Ilfov,Ilfov neatribuit,1
Staer 9,Staer 9,Sportului,Tamasi,—,Ilfov,Ilfov neatribuit,1
Staer 9,Staer 9,Ankara,Corbeanca,—,Ilfov,Nord,1
Staer 9,Staer 9,Mihail Sadoveanu,Tancabesti,—,Ilfov,Ilfov neatribuit,1
Staer 9,Staer 9,Nicolae Balcescu,Cernica,—,Ilfov,Est,1
Staer 9,Staer 9,1 Decembrie 1918,Tunari,—,Ilfov,Nord,1
Staer 9,Staer 9,1decembrie,Tunari,—,Ilfov,Nord,1
Staer 9,Staer 9,Aleea Ea Petre Ispirescu,Tunari,—,Ilfov,Nord,1
Staer 9,Staer 9,Atea Petre |spirescu,Tunari,—,Ilfov,Nord,1
Staer 9,Staer 9,Aurel Vlaicu,Tunari,—,Ilfov,Nord,1
Staer 9,Staer 9,Campului,Tunari,—,Ilfov,Nord,1
Staer 9,Staer 9,Ceair,Tunari,—,Ilfov,Nord,1
Staer 9,Staer 9,Drumul Judetean 200 B,Tunari,—,Ilfov,Nord,1
Staer 9,Staer 9,Ghioceilor,Tunari,—,Ilfov,Nord,1
Staer 9,Staer 9,I.l.caragiale,Tunari,—,Ilfov,Nord,1
Staer 9,Staer 9,Intrarea Padurii,Tunari,—,Ilfov,Nord,1
Staer 9,Staer 9,Mierlei,Tunari,—,Ilfov,Nord,1
Staer 9,Staer 9,Murgului,Tunari,—,Ilfov,Nord,1
Staer 9,Staer 9,Paradisul Verde,Tunari,—,Ilfov,Nord,1
Staer 9,Staer 9,Traian,Tunari,—,Ilfov,Nord,1
Staer 9,Staer 9,Turdor Arghezi,Tunari,—,Ilfov,Nord,1
Staer 9,Staer 9,Vasile Alecsandrri,Tunari,—,Ilfov,Nord,1
Staer 9,Staer 9,Viilor,Tunari,—,Ilfov,Nord,1
Staer 9,Staer 9,Xandru Ioan Cuza,Tunari,—,Ilfov,Nord,1
Staer 9,Staer 9,Șoseaua Tunari-Balotesti,Tunari,—,Ilfov,Nord,1
Staer 9,Staer 9,Baltii,Tuneri,—,Ilfov,Ilfov neatribuit,1
Staer 9,Staer 9,Aviatorilor,Țegheș,—,Ilfov,Ilfov neatribuit,1
Staer 9,Staer 9,Frasinului,Țegheș,—,Ilfov,Ilfov neatribuit,1
Staer 9,Staer 9,Șoseaua Principala,Varasti,—,Ilfov,Ilfov neatribuit,1
Staer 9,Staer 9,Turturelelor,Varteju,—,Ilfov,Ilfov neatribuit,1
Staer 9,Staer 9,1 Decembrie,Măgurele,—,Ilfov,Sud-Vest,1
Staer 9,Staer 9,Azurului,Măgurele,—,Ilfov,Sud-Vest,1
Staer 9,Staer 9,Sarbilor,Măgurele,—,Ilfov,Sud-Vest,1
Staer 9,Staer 9,X,Vidra,—,Ilfov,Sud,1
Staer 9,Staer 9,Aleea Ea Garii,Voluntari–Pipera,—,Ilfov,Nord,1
Staer 9,Staer 9,Aleea Nucilor,Voluntari–Pipera,—,Ilfov,Nord,1
Staer 9,Staer 9,Andrei Muresanu,Voluntari–Pipera,—,Ilfov,Nord,1
Staer 9,Staer 9,Branduselor,Voluntari–Pipera,—,Ilfov,Nord,1
Staer 9,Staer 9,Bs Pipera,Voluntari–Pipera,—,Ilfov,Nord,1
Staer 9,Staer 9,Bulevardul Bucuresti Nord,Voluntari–Pipera,—,Ilfov,Nord,1
Staer 9,Staer 9,Bulevardul Dunarii,Voluntari–Pipera,—,Ilfov,Nord,1
Staer 9,Staer 9,Bulevardul Iancu Nicolae,Voluntari–Pipera,—,Ilfov,Nord,1
Staer 9,Staer 9,Bulevardul Voluntari,Voluntari–Pipera,—,Ilfov,Nord,1
Staer 9,Staer 9,Bulevardul Vrancei,Voluntari–Pipera,—,Ilfov,Nord,1
Staer 9,Staer 9,Campul Pipera,Voluntari–Pipera,—,Ilfov,Nord,1
Staer 9,Staer 9,Cocorilor,Voluntari–Pipera,—,Ilfov,Nord,1
Staer 9,Staer 9,Dinu Pestritu,Voluntari–Pipera,—,Ilfov,Nord,1
Staer 9,Staer 9,Drumul Bisericii,Voluntari–Pipera,—,Ilfov,Nord,1
Staer 9,Staer 9,Drumul Negru,Voluntari–Pipera,—,Ilfov,Nord,1
Staer 9,Staer 9,Eugen Jebeleanu,Voluntari–Pipera,—,Ilfov,Nord,1
Staer 9,Staer 9,George Bacovia,Voluntari–Pipera,—,Ilfov,Nord,1
Staer 9,Staer 9,Gheorghe N Georgescu,Voluntari–Pipera,—,Ilfov,Nord,1
Staer 9,Staer 9,Intrarea Area Ariesi,Voluntari–Pipera,—,Ilfov,Nord,1
Staer 9,Staer 9,Intrarea Area Stefanesti,Voluntari–Pipera,—,Ilfov,Nord,1
Staer 9,Staer 9,Intrarea Nicolae Balcescu,Voluntari–Pipera,—,Ilfov,Nord,1
Staer 9,Staer 9,Liliacului,Voluntari–Pipera,—,Ilfov,Nord,1
Staer 9,Staer 9,Matei Basarab,Voluntari–Pipera,—,Ilfov,Nord,1
Staer 9,Staer 9,Mircea Eliade,Voluntari–Pipera,—,Ilfov,Nord,1
Staer 9,Staer 9,NECUNOSCUTĂ,Voluntari–Pipera,—,Ilfov,Nord,1
Staer 9,Staer 9,Nord City Pipera,Voluntari–Pipera,—,Ilfov,Nord,1
Staer 9,Staer 9,Orhideelor Casa 4,Voluntari–Pipera,—,Ilfov,Nord,1
Staer 9,Staer 9,Pompiliu Stefu,Voluntari–Pipera,—,Ilfov,Nord,1
Staer 9,Staer 9,Popa Sapca,Voluntari–Pipera,—,Ilfov,Nord,1
Staer 9,Staer 9,Scarlat Lambrino,Voluntari–Pipera,—,Ilfov,Nord,1
Staer 9,Staer 9,Sion,Voluntari–Pipera,—,Ilfov,Nord,1
Staer 9,Staer 9,Strada Matei Millo,Voluntari–Pipera,—,Ilfov,Nord,1
Staer 9,Staer 9,Strada Scolii,Voluntari–Pipera,—,Ilfov,Nord,1
Staer 9,Staer 9,Șoseaua Nordului,Voluntari–Pipera,—,Ilfov,Nord,1
Staer 9,Staer 9,Toma Caragiu,Voluntari–Pipera,—,Ilfov,Nord,1
Staer 9,Staer 9,Trandafiri;or,Voluntari–Pipera,—,Ilfov,Nord,1
Staer 9,Staer 9,X,Voluntari–Pipera,—,Ilfov,Nord,1
Staer 9,Staer 9,Xandru Vlahuta,Voluntari–Pipera,—,Ilfov,Nord,1
Staer 9,Staer 9,Zimnicea,Voluntari–Pipera,—,Ilfov,Nord,1
Staer 9,Staer 9,Complex H,Voluntari–Pipera,—,Ilfov,Nord,1
Staer 9,Staer 9,Erou Pritopescu Constantin,Voluntari–Pipera,—,Ilfov,Nord,1
Staer 9,Staer 9,Ghe Cozorici,Voluntari–Pipera,—,Ilfov,Nord,1
Staer 9,Staer 9,Șoseaua Pipera-Tunari,Voluntari–Pipera,—,Ilfov,Nord,1
Staer 9,Staer 9,Ficusului,Zurbaua,—,Ilfov,Ilfov neatribuit,1
Staer 9,Staer 9,NECUNOSCUTĂ,"Zurbaua, Dragmiresti Vale",—,Ilfov,Ilfov neatribuit,1
Staer 9,Staer 9,Albastrelelor,Dragomirești,—,Ilfov,Vest,1
Alis Ecomob SRL,Staer 9,1191,București neatribuit,București neatribuit,București,București neatribuit,0
Alis Ecomob SRL,Staer 9,1191,București neatribuit,București neatribuit,București,București neatribuit,0
Alis Ecomob SRL,Staer 9,1191,București neatribuit,București neatribuit,București,București neatribuit,0
Alis Ecomob SRL,Staer 9,1191,București neatribuit,București neatribuit,București,București neatribuit,0
Alis Ecomob SRL,Staer 9,1191,București neatribuit,București neatribuit,București,București neatribuit,0
Alis Ecomob SRL,Staer 9,1191,București neatribuit,București neatribuit,București,București neatribuit,0
Alis Ecomob SRL,Staer 9,1191,București neatribuit,București neatribuit,București,București neatribuit,0
Alis Ecomob SRL,Staer 9,1191,București neatribuit,București neatribuit,București,București neatribuit,0
Alis Ecomob SRL,Staer 9,1191,București neatribuit,București neatribuit,București,București neatribuit,0
Alis Ecomob SRL,Staer 9,1191,București neatribuit,București neatribuit,București,București neatribuit,0
Alis Ecomob SRL,Staer 9,1191,București neatribuit,București neatribuit,București,București neatribuit,0
Alis Ecomob SRL,Staer 9,1191,Sector 2,Sector 2,București,Nord-Est,0
Alis Ecomob SRL,Staer 9,1191,București neatribuit,București neatribuit,București,București neatribuit,0
Alis Ecomob SRL,Staer 9,1191,București neatribuit,București neatribuit,București,București neatribuit,0
Alis Ecomob SRL,Staer 9,1191,1 Decembrie,—,Ilfov,Sud,0
Alis Ecomob SRL,Staer 9,1191,1191,—,Ilfov,Ilfov neatribuit,0
Alis Ecomob SRL,Staer 9,1191,Adunatii Copaceni,—,Ilfov,Ilfov neatribuit,0
Alis Ecomob SRL,Staer 9,1191,Berceni (Ilfov),—,Ilfov,Sud,0
Alis Ecomob SRL,Staer 9,1191,Bragadiru,—,Ilfov,Sud-Vest,0
Alis Ecomob SRL,Staer 9,1191,Buftea,—,Ilfov,Nord,0
Alis Ecomob SRL,Staer 9,1191,Chiajna–Roșu–Dudu,—,Ilfov,Vest,0
Alis Ecomob SRL,Staer 9,1191,Chitila,—,Ilfov,Vest,0
Alis Ecomob SRL,Staer 9,1191,Ciorogârla,—,Ilfov,Vest,0
Alis Ecomob SRL,Staer 9,1191,Ciorogârla,—,Ilfov,Vest,0
Alis Ecomob SRL,Staer 9,1191,Clinceni,—,Ilfov,Sud-Vest,0
Alis Ecomob SRL,Staer 9,1191,Clinceni,—,Ilfov,Sud-Vest,0
Alis Ecomob SRL,Staer 9,1191,Corbeanca,—,Ilfov,Nord,0
Alis Ecomob SRL,Staer 9,1191,Cornetu,—,Ilfov,Sud-Vest,0
Alis Ecomob SRL,Staer 9,1191,Dabroiesti,—,Ilfov,Ilfov neatribuit,0
Alis Ecomob SRL,Staer 9,1191,Domnești,—,Ilfov,Sud-Vest,0
Alis Ecomob SRL,Staer 9,1191,Domnești,—,Ilfov,Sud-Vest,0
Alis Ecomob SRL,Staer 9,1191,Dragomirești,—,Ilfov,Vest,0
Alis Ecomob SRL,Staer 9,1191,Drăgănescu,—,Ilfov,Ilfov neatribuit,0
Alis Ecomob SRL,Staer 9,1191,Gradistea,—,Ilfov,Ilfov neatribuit,0
Alis Ecomob SRL,Staer 9,1191,Otopeni,—,Ilfov,Nord,0
Alis Ecomob SRL,Staer 9,1191,Periș,—,Ilfov,Nord,0
Alis Ecomob SRL,Staer 9,1191,Popești-Leordeni,—,Ilfov,Sud,0
Alis Ecomob SRL,Staer 9,1191,Chiajna–Roșu–Dudu,—,Ilfov,Vest,0
Alis Ecomob SRL,Staer 9,1191,Snagov,—,Ilfov,Nord,0
Alis Ecomob SRL,Staer 9,1191,Ștefăneștii de Jos,—,Ilfov,Nord-Est,0
Alis Ecomob SRL,Staer 9,1191,Ștefăneștii de Jos,—,Ilfov,Nord-Est,0
Alis Ecomob SRL,Staer 9,1191,Tunari,—,Ilfov,Nord,0
Alis Ecomob SRL,Staer 9,1191,Vidra,—,Ilfov,Sud,0
Alis Ecomob SRL,Staer 9,1191,București neatribuit,București neatribuit,București,București neatribuit,0
Alis Ecomob SRL,Staer 9,1191,1191,—,Ilfov,Ilfov neatribuit,0
Staer 23,Staer 23,1191,București neatribuit,București neatribuit,București,București neatribuit,0
Staer 23,Staer 23,1191,București neatribuit,București neatribuit,București,București neatribuit,0
Staer 23,Staer 23,1191,București neatribuit,București neatribuit,București,București neatribuit,0
Staer 23,Staer 23,1191,Sector 1,Sector 1,București,Nord,0
Staer 23,Staer 23,1191,Sector 2,Sector 2,București,Nord-Est,0
Staer 23,Staer 23,1191,Sector 3,Sector 3,București,Est,0
Staer 23,Staer 23,1191,Sector 4,Sector 4,București,Sud,0
Staer 23,Staer 23,1191,Sector 5,Sector 5,București,Sud-Vest,0
Staer 23,Staer 23,1191,Sector 6,Sector 6,București,Vest,0
Staer 23,Staer 23,1191,1 Decembrie,—,Ilfov,Sud,0
Staer 23,Staer 23,1191,Adunatii Copaceni,—,Ilfov,Ilfov neatribuit,0
Staer 23,Staer 23,1191,Afumați,—,Ilfov,Nord-Est,0
Staer 23,Staer 23,1191,Berceni (Ilfov),—,Ilfov,Sud,0
Staer 23,Staer 23,1191,Berceni S4,—,Ilfov,Ilfov neatribuit,0
Staer 23,Staer 23,1191,Berceni T=60 Lei,—,Ilfov,Ilfov neatribuit,0
Staer 23,Staer 23,1191,Bragadiru,—,Ilfov,Sud-Vest,0
Staer 23,Staer 23,1191,Brănești,—,Ilfov,Est,0
Staer 23,Staer 23,1191,București,—,Ilfov,Ilfov neatribuit,0
Staer 23,Staer 23,1191,Budeni,—,Ilfov,Ilfov neatribuit,0
Staer 23,Staer 23,1191,Cățelu T=50 Lei,—,Ilfov,Ilfov neatribuit,0
Staer 23,Staer 23,1191,Cernica,—,Ilfov,Est,0
Staer 23,Staer 23,1191,Chiajna–Roșu–Dudu,—,Ilfov,Vest,0
Staer 23,Staer 23,1191,Copaceni,—,Ilfov,Ilfov neatribuit,0
Staer 23,Staer 23,1191,Cornetu,—,Ilfov,Sud-Vest,0
Staer 23,Staer 23,1191,Cosereni,—,Ilfov,Ilfov neatribuit,0
Staer 23,Staer 23,1191,Dobroești,—,Ilfov,Nord-Est,0
Staer 23,Staer 23,1191,Frumusani,—,Ilfov,Ilfov neatribuit,0
Staer 23,Staer 23,1191,Fundeni,—,Ilfov,Ilfov neatribuit,0
Staer 23,Staer 23,1191,Ganeasa,—,Ilfov,Ilfov neatribuit,0
Staer 23,Staer 23,1191,Ghermănești,—,Ilfov,Ilfov neatribuit,0
Staer 23,Staer 23,1191,Glina,—,Ilfov,Est,0
Staer 23,Staer 23,1191,Ilfov,—,Ilfov,Ilfov neatribuit,0
Staer 23,Staer 23,1191,Jilava,—,Ilfov,Sud,0
Staer 23,Staer 23,1191,Joita,—,Ilfov,Ilfov neatribuit,0
Staer 23,Staer 23,1191,Moara de Pădure,—,Ilfov,Ilfov neatribuit,0
Staer 23,Staer 23,1191,Necunoscut,—,Ilfov,Ilfov neatribuit,0
Staer 23,Staer 23,1191,Otopeni,—,Ilfov,Nord,0
Staer 23,Staer 23,1191,Pantelimon,—,Ilfov,Nord-Est,0
Staer 23,Staer 23,1191,Popești-Leordeni,—,Ilfov,Sud,0
Staer 23,Staer 23,1191,Popești-Leordeni,—,Ilfov,Sud,0
Staer 23,Staer 23,1191,Sat Sindrilita,—,Ilfov,Ilfov neatribuit,0
Staer 23,Staer 23,1191,Sat Tanganu,—,Ilfov,Ilfov neatribuit,0
Staer 23,Staer 23,1191,Voluntari–Pipera,—,Ilfov,Nord,0
Staer 23,Staer 23,1191,Ștefăneștii de Jos,—,Ilfov,Nord-Est,0
Staer 23,Staer 23,1191,Urziceni,—,Ilfov,Ilfov neatribuit,0
Staer 23,Staer 23,1191,Vanatori,—,Ilfov,Ilfov neatribuit,0
Staer 23,Staer 23,1191,Varteju,—,Ilfov,Ilfov neatribuit,0
Staer 23,Staer 23,1191,Vidra,—,Ilfov,Sud,0
Staer 23,Staer 23,1191,Voluntari–Pipera,—,Ilfov,Nord,0
Staer 7,Staer 7,1191,București neatribuit,București neatribuit,București,București neatribuit,0
Staer 7,Staer 7,1191,București neatribuit,București neatribuit,București,București neatribuit,0
Staer 7,Staer 7,1191,București neatribuit,București neatribuit,București,București neatribuit,0
Staer 7,Staer 7,1191,București neatribuit,București neatribuit,București,București neatribuit,0
Staer 7,Staer 7,1191,București neatribuit,București neatribuit,București,București neatribuit,0
Staer 7,Staer 7,1191,București neatribuit,București neatribuit,București,București neatribuit,0
Staer 7,Staer 7,1191,București neatribuit,București neatribuit,București,București neatribuit,0
Staer 7,Staer 7,1191,București neatribuit,București neatribuit,București,București neatribuit,0
Staer 7,Staer 7,1191,București neatribuit,București neatribuit,București,București neatribuit,0
Staer 7,Staer 7,1191,București neatribuit,București neatribuit,București,București neatribuit,0
Staer 7,Staer 7,1191,București neatribuit,București neatribuit,București,București neatribuit,0
Staer 7,Staer 7,1191,București neatribuit,București neatribuit,București,București neatribuit,0
Staer 7,Staer 7,1191,Sector 2,Sector 2,București,Nord-Est,0
Staer 7,Staer 7,1191,Sector 2,Sector 2,București,Nord-Est,0
Staer 7,Staer 7,1191,Sector 2,Sector 2,București,Nord-Est,0
Staer 7,Staer 7,1191,Sector 6,Sector 6,București,Vest,0
Staer 7,Staer 7,1191,Sector 6,Sector 6,București,Vest,0
Staer 7,Staer 7,1191,Sector 2,Sector 2,București,Nord-Est,0
Staer 7,Staer 7,1191,București neatribuit,București neatribuit,București,București neatribuit,0
Staer 7,Staer 7,1191,București neatribuit,București neatribuit,București,București neatribuit,0
Staer 7,Staer 7,1191,București neatribuit,București neatribuit,București,București neatribuit,0
Staer 7,Staer 7,1191,București neatribuit,București neatribuit,București,București neatribuit,0
Staer 7,Staer 7,1191,București neatribuit,București neatribuit,București,București neatribuit,0
Staer 7,Staer 7,1191,București neatribuit,București neatribuit,București,București neatribuit,0
Staer 7,Staer 7,1191,Sector 2,Sector 2,București,Nord-Est,0
Staer 7,Staer 7,1191,București neatribuit,București neatribuit,București,București neatribuit,0
Staer 7,Staer 7,1191,București neatribuit,București neatribuit,București,București neatribuit,0
Staer 7,Staer 7,1191,București neatribuit,București neatribuit,București,București neatribuit,0
Staer 7,Staer 7,1191,Sector 1,Sector 1,București,Nord,0
Staer 7,Staer 7,1191,Sector 2,Sector 2,București,Nord-Est,0
Staer 7,Staer 7,1191,Sector 3,Sector 3,București,Est,0
Staer 7,Staer 7,1191,Sector 4,Sector 4,București,Sud,0
Staer 7,Staer 7,1191,Sector 5,Sector 5,București,Sud-Vest,0
Staer 7,Staer 7,1191,Sector 6,Sector 6,București,Vest,0
Staer 7,Staer 7,1191,București neatribuit,București neatribuit,București,București neatribuit,0
Staer 7,Staer 7,1191,Sector 3,Sector 3,București,Est,0
Staer 7,Staer 7,1191,București neatribuit,București neatribuit,București,București neatribuit,0
Staer 7,Staer 7,1191,București neatribuit,București neatribuit,București,București neatribuit,0
Staer 7,Staer 7,1191,Sector 6,Sector 6,București,Vest,0
Staer 7,Staer 7,1191,București neatribuit,București neatribuit,București,București neatribuit,0
Staer 7,Staer 7,1191,1191,—,Ilfov,Ilfov neatribuit,0
Staer 7,Staer 7,1191,Afumați,—,Ilfov,Nord-Est,0
Staer 7,Staer 7,1191,Aumati,—,Ilfov,Ilfov neatribuit,0
Staer 7,Staer 7,1191,Brănești,—,Ilfov,Est,0
Staer 7,Staer 7,1191,Cartier Fundeni,—,Ilfov,Ilfov neatribuit,0
Staer 7,Staer 7,1191,Chiajna–Roșu–Dudu,—,Ilfov,Vest,0
Staer 7,Staer 7,1191,Chitila,—,Ilfov,Vest,0
Staer 7,Staer 7,1191,Corbeanca,—,Ilfov,Nord,0
Staer 7,Staer 7,1191,Corbeanca,—,Ilfov,Nord,0
Staer 7,Staer 7,1191,Darăști-Ilfov,—,Ilfov,Ilfov neatribuit,0
Staer 7,Staer 7,1191,Dragomirești,—,Ilfov,Vest,0
Staer 7,Staer 7,1191,Dragomirești,—,Ilfov,Vest,0
Staer 7,Staer 7,1191,Ganeasa,—,Ilfov,Ilfov neatribuit,0
Staer 7,Staer 7,1191,Ganeasa-Sat Cozieni,—,Ilfov,Ilfov neatribuit,0
Staer 7,Staer 7,1191,Gruiu,—,Ilfov,Nord,0
Staer 7,Staer 7,1191,Gulia,—,Ilfov,Ilfov neatribuit,0
Staer 7,Staer 7,1191,Ilfov,—,Ilfov,Ilfov neatribuit,0
Staer 7,Staer 7,1191,Jilava,—,Ilfov,Sud,0
Staer 7,Staer 7,1191,Măgurele,—,Ilfov,Sud-Vest,0
Staer 7,Staer 7,1191,Moara Vlăsiei,—,Ilfov,Ilfov neatribuit,0
Staer 7,Staer 7,1191,Mogoșoaia,—,Ilfov,Nord,0
Staer 7,Staer 7,1191,Otopeni,—,Ilfov,Nord,0
Staer 7,Staer 7,1191,Petrechioaia,—,Ilfov,Ilfov neatribuit,0
Staer 7,Staer 7,1191,Voluntari–Pipera,—,Ilfov,Nord,0
Staer 7,Staer 7,1191,Voluntari–Pipera,—,Ilfov,Nord,0
Staer 7,Staer 7,1191,Popești-Leordeni,—,Ilfov,Sud,0
Staer 7,Staer 7,1191,Afumați,—,Ilfov,Nord-Est,0
Staer 7,Staer 7,1191,Dascălu,—,Ilfov,Nord-Est,0
Staer 7,Staer 7,1191,Sat.sindrilita-Com.ganeasa,—,Ilfov,Ilfov neatribuit,0
Staer 7,Staer 7,1191,Ștefăneștii de Jos,—,Ilfov,Nord-Est,0
Staer 7,Staer 7,1191,Săftica,—,Ilfov,Ilfov neatribuit,0
Staer 7,Staer 7,1191,Se Ridica de Catre Client,—,Ilfov,Ilfov neatribuit,0
Staer 7,Staer 7,1191,Sindrilita,—,Ilfov,Ilfov neatribuit,0
Staer 7,Staer 7,1191,Sinesti,—,Ilfov,Ilfov neatribuit,0
Staer 7,Staer 7,1191,Stefaenesti,—,Ilfov,Ilfov neatribuit,0
Staer 7,Staer 7,1191,Ștefăneștii de Jos,—,Ilfov,Nord-Est,0
Staer 7,Staer 7,1191,Ștefăneștii de Jos,—,Ilfov,Nord-Est,0
Staer 7,Staer 7,1191,Ștefăneștii de Jos,—,Ilfov,Nord-Est,0
Staer 7,Staer 7,1191,Urziceni,—,Ilfov,Ilfov neatribuit,0
Staer 7,Staer 7,1191,Volunatri,—,Ilfov,Ilfov neatribuit,0
Staer 7,Staer 7,1191,Voluntari–Pipera,—,Ilfov,Nord,0
Staer 7,Staer 7,1191,Ștefăneștii de Jos,—,Ilfov,Nord-Est,0
Staer 9,Staer 9,1191,București neatribuit,București neatribuit,București,București neatribuit,0
Staer 9,Staer 9,1191,București neatribuit,București neatribuit,București,București neatribuit,0
Staer 9,Staer 9,1191,București neatribuit,București neatribuit,București,București neatribuit,0
Staer 9,Staer 9,1191,București neatribuit,București neatribuit,București,București neatribuit,0
Staer 9,Staer 9,1191,București neatribuit,București neatribuit,București,București neatribuit,0
Staer 9,Staer 9,1191,București neatribuit,București neatribuit,București,București neatribuit,0
Staer 9,Staer 9,1191,București neatribuit,București neatribuit,București,București neatribuit,0
Staer 9,Staer 9,1191,Sector 1,Sector 1,București,Nord,0
Staer 9,Staer 9,1191,Sector 2,Sector 2,București,Nord-Est,0
Staer 9,Staer 9,1191,Sector 3,Sector 3,București,Est,0
Staer 9,Staer 9,1191,Sector 4,Sector 4,București,Sud,0
Staer 9,Staer 9,1191,Sector 5,Sector 5,București,Sud-Vest,0
Staer 9,Staer 9,1191,Sector 6,Sector 6,București,Vest,0
Staer 9,Staer 9,1191,București neatribuit,București neatribuit,București,București neatribuit,0
Staer 9,Staer 9,1191,București neatribuit,București neatribuit,București,București neatribuit,0
Staer 9,Staer 9,1191,1 Decembrie,—,Ilfov,Sud,0
Staer 9,Staer 9,1191,1191,—,Ilfov,Ilfov neatribuit,0
Staer 9,Staer 9,1191,Balotești,—,Ilfov,Nord,0
Staer 9,Staer 9,1191,Balotești,—,Ilfov,Nord,0
Staer 9,Staer 9,1191,Berceni (Ilfov),—,Ilfov,Sud,0
Staer 9,Staer 9,1191,Bragadiru,—,Ilfov,Sud-Vest,0
Staer 9,Staer 9,1191,Buftea,—,Ilfov,Nord,0
Staer 9,Staer 9,1191,Chiajna–Roșu–Dudu,—,Ilfov,Vest,0
Staer 9,Staer 9,1191,Chiajna–Roșu–Dudu,—,Ilfov,Vest,0
Staer 9,Staer 9,1191,Chitila,—,Ilfov,Vest,0
Staer 9,Staer 9,1191,Ciorogârla,—,Ilfov,Vest,0
Staer 9,Staer 9,1191,Clinceni,—,Ilfov,Sud-Vest,0
Staer 9,Staer 9,1191,Corbeanca,—,Ilfov,Nord,0
Staer 9,Staer 9,1191,Darasti,—,Ilfov,Ilfov neatribuit,0
Staer 9,Staer 9,1191,Domnești,—,Ilfov,Sud-Vest,0
Staer 9,Staer 9,1191,Dragomirești,—,Ilfov,Vest,0
Staer 9,Staer 9,1191,Fundeni,—,Ilfov,Ilfov neatribuit,0
Staer 9,Staer 9,1191,Gruiu,—,Ilfov,Nord,0
Staer 9,Staer 9,1191,Joita,—,Ilfov,Ilfov neatribuit,0
Staer 9,Staer 9,1191,Lipia,—,Ilfov,Ilfov neatribuit,0
Staer 9,Staer 9,1191,Măgurele,—,Ilfov,Sud-Vest,0
Staer 9,Staer 9,1191,Mogoșoaia,—,Ilfov,Nord,0
Staer 9,Staer 9,1191,Otopeni,—,Ilfov,Nord,0
Staer 9,Staer 9,1191,Piscul Crasani,—,Ilfov,Ilfov neatribuit,0
Staer 9,Staer 9,1191,Popești-Leordeni,—,Ilfov,Sud,0
Staer 9,Staer 9,1191,Potlogi,—,Ilfov,Ilfov neatribuit,0
Staer 9,Staer 9,1191,Ștefăneștii de Jos,—,Ilfov,Nord-Est,0
Staer 9,Staer 9,1191,Vidra,—,Ilfov,Sud,0
Staer 9,Staer 9,1191,Voluntari–Pipera,—,Ilfov,Nord,0
